{
  "method": "LiL-Q",
  "total_iterations": 4,
  "total_line_searches": 4,
  "final_loss": 0.013209743625724513,
  "final_pde_loss": 0.012088540460396898,
  "training_time": 0.2104506492614746,
  "n_params": 256,
  "converged": true,
  "pretrain_loss": 9.11486004429341e-12,
  "metrics_history": {
    "quasi_iter": [
      0,
      1,
      2,
      3,
      4
    ],
    "n_func_evals": [
      0,
      1,
      2,
      3,
      4
    ],
    "nonlinear_residual": [
      24.105382949688686,
      22.601496979348777,
      0.7012863040960482,
      0.025848376105336805,
      0.013209743625724513
    ],
    "update_norm": [
      0.0,
      1.00000173161999,
      10.15417987192927,
      0.7961044443688611,
      0.2331149917749342
    ],
    "linear_residual": [
      0.0,
      0.0,
      0.0,
      0.0,
      0.0
    ],
    "pde_loss": [
      24.105382928793574,
      22.57880891450259,
      0.6919175670038762,
      0.021878789297262675,
      0.012088540460396898
    ],
    "ic_loss": [
      1.43958436002901e-11,
      0.00020468263796716434,
      0.0005554012597013297,
      0.0002799478742707391,
      7.639238758905712e-05
    ],
    "bc_loss": [
      2.075115093536944e-09,
      0.002064123846651248,
      0.0003814724495158757,
      0.00011701080653667385,
      3.57279289437044e-05
    ],
    "total_loss": [
      24.105382949688686,
      22.601496979348777,
      0.7012863040960482,
      0.025848376105336805,
      0.013209743625724513
    ],
    "wall_time": [
      0.0012102127075195312,
      0.050673484802246094,
      0.10840201377868652,
      0.15914201736450195,
      0.2104506492614746
    ]
  }
}