{
  "config": {
    "N_vel": 6,
    "N_p": 8,
    "basis": "chebyshev",
    "timestamp": "2026-06-01T11:46:03.568516"
  },
  "results": {
    "N6_Np8": {
      "LiL-Q": {
        "N_vel": 6,
        "N_p": 8,
        "label": "N6_Np8",
        "method": "LiL-Q",
        "n_outer_iters": 4,
        "n_params": 7984,
        "solve_time_total": 534.379606962204,
        "training_time": 534.379606962204,
        "pde_mse": 1.3567160300476702e-06,
        "cont_mse": 3.555930997099556e-06,
        "rel_l2_u": 0.0003445318419933885,
        "rel_l2_v": 0.00034453184199350093,
        "rel_l2_w": 0.00034453184199336915,
        "rel_l2_p": 0.0026138788613799895,
        "final_loss": 1.3567160300476702e-06,
        "converged": true
      },
      "label": "N6_Np8"
    }
  }
}