{
  "method": "LiL-Q",
  "total_iterations": 10,
  "total_line_searches": 10,
  "final_loss": 0.07303989812904355,
  "final_pde_loss": 0.026243412572561114,
  "training_time": 2.3972766399383545,
  "n_params": 576,
  "converged": true,
  "pretrain_loss": 0.0,
  "metrics_history": {
    "quasi_iter": [
      0,
      1,
      2,
      3,
      4,
      5,
      6,
      7,
      8,
      9,
      10
    ],
    "n_func_evals": [
      0,
      1,
      2,
      3,
      4,
      5,
      6,
      7,
      8,
      9,
      10
    ],
    "nonlinear_residual": [
      13.894608881973722,
      6.929615534623599,
      12.547486127105559,
      0.9034828888421639,
      0.14534372002519147,
      0.12868400107011604,
      0.11807877223694176,
      0.10320615819147833,
      0.08486435539766625,
      0.07512369423834347,
      0.07303989812904355
    ],
    "update_norm": [
      0.0,
      1.0,
      0.8569361674376296,
      1.4931021929386792,
      2.198506854153399,
      0.3560285244559691,
      1.418073266093625,
      5.282747829822863,
      0.7340433783842221,
      4.072645036361756,
      1.1935571347172627
    ],
    "linear_residual": [
      0.0,
      0.0,
      0.0,
      0.0,
      0.0,
      0.0,
      0.0,
      0.0,
      0.0,
      0.0,
      0.0
    ],
    "pde_loss": [
      0.0,
      6.921962306153069,
      12.521656593119403,
      0.8848124420812259,
      0.12633851342125427,
      0.11120625921348012,
      0.09626907488579844,
      0.07717719842295359,
      0.049332212855935455,
      0.0316927062883257,
      0.026243412572561114
    ],
    "ic_loss": [
      0.3894608881973722,
      0.0007647649751066702,
      0.0025772604890899283,
      0.0018533518902940753,
      0.00189525350584611,
      0.0017442797027531027,
      0.00217465459218422,
      0.0025996087964729525,
      0.003550985000949399,
      0.0043411311630965795,
      0.0046768962153936255
    ],
    "bc_loss": [
      1.0,
      5.578719463499742e-07,
      5.692909525581156e-06,
      1.3692785799727392e-05,
      5.267154547611763e-06,
      3.494482910490401e-06,
      6.315142930112651e-06,
      3.2871803795213705e-06,
      2.2292532236798606e-06,
      1.967631905197638e-06,
      2.7523402546184327e-06
    ],
    "total_loss": [
      13.894608881973722,
      6.929615534623599,
      12.547486127105559,
      0.9034828888421639,
      0.14534372002519147,
      0.12868400107011604,
      0.11807877223694176,
      0.10320615819147833,
      0.08486435539766625,
      0.07512369423834347,
      0.07303989812904355
    ],
    "wall_time": [
      0.003769397735595703,
      0.23664641380310059,
      0.47275638580322266,
      0.7133636474609375,
      0.9505410194396973,
      1.1845457553863525,
      1.4261610507965088,
      1.6718721389770508,
      1.9098682403564453,
      2.1559481620788574,
      2.3972766399383545
    ]
  }
}