iteration,n_func_evals,loss,pde_loss,ic_loss,bc_loss,wall_time
0,1,38.08121814717976,38.081094346097025,0.0,1.2380108273588635e-05,0.0878633726388216
1,2,25.36533000970379,22.278997010132507,0.0,0.3086332999571281,0.09515519812703133
2,3,24.01764616438789,18.093102915622698,0.0,0.5924543248765195,0.1021842835471034
3,4,23.898296077604293,17.110206918945767,0.0,0.6788089158658525,0.10916322283446789
4,5,23.797060230897916,16.55586677847022,0.0,0.7241193452427693,0.1162692392244935
5,6,23.484799487396266,15.455213528931191,0.0,0.8029585958465074,0.12368053384125233
6,7,22.982348127314083,14.924005244436254,0.0,0.8058342882877831,0.1312005165964365
7,9,22.57376986465138,16.772260759902586,0.0,0.5801509104748792,0.14541793055832386
8,10,22.48017452377594,15.464821651742673,0.0,0.7015352872033268,0.15313742961734533
9,12,22.172836021267102,16.36744921911225,0.0,0.5805386802154855,0.16762053780257702
10,16,16.661369327598244,7.230261759966057,0.0,0.9431107567632186,0.1966308420524001
11,18,15.428773986723007,7.576721674115835,0.0,0.7852052312607172,0.32280996069312096
12,20,14.52737587512619,10.315723904790712,0.0,0.4211651970335477,0.33903541695326567
13,21,13.185008675695478,9.577534834970058,0.0,0.36074738407254203,0.3475761329755187
14,22,11.870575267676088,7.4511248983691605,0.0,0.44194503693069265,0.3562886854633689
15,23,11.29784583346752,8.006675431918405,0.0,0.3291170401549115,0.36510044895112514
16,25,10.159727531004744,8.448021811353584,0.0,0.17117057196511612,0.38110417127609253
17,26,9.353453055273928,6.457167011094021,0.0,0.2896286044179906,0.3902479913085699
18,27,7.8311004724737465,5.226268553771669,0.0,0.26048319187020774,0.39936674013733864
19,28,7.168821711344934,3.4806144687569263,0.0,0.36882072425880075,0.40876290667802095
20,30,6.511582323818239,3.8178369048687224,0.0,0.26937454189495164,0.42548369616270065
21,31,6.060103707820707,3.693227692818771,0.0,0.23668760150019363,0.43512061797082424
22,32,5.461568864302954,3.3492755259077795,0.0,0.21122933383951742,0.4449499761685729
23,33,4.937295344464342,2.8414343574029584,0.0,0.20958609870613837,0.454848300665617
24,34,4.430909573107851,1.828792968375513,0.0,0.26021166047323374,0.46483227610588074
25,35,3.818011263144195,2.1087108306716993,0.0,0.17093004324724959,0.4748878041282296
26,36,3.3511084839659233,1.6732358007752093,0.0,0.1677872683190714,0.4851476075127721
27,37,2.8548815911931023,1.5668748594101722,0.0,0.12880067317829302,0.495360866189003
28,38,2.74737441626609,1.5387362086179954,0.0,0.12086382076480941,0.5058683725073934
29,39,2.564492365004414,1.4854309359575544,0.0,0.10790614290468592,0.5162394503131509
30,40,2.4621136148381293,1.2921513372773643,0.0,0.1169962277560765,0.5268455287441611
31,41,2.3510584449078,1.2817845304993776,0.0,0.10692739144084225,0.5374105516821146
32,42,2.224719435968108,1.1510315382818332,0.0,0.1073687897686275,0.5481795370578766
33,43,2.113263208075243,1.0892134765463466,0.0,0.10240497315288966,0.5595381464809179
34,44,2.021024926683478,0.9510691366885193,0.0,0.1069955789994959,0.570686680264771
35,45,1.844181918234885,0.7536748391881092,0.0,0.10905070790467758,0.5816243831068277
36,46,1.7701289551334325,0.8002519125378058,0.0,0.09698770425956266,0.5927557926625013
37,47,1.6830391202018151,0.8092614680580338,0.0,0.08737776521437814,0.6039733542129397
38,48,1.6678887329911334,0.9326292287991128,0.0,0.07352595041920205,0.6151490025222301
39,49,1.652702416758857,0.8168843677265002,0.0,0.08358180490323569,0.6265226611867547
40,50,1.6435148307726914,0.8438543410924715,0.0,0.079966048968022,0.6379710761830211
41,51,1.641196836826285,0.8418836613372134,0.0,0.07993131754890717,0.6495490241795778
42,52,1.6334625588526737,0.8224567059465512,0.0,0.08110058529061223,0.6611543176695704
43,53,1.6118997732546636,0.803686894604227,0.0,0.08082128786504367,0.6728700930252671
44,54,1.533477493333294,0.6774738454525908,0.0,0.08560036478807032,0.6847485369071364
45,55,1.4347116904645791,0.5691479476751516,0.0,0.08655637427894275,0.6966655924916267
46,57,1.39562287930509,0.4298840515466874,0.0,0.09657388277584025,0.7160789156332612
47,58,1.3384101885572306,0.48250642743943595,0.0,0.08559037611177947,0.728158169426024
48,59,1.2970719284948447,0.496903304517709,0.0,0.08001686239771356,0.7402683086693287
49,60,1.264323202043843,0.48646446768009277,0.0,0.07778587343637502,0.7526082368567586
50,61,1.2371272418347825,0.4166816899428757,0.0,0.0820445551891907,0.764934322796762
51,62,1.2107475976270536,0.4206858196688286,0.0,0.0790061777958225,0.7774001322686672
52,63,1.1968686578365757,0.43264821024233746,0.0,0.07642204475942381,0.7899345494806767
53,64,1.1947388946157895,0.4391252516209916,0.0,0.07556136429947978,0.8031130312010646
54,65,1.192013981423219,0.41855814399297403,0.0,0.07734558374302448,0.8157588830217719
55,66,1.1871618310681766,0.42221914694535145,0.0,0.07649426841228253,0.8286090372130275
56,67,1.1769771019397761,0.39208722609918556,0.0,0.07848898758405906,0.8413710631430149
57,68,1.1621611506704608,0.3677810866634629,0.0,0.0794380064006998,0.8542752992361784
58,70,1.139150649697386,0.31288729214897354,0.0,0.08262633575484124,0.874737142585218
59,71,1.1176682602474797,0.318449616003915,0.0,0.07992186442435648,0.8877613563090563
60,72,1.103668705362709,0.3723170872638385,0.0,0.07313516180988706,0.9010230507701635
61,73,1.0855396470972671,0.32568555056678533,0.0,0.07598540965304817,0.9142507584765553
62,74,1.0777727018958254,0.33523922491685954,0.0,0.0742533476978966,0.9277186570689082
63,75,1.074058800284495,0.3289063514987873,0.0,0.07451524487857078,0.9411868946626782
64,76,1.0604831577018141,0.34207842196904886,0.0,0.07184047357327653,0.954757628031075
65,78,1.0567801698602073,0.33166946897043653,0.0,0.07251107008897707,0.9762895191088319
66,79,1.051263277591103,0.35604809902726076,0.0,0.06952151785638422,0.9899313636124134
67,80,1.047690078480516,0.3500726815226022,0.0,0.0697617396957914,1.0039598271250725
68,81,1.0446992231771086,0.35997846308146814,0.0,0.06847207600956405,1.017802057787776
69,82,1.039862599337268,0.3675649178972147,0.0,0.06722976814400534,1.0318693779408932
70,83,1.0319716249904896,0.38046944770553104,0.0,0.06515021772849586,1.0459496900439262
71,84,1.0268392018124417,0.38157626112029325,0.0,0.06452629406921484,1.0600761324167252
72,85,1.0225928302445282,0.3665746358289741,0.0,0.06560181944155542,1.0742915719747543
73,86,1.0211542995260938,0.3572207077716246,0.0,0.06639335917544693,1.0888273026794195
74,87,1.0197907761651575,0.3493690102207424,0.0,0.0670421765944415,1.1036857161670923
75,88,1.0187717585403657,0.3414211820954952,0.0,0.06773505764448703,1.1183922663331032
76,89,1.0179348573588154,0.33742958845441307,0.0,0.06805052689044024,1.133296455256641
77,90,1.0150157316100084,0.3272221212786065,0.0,0.06877936103314018,1.148344149813056
78,91,1.0099726493613082,0.3142500674456952,0.0,0.06957225819156129,1.1639587059617043
79,92,1.0018227321735202,0.29861616958006504,0.0,0.07032065625934551,1.1790471905842423
80,93,0.9887621328899606,0.2921873504675694,0.0,0.06965747824223913,1.193993115797639
81,94,0.9685035727413756,0.3144981479273203,0.0,0.06540054248140552,1.2090922500938177
82,96,0.9617310835495876,0.31371985219027804,0.0,0.06480112313593096,1.2314511397853494
83,97,0.957093512974186,0.33325954811494224,0.0,0.062383396485924385,1.2471594670787454
84,98,0.9544776375813757,0.3270200812076131,0.0,0.06274575563737625,1.2624213406816125
85,99,0.952158006297089,0.3371003760461041,0.0,0.06150576302509849,1.277878437191248
86,100,0.9513949617077944,0.33792724968889526,0.0,0.0613467712018899,1.2932733250781894
87,101,0.9507893743828923,0.34293786430220924,0.0,0.060785151008068306,1.3089395286515355
88,102,0.9499411681549556,0.34792906465795037,0.0,0.060201210349700524,1.3247053865343332
89,103,0.9460075516175707,0.36294071098707237,0.0,0.05830668406304983,1.3408866617828608
90,104,0.9384587891095822,0.3747710523866381,0.0,0.05636877367229442,1.356779521331191
91,105,0.928666745315798,0.37446096536553847,0.0,0.05542057799502595,1.3727242145687342
92,107,0.9238229215103377,0.38859069945942,0.0,0.05352322220509177,1.3962256265804172
93,109,0.9125028365031042,0.37171118725469887,0.0,0.05407916492484052,1.4195857429876924
94,110,0.9077302905720707,0.35064643326680855,0.0,0.055708385730526215,1.4358889665454626
95,111,0.9053769272877821,0.3563713844805686,0.0,0.054900554280721346,1.4523626267910004
96,112,0.9037639981753212,0.3512883202087106,0.0,0.055247567796661054,1.4691137121990323
97,113,0.9029214764962581,0.3457755752894012,0.0,0.05571459012068569,1.4857946867123246
98,114,0.9025052657159006,0.3472878014834282,0.0,0.05552174642324724,1.5026847794651985
99,115,0.902235604994712,0.3468599898311404,0.0,0.05553756151635716,1.5194814670830965
100,116,0.901725755084555,0.34430917206177686,0.0,0.055741658302277806,1.5361930467188358
101,117,0.9006034616352622,0.3394393157494311,0.0,0.05611641458858311,1.5532786259427667
102,118,0.8990650627345125,0.32859515062269845,0.0,0.05704699121118141,1.5702296132221818
103,119,0.8974066103030063,0.3218513971396265,0.0,0.057555521316337975,1.5869627902284265
104,120,0.8952745287486712,0.31665355000030354,0.0,0.05786209787483676,1.6038309270516038
105,121,0.893023311576179,0.3116911348061813,0.0,0.058133217676999756,1.6206205561757088
106,122,0.8845189181159261,0.2917947429659973,0.0,0.059272417514992876,1.6373150516301394
107,123,0.875993593207711,0.2822705623074742,0.0,0.05937230309002367,1.6540117636322975
108,124,0.8601902487732209,0.2766886306327902,0.0,0.058350161814043074,1.671139407902956
109,125,0.8543667621098088,0.30888137377609026,0.0,0.05454853883337185,1.687750800512731
110,127,0.8493131024879257,0.2891654939047137,0.0,0.056014760858321196,1.712419387884438
111,128,0.8459893964963031,0.2955612283200446,0.0,0.05504281681762585,1.7300726072862744
112,129,0.8434253773163034,0.29125650477843895,0.0,0.055216887253786436,1.7468257872387767
113,130,0.8412021414451956,0.2872911190399779,0.0,0.055391102240521774,1.7636511651799083
114,131,0.8377861658231214,0.286569979066895,0.0,0.05512161867562264,1.7804502015933394
115,132,0.8355024463668785,0.2802736389300973,0.0,0.055522880743678116,1.7972039617598057
116,133,0.8345421157042818,0.2903811082705415,0.0,0.05441610074337404,1.814433933235705
117,134,0.833806128376012,0.2730874445696051,0.0,0.05607186838064068,1.831274488940835
118,135,0.8331132939589693,0.2828486868179222,0.0,0.05502646071410471,1.8479870483279228
119,136,0.8326918906006715,0.28276980732352414,0.0,0.054992208327714745,1.8649342926219106
120,137,0.8323829732972532,0.2812059032328734,0.0,0.05511770700643798,1.8815671214833856
121,138,0.8314752844323106,0.2768502262847532,0.0,0.05546250581475573,1.898248235695064
122,139,0.8294401015118089,0.27447548900111934,0.0,0.055496461251068954,1.9150012107566
123,140,0.8237251174144149,0.2679409646032977,0.0,0.05557841528111172,1.9326332481577992
124,141,0.8086737853043126,0.2651786342678105,0.0,0.0543495151036502,1.949341895058751
125,142,0.7904502822282096,0.24827156461637162,0.0,0.054217871761183804,1.9662246312946081
126,144,0.7786826355286014,0.2645716578360155,0.0,0.05141109776925858,1.990270746871829
127,145,0.7665523775341264,0.24081234427705153,0.0,0.05257400332570748,2.007131948135793
128,146,0.7599121891963203,0.2574527153391944,0.0,0.0502459473857126,2.0239915270358324
129,147,0.7574006058229159,0.2544244278608269,0.0,0.0502976177962089,2.040647248737514
130,148,0.7554589167804087,0.2512896585396502,0.0,0.050416925824075844,2.057251694612205
131,149,0.7536227239204127,0.2524172927369846,0.0,0.050120543118342804,2.0739656006917357
132,150,0.7511491882089715,0.25178442674680046,0.0,0.0499364761462171,2.0907042073085904
133,151,0.7484819694424576,0.23461984433015937,0.0,0.05138621251122982,2.107572613283992
134,152,0.7468939560436944,0.23543089524241023,0.0,0.05114630608012841,2.1243333555758
135,153,0.7453116783192785,0.22572462507900837,0.0,0.05195870532402701,2.1410351414233446
136,154,0.744248323073111,0.22176944574849825,0.0,0.05224788773246127,2.157860721461475
137,155,0.7432551226281946,0.21462752878817506,0.0,0.05286275938400195,2.1746250614523888
138,156,0.7424512569814168,0.2117289807965796,0.0,0.053072227618483715,2.1913238437846303
139,157,0.7407914114890451,0.2095686447467067,0.0,0.053122276674233845,2.2081099040806293
140,158,0.7358359805542234,0.2106453046660619,0.0,0.052519067588816144,2.224965510889888
141,159,0.7278567412957865,0.220453586801556,0.0,0.05074031544942305,2.241677589714527
142,161,0.7202639739532389,0.22621110152635646,0.0,0.049405287242688244,2.265651900321245
143,163,0.7129637630454558,0.2605267690437014,0.0,0.04524369940017544,2.289683382026851
144,164,0.7098157888745116,0.259934627177535,0.0,0.04498811616969766,2.3063823068514466
145,165,0.7027292429897165,0.257000469701987,0.0,0.04457287732877295,2.323105367831886
146,166,0.6987678552155225,0.2543273042272305,0.0,0.0444440550988292,2.339968252927065
147,167,0.6953798248552345,0.23977019802268223,0.0,0.045560962683255234,2.3566284514963627
148,168,0.6931014390261975,0.24047647422243898,0.0,0.04526249648037585,2.3733387319371104
149,170,0.6925545216655535,0.2436212101717049,0.0,0.04489333114938486,2.39730085991323
150,171,0.692011710394538,0.24400140419005373,0.0,0.044801030620448434,2.414009978994727
151,172,0.6914040405475783,0.2456282964737711,0.0,0.04457757440738072,2.4319928586483
152,173,0.6890961967972544,0.24871168513167238,0.0,0.044038451166558204,2.4486293978989124
153,174,0.6880493779842622,0.25083426770387973,0.0,0.04372151102803825,2.4653169149532914
154,175,0.6855244599975525,0.2512273176801517,0.0,0.04342971423174008,2.482008174061775
155,176,0.6826062793036833,0.24799803035432424,0.0,0.04346082489493591,2.4987443508580327
156,177,0.6794239114883425,0.2386426334264754,0.0,0.04407812780618671,2.515463737770915
157,178,0.6752785102925014,0.23524140693418163,0.0,0.044003710335831975,2.532199840992689
158,179,0.6664751046891129,0.21642547188775071,0.0,0.045004963280136215,2.5492011960595846
159,181,0.6595470620158723,0.22779308067225618,0.0,0.04317539813436162,2.573289734311402
160,182,0.6525449664477354,0.20312428868931678,0.0,0.044942067775841865,2.5900407694280148
161,183,0.6397482858855925,0.19767220590480325,0.0,0.04420760799807893,2.606894771568477
162,184,0.636240100958759,0.20020406103137683,0.0,0.04360360399273822,2.6236918587237597
163,186,0.63388722318839,0.20386927399930505,0.0,0.043001794918908494,2.648483768105507
164,188,0.6322713779294676,0.19538450131212984,0.0,0.04368868766173378,2.6724636796861887
165,189,0.6316439341664829,0.1936194604960779,0.0,0.0438024473670405,2.6890897816047072
166,190,0.6311313002076911,0.19391746898502088,0.0,0.043721383122267025,2.706247507594526
167,191,0.6308533926441264,0.18333882877411586,0.0,0.04475145638700106,2.72294251807034
168,192,0.6303287777327434,0.18974897796220078,0.0,0.04405797997705427,2.7397232241928577
169,193,0.6301651158542313,0.18879517654951908,0.0,0.04413699393047122,2.756501531228423
170,194,0.6297619517621934,0.18721310962114754,0.0,0.04425488421410458,2.773734853602946
171,195,0.6278017086647052,0.18217294079552188,0.0,0.04456287678691832,2.790706160478294
172,196,0.6236904295045949,0.17592876729077464,0.0,0.044776166221382016,2.8076254837214947
173,197,0.6167777141082804,0.17511623517509267,0.0,0.044166147893318776,2.8242980847135186
174,198,0.6092135850890394,0.1610372403421647,0.0,0.04481763447468748,2.841048251837492
175,200,0.5934775836568943,0.19030176765057275,0.0,0.04031758160063215,2.8650621585547924
176,201,0.5779734323823331,0.1705720592412872,0.0,0.040740137314104585,2.8817322477698326
177,202,0.5578941298802004,0.17084364029959678,0.0,0.03870504895806036,2.89828965254128
178,204,0.5508795757075531,0.18420098443827734,0.0,0.03666785912692757,2.9222575770691037
179,205,0.5397315302879022,0.17568072109956678,0.0,0.03640508091883354,2.939363128505647
180,207,0.5295391542047184,0.17795278400325995,0.0,0.03515863702014585,2.9634248530492187
181,208,0.524245189815411,0.19245911422412929,0.0,0.03317860755912817,2.9801140427589417
182,209,0.5181296557702988,0.18580515470390763,0.0,0.033232450106639125,2.99680280033499
183,211,0.514463524948282,0.18378252899972194,0.0,0.033068099594856,3.0216122325509787
184,213,0.5108747289892955,0.19069584677205256,0.0,0.03201788822172429,3.045670502819121
185,214,0.5079901498379829,0.18251145375835254,0.0,0.03254786960796303,3.0622764909639955
186,215,0.5056922867836061,0.18661536125386544,0.0,0.03190769255297407,3.0789689840748906
187,216,0.5042993778244111,0.18775713611083056,0.0,0.03165422417135806,3.095756125636399
188,217,0.5027753220531305,0.18856321780718013,0.0,0.03142121042459503,3.1124057294800878
189,218,0.49616152015418136,0.1872780440446745,0.0,0.03088834761095069,3.129151299595833
190,219,0.4845819142847919,0.18879346311456682,0.0,0.02957884511702251,3.1457837661728263
191,221,0.47435598157343806,0.17093034249959696,0.0,0.030342563907384115,3.170033672824502
192,223,0.47010517326231654,0.18008506942423919,0.0,0.029002010383807734,3.1950929015874863
193,224,0.46543655197938505,0.1723847659563536,0.0,0.029305178602303146,3.212630924768746
194,225,0.46295891051883975,0.16869704055321758,0.0,0.029426186996562215,3.2293203128501773
195,226,0.46255648136997807,0.17447782076684928,0.0,0.028807866060312878,3.246108029037714
196,227,0.45999558242483796,0.17641880506958707,0.0,0.028357677735525087,3.262776660732925
197,228,0.4586404157209506,0.17384839855046677,0.0,0.02847920171704839,3.279694639146328
198,229,0.4574605633114279,0.1761842729416491,0.0,0.02812762903697788,3.296369070187211
199,230,0.45610825934994503,0.17894862943471496,0.0,0.027715962991523006,3.3131765723228455
200,231,0.454993916283881,0.18111622726256807,0.0,0.027387768902131293,3.3299777479842305
201,232,0.4537314351486285,0.18251789233580884,0.0,0.027121354281281967,3.3468212904408574
202,233,0.45161554147267235,0.1843431720087915,0.0,0.026727236946388087,3.363483836874366
203,234,0.4493861774242499,0.18528181823209366,0.0,0.026410435919215623,3.380173400975764
204,235,0.44586553579493354,0.1874974918136369,0.0,0.025836804398129663,3.3968743477016687
205,236,0.4427014658623184,0.1960684281790215,0.0,0.02466330376832969,3.414466849528253
206,237,0.4418350129797443,0.19351354591477776,0.0,0.024832146706496656,3.4310798039659858
207,239,0.43871776362947246,0.2052646276067215,0.0,0.02334531360227509,3.455412585288286
208,240,0.4372828084550081,0.20616995367900953,0.0,0.023111285477599858,3.472159375436604
209,241,0.4352868326102896,0.19786789532607046,0.0,0.023741893728421913,3.4892992936074734
210,242,0.43328019484254104,0.20439685693954995,0.0,0.022888333790299108,3.506106357090175
211,243,0.4296540081548439,0.20528237839678284,0.0,0.022437162975806106,3.5234822994098067
212,244,0.42292500458748294,0.20960318968656447,0.0,0.021332181490091848,3.5401284359395504
213,245,0.4219939965118051,0.2080936424151931,0.0,0.0213900354096612,3.556800665333867
214,247,0.4195324782753395,0.2235901001052426,0.0,0.01959423781700969,3.5819285614416003
215,248,0.4144059729939799,0.21323856511996453,0.0,0.020116740787401537,3.5986705468967557
216,249,0.4126148745155759,0.2136684067186644,0.0,0.01989464677969115,3.6161213042214513
217,250,0.4108629939883788,0.20627584618994718,0.0,0.020458714779843158,3.6335883932188153
218,251,0.4084568198808478,0.21365061299304353,0.0,0.019480620688780426,3.650374489836395
219,253,0.40678957043229474,0.21835351699813088,0.0,0.018843605343416385,3.6743985945358872
220,254,0.4043769707718944,0.2092442574925454,0.0,0.019513271327934897,3.6911143232136965
221,255,0.4025214138569455,0.20995798312861028,0.0,0.01925634307283352,3.7082267589867115
222,256,0.3995880619078666,0.2067010975817155,0.0,0.01928869643261511,3.724960993975401
223,257,0.39755502277125215,0.21006857709205967,0.0,0.018748644567919248,3.7416964871808887
224,258,0.39641873342548317,0.2154842194360801,0.0,0.018093451398940308,3.758390497416258
225,259,0.3932310788859934,0.20857571628628377,0.0,0.018465536259970963,3.775196091271937
226,260,0.3907565438912197,0.2061700031846457,0.0,0.018458654070657398,3.791979206725955
227,261,0.38818015136202666,0.1987107346564784,0.0,0.018946941670554825,3.8088421961292624
228,262,0.386424354117043,0.19675926673460803,0.0,0.0189665087382435,3.8257229812443256
229,263,0.38340626734480276,0.1987715642225771,0.0,0.01846347031222257,3.8425817377865314
230,264,0.381309869348914,0.19971918296833904,0.0,0.01815906863805749,3.8593009309843183
231,265,0.3807616395182237,0.19793416996173532,0.0,0.01828274695564884,3.875998434610665
232,266,0.3803533535377085,0.20014400007762795,0.0,0.018020935346008054,3.8926594387739897
233,267,0.3799252754480458,0.19941919596197108,0.0,0.018050607948607467,3.9094488862901926
234,268,0.37961776728483165,0.19841726406781238,0.0,0.018120050321701928,3.9262066828086972
235,269,0.3792824612597978,0.19742135493961704,0.0,0.01818611063201808,3.9434118857607245
236,270,0.3788218615680608,0.19550754153676925,0.0,0.018331432003129155,3.9601065488532186
237,271,0.37826957576916864,0.19396633186212228,0.0,0.01843032439070464,3.9768385980278254
238,272,0.377637869926377,0.191063762733529,0.0,0.018657410719284798,3.993504107929766
239,273,0.37690314429375527,0.19142854227735745,0.0,0.018547460201639783,4.010205805301666
240,274,0.3760339979748544,0.1875956824435301,0.0,0.018843831553132427,4.0269919922575355
241,275,0.3743450954912989,0.1890922841279331,0.0,0.018525281136336582,4.043647427111864
242,276,0.3713950774128122,0.19241826505655654,0.0,0.017897681235625566,4.060374255292118
243,277,0.37003625724548694,0.19451910828979893,0.0,0.0175517148955688,4.077152984216809
244,278,0.3690006483557762,0.19851920714894838,0.0,0.01704814412068278,4.0939087718725204
245,279,0.3676229115875974,0.20270856806848495,0.0,0.01649143435191125,4.111084864474833
246,280,0.3662356373582686,0.2094452529181189,0.0,0.015679038444014963,4.127818025648594
247,281,0.3649451591507985,0.20592831167560915,0.0,0.01590168474751893,4.145015730522573
248,282,0.36422018045061627,0.2041571435658447,0.0,0.016006303688477157,4.1617441372945905
249,283,0.3633113994170124,0.1991992444193358,0.0,0.01641121549976766,4.178523403592408
250,284,0.3617439307199085,0.20262351609425075,0.0,0.015912041462565776,4.196089120581746
251,285,0.35867632156386475,0.20371950473582545,0.0,0.015495681682803932,4.212890591472387
252,287,0.3492769049648915,0.2144530122644299,0.0,0.013482389270046156,4.237182930111885
253,289,0.34083601158805543,0.2119126521742536,0.0,0.012892335941380185,4.261603252962232
254,291,0.3352468053634541,0.2140398434835358,0.0,0.01212069618799183,4.285839929245412
255,292,0.3218871577925062,0.18308110003884004,0.0,0.01388060577536662,4.30253011547029
256,294,0.3193629884450483,0.1779219093807753,0.0,0.014144107906427297,4.326794906519353
257,295,0.315173549645672,0.17522772748467888,0.0,0.013994582216099317,4.344000343233347
258,296,0.31141033388218403,0.18036041137821646,0.0,0.013104992250396756,4.3607477229088545
259,297,0.30396563697177514,0.17200986728135587,0.0,0.013195576969041925,4.377577769570053
260,298,0.29990806481257737,0.16855442403112286,0.0,0.013135364078145452,4.394335925579071
261,299,0.29892764872017774,0.16039846674511798,0.0,0.013852918197505976,4.4111587181687355
262,300,0.29250924917790627,0.1648527429347693,0.0,0.0127656506243137,4.428012368269265
263,301,0.29074839252334184,0.16497498420382442,0.0,0.01257734083195174,4.444892348721623
264,302,0.2878023845841474,0.16245117875469758,0.0,0.01253512058294498,4.462471448816359
265,303,0.28254147706354693,0.16251143642106672,0.0,0.012003004064248018,4.479633437469602
266,304,0.27928848997684086,0.16809357134037875,0.0,0.011119491863646212,4.496303084306419
267,305,0.27506370398636826,0.16644928732563716,0.0,0.010861441666073113,4.513750166632235
268,306,0.2719216474589992,0.15979812593116352,0.0,0.011212352152783569,4.530530192889273
269,307,0.2682504571248798,0.1556852523795265,0.0,0.011256520474535334,4.547773037105799
270,308,0.2634885066689821,0.15017743839481204,0.0,0.011331106827417007,4.564536480233073
271,309,0.2577692333876127,0.1410469514721681,0.0,0.01167222819154446,4.581943351775408
272,311,0.2537354581956908,0.1386659680028664,0.0,0.011506949019282443,4.606069024652243
273,312,0.2503882430077235,0.13563958422901862,0.0,0.011474865877870487,4.622733038850129
274,313,0.24451401522896596,0.14236366549444213,0.0,0.010215034973452383,4.639547135680914
275,314,0.2407189076455665,0.1488018299106829,0.0,0.00919170777348836,4.656378194689751
276,315,0.23606983302270174,0.1451356753529088,0.0,0.009093415766979291,4.6732084807008505
277,316,0.23239689447710588,0.14832029269695776,0.0,0.00840766017801481,4.690130886621773
278,318,0.2306285444690831,0.14663659405162413,0.0,0.008399195041745895,4.714168468490243
279,319,0.22764048883206844,0.15034893305958355,0.0,0.007729155577248488,4.731261451728642
280,320,0.2267132183005935,0.14944462900242525,0.0,0.007726858929816825,4.748045737855136
281,321,0.2260493583210409,0.15309320078197447,0.0,0.007295615753906642,4.764855744317174
282,322,0.2254472490896021,0.15060230555934323,0.0,0.007484494353025886,4.781592475250363
283,323,0.22495961424210648,0.1501996331033464,0.0,0.007475998113876007,4.798211330547929
284,324,0.22426988020751287,0.1484345933194934,0.0,0.007583528688801948,4.814851539209485
285,325,0.22342260759850147,0.14757427206354273,0.0,0.007584833553495875,4.831608251668513
286,326,0.22227881391653626,0.1435022463674338,0.0,0.007877656754910244,4.848269946873188
287,327,0.2200326116959151,0.14016431637646226,0.0,0.007986829531945282,4.864991727285087
288,328,0.21586626136925935,0.1389397356208349,0.0,0.007692652574842447,4.881663009524345
289,330,0.2135709372663554,0.13762364145300227,0.0,0.007594729581335315,4.905860455706716
290,332,0.21108783901895908,0.14486655509475632,0.0,0.006622128392420276,4.930004781112075
291,333,0.20930583974748537,0.14523361993285272,0.0,0.006407221981463265,4.946738096885383
292,334,0.20770491433757918,0.14491755556857022,0.0,0.006278735876900896,4.9634496755898
293,335,0.206001640127087,0.1440621721117041,0.0,0.00619394680153829,4.980145598761737
294,336,0.20528696276988403,0.14565198867815482,0.0,0.005963497409172921,4.996986932121217
295,337,0.20496566392847237,0.14232808453483295,0.0,0.006263757939363941,5.013738915324211
296,338,0.2044361063105051,0.14388960503377732,0.0,0.0060546501276727786,5.0304046012461185
297,339,0.20405729946315104,0.14376092554068584,0.0,0.006029637392246519,5.047261667437851
298,340,0.20307471470388191,0.14248066586660424,0.0,0.006059404883727768,5.064855181612074
299,341,0.20153772329255415,0.14028326058439386,0.0,0.006125446270816028,5.081564056687057
300,342,0.19923376272144316,0.13764711542045024,0.0,0.006158664730099292,5.098299414850771
301,343,0.19777416407446063,0.13802057241414897,0.0,0.0059753591660311675,5.114978083409369
302,344,0.19696282185083164,0.1395432853163517,0.0,0.005741953653447991,5.131804984994233
303,345,0.19647238690372104,0.13977776714841597,0.0,0.005669461975530506,5.148618318140507
304,346,0.19588002741676164,0.13868269500059627,0.0,0.005719733241616536,5.165291663259268
305,347,0.19489972423976343,0.1363893193269347,0.0,0.005851040491282871,5.182291088625789
306,348,0.1937715088066175,0.13427507779254877,0.0,0.005949643101406873,5.199095134623349
307,350,0.1919279504348059,0.13072010964391836,0.0,0.006120784079088754,5.223208888433874
308,351,0.18750157708226198,0.12646273814070405,0.0,0.006103883894155792,5.240000897087157
309,352,0.18527887637424462,0.12571825118839577,0.0,0.005956062518584883,5.25678204279393
310,353,0.1835324871403023,0.12823403775312056,0.0,0.005529844938718174,5.273542861454189
311,354,0.182783677031684,0.1214364854168116,0.0,0.0061347191614872405,5.290177129209042
312,355,0.18178998036074506,0.1214689840122458,0.0,0.006032099634849924,5.306842681020498
313,356,0.18054921529010967,0.12054237968784767,0.0,0.006000683560226199,5.323799066245556
314,357,0.17842584129652656,0.11685565863493401,0.0,0.006157018266159256,5.3410472478717566
315,358,0.17669466246790316,0.1092833041363607,0.0,0.006741135833154247,5.357890237122774
316,359,0.17510849219272503,0.11573752797373787,0.0,0.005937096421898717,5.3745959885418415
317,360,0.1740731353212297,0.11263481674371664,0.0,0.006143831857751305,5.391337418928742
318,361,0.17240869500958922,0.10815299256390751,0.0,0.00642557024456817,5.408050532452762
319,362,0.17079238634487132,0.10693436325269162,0.0,0.006385802309217969,5.424889402464032
320,363,0.16942682676611295,0.11175973390969564,0.0,0.005766709285641731,5.441571204923093
321,364,0.16680299730130005,0.10623593855370192,0.0,0.006056705874759814,5.458231754601002
322,366,0.16570755953200003,0.10157142627109056,0.0,0.006413613326090948,5.482296425849199
323,367,0.16270851007477022,0.10063431457662955,0.0,0.006207419549814067,5.499219394288957
324,369,0.16045426672625424,0.10149292662695357,0.0,0.005896134009930066,5.523382060229778
325,370,0.16004419386367655,0.10912488833691329,0.0,0.005091930552676325,5.540224485099316
326,371,0.15886775657863114,0.1054315180093281,0.0,0.005343623856930304,5.556949102319777
327,372,0.15860679738559136,0.1049616763594866,0.0,0.005364512102610475,5.574318883009255
328,373,0.15806020580035918,0.10583405188459011,0.0,0.005222615391576906,5.591032241471112
329,374,0.15790779776087438,0.10648544697845494,0.0,0.005142235078241945,5.608323487453163
330,375,0.15760844710212168,0.10726871846819964,0.0,0.005033972863392204,5.62505026627332
331,376,0.15717330325293472,0.10761777612941881,0.0,0.00495555271235159,5.641868497245014
332,377,0.15683013143245012,0.10752803459321235,0.0,0.0049302096839237775,5.658587472513318
333,378,0.15649004832958172,0.10687166266987586,0.0,0.004961838565970586,5.675723765976727
334,379,0.1560351700335245,0.10583517512207423,0.0,0.005019999491145026,5.693411372601986
335,380,0.15562014598120555,0.1050764648738811,0.0,0.005054368110732444,5.710205025039613
336,381,0.15503042082244212,0.10278271615870554,0.0,0.005224770466373657,5.726956019178033
337,382,0.1546248124026796,0.1035672407793525,0.0,0.005105757162332712,5.7436949368566275
338,383,0.15360358978076277,0.09990874856144374,0.0,0.0053694841219319046,5.7604101011529565
339,385,0.1526334854727358,0.09769845035529175,0.0,0.0054935035117444075,5.785192517563701
340,386,0.15074996972658217,0.09717354871204367,0.0,0.005357642101453851,5.802662657573819
341,387,0.14913889017911808,0.09597957086255071,0.0,0.005315931931656737,5.819388588890433
342,388,0.14787700347844848,0.09751129012043463,0.0,0.005036571335801384,5.836148649454117
343,389,0.1467544819932595,0.09489609023719439,0.0,0.0051858391756065105,5.852851568721235
344,390,0.14537543914855905,0.09344793180120753,0.0,0.0051927507347351515,5.869647413492203
345,391,0.14405714369408876,0.09314758225101268,0.0,0.005090956144307608,5.886314384639263
346,392,0.14297619513043708,0.09192031223304009,0.0,0.0051055882897397,5.9031228590756655
347,393,0.14199974435370846,0.09578984345684169,0.0,0.004620990089686677,5.920261722058058
348,395,0.14102449789387217,0.09409131261722602,0.0,0.004693318527664615,5.944342487491667
349,396,0.14042761747012555,0.09248457953619256,0.0,0.004794303793393298,5.961086494848132
350,397,0.1399346923657253,0.0919446217336512,0.0,0.004799007063207411,5.977879512123764
351,398,0.13962379491750976,0.09133873856203473,0.0,0.004828505635547505,5.994620993733406
352,399,0.1382207848183882,0.09181583040321133,0.0,0.0046404954415176876,6.01140576787293
353,400,0.13727942682985889,0.09138653249716454,0.0,0.004589289433269433,6.028229360468686
354,401,0.13500954190114006,0.09045429298611236,0.0,0.004455524891502771,6.045105466619134
355,403,0.13341892755800144,0.09105688916850209,0.0,0.0042362038389499364,6.069366826675832
356,404,0.13083881585352009,0.08397444767520423,0.0,0.004686436817831586,6.086527538485825
357,405,0.12843670464241247,0.08630680158729005,0.0,0.004212990305512242,6.1032773377373815
358,406,0.12475302231425606,0.08031218017383233,0.0,0.0044440842140423716,6.120563136413693
359,407,0.12146503383337318,0.07834687591007167,0.0,0.00431181579233015,6.137329324148595
360,409,0.11930406295618592,0.07595966080901474,0.0,0.0043344402147171175,6.161439690738916
361,410,0.11812821326272849,0.0780106707148485,0.0,0.004011754254787999,6.178187475539744
362,412,0.1176774206829771,0.07838388661154128,0.0,0.003929353407143583,6.202265408821404
363,414,0.11747161174802548,0.07932389366836048,0.0,0.003814771807966499,6.2264955546706915
364,415,0.11719296120214426,0.07827664131451668,0.0,0.003891631988762758,6.243287663906813
365,416,0.1165350003422116,0.07827859999952569,0.0,0.0038256400342685914,6.260049465112388
366,417,0.11608758246255524,0.07733059475635692,0.0,0.003875698770619832,6.277238602750003
367,418,0.11534042093475443,0.07626068943173347,0.0,0.003907973150302095,6.294008520431817
368,419,0.11435156314907689,0.07495233683571964,0.0,0.003939922631335725,6.311431284062564
369,420,0.11260180124767488,0.07099074901589764,0.0,0.004161105223177725,6.328232783824205
370,421,0.11165708354130287,0.07017677389333414,0.0,0.004148030964796873,6.345032504759729
371,422,0.11061997356125725,0.06709675738197475,0.0,0.0043523216179282495,6.361683601513505
372,423,0.11002587037829428,0.06670290593164466,0.0,0.004332296444664963,6.3784254202619195
373,424,0.10968482662837165,0.06608229762564043,0.0,0.004360252900273122,6.39521692506969
374,425,0.10945005461958401,0.06559306464565327,0.0,0.004385698997393075,6.412036322057247
375,427,0.10927988291635825,0.06488583976209356,0.0,0.004439404315426469,6.436189315281808
376,428,0.10899369162509578,0.06492172476127347,0.0,0.004407196686382232,6.4532643016427755
377,430,0.10879591658825953,0.06456063223270486,0.0,0.004423528435555467,6.47769667673856
378,431,0.10809255687452586,0.06497983263635683,0.0,0.004311272423816903,6.495328342542052
379,432,0.10729338545250801,0.06508093205268856,0.0,0.004221245339981946,6.512534427456558
380,433,0.1058424853089847,0.06498852409584893,0.0,0.004085396121313577,6.529274579137564
381,434,0.10407160204814733,0.06387483893186137,0.0,0.004019676311628596,6.545957896858454
382,435,0.10237550292352487,0.061287570671721116,0.0,0.004108793225180376,6.562675920315087
383,437,0.10174378185175907,0.061061558680204436,0.0,0.004068222317155463,6.586736465804279
384,438,0.10134452560696786,0.060136266866082005,0.0,0.004120825874088584,6.603893366642296
385,439,0.10113963213096308,0.05995334074336605,0.0,0.004118629138759702,6.620657103136182
386,440,0.10089262717689054,0.05965389096817236,0.0,0.004123873620871818,6.637789444066584
387,441,0.1005683382809907,0.059806277569787285,0.0,0.004076206071120341,6.654528418555856
388,442,0.10029477807340972,0.0591562886348457,0.0,0.004113848943856403,6.671161104924977
389,443,0.09990106317775391,0.058103317986595085,0.0,0.004179774519115882,6.687934961169958
390,444,0.09962861599212997,0.05715814351236826,0.0,0.004247047247976171,6.7045680386945605
391,445,0.09930287838696313,0.055729062558055334,0.0,0.0043573815828907795,6.721285172738135
392,446,0.09911784330730941,0.05492169713600763,0.0,0.004419614617130178,6.737940332852304
393,447,0.09856084246624436,0.054212865384433394,0.0,0.004434797708181096,6.754685940220952
394,448,0.09810438315857851,0.054255514082911516,0.0,0.0043848869075667,6.771314101293683
395,449,0.09771404433179151,0.05422761774835338,0.0,0.004348642658343813,6.788085759617388
396,450,0.09751726744674889,0.05328388800133247,0.0,0.004423337944541642,6.8047348307445645
397,451,0.09746628832619829,0.053853565107365206,0.0,0.0043612723218833084,6.821433030068874
398,452,0.09730417474091536,0.05331551992365481,0.0,0.004398865481726055,6.838332303799689
399,453,0.09725685036115861,0.05303931975265795,0.0,0.004421753060850065,6.855089021846652
400,454,0.0972205049740032,0.0528436883389313,0.0,0.004437681663507189,6.871855122037232
401,455,0.09717922040890928,0.0526780551908284,0.0,0.0044501165218080885,6.888358170166612
402,456,0.09712337055081442,0.052171484532971775,0.0,0.004495188601784265,6.905074334703386
403,457,0.09705178724434446,0.05167443601588614,0.0,0.0045377351228458335,6.921848330646753
404,458,0.09695122815073545,0.05094908320796438,0.0,0.004600214494277108,6.938480378128588
405,459,0.09682035991371113,0.050442202061004006,0.0,0.004637815785270713,6.955207367427647
406,460,0.09661425149872598,0.05055807537962339,0.0,0.004605617611910259,6.972394824959338
407,461,0.0964509831474952,0.050897075592438626,0.0,0.004555390755505657,6.989689076319337
408,462,0.0961061782285024,0.051810832797851376,0.0,0.004429534543065101,7.006281024776399
409,463,0.09576416019872114,0.05276687231983974,0.0,0.004299728787888139,7.022953161969781
410,464,0.0954286019174925,0.05340401377229494,0.0,0.004202458814519755,7.039704862982035
411,465,0.09501111938484438,0.053736161725228715,0.0,0.004127495765961568,7.056296383962035
412,467,0.09477651877857447,0.05331612559542431,0.0,0.004146039318315016,7.08088587783277
413,468,0.09424582039686152,0.05258121731550929,0.0,0.0041664603081352225,7.097734882496297
414,469,0.0936919737985055,0.05200859620334037,0.0,0.0041683377595165124,7.1144091952592134
415,470,0.0932517587664286,0.05203545886618886,0.0,0.004121629990023973,7.131074567325413
416,471,0.09228489360142451,0.05204336449570661,0.0,0.00402415291057179,7.147694162093103
417,472,0.09163623556820656,0.0540722510960542,0.0,0.003756398447215236,7.164310703985393
418,473,0.09093324964451382,0.054874385253805336,0.0,0.0036058864390708495,7.180919469334185
419,474,0.08985959688489979,0.054201353623450785,0.0,0.003565824326144901,7.197663504630327
420,476,0.08927432238986464,0.055318128532745134,0.0,0.003395619385711951,7.221543997526169
421,477,0.08908088032884118,0.055418958086603846,0.0,0.003366192224223732,7.238243158906698
422,478,0.08846023351585933,0.05650713345950848,0.0,0.0031953100056350842,7.255009490065277
423,479,0.08827888433249166,0.05668050274664362,0.0,0.0031598381585848036,7.271720407530665
424,480,0.08797520743912532,0.05649043999872542,0.0,0.0031484767440399892,7.2890458488836884
425,481,0.08774202222083799,0.05655711465443473,0.0,0.0031184907566403257,7.306242662481964
426,482,0.08752799461586182,0.056437866832653755,0.0,0.003109012778320806,7.323088366538286
427,483,0.08735630724772592,0.0563339619285379,0.0,0.0031022345319188013,7.33987002260983
428,484,0.08722361369020104,0.05594741567743063,0.0,0.0031276198012770416,7.356728790327907
429,485,0.08708235441882153,0.0559540735693012,0.0,0.0031128280849520326,7.37342138774693
430,486,0.08691080817986716,0.05594965231474912,0.0,0.0030961155865118035,7.390235872939229
431,487,0.08684214653916283,0.05651992280420484,0.0,0.0030322223734957987,7.406954274512827
432,488,0.08675081002604833,0.05681273018077314,0.0,0.0029938079845275188,7.423704807646573
433,489,0.08668587224714866,0.05660849595801248,0.0,0.0030077376289136177,7.440421378239989
434,490,0.08661108207440874,0.056741316098920934,0.0,0.0029869765975487805,7.457192869856954
435,491,0.08646959473071594,0.05676072302533033,0.0,0.002970887170538562,7.473838279955089
436,492,0.08635562826640444,0.05702166281410127,0.0,0.002933396545230317,7.490474580787122
437,493,0.08619394203712116,0.05744075697711755,0.0,0.0028753185060003605,7.507086155936122
438,494,0.08601090231547603,0.057787391234293536,0.0,0.0028223511081182503,7.523853354156017
439,496,0.0859080307170797,0.05792873953453483,0.0,0.002797929118254486,7.547947796992958
440,497,0.08589906856938478,0.0582889592144493,0.0,0.0027610109354935476,7.564539811573923
441,498,0.08577689185570307,0.057643856158596296,0.0,0.002813303569710678,7.581140794791281
442,499,0.08568673033683845,0.057618705687251734,0.0,0.0028068024649586716,7.597768847830594
443,500,0.08561964802685297,0.057785861297375944,0.0,0.0027833786729477023,7.614306477829814
444,501,0.08548509193966879,0.057658294020114846,0.0,0.002782679791955394,7.630918791517615
445,503,0.08540562821002698,0.05758971925660411,0.0,0.0027815908953422864,7.655056583695114
446,504,0.08522189505439208,0.05788220763564762,0.0,0.0027339687418744454,7.671765794977546
447,505,0.08504561925411594,0.05757650011189705,0.0,0.0027469119142218895,7.688392289914191
448,506,0.08482346316585024,0.05865742030469971,0.0,0.002616604286115053,7.705008097924292
449,508,0.08461117208174233,0.05870995370759063,0.0,0.002590121837415171,7.729167831130326
450,510,0.08449582452894815,0.058622051216190574,0.0,0.002587377331275757,7.75333174970001
451,511,0.08442916847096671,0.05886110015871041,0.0,0.0025568068312256304,7.769888217560947
452,512,0.08436817874989612,0.058969283729164775,0.0,0.0025398895020731344,7.786693746224046
453,513,0.0843166958150424,0.058797277528573645,0.0,0.002551941828646876,7.80337268486619
454,514,0.08424533379652421,0.059210464872291056,0.0,0.002503486892423316,7.820169295184314
455,515,0.08416305082206277,0.059420488728094044,0.0,0.002474256209396873,7.837044819258153
456,516,0.08403373617743522,0.05954119380113308,0.0,0.0024492542376302134,7.854238496161997
457,517,0.08373742447852153,0.05953554560477821,0.0,0.0024201878873743327,7.8708683885633945
458,519,0.08358442438199085,0.059045958810809686,0.0,0.0024538465571181155,7.894805466756225
459,520,0.08331063070620513,0.058524935234504374,0.0,0.002478569547170076,7.911367445252836
460,522,0.08300994353159694,0.05867963821597552,0.0,0.0024330305315621416,7.935981577262282
461,523,0.08245483145226006,0.057499000794595016,0.0,0.002495583065766504,7.952652215957642
462,525,0.08212658550083951,0.057624966135415324,0.0,0.002450161936542419,7.976659894920886
463,527,0.08179489160601722,0.057823550870145055,0.0,0.0023971340735872166,8.000549776479602
464,529,0.08163670053243512,0.05752702311310444,0.0,0.002410967741933068,8.024535830132663
465,531,0.0814987981583449,0.05785504920291187,0.0,0.002364374895543303,8.048526878468692
466,532,0.08137717232729037,0.057927181480167934,0.0,0.0023449990847122437,8.065148339606822
467,534,0.08131162743709418,0.05773857722200437,0.0,0.002357305021508981,8.08914708904922
468,535,0.08126235055494789,0.0580525053168599,0.0,0.002320984523808799,8.105867374688387
469,536,0.08101355239493671,0.057480457475389636,0.0,0.0023533094919547084,8.12263135612011
470,537,0.08079697200572032,0.057161632288748335,0.0,0.0023635339716971985,8.139628740027547
471,538,0.08060347845671584,0.057080316143463955,0.0,0.002352316231325189,8.156327560544014
472,539,0.08028771473156422,0.05652946480174552,0.0,0.0023758249929818702,8.173354665748775
473,541,0.0801162879210248,0.05655773233117691,0.0,0.002355855558984789,8.197379177436233
474,542,0.07999949061847796,0.05606349438796778,0.0,0.002393599623051017,8.214218403212726
475,543,0.07984562374052234,0.055956852826658056,0.0,0.002388877091386428,8.231468628160655
476,544,0.07978950573049738,0.05592922108735963,0.0,0.0023860284643137755,8.248249246738851
477,545,0.07973717420712376,0.055697170883171956,0.0,0.0024040003323951807,8.26490764413029
478,546,0.0796330076865448,0.05557264444743485,0.0,0.0024060363239109947,8.281656787730753
479,547,0.07950799634115481,0.05550919352964303,0.0,0.0023998802811511784,8.298359616659582
480,548,0.07937284886423186,0.05520266005284282,0.0,0.0024170188811389044,8.315253291279078
481,549,0.07927990011565322,0.05484632292678441,0.0,0.0024433577188868816,8.332016644068062
482,550,0.0791245809657615,0.054594801512169444,0.0,0.002452977945359205,8.348722646012902
483,551,0.0790686470108854,0.05474830001338472,0.0,0.0024320346997500687,8.365328662097454
484,552,0.07896995688774411,0.05445739471262341,0.0,0.0024512562175120706,8.382088988088071
485,553,0.07893714700367682,0.05433184484499776,0.0,0.002460530215867905,8.398690663278103
486,555,0.07891562995559236,0.054195957521524445,0.0,0.0024719672434067915,8.422641733661294
487,556,0.07889204641522257,0.0541706483203495,0.0,0.002472139809487307,8.439419227652252
488,557,0.07885241359794913,0.05403916091414146,0.0,0.0024813252683807668,8.456014257855713
489,559,0.07881568567425269,0.05396481048390706,0.0,0.002485087519034563,8.480100875720382
490,560,0.07875496618356957,0.0536857050240984,0.0,0.0025069261159471174,8.496836990118027
491,561,0.07870679622564998,0.05360373310662014,0.0,0.0025103063119029847,8.514011111110449
492,562,0.07865524614939998,0.053428196735710885,0.0,0.0025227049413689097,8.530659450218081
493,563,0.07856164904419823,0.05358136291855489,0.0,0.0024980286125643337,8.547375357709825
494,565,0.07850265656185357,0.053608656574572665,0.0,0.002489399998728091,8.571415140293539
495,566,0.07841874600476359,0.053583590093645876,0.0,0.002483515591111771,8.588119645603001
496,567,0.07820545707692347,0.053664321580141824,0.0,0.002454113549678166,8.604656256735325
497,568,0.0781197730205905,0.053183155641295915,0.0,0.0024936617379294587,8.621694610454142
498,570,0.07802594535927436,0.05326456316567118,0.0,0.0024761382193603182,8.645979979075491
499,571,0.07791673230578472,0.05383373767254824,0.0,0.0024082994633236477,8.662695303559303
500,572,0.07766709584086239,0.0532547445850172,0.0,0.002441235125584519,8.67952207941562
501,573,0.0775568308195514,0.05332432032636164,0.0,0.0024232510493189764,8.696249332278967
502,574,0.07737609039093629,0.05306303702522812,0.0,0.0024313053365708176,8.71294573880732
503,576,0.07719476902837927,0.05294062114991277,0.0,0.0024254147878466506,8.737170242704451
504,578,0.07701603346555086,0.053228311951878444,0.0,0.002378772151367241,8.761330929584801
505,579,0.07687388568220463,0.052614260410231886,0.0,0.002425962527197275,8.7781545156613
506,581,0.07672295047781524,0.05226474691008653,0.0,0.002445820356772872,8.80310495197773
507,583,0.07659467463157224,0.052464114120756924,0.0,0.002413056051081531,8.82729432079941
508,584,0.07645654549000308,0.05243526323350301,0.0,0.0024021282256500064,8.84411486145109
509,585,0.07630273483400599,0.05291540183722589,0.0,0.0023387332996780094,8.860787592828274
510,586,0.07619819754982057,0.05295024067166442,0.0,0.0023247956878156145,8.877507464028895
511,587,0.07611180310097725,0.051949834011975414,0.0,0.0024161969089001836,8.894297986291349
512,588,0.07583324678253928,0.05268671181060858,0.0,0.0023146534971930696,8.91131198219955
513,589,0.07571476302005996,0.05298935069676954,0.0,0.0022725412323290413,8.92819971870631
514,590,0.07557440878192263,0.052534661591044675,0.0,0.0023039747190877957,8.945005133748055
515,591,0.07538607473888974,0.05251613851796939,0.0,0.0022869936220920348,8.961708708666265
516,593,0.07525985568267367,0.05271460779116957,0.0,0.00225452478915041,8.98594525642693
517,594,0.0752404266274701,0.052789319897052565,0.0,0.002245110673041754,9.002669830806553
518,595,0.07513636737085821,0.05273155170048839,0.0,0.002240481567036982,9.019426492974162
519,596,0.07504466346596522,0.05260487435232446,0.0,0.002243978911364077,9.036602144129574
520,597,0.07493449854479045,0.05241242375031603,0.0,0.0022522074794474422,9.053296947851777
521,598,0.07469590040918836,0.05245388394021998,0.0,0.0022242016468968376,9.069932854734361
522,599,0.07461332919974298,0.051456430587979135,0.0,0.0023156898611763847,9.086649228818715
523,600,0.07439486634471418,0.05134379731085241,0.0,0.002305106903386176,9.103777067735791
524,601,0.07427535318637424,0.0516960008290059,0.0,0.002257935235736834,9.120460635982454
525,602,0.07406546511056088,0.05140833363097997,0.0,0.002265713147958091,9.137282714247704
526,603,0.0732309137528638,0.04991971652568536,0.0,0.002331119722717843,9.154035965912044
527,605,0.07308790574128156,0.04978216682111435,0.0,0.0023305738920167203,9.178172756917775
528,606,0.07255376804860841,0.04927601600179901,0.0,0.0023277752046809404,9.195688438601792
529,607,0.07199212746135564,0.048866995593819115,0.0,0.002312513186753652,9.212325067259371
530,608,0.0714297561400596,0.048283530280764896,0.0,0.00231462258592947,9.229176605120301
531,609,0.07089076166412904,0.04728211005752448,0.0,0.0023608651606604556,9.246870978735387
532,611,0.07061395116292965,0.04639173609454052,0.0,0.0024222215068389124,9.271308376453817
533,612,0.07040026379365077,0.04563365290344085,0.0,0.0024766610890209935,9.288165868259966
534,613,0.07019209435532911,0.04512149912651683,0.0,0.002507059522881229,9.30477345827967
535,614,0.06996605676919807,0.04480529593787396,0.0,0.002516076083132411,9.322103401646018
536,616,0.06981124511435684,0.044207350005487235,0.0,0.0025603895108869605,9.346375503577292
537,617,0.06967175518989252,0.04397305141310709,0.0,0.0025698703776785435,9.36306640971452
538,618,0.06955547075481132,0.04393041702853113,0.0,0.002562505372628019,9.380196996964514
539,619,0.06934415479208295,0.044171209510093935,0.0,0.002517294528198901,9.396839744411409
540,620,0.06921584668515965,0.04438612571194248,0.0,0.0024829720973217175,9.413450762629509
541,621,0.06907866548625799,0.04442897495357551,0.0,0.0024649690532682483,9.430580942891538
542,622,0.06886141071825296,0.0443794674203088,0.0,0.0024481943297944156,9.447263550013304
543,623,0.06871372955708352,0.04411606673240413,0.0,0.002459766282467938,9.464450207538903
544,624,0.06851620807626785,0.04371242848821096,0.0,0.0024803779588056882,9.48133797198534
545,625,0.0682264726292144,0.04351461036675671,0.0,0.0024711862262457693,9.498068742454052
546,626,0.06778876785399508,0.04214325556144985,0.0,0.0025645512292545233,9.514746480621397
547,627,0.067624723135837,0.042758778891484564,0.0,0.0024865944244352434,9.531633605249226
548,628,0.06751961200654312,0.04220111375236454,0.0,0.0025318498254178583,9.548406643792987
549,629,0.06741887483305609,0.04230760944170887,0.0,0.002511126539134722,9.56513295788318
550,630,0.0673661403989134,0.042490460041026336,0.0,0.0024875680357887052,9.581859722733498
551,631,0.06733092310866132,0.042576291891246225,0.0,0.00247546312174151,9.598607723601162
552,632,0.06726743251441154,0.04267452284608265,0.0,0.002459290966832889,9.615943593904376
553,633,0.06720585243306704,0.04273477702426328,0.0,0.0024471075408803757,9.632777256891131
554,634,0.06714308484615628,0.04269522420582889,0.0,0.0024447860640327383,9.649441822431982
555,635,0.06705542512354776,0.04239557822262842,0.0,0.0024659846900919346,9.666148592717946
556,636,0.06701813360044509,0.042325216078753364,0.0,0.002469291752169172,9.682864485308528
557,637,0.06695723327088665,0.04205877842510987,0.0,0.002489845484577679,9.699650733731687
558,638,0.06690115872917665,0.04216654087171069,0.0,0.002473461785746595,9.71629820484668
559,639,0.06677766218893148,0.04208618961151904,0.0,0.0024691472577412442,9.733053864911199
560,640,0.06646783984995008,0.04219490934331216,0.0,0.002427293050663792,9.749680571258068
561,641,0.06625661138273435,0.04227601334537868,0.0,0.002398059803735567,9.766268939711154
562,643,0.06613518995433595,0.042602073397456544,0.0,0.002353311655687941,9.790388327091932
563,644,0.06596696180692468,0.04251003741423903,0.0,0.002345692439268566,9.807937381789088
564,646,0.06587758232118462,0.04217627300577656,0.0,0.0023701309315408065,9.83219947014004
565,647,0.0658179412250965,0.041756739565210144,0.0,0.0024061201659886355,9.849499658681452
566,648,0.06573374925078579,0.041888445953257046,0.0,0.0023845303297528745,9.866216064430773
567,649,0.06565543097956605,0.041929088746206294,0.0,0.0023726342233359766,9.88294515479356
568,650,0.06555769459652952,0.0420462229536689,0.0,0.002351147164286061,9.899586566723883
569,651,0.06541166059684358,0.04209437011359489,0.0,0.0023317290483248687,9.916703600436449
570,652,0.06528005623209215,0.04240160422332662,0.0,0.0022878452008765543,9.933375283144414
571,653,0.06494676350103376,0.042103385117751864,0.0,0.00228433783832819,9.950545813888311
572,654,0.06451746336928144,0.04189410099816314,0.0,0.002262336237111829,9.967390341684222
573,656,0.063996693871565,0.041989103169262784,0.0,0.002200759070230221,9.99146600626409
574,657,0.0632814858223125,0.042595304465998365,0.0,0.0020686181356314127,10.00819256901741
575,659,0.061952131836945895,0.041107430047878354,0.0,0.002084470178906754,10.032240280881524
576,661,0.06117685592422029,0.04068568631881519,0.0,0.0020491169605405105,10.056261548772454
577,663,0.06036829558466207,0.03962097353216357,0.0,0.0020747322052498502,10.080279225483537
578,664,0.059909879357588396,0.04032759881243548,0.0,0.001958228054515292,10.096972094848752
579,665,0.05943058726885757,0.040608420631476745,0.0,0.0018822166637380826,10.113735814578831
580,666,0.05891939713509124,0.03985802618024516,0.0,0.001906137095484609,10.130546665750444
581,668,0.05851011968580748,0.04018566093485907,0.0,0.001832445875094841,10.154692634008825
582,669,0.05806024491962054,0.04052462945260953,0.0,0.0017535615467011009,10.17135382257402
583,670,0.05776843616982433,0.04045908137566238,0.0,0.001730935479416195,10.188059146516025
584,672,0.057317602829743845,0.03995004281255482,0.0,0.0017367560017189025,10.212607652880251
585,674,0.0569971409515405,0.04002534470904625,0.0,0.0016971796242494248,10.236705193296075
586,676,0.05681732435915785,0.039825247392528663,0.0,0.0016992076966629189,10.261414946988225
587,677,0.0565343397378011,0.040181954257997796,0.0,0.0016352385479803306,10.278186922892928
588,679,0.0563249342039328,0.040789801551599,0.0,0.0015535132652333798,10.302452519536018
589,680,0.05597187042324064,0.040616678602126144,0.0,0.0015355191821114493,10.31962948385626
590,682,0.055650960818603906,0.040934058488948495,0.0,0.0014716902329655408,10.343805939890444
591,683,0.055275219308443486,0.04038148497417028,0.0,0.0014893734334273207,10.360709493048489
592,684,0.054835463262639696,0.03975036228306681,0.0,0.0015085100979572883,10.3774349167943
593,686,0.05457991592284413,0.04005725377432565,0.0,0.001452266214851847,10.401538382284343
594,688,0.05436254167063127,0.03990518818514007,0.0,0.00144573534854912,10.426338196732104
595,689,0.054103360911621164,0.040397046115479715,0.0,0.001370631479614145,10.443884193897247
596,691,0.0538620828686667,0.04034530433185517,0.0,0.0013516778536811537,10.468300439417362
597,692,0.053527824309841335,0.040074586557183316,0.0,0.0013453237752658017,10.485128805041313
598,693,0.05307434033288613,0.04056030995484773,0.0,0.0012514030378038402,10.50187219120562
599,695,0.05289080319835053,0.0405982740713857,0.0,0.0012292529126964827,10.526005930267274
600,697,0.052693328815801424,0.040717280911975344,0.0,0.0011976047903826082,10.551303732208908
601,698,0.05241885553818104,0.040728652042103505,0.0,0.0011690203496077536,10.56795572116971
602,699,0.052132884084154334,0.040682868004381076,0.0,0.001145001607977326,10.58474847767502
603,700,0.05206019243807396,0.040032282475794934,0.0,0.0012027909962279023,10.601433866657317
604,701,0.051937084452602554,0.040419483820613444,0.0,0.0011517600631989109,10.618226951919496
605,702,0.05183588416933711,0.04023508819201915,0.0,0.0011600795977317958,10.635301292873919
606,703,0.051758518686333965,0.040141122657138574,0.0,0.0011617396029195393,10.652177762240171
607,704,0.05168894246846724,0.040122737879161145,0.0,0.0011566204589306091,10.668895833194256
608,705,0.051600559422019555,0.040128952996909675,0.0,0.001147160642510988,10.686010398901999
609,706,0.051465078739081196,0.03993889291300163,0.0,0.0011526185826079565,10.70269975066185
610,707,0.051364821311863054,0.039912774584827594,0.0,0.001145204672703546,10.720376235432923
611,708,0.051275027083959576,0.039812134581921274,0.0,0.0011462892502038299,10.737017938867211
612,709,0.05114850338603819,0.039670821400048094,0.0,0.00114776819859901,10.754372065886855
613,711,0.05103866848204209,0.03971166779034752,0.0,0.0011327000691694568,10.77885483019054
614,713,0.050859075357812256,0.03926300913712146,0.0,0.0011596066220690795,10.803030163049698
615,714,0.05064980234261482,0.039079489365489155,0.0,0.0011570312977125664,10.82040733564645
616,715,0.05037619735225683,0.038532061887541366,0.0,0.0011844135464715467,10.837092214263976
617,716,0.049983363553692754,0.0380584553763401,0.0,0.0011924908177352652,10.853915132582188
618,718,0.04982448471319817,0.037670560378646176,0.0,0.0012153924334551997,10.878313917666674
619,719,0.049597309835971735,0.03761982393707503,0.0,0.0011977485898896705,10.8951130900532
620,720,0.04933937812616349,0.03768060511085508,0.0,0.0011658773015308412,10.9127276269719
621,721,0.04895524917133008,0.03701914844456569,0.0,0.0011936100726764385,10.929566279053688
622,722,0.04852039580810667,0.036895662878349236,0.0,0.001162473292975744,10.946367061696947
623,723,0.047959922804145495,0.035512923799646476,0.0,0.001244699900449902,10.963190466165543
624,725,0.04734329588889573,0.03571226884557396,0.0,0.0011631027043321766,10.987365924753249
625,726,0.04714053051372103,0.03491634525911799,0.0,0.0012224185254603038,11.004043466411531
626,727,0.04675376905013899,0.035132356271386736,0.0,0.0011621412778752252,11.020870436914265
627,728,0.046353661147955944,0.03475257119621018,0.0,0.0011601089951745764,11.03750791400671
628,729,0.04598995764183705,0.03439700600342089,0.0,0.001159295163841616,11.054197828285396
629,730,0.04547104901986039,0.033393966873766424,0.0,0.0012077082146093965,11.070886028930545
630,731,0.04432189627019969,0.03223837743246643,0.0,0.0012083518837733259,11.087666838429868
631,732,0.04373220102757387,0.031222574822366813,0.0,0.001250962620520706,11.104441084899008
632,734,0.04278418910077855,0.03059959687428166,0.0,0.0012184592226496891,11.128589366562665
633,736,0.04218706730514806,0.03009014424859648,0.0,0.0012096923056551581,11.152670349925756
634,737,0.041168327296382964,0.030172857919092157,0.0,0.0010995469377290804,11.169332167133689
635,739,0.040728320566972606,0.029349500464145053,0.0,0.001137882010282755,11.193846916779876
636,740,0.0400591098993803,0.029843240455752984,0.0,0.0010215869443627318,11.21064459066838
637,742,0.039674017405407325,0.0293619392413705,0.0,0.0010312078164036822,11.234623127616942
638,743,0.03856092759035558,0.02753772878550198,0.0,0.0011023198804853596,11.25137460976839
639,744,0.03802949877623667,0.02746903467832957,0.0,0.00105604640979071,11.268121833913028
640,746,0.037506169338101955,0.026757242814043295,0.0,0.0010748926524058663,11.2923201341182
641,748,0.037183873520401006,0.026130222912248834,0.0,0.0011053650608152169,11.316701840609312
642,749,0.03684012196290649,0.025999122235764675,0.0,0.0010840999727141814,11.333646751008928
643,750,0.03651416926814336,0.02563859574283732,0.0,0.001087557352530604,11.350561798550189
644,752,0.036292630907867995,0.025332186585204728,0.0,0.0010960444322663265,11.374748826026917
645,753,0.036133854348826155,0.025238282768750307,0.0,0.0010895571580075848,11.391657487489283
646,754,0.03587060034209139,0.024888169001087708,0.0,0.0010982431341003684,11.408379656262696
647,756,0.03577573597680962,0.02503888995877551,0.0,0.001073684601803411,11.432610061950982
648,757,0.03564290864449092,0.024876840934238635,0.0,0.0010766067710252284,11.449303207919002
649,758,0.035501288711084614,0.0249741365149651,0.0,0.0010527152196119513,11.465961212292314
650,759,0.035231095180415124,0.0242511328716547,0.0,0.0010979962308760422,11.482860404066741
651,760,0.03497865088022224,0.023802552924496487,0.0,0.0011176097955725756,11.499539011158049
652,761,0.03463585813197233,0.023184326608742832,0.0,0.0011451531523229495,11.517050764523447
653,762,0.03453583768355603,0.022302310398793063,0.0,0.0012233527284762971,11.533953034318984
654,763,0.034396228808109955,0.022600581010072413,0.0,0.001179564779803754,11.550817971117795
655,764,0.034305775062172875,0.022549351390480157,0.0,0.001175642367169272,11.567598726600409
656,765,0.03405135079331798,0.0222816765120689,0.0,0.0011769674281249083,11.584312400780618
657,766,0.033946009592055904,0.02260774612122519,0.0,0.0011338263470830712,11.60103514790535
658,767,0.03382368719893297,0.022352379423463326,0.0,0.0011471307775469649,11.617790082469583
659,768,0.0337271319416437,0.022259429797508577,0.0,0.0011467702144135126,11.634665261022747
660,769,0.033634059967091096,0.0222830978232362,0.0,0.0011350962143854893,11.651470609009266
661,770,0.033499353544841286,0.022278656749120315,0.0,0.0011220696795720972,11.66816597059369
662,771,0.03338846172913949,0.022336649927905,0.0,0.001105181180123449,11.684973889030516
663,772,0.03331601438735501,0.02218171261891722,0.0,0.0011134301768437789,11.701751293614507
664,773,0.03324254458415856,0.02215475997289837,0.0,0.0011087784611260192,11.718392920680344
665,774,0.03311437950369955,0.021882074455423842,0.0,0.0011232305048275706,11.735194995068014
666,775,0.03284598500271564,0.021409477858036145,0.0,0.0011436507144679492,11.751956867985427
667,776,0.03247974418215009,0.020781068273250745,0.0,0.0011698675908899349,11.768810593523085
668,778,0.03224457925226318,0.020364881302917495,0.0,0.0011879697949345683,11.793194455094635
669,779,0.03204412156297677,0.02040834423209957,0.0,0.0011635777330877204,11.810050727799535
670,780,0.031946289891961424,0.02000482027722272,0.0,0.0011941469614738707,11.826875014230609
671,781,0.03185386792955578,0.020049303810721585,0.0,0.0011804564118834198,11.843774640001357
672,782,0.031758653484143355,0.01981357129828022,0.0,0.0011945082185863135,11.861006624996662
673,783,0.03158279366588847,0.01927358358292856,0.0,0.0012309210082959905,11.877789821475744
674,784,0.03143004571368027,0.018234819009036694,0.0,0.001319522670464358,11.894697029143572
675,785,0.031152557781673678,0.018572967383562188,0.0,0.001257959039811149,11.911351869814098
676,787,0.031067232399632615,0.018317587648276172,0.0,0.0012749644751356443,11.935474654659629
677,788,0.03087936914231118,0.0180209853241169,0.0,0.001285838381819428,11.952300858683884
678,790,0.03073431478098206,0.017681589348400216,0.0,0.0013052725432581842,11.97639142908156
679,792,0.03058511458898815,0.01788602952810397,0.0,0.0012699085060884178,12.000308072194457
680,793,0.030465355363204723,0.017968225257971714,0.0,0.001249713010523301,12.017139625735581
681,795,0.03038205005111591,0.0176932233376089,0.0,0.0012688826713507012,12.041251820512116
682,797,0.030311743790856445,0.01779786119670545,0.0,0.0012513882594150994,12.065507471561432
683,798,0.030244125907125313,0.017763968867283392,0.0,0.001248015703984192,12.082316027022898
684,799,0.030170812656698808,0.017634096215400002,0.0,0.0012536716441298805,12.099102200940251
685,800,0.030130400093800174,0.017722667577724685,0.0,0.001240773251607549,12.11592335999012
686,801,0.03010442786357114,0.017657546905996187,0.0,0.0012446880957574953,12.13279583118856
687,802,0.030076583618574973,0.017559048115379457,0.0,0.0012517535503195518,12.149884895421565
688,803,0.03004673374644302,0.01766506379390224,0.0,0.0012381669952540781,12.166574255563319
689,804,0.02998423094679266,0.017665894294974907,0.0,0.0012318336651817752,12.1833063820377
690,805,0.029805744870376776,0.017539887513723987,0.0,0.0012265857356652788,12.199967089109123
691,806,0.02973792185816266,0.01785954175610378,0.0,0.0011878380102058879,12.216766742058098
692,807,0.02963477452037491,0.01760748507165978,0.0,0.0012027289448715128,12.233484267257154
693,808,0.02959527249121603,0.017565264782263883,0.0,0.0012030007708952145,12.250199418514967
694,809,0.029567653617677353,0.01760895580472962,0.0,0.0011958697812947732,12.26688835863024
695,810,0.029548402477394597,0.01767856657104049,0.0,0.001186983590635411,12.283829973079264
696,811,0.029528812917565088,0.017746654960862137,0.0,0.0011782157956702953,12.300494959577918
697,812,0.02950400864150147,0.017802961681120694,0.0,0.0011701046960380778,12.317290334030986
698,813,0.0294812877506781,0.017834440990585333,0.0,0.0011646846760092768,12.334490927867591
699,814,0.029447715860755508,0.017847522278860453,0.0,0.0011600193581895054,12.351338401436806
700,815,0.02940569178838113,0.01784176789761844,0.0,0.0011563923890762688,12.368364631198347
701,816,0.029366337359667948,0.017832281505560144,0.0,0.0011534055854107805,12.385165472514927
702,817,0.029325039293478412,0.017894346026117662,0.0,0.0011430693267360749,12.401822430081666
703,818,0.029280888349683877,0.017858282054491883,0.0,0.0011422606295191993,12.418641856871545
704,819,0.02922061894978645,0.017913317983678338,0.0,0.0011307300966108113,12.43546178471297
705,820,0.029104497949287027,0.01795434258114692,0.0,0.0011150155368140108,12.452569391578436
706,821,0.029014699147032218,0.018018409462423127,0.0,0.001099628968460909,12.469281838275492
707,822,0.028973593717953116,0.0178122279400004,0.0,0.0011161365777952715,12.4860770246014
708,823,0.02892036073756033,0.017885585024293955,0.0,0.0011034775713266378,12.502747374586761
709,824,0.028885754186323602,0.017889807580247077,0.0,0.0010995946606076527,12.519440433941782
710,825,0.02883170773202374,0.017855314339944986,0.0,0.0010976393392078754,12.53661415912211
711,826,0.02873276669624897,0.01788894918845608,0.0,0.0010843817507792894,12.55326297879219
712,827,0.02867723305460649,0.017848772596602874,0.0,0.0010828460458003615,12.569952042773366
713,829,0.028606001532018827,0.01797921446557761,0.0,0.0010626787066441215,12.594193862751126
714,830,0.02856713855329837,0.017914561791597616,0.0,0.0010652576761700757,12.610968046821654
715,831,0.028530243529918724,0.01793195203682953,0.0,0.0010598291493089194,12.627770658582449
716,832,0.028505702034992888,0.017922158910766272,0.0,0.0010583543124226616,12.644605156034231
717,833,0.02848670841503712,0.01790501591026545,0.0,0.0010581692504771669,12.661302210763097
718,834,0.028446512320533072,0.017840103287131166,0.0,0.0010606409033401907,12.678107122890651
719,835,0.02839262237293059,0.017843953335737614,0.0,0.0010548669037192975,12.694845829159021
720,836,0.028363072562346728,0.017970760741910317,0.0,0.0010392311820436413,12.711688188835979
721,838,0.02829366139193846,0.017797324563781015,0.0,0.0010496336828157444,12.7359200976789
722,839,0.02823413460113988,0.017776785586829907,0.0,0.001045734901430997,12.752707104198635
723,840,0.02817023628169045,0.017797730560157633,0.0,0.0010372505721532818,12.76935968361795
724,841,0.02812897032646104,0.01770772812824708,0.0,0.001042124219821396,12.786082060076296
725,842,0.028073254696039725,0.017585594541436076,0.0,0.0010487660154603648,12.802744776941836
726,843,0.028016470556274483,0.01743106287951976,0.0,0.0010585407676754724,12.819408074952662
727,844,0.027980634984556364,0.017263069791180575,0.0,0.001071756519337579,12.836708288639784
728,846,0.027966047996870344,0.017272563574941405,0.0,0.001069348442192894,12.860693320631981
729,847,0.027897105714682853,0.017131236182077642,0.0,0.001076586953260521,12.877344506792724
730,848,0.027829429463891647,0.017010283665367786,0.0,0.001081914579852386,12.894046064466238
731,849,0.027816068060684405,0.0170423696878952,0.0,0.0010773698372789204,12.911329830996692
732,850,0.027789987384333147,0.016968130819270566,0.0,0.001082185656506258,12.928117123432457
733,852,0.027779604235898085,0.01697224825007397,0.0,0.0010807355985824115,12.952630112878978
734,853,0.0277656137549634,0.016956373114510672,0.0,0.0010809240640452726,12.969316500239074
735,854,0.027753395603789442,0.016956897621699673,0.0,0.001079649798208977,12.98599939700216
736,855,0.02773850958897412,0.01693582021767325,0.0,0.0010802689371300868,13.002814270555973
737,856,0.02772502040120807,0.01690622914129539,0.0,0.001081879125991268,13.019522016867995
738,857,0.027714927866718322,0.016903438619358786,0.0,0.0010811489247359537,13.036082696169615
739,858,0.027700593326466863,0.01687111873430268,0.0,0.0010829474592164185,13.05283910408616
740,859,0.027682449919219487,0.016872024964146495,0.0,0.0010810424955072992,13.069456939585507
741,860,0.027656902717099054,0.016831973495652044,0.0,0.001082492922144701,13.086083631962538
742,861,0.027599857203408178,0.016819320761563897,0.0,0.001078053644184428,13.102856398560107
743,862,0.027564255696748356,0.016706394601793108,0.0,0.0010857861094955247,13.119489406235516
744,864,0.027504867474457934,0.016781001388103865,0.0,0.0010723866086354067,13.14346787147224
745,865,0.027470973511371864,0.016880045383989132,0.0,0.0010590928127382734,13.160173053853214
746,866,0.027403807681854374,0.01681470479316594,0.0,0.0010589102888688437,13.176775154657662
747,867,0.027357512132836177,0.016874688072453323,0.0,0.0010482824060382852,13.193480455316603
748,868,0.027285133499969916,0.01698596176040867,0.0,0.0010299171739561247,13.210260150022805
749,869,0.02723216303901159,0.017048791237644453,0.0,0.0010183371801367135,13.227139718830585
750,870,0.027188804349489025,0.017221793614911655,0.0,0.0009967010734577369,13.244316785596311
751,871,0.027141770822694904,0.017131750664197795,0.0,0.0010010020158497108,13.261069158092141
752,872,0.027116259863285745,0.017137962812423375,0.0,0.000997829705086237,13.277804464101791
753,873,0.027090207737604434,0.017114722316025458,0.0,0.0009975485421578974,13.294664712622762
754,874,0.027083682938188004,0.01712652937310033,0.0,0.0009957153565087673,13.311432789079845
755,875,0.0270518731687722,0.01701678276213793,0.0,0.0010035090406634274,13.328235942870378
756,877,0.0270296991402847,0.017045951467272412,0.0,0.0009983747673012289,13.352822948247194
757,878,0.02699890729290839,0.016995618614765624,0.0,0.0010003288678142766,13.369908335618675
758,879,0.026953649093538055,0.01695131332483286,0.0,0.0010002335768705193,13.386699524708092
759,880,0.026937552794225612,0.016879899570798947,0.0,0.0010057653223426665,13.40346459299326
760,881,0.026918077080521925,0.01692392889559094,0.0,0.0009994148184930985,13.420265812426805
761,882,0.02691066803992692,0.01691215099720588,0.0,0.0009998517042721041,13.436991912312806
762,883,0.02690760943064709,0.01692564437928842,0.0,0.000998196505135867,13.45391159504652
763,884,0.026904087069189467,0.01693128766168188,0.0,0.0009972799407507588,13.470619444735348
764,885,0.02689985367585037,0.01693869047220974,0.0,0.000996116320364063,13.487296399660408
765,886,0.02689620929713126,0.016930695018143753,0.0,0.000996551427898751,13.503927193582058
766,887,0.026893786446027114,0.01692856109108166,0.0,0.000996522535494545,13.52073342166841
767,888,0.02689212100583478,0.016918734979013084,0.0,0.0009973386026821695,13.537897420115769
768,889,0.026889246860542684,0.01691713361242323,0.0,0.0009972113248119452,13.554877022281289
769,890,0.02688423009363454,0.016902729950175888,0.0,0.0009981500143458654,13.571594428271055
770,891,0.026876364586535906,0.016895489778208247,0.0,0.000998087480832766,13.58829346485436
771,892,0.02686784964265207,0.016865594368375623,0.0,0.0010002255274276445,13.6049760049209
772,893,0.02686324436307775,0.01685748941550306,0.0,0.001000575494757469,13.62182613927871
773,894,0.026860253628403025,0.016835019619015713,0.0,0.0010025234009387312,13.638614728115499
774,895,0.026855539870066673,0.016819135925148818,0.0,0.0010036403944917855,13.655298042111099
775,896,0.026837500358793946,0.016780706158766028,0.0,0.001005679420002792,13.671951378695667
776,897,0.026813401066021817,0.016704159443929615,0.0,0.0010109241622092203,13.6888376949355
777,898,0.026778267817710408,0.01662596877278291,0.0,0.00101522990449275,13.70554597582668
778,900,0.02675626734155672,0.016472902627136604,0.0,0.0010283364714420114,13.729617988690734
779,901,0.026712899045978945,0.016360854847574408,0.0,0.0010352044198404537,13.746350915171206
780,903,0.02669707367582537,0.016362057909125045,0.0,0.0010335015766700325,13.770276916213334
781,904,0.026678004722723712,0.016285375342588136,0.0,0.0010392629380135577,13.786931344307959
782,905,0.026665732767291814,0.016302160218796838,0.0,0.0010363572548494977,13.803647299297154
783,906,0.026659554386829633,0.016138857249729178,0.0,0.0010520697137100454,13.820317239500582
784,907,0.026648265604990517,0.016234318717335775,0.0,0.001041394688765474,13.83722247928381
785,908,0.026643351745611728,0.016222587669760362,0.0,0.0010420764075851367,13.853890161029994
786,909,0.026635056380124367,0.016176892178778785,0.0,0.001045816420134558,13.870757351629436
787,910,0.026629585860941118,0.016167170579881415,0.0,0.0010462415281059703,13.887412927113473
788,911,0.026614139265760124,0.016104174491524625,0.0,0.0010509964774235497,13.904156967066228
789,913,0.026591247313311007,0.016075059728675144,0.0,0.0010516187584635862,13.928377740085125
790,914,0.026523476316314697,0.01615452622763663,0.0,0.0010368950088678066,13.945250095799565
791,915,0.02644666193632641,0.016304403386872803,0.0,0.0010142258549453607,13.962836109101772
792,916,0.026375605794871224,0.016413709026756755,0.0,0.000996189676811447,13.979622078128159
793,917,0.02630705310346778,0.016492127029080945,0.0,0.0009814926074386836,13.99645128287375
794,918,0.02619516141304639,0.0165982824037624,0.0,0.0009596879009283988,14.013131016865373
795,920,0.02614302234778826,0.016704089408094175,0.0,0.0009438932939694085,14.038077503442764
796,921,0.026101118812836173,0.017006514657640328,0.0,0.0009094604155195844,14.055207191035151
797,923,0.026041633246873894,0.016999059473535735,0.0,0.000904257377333816,14.07933218870312
798,924,0.025972056603631194,0.016896729482524377,0.0,0.0009075327121106818,14.096433656290174
799,926,0.025887744316418073,0.016825359568018235,0.0,0.0009062384748399839,14.120893417857587
800,927,0.025784868675819212,0.01671194870390047,0.0,0.0009072919971918743,14.137757634744048
801,929,0.025735717955636443,0.016886781742311688,0.0,0.0008848936213324754,14.162238718941808
802,930,0.02567011781369609,0.016854151862515366,0.0,0.0008815965951180723,14.179118390195072
803,931,0.025578840688878494,0.016832863174467954,0.0,0.0008745977514410539,14.195882799103856
804,933,0.025534066299784226,0.016831174785894795,0.0,0.0008702891513889434,14.219950661063194
805,934,0.025487736453218234,0.016951147305703802,0.0,0.0008536589147514432,14.236720958724618
806,935,0.02544760626021349,0.016796818193211577,0.0,0.0008650788067001914,14.253612865693867
807,937,0.0254140315693262,0.016899000718470433,0.0,0.0008515030850855767,14.277790047228336
808,938,0.025383048628373324,0.01700102286385289,0.0,0.0008382025764520433,14.294434409588575
809,939,0.025354659731835,0.017087150885366727,0.0,0.0008267508846468274,14.311707420274615
810,941,0.02533199755890042,0.017107710603278172,0.0,0.000822428695562225,14.336130443029106
811,942,0.025321958472741803,0.017034536237181406,0.0,0.0008287422235560396,14.353138324804604
812,943,0.025296651947333673,0.017135352090547402,0.0,0.0008161299856786271,14.369894337840378
813,944,0.025278054342096897,0.01722769284011808,0.0,0.0008050361501978819,14.386523567140102
814,945,0.025248984642043587,0.01730743460680509,0.0,0.0007941550035238497,14.403169239871204
815,946,0.02520325055114205,0.01749729289939769,0.0,0.0007705957651744359,14.419881067238748
816,947,0.025189737508314193,0.01753471222560798,0.0,0.0007655025282706214,14.436677673831582
817,949,0.025159737061185128,0.017613178086395707,0.0,0.000754655897478942,14.460849071852863
818,950,0.025148215315117597,0.017675853398939838,0.0,0.0007472361916177759,14.477653461508453
819,951,0.025125171773486315,0.01756689688455825,0.0,0.0007558274888928064,14.49436854198575
820,952,0.025114629013288974,0.017590454723280014,0.0,0.0007524174290008961,14.51109954714775
821,953,0.025095777065570195,0.017622751405575548,0.0,0.0007473025659994647,14.527985997498035
822,954,0.025073424342149337,0.01763986478774128,0.0,0.0007433559554408057,14.544879848137498
823,955,0.025054177280227467,0.01770270756385353,0.0,0.0007351469716373936,14.562071414664388
824,957,0.025039403047420427,0.017692839447175566,0.0,0.000734656360024486,14.5863121971488
825,958,0.025029981483463408,0.01774627252174695,0.0,0.0007283708961716457,14.60337375011295
826,959,0.02501252853628838,0.01781272752450371,0.0,0.000719980101178467,14.620106309652328
827,960,0.02499897895798521,0.017806538217401392,0.0,0.000719244074058382,14.636798243038356
828,961,0.024974842418526773,0.017772277852097285,0.0,0.0007202564566429488,14.653369226492941
829,962,0.024956467462675835,0.017732417271558613,0.0,0.0007224050191117223,14.670038626529276
830,963,0.024935831841662738,0.01765101159485626,0.0,0.0007284820246806477,14.68753121420741
831,964,0.024885897770893232,0.017269173939026185,0.0,0.0007616723831867047,14.704207744449377
832,965,0.024880092258438378,0.017252098181295767,0.0,0.0007627994077142611,14.720924087800086
833,966,0.024851557941277806,0.017179727778996283,0.0,0.0007671830162281522,14.737782198004425
834,967,0.024836077508027014,0.017163407754797168,0.0,0.0007672669753229844,14.75442861020565
835,968,0.02482333116601066,0.01710070679102417,0.0,0.0007722624374986489,14.771048872731626
836,969,0.024813007676944377,0.017038434864883552,0.0,0.0007774572812060826,14.787907402031124
837,970,0.024804570547096515,0.016988020966487022,0.0,0.0007816549580609493,14.804595303721726
838,971,0.024792958800937213,0.017002129997453794,0.0,0.0007790828803483419,14.821325981989503
839,972,0.02477782435881067,0.016957303034207834,0.0,0.0007820521324602835,14.83811173401773
840,973,0.024768558741426895,0.017141181084077542,0.0,0.0007627377657349352,14.854911741800606
841,974,0.02474977807812362,0.01703002956440371,0.0,0.0007719748513719911,14.872048723511398
842,975,0.02473593655738083,0.01692823596324704,0.0,0.000780770059413379,14.88882283680141
843,976,0.024713128725348272,0.01688612297710646,0.0,0.000782700574824181,14.905481219291687
844,977,0.024680674494854768,0.01687829098527392,0.0,0.000780238350958085,14.923092895187438
845,978,0.024643947353585667,0.017014457842750023,0.0,0.0007629489510835646,14.939927890896797
846,980,0.024624968357394836,0.01694715712916833,0.0,0.0007677811228226506,14.964388232678175
847,981,0.024596493083355625,0.016897494720297973,0.0,0.000769899836305765,14.98119291011244
848,982,0.024569948612000694,0.017088153817971068,0.0,0.0007481794794029627,14.997878671623766
849,983,0.024551615143623928,0.017060716981798806,0.0,0.0007490898161825122,15.01462221518159
850,984,0.024535023714978035,0.0169122696455032,0.0,0.0007622754069474835,15.031331009231508
851,985,0.024507992396133375,0.016909996886147968,0.0,0.000759799550998541,15.048229501582682
852,986,0.024492240214775186,0.016963214746356453,0.0,0.0007529025468418733,15.064945865422487
853,987,0.024482018507100974,0.016995890466731976,0.0,0.0007486128040368998,15.081703465431929
854,988,0.024474971428919974,0.016906699530604204,0.0,0.0007568271898315772,15.098493109457195
855,989,0.0244697750001139,0.01693685833865771,0.0,0.0007532916661456193,15.115145680494606
856,990,0.024464376843892077,0.016967482707889947,0.0,0.000749689413600213,15.131848759017885
857,991,0.024457371945198675,0.016994770566222617,0.0,0.000746260137897606,15.148963647894561
858,992,0.024451094919255865,0.01700232210871565,0.0,0.0007448772810540214,15.165613594464958
859,993,0.024446773593451453,0.01704465773444727,0.0,0.000740211585900418,15.182215183973312
860,994,0.024443263003447922,0.017044261425531837,0.0,0.0007399001577916087,15.198933681473136
861,995,0.024439278301344153,0.01704206496918908,0.0,0.0007397213332155074,15.215603387914598
862,996,0.02443016059778645,0.017040356136306133,0.0,0.0007389804461480317,15.232306834310293
863,997,0.024419394963608555,0.01701383111241071,0.0,0.0007405563851197844,15.249145718291402
864,998,0.02439853158678762,0.01693084605936885,0.0,0.0007467685527418771,15.266214015893638
865,999,0.024377558267582977,0.01689609324313941,0.0,0.0007481465024443568,15.283054640516639
866,1001,0.02436921122678222,0.016840176172640182,0.0,0.0007529035054142036,15.307076189666986
867,1002,0.024349186204950773,0.016761338703979906,0.0,0.0007587847500970867,15.323806669563055
868,1003,0.024331955412709935,0.016738104859180602,0.0,0.0007593850553529332,15.340643737465143
869,1004,0.024308857059083835,0.01666742907761809,0.0,0.0007641427981465745,15.35742352064699
870,1005,0.02428712918401926,0.016606854686845158,0.0,0.0007680274497174102,15.374497122131288
871,1006,0.024266021826157662,0.016335791565987006,0.0,0.0007930230260170654,15.391230090521276
872,1008,0.024241808393770745,0.016316756685539474,0.0,0.0007925051708231271,15.415380801074207
873,1009,0.024207065397075254,0.01629882173438801,0.0,0.0007908243662687246,15.43304690811783
874,1010,0.024172215613159763,0.016089809431442805,0.0,0.0008082406181716959,15.450374378822744
875,1011,0.02410241135175327,0.01584641624921562,0.0,0.0008255995102537652,15.467143485322595
876,1013,0.0240398694754944,0.015904267261992806,0.0,0.0008135602213501595,15.49135210365057
877,1014,0.02392874244013691,0.015814567792903887,0.0,0.0008114174647233024,15.508427150547504
878,1016,0.023863657794011322,0.015622319238152556,0.0,0.0008241338555858766,15.532722099684179
879,1017,0.02376150075661447,0.015580082755165965,0.0,0.0008181418001448504,15.549754178151488
880,1018,0.023697406804789996,0.015481250347752523,0.0,0.000821615645703747,15.567569369450212
881,1019,0.023659843257271367,0.015502298810292577,0.0,0.0008157544446978789,15.584254034794867
882,1020,0.023591279060211204,0.015310174037018887,0.0,0.0008281105023192316,15.60094512347132
883,1022,0.023552516732919422,0.015352590160467439,0.0,0.0008199926572451982,15.62507241871208
884,1023,0.023516875786819928,0.015235675131960672,0.0,0.0008281200654859256,15.641825772821903
885,1025,0.023479277982218695,0.015220881671692551,0.0,0.0008258396310526143,15.665944444946945
886,1026,0.02340905694825929,0.015074487595708732,0.0,0.000833456935255056,15.68272324372083
887,1027,0.02336596711422397,0.014993427002887362,0.0,0.0008372540111336607,15.69941093120724
888,1028,0.023314542292511592,0.01476171836136793,0.0,0.0008552823931143663,15.716211628168821
889,1030,0.023295335049872745,0.014742152234858821,0.0,0.0008553182815013924,15.740351347252727
890,1031,0.023266268174128767,0.01457432000058864,0.0,0.0008691948173540128,15.75797972176224
891,1032,0.023242835076380072,0.014521790280376135,0.0,0.0008721044796003935,15.774778637103736
892,1033,0.02321589420023337,0.014580856091876229,0.0,0.0008635038108357141,15.791552945040166
893,1035,0.023198952865939256,0.014539393059176384,0.0,0.0008659559806762872,15.815561628900468
894,1036,0.023190012591287994,0.01453609774057824,0.0,0.0008653914850709754,15.832315396517515
895,1037,0.023170499077794664,0.014536075604757163,0.0,0.0008634423473037499,15.849445046857
896,1038,0.02316353178616793,0.01446535386231269,0.0,0.0008698177923855241,15.866146860644221
897,1039,0.023145582987169545,0.014534591995740918,0.0,0.0008610990991428625,15.882806122303009
898,1040,0.023128716473482153,0.01453416646683693,0.0,0.0008594550006645223,15.899606916122139
899,1041,0.023109446586470198,0.014531252017904011,0.0,0.0008578194568566188,15.916329614818096
900,1042,0.023096478194472015,0.014480185137775313,0.0,0.0008616293056696702,15.933143122121692
901,1043,0.023089260369720546,0.014470590340549958,0.0,0.000861867002917059,15.95049198064953
902,1044,0.023083577009627536,0.01440932650817522,0.0,0.0008674250501452316,15.967206130735576
903,1045,0.023077365408021938,0.01443666901846218,0.0,0.0008640696389559759,15.98384163249284
904,1046,0.023072877233532837,0.014429118321572254,0.0,0.0008643758911960583,16.000428133644164
905,1047,0.023062934082021713,0.014409028859836982,0.0,0.0008653905222184731,16.01774915959686
906,1048,0.023056636493140666,0.0143779989363379,0.0,0.0008678637556802764,16.034407507628202
907,1049,0.023048048017261097,0.014391593513229476,0.0,0.0008656454504031622,16.051097937859595
908,1050,0.02303108457353905,0.014376000874513654,0.0,0.0008655083699025394,16.06791139859706
909,1051,0.023020773845350444,0.014484044284211307,0.0,0.0008536729561139135,16.08461524825543
910,1052,0.023003727926172328,0.014390123946771412,0.0,0.0008613603979400914,16.10127306729555
911,1053,0.02299291960826858,0.014331553195947463,0.0,0.0008661366412321115,16.118883878923953
912,1054,0.022976121497072628,0.014261359421879638,0.0,0.0008714762075192988,16.135697077959776
913,1056,0.02296065535394591,0.014154351245124042,0.0,0.0008806304108821869,16.159801644273102
914,1057,0.022936529540497845,0.014118004906051805,0.0,0.000881852463444604,16.176515663042665
915,1058,0.022904585127340102,0.014034653612200567,0.0,0.0008869931515139533,16.193293665535748
916,1059,0.022859571012706505,0.013989234463441878,0.0,0.0008870336549264624,16.209979292936623
917,1062,0.022842743020930895,0.013877593900932933,0.0,0.0008965149119997964,16.241994976997375
918,1063,0.022834825833641062,0.013782441453339834,0.0,0.0009052384380301226,16.258731222711504
919,1064,0.022787176716399075,0.013746371376151069,0.0,0.0009040805340248005,16.275427422486246
920,1065,0.022785193193830214,0.013850349122600386,0.0,0.0008934844071229828,16.292145555838943
921,1066,0.02274601838573201,0.013611604757548705,0.0,0.0009134413628183304,16.30890756007284
922,1067,0.02271730230484617,0.013665621779911924,0.0,0.0009051680524934246,16.325754168443382
923,1068,0.022687897194930938,0.013620004676725568,0.0,0.0009067892518205368,16.342691203579307
924,1070,0.02265161249612,0.013449056712114965,0.0,0.0009202555784005037,16.366976064629853
925,1071,0.02260953326148007,0.013402270660458845,0.0,0.0009207262601021227,16.383758512325585
926,1072,0.022592240214310215,0.013220731456445062,0.0,0.0009371508757865154,16.40048620570451
927,1073,0.02256641179924887,0.013265072038258777,0.0,0.0009301339760990094,16.417157840915024
928,1074,0.02250693798050079,0.01323645802878244,0.0,0.000927047995171835,16.433761848136783
929,1076,0.02245096333138398,0.013079102969309126,0.0,0.0009371860362074853,16.457976676523685
930,1077,0.022411331656657277,0.013036306392307281,0.0,0.0009375025264349996,16.474796961061656
931,1079,0.022385124801869022,0.012927556734391447,0.0,0.0009457568067477576,16.498997639864683
932,1080,0.02236309206710852,0.012910261900261288,0.0,0.0009452830166847232,16.516049928031862
933,1081,0.02233600922368062,0.012933937286068536,0.0,0.0009402071937612086,16.532931798137724
934,1082,0.022315702420362942,0.012880884107605167,0.0,0.0009434818312757776,16.5497237611562
935,1083,0.022298354019384688,0.012905834421881741,0.0,0.0009392519597502944,16.566404931247234
936,1084,0.022277648906809857,0.012909468474770213,0.0,0.0009368180432039645,16.583061502315104
937,1085,0.022239554961572865,0.012930521537037202,0.0,0.0009309033424535664,16.599903403781354
938,1086,0.02220148358312346,0.012976932614528836,0.0,0.0009224550968594623,16.61660833377391
939,1088,0.022162829920994824,0.012930518655326009,0.0,0.0009232311265668816,16.64063019026071
940,1089,0.022078548608370843,0.012966070402947439,0.0,0.0009112478205423406,16.657441220246255
941,1090,0.02203628762389375,0.013033264579995828,0.0,0.0009003023043897923,16.674162352457643
942,1092,0.02199268186367133,0.013058501988241638,0.0,0.0008934179875429691,16.698260875418782
943,1093,0.021965530645108776,0.01306787356372166,0.0,0.0008897657081387116,16.715015875175595
944,1094,0.02191895703189093,0.01310329558456722,0.0,0.000881566144732371,16.731780087575316
945,1095,0.021883116008996357,0.013162024109504912,0.0,0.0008721091899491446,16.748694735579193
946,1096,0.021844035944493113,0.013241748642369744,0.0,0.0008602287302123368,16.76534796692431
947,1097,0.02177692071326535,0.013312556607508179,0.0,0.0008464364105757173,16.782082678750157
948,1098,0.021717548740790335,0.01339490190580137,0.0,0.0008322646834988967,16.798706494271755
949,1099,0.021620832168848927,0.013670261093590588,0.0,0.0007950571075258339,16.815372527576983
950,1100,0.02154861548055094,0.013531833932948933,0.0,0.0008016781547602004,16.83203742466867
951,1101,0.021493586859397083,0.013664713350954162,0.0,0.0007828873508442919,16.848883520811796
952,1102,0.02147372545736595,0.013630591449171002,0.0,0.000784313400819495,16.86557451542467
953,1104,0.02140146390195498,0.013734873232737844,0.0,0.0007666590669217134,16.890918772667646
954,1105,0.021339140319022013,0.013664021085972892,0.0,0.0007675119233049121,16.907733540982008
955,1106,0.021243602449583593,0.013606939214352647,0.0,0.0007636663235230945,16.924811709672213
956,1107,0.021143940296115816,0.013648359701350333,0.0,0.0007495580594765482,16.941635267809033
957,1108,0.02101019654204514,0.01372279253206307,0.0,0.0007287404009982069,16.95838009286672
958,1110,0.02095115222632641,0.013699919423165412,0.0,0.0007251232803160996,16.982465489767492
959,1112,0.020894147469731436,0.013746822378076127,0.0,0.0007147325091655307,17.006461934186518
960,1114,0.020844047041741743,0.01368292699109784,0.0,0.0007161120050643902,17.030639898963273
961,1115,0.0207610607533636,0.01365457091464677,0.0,0.0007106489838716828,17.047410580329597
962,1116,0.02067249913842102,0.013641737898553698,0.0,0.0007030761239867324,17.064077836461365
963,1118,0.020630669742968986,0.013620709091141011,0.0,0.0007009960651827975,17.088245280086994
964,1119,0.02056025051959525,0.013613492479853193,0.0,0.0006946758039742056,17.105084279552102
965,1120,0.020537171912256517,0.013563438262160213,0.0,0.0006973733650096305,17.121833816170692
966,1121,0.020523903721807277,0.013618390567793992,0.0,0.0006905513154013285,17.138777742162347
967,1122,0.020471931688905307,0.013571625347599918,0.0,0.0006900306341305389,17.155526515096426
968,1123,0.020445628248783085,0.01355476726374321,0.0,0.0006890860985039876,17.172178589738905
969,1124,0.02042200299230436,0.013577595816761625,0.0,0.0006844407175542732,17.18888313509524
970,1125,0.020407289772225397,0.013607845254008863,0.0,0.0006799444518216533,17.206507456488907
971,1126,0.02039763331987822,0.013626615436914789,0.0,0.000677101788296343,17.223201658576727
972,1127,0.0203787042465887,0.013696151130491493,0.0,0.0006682553116097204,17.240493250079453
973,1128,0.02035550707265112,0.013799727025648127,0.0,0.0006555780047002993,17.257248679175973
974,1129,0.02033867649307467,0.013852788098394634,0.0,0.0006485888394680036,17.274026626721025
975,1130,0.02032695509400194,0.013869615044688423,0.0,0.0006457340049313516,17.290850170888007
976,1131,0.02031484958096746,0.013874494590430405,0.0,0.0006440354990537055,17.30779294669628
977,1132,0.020305329954176006,0.013862760784924459,0.0,0.0006442569169251549,17.32460319623351
978,1133,0.020294406282325178,0.01384499369483145,0.0,0.000644941258749373,17.341278800740838
979,1134,0.020266125118746633,0.013842644009776596,0.0,0.0006423481108970039,17.358038576319814
980,1135,0.02021963781491872,0.013805702942786888,0.0,0.0006413934872131833,17.37482920475304
981,1136,0.02017685359535966,0.013765322989831774,0.0,0.0006411530605527887,17.391562001779675
982,1137,0.02013350721016618,0.01373599040500272,0.0,0.0006397516805163461,17.408196473494172
983,1138,0.020105843669970928,0.013816716199122822,0.0,0.0006289127470848105,17.425244345329702
984,1140,0.020083828113792373,0.01376712682591823,0.0,0.0006316701287874142,17.449350158683956
985,1141,0.020063537716248133,0.013762338445705537,0.0,0.0006301199270542596,17.466034692712128
986,1142,0.020044869103838535,0.013794898001185696,0.0,0.0006249971102652841,17.48276309017092
987,1143,0.02002998126923056,0.013809620078449719,0.0,0.0006220361190780842,17.49948322866112
988,1144,0.020012366665333837,0.013813851704572945,0.0,0.0006198514960760892,17.516246198676527
989,1145,0.020000769403922654,0.013820870323253763,0.0,0.000617989908066889,17.53310307394713
990,1146,0.01998831621448281,0.013823055660158816,0.0,0.0006165260554323994,17.55017532221973
991,1147,0.019980234014029857,0.013783468994076805,0.0,0.0006196765019953051,17.566981435753405
992,1148,0.019973419317234536,0.013793771995013443,0.0,0.0006179647322221093,17.583613155409694
993,1149,0.01996328906617584,0.013821695811441461,0.0,0.0006141593254734381,17.600317621603608
994,1150,0.01995282798513021,0.01384778397556512,0.0,0.000610504400956509,17.617001244798303
995,1151,0.019935815360627433,0.013891017098754748,0.0,0.0006044798261872683,17.633795685134828
996,1153,0.019924340127349484,0.013932433980658668,0.0,0.0005991906146690817,17.657977073453367
997,1154,0.01989497267249871,0.01396307896780896,0.0,0.000593189370468975,17.674636662006378
998,1155,0.019877564658244414,0.0140513445477098,0.0,0.0005826220110534615,17.69137394428253
999,1156,0.019849432399504693,0.013984416523001206,0.0,0.0005865015876503486,17.708080679178238
1000,1158,0.019841377846591172,0.013984636441736984,0.0,0.0005856741404854189,17.732771541923285
1001,1159,0.019831908971820265,0.014026164966140824,0.0,0.0005805744005679443,17.75230729021132
1002,1160,0.019820313680398823,0.014014184963449045,0.0,0.0005806128716949777,17.769038589671254
1003,1161,0.019810314502444686,0.013998136574543641,0.0,0.0005812177927901045,17.78571054060012
1004,1162,0.019795853219496576,0.014035308886842878,0.0,0.0005760544332653697,17.802876544184983
1005,1163,0.019792493719489154,0.014096672768575683,0.0,0.0005695820950913471,17.819470547139645
1006,1165,0.01978547772158621,0.014112673684764158,0.0,0.0005672804036822054,17.844748754054308
1007,1166,0.01977617805677328,0.014106765472626775,0.0,0.0005669412584146503,17.862178646028042
1008,1167,0.019765401985607993,0.014091200360939906,0.0,0.0005674201624668087,17.878962893038988
1009,1168,0.019742030851610273,0.014140388268358436,0.0,0.0005601642583251837,17.896183653734624
1010,1170,0.019734202902617216,0.014132140560596463,0.0,0.0005602062342020753,17.920676158741117
1011,1171,0.01971283969404972,0.01419119738023306,0.0,0.0005521642313816661,17.938161307014525
1012,1173,0.019703282277338505,0.014239251933246662,0.0,0.0005464030344091843,17.962659284472466
1013,1174,0.01968630445303824,0.014218807800711287,0.0,0.0005467496652326956,17.97938784956932
1014,1175,0.019679019577359215,0.014224483904370484,0.0,0.0005454535672988731,17.996241536922753
1015,1176,0.01967343239758728,0.0142070710946779,0.0,0.0005466361302909381,18.012955124489963
1016,1177,0.01966444287487773,0.014131325483969483,0.0,0.0005533117390908248,18.029800141230226
1017,1178,0.019658132026411347,0.014143647742181843,0.0,0.0005514484284229503,18.046629053540528
1018,1179,0.019653454814274485,0.01414860666241392,0.0,0.0005504848151860566,18.063328677788377
1019,1180,0.019646960359669785,0.014137454300658412,0.0,0.0005509506059011371,18.07999313529581
1020,1181,0.019638727745136017,0.014112489658414051,0.0,0.0005526238086721966,18.096862965263426
1021,1182,0.019630266530759947,0.014066952586143173,0.0,0.0005563313944616775,18.1144215548411
1022,1183,0.01961305180935339,0.014093157874623417,0.0,0.0005519893934729973,18.131239738315344
1023,1184,0.019601646134505678,0.014068769003003783,0.0,0.0005532877131501893,18.148103470914066
1024,1185,0.01959243108657095,0.014093251977953889,0.0,0.000549917910861706,18.16508887987584
1025,1186,0.01958713183264078,0.014084222184730308,0.0,0.0005502909647910472,18.181837296113372
1026,1187,0.019582270740038734,0.014093150153107567,0.0,0.0005489120586931167,18.199099209159613
1027,1188,0.019575797071015248,0.01408226259684036,0.0,0.000549353447417489,18.2159266686067
1028,1189,0.019571563353328325,0.014082146959401989,0.0,0.0005489416393926337,18.232636891305447
1029,1190,0.019567189927488928,0.014073634491958937,0.0,0.0005493555435529991,18.249422664754093
1030,1191,0.019563787982764213,0.014069628394453776,0.0,0.0005494159588310437,18.26610459666699
1031,1192,0.01955626140689891,0.01408948478666515,0.0,0.0005466776620233758,18.283309012651443
1032,1193,0.01954853527123876,0.014088352136691351,0.0,0.0005460183134547408,18.300021595321596
1033,1194,0.01953817799713159,0.01410039362598697,0.0,0.000543778437114462,18.316799035295844
1034,1196,0.01953099818494072,0.014120073987946971,0.0,0.0005410924196993748,18.341274578124285
1035,1197,0.019525586008374257,0.014108223926063437,0.0,0.0005417362082310818,18.358171766623855
1036,1198,0.019514951663277044,0.014095770253988109,0.0,0.0005419181409288934,18.375032062642276
1037,1199,0.019500662998202523,0.014047842944404185,0.0,0.0005452820053798339,18.391776693984866
1038,1200,0.019489788077599657,0.014022113903270303,0.0,0.0005467674174329355,18.409266795031726
1039,1201,0.019486462121430244,0.014031157300310394,0.0,0.000545530482111985,18.425967374816537
1040,1203,0.019482061679126046,0.014015118141538697,0.0,0.0005466943537587349,18.450169750489295
1041,1204,0.019480045024076947,0.0140236886781203,0.0,0.0005456356345956646,18.46694698370993
1042,1205,0.019479061328656785,0.014038864257864265,0.0,0.0005440197070792521,18.483581862412393
1043,1206,0.01947721814345875,0.014037531015038998,0.0,0.000543968712841975,18.50032878294587
1044,1207,0.019470146811276977,0.014033750490272357,0.0,0.000543639632100462,18.517443460412323
1045,1208,0.019456611694831916,0.014021997036536022,0.0,0.0005434614658295895,18.534149029292166
1046,1210,0.019437789155676146,0.014014713344743896,0.0,0.0005423075810932249,18.558310330845416
1047,1211,0.019414563319861765,0.013964535274128389,0.0,0.0005450028045733377,18.575580411590636
1048,1212,0.01937985533212615,0.013903896448655481,0.0,0.0005475958883470669,18.592691905796528
1049,1214,0.01935995318259502,0.013828311415374476,0.0,0.0005531641767220545,18.617102622054517
1050,1215,0.019329631459781338,0.013814595759261234,0.0,0.0005515035700520104,18.633949710056186
1051,1216,0.019307923559771303,0.01382154566899371,0.0,0.0005486377890777594,18.650655260309577
1052,1217,0.01929080371705641,0.013852270083655062,0.0,0.0005438533633401346,18.667364669032395
1053,1219,0.019274603917744514,0.013810203862182463,0.0,0.000546440005556205,18.691390838474035
1054,1220,0.019257287789140487,0.01378315785007776,0.0,0.0005474129939062724,18.708025597967207
1055,1221,0.01924080954434421,0.013763758417693476,0.0,0.0005477051126650732,18.724797998555005
1056,1223,0.019229021582107216,0.013769728093027083,0.0,0.0005459293489080133,18.749000924639404
1057,1224,0.019205923060508886,0.013791173813289315,0.0,0.000541474924721957,18.76572258770466
1058,1225,0.019192716128414142,0.013747422168672602,0.0,0.000544529395974154,18.78232080489397
1059,1226,0.019184219608882804,0.013786847347986703,0.0,0.0005397372260896101,18.799026903696358
1060,1227,0.019174982850382473,0.013774146263055944,0.0,0.0005400836587326526,18.815780370496213
1061,1229,0.019170395320843435,0.013774528431687534,0.0,0.0005395866889155899,18.83980856370181
1062,1230,0.019162724106227824,0.013761722311364966,0.0,0.000540100179486286,18.856536021456122
1063,1231,0.01915819190832685,0.013761217280694318,0.0,0.0005396974627632533,18.874244674108922
1064,1232,0.019152809121247075,0.013765311862815995,0.0,0.000538749725843108,18.8909705132246
1065,1233,0.01915050559741578,0.01378385778627141,0.0,0.0005366647811144373,18.908502887003124
1066,1234,0.019147978616862103,0.013777688254815084,0.0,0.0005370290362047018,18.925265579484403
1067,1235,0.019145200339590652,0.013793853515821674,0.0,0.0005351346823768978,18.942196551710367
1068,1236,0.019142130651397273,0.013804170089849204,0.0,0.000533796056154807,18.959417670033872
1069,1237,0.019137561204307936,0.013797656045243554,0.0,0.0005339905159064382,18.9761095745489
1070,1238,0.019131140712993884,0.013777444475963789,0.0,0.0005353696237030093,18.992976989597082
1071,1239,0.01912334221779962,0.013758372136848768,0.0,0.0005364970080950852,19.0096913324669
1072,1240,0.019114928808710227,0.013734987679497228,0.0,0.0005379941129213,19.02639338374138
1073,1241,0.01911042261178869,0.01366914354207849,0.0,0.0005441279069710202,19.04308633506298
1074,1242,0.01910306260517551,0.013693262488724931,0.0,0.0005409800116450579,19.059917788021266
1075,1243,0.019100603159258985,0.013691216808038486,0.0,0.0005409386351220498,19.077035216614604
1076,1244,0.019097751567593392,0.013688367304699994,0.0,0.0005409384262893396,19.093813349492848
1077,1245,0.01909429553395911,0.013666375176763744,0.0,0.0005427920357195365,19.11052601132542
1078,1246,0.019088421888900704,0.013658449359227613,0.0,0.0005429972529673091,19.12726295925677
1079,1247,0.019068297163488068,0.013568139550016723,0.0,0.0005500157613471345,19.144027661532164
1080,1249,0.01905585249803026,0.013606119359124943,0.0,0.0005449733138905319,19.168163254857063
1081,1250,0.019032054737072156,0.013565704064995073,0.0,0.0005466350672077084,19.184743233956397
1082,1252,0.018992846348750606,0.013400099471114278,0.0,0.000559274687763633,19.20898120570928
1083,1253,0.018946873988428828,0.01331705036817604,0.0,0.0005629823620252787,19.225766111165285
1084,1254,0.018927971582994613,0.01331259893204355,0.0,0.0005615372650951064,19.242453179322183
1085,1256,0.01891955916477241,0.013240375429802543,0.0,0.0005679183734969867,19.266425063833594
1086,1257,0.018902249164190046,0.013187510982243343,0.0,0.0005714738181946705,19.283202747814357
1087,1259,0.018894991495818428,0.013138897042586677,0.0,0.0005756094453231749,19.30769896414131
1088,1260,0.018875868372820067,0.013119997930536522,0.0,0.0005755870442283545,19.324494742788374
1089,1261,0.01886038009229602,0.013091528875798742,0.0,0.0005768851216497279,19.34130552317947
1090,1262,0.018853340300656107,0.012997589865501922,0.0,0.0005855750435154184,19.358049934729934
1091,1264,0.018842271189435298,0.01303315513775984,0.0,0.0005809116051675459,19.382263029925525
1092,1266,0.01883801708479574,0.013037224125747373,0.0,0.0005800792959048366,19.40637983661145
1093,1267,0.018832317161254112,0.013000073280600388,0.0,0.0005832243880653724,19.42315036151558
1094,1268,0.018827382115244297,0.01297102597715277,0.0,0.0005856356138091525,19.439871998503804
1095,1269,0.018824769272787683,0.012964346158667423,0.0,0.0005860423114120261,19.456657662056386
1096,1270,0.018817881923304084,0.012965395662543313,0.0,0.0005852486260760771,19.47335047274828
1097,1271,0.018811020084350788,0.012916741763084856,0.0,0.0005894278321265933,19.4901439268142
1098,1272,0.018800038761807213,0.012882589415034654,0.0,0.0005917449346772557,19.50680333096534
1099,1273,0.01878093260598116,0.01282643391485466,0.0,0.00059544986911265,19.523427391424775
1100,1274,0.018755204509812787,0.012795455842358309,0.0,0.000595974866745448,19.540071847848594
1101,1277,0.018742765590555512,0.012729623402804233,0.0,0.0006013142187751279,19.571782405488193
1102,1278,0.01872033009510666,0.012616638919912283,0.0,0.0006103691175194375,19.588441730476916
1103,1279,0.018689696489396338,0.012679729064499882,0.0,0.0006009967424896455,19.605166170746088
1104,1281,0.018664873467194296,0.012691368209666104,0.0,0.0005973505257528191,19.629315759055316
1105,1283,0.01864543620172735,0.01264517634330282,0.0,0.0006000259858424532,19.65372392628342
1106,1285,0.018627797986925144,0.012624593863575891,0.0,0.0006003204123349253,19.677749377675354
1107,1286,0.018611615343309615,0.012631134684114396,0.0,0.0005980480659195221,19.694491524249315
1108,1287,0.018600002178947996,0.012689799657644394,0.0,0.0005910202521303604,19.71114514488727
1109,1288,0.018594714842658518,0.01267334320811655,0.0,0.0005921371634541968,19.727866472676396
1110,1289,0.018591451037212284,0.012681324000564606,0.0,0.0005910127036647676,19.745225748047233
1111,1290,0.01859003110254533,0.01268386683889847,0.0,0.000590616426364686,19.761987736448646
1112,1291,0.018587259354168266,0.01268701246133398,0.0,0.0005900246892834285,19.778801389969885
1113,1292,0.018585972718607978,0.012684440047197659,0.0,0.0005901532671410317,19.795628839172423
1114,1293,0.018583090979719497,0.012681048886349041,0.0,0.0005902042093370457,19.8128918716684
1115,1295,0.018582515483935035,0.01268200784807972,0.0,0.0005900507635855315,19.837235491722822
1116,1296,0.01858079445477721,0.012674638128859963,0.0,0.0005906156325917247,19.85434273444116
1117,1297,0.018577606575234523,0.012660597014373907,0.0,0.0005917009560860618,19.8710882877931
1118,1298,0.01857241022247525,0.012635777553133897,0.0,0.0005936632669341353,19.887850305996835
1119,1299,0.01856486717162982,0.012589770040142128,0.0,0.0005975097131487692,19.904721373692155
1120,1300,0.018559264513402538,0.012552671442572038,0.0,0.0006006593070830501,19.9214970394969
1121,1302,0.018556846314106736,0.012527770385296505,0.0,0.000602907592881023,19.945561313070357
1122,1303,0.018553304281045832,0.012527444583142174,0.0,0.000602585969790366,19.962289724498987
1123,1304,0.018548903301218854,0.012521051090194414,0.0,0.0006027852211024439,19.979039083234966
1124,1305,0.01854381778611435,0.012499576328231232,0.0,0.0006044241457883119,19.995876449160278
1125,1306,0.018535782010401534,0.01245420828088905,0.0,0.0006081573729512486,20.012596046552062
1126,1307,0.018530406601409123,0.012479781131361332,0.0,0.000605062547004779,20.029825433157384
1127,1308,0.018525045521343722,0.012409372572597879,0.0,0.0006115672948745841,20.046607899479568
1128,1309,0.018518794083172266,0.012416397095903918,0.0,0.0006102396987268347,20.063375087454915
1129,1310,0.018513463713995294,0.01241697853865293,0.0,0.0006096485175342362,20.080436737276614
1130,1311,0.018503876208547827,0.012369439795980253,0.0,0.0006134436412567574,20.09722446743399
1131,1312,0.018496065195953686,0.012319829971809604,0.0,0.0006176235224144082,20.113855791278183
1132,1313,0.01849024581589727,0.012316525634992165,0.0,0.0006173720180905104,20.130582752637565
1133,1314,0.018487510010201838,0.0123403203816834,0.0,0.0006147189628518436,20.147319672629237
1134,1316,0.01848648823186761,0.012324310243152909,0.0,0.0006162177988714702,20.17136655189097
1135,1317,0.01848555919537162,0.012311148399458263,0.0,0.000617441079591336,20.18803573027253
1136,1318,0.018484887996298025,0.012312309953962092,0.0,0.0006172578042335934,20.204848897643387
1137,1319,0.01848397768654801,0.012317570105539589,0.0,0.0006166407581008422,20.22153057064861
1138,1320,0.018482496142276435,0.012323479132119008,0.0,0.0006159017010157425,20.238235713914037
1139,1321,0.018480052699284308,0.012339219778322643,0.0,0.0006140832920961663,20.255755508318543
1140,1322,0.018476555243924116,0.01236673205339239,0.0,0.0006109823190531728,20.272408560849726
1141,1323,0.018473964273626055,0.012386143713898751,0.0,0.0006087820559727303,20.289205881766975
1142,1324,0.018471982143850294,0.012420279363584884,0.0,0.000605170278026541,20.306010158732533
1143,1325,0.01847135798159423,0.012422329628183302,0.0,0.0006049028353410928,20.322822362184525
1144,1326,0.018470801668606217,0.012428202689723587,0.0,0.0006042598978882632,20.339534980244935
1145,1327,0.018470171799199568,0.012435629763996679,0.0,0.0006034542035202889,20.356329835020006
1146,1328,0.018469357474588496,0.012440584013774833,0.0,0.0006028773460813662,20.37296088412404
1147,1329,0.018467788359177374,0.012445797208230809,0.0,0.0006021991150946563,20.389756969176233
1148,1331,0.01846720994797636,0.012442492273025916,0.0,0.0006024717674950442,20.414124431088567
1149,1332,0.01846492752325734,0.012434552654236274,0.0,0.0006030374869021064,20.431224695406854
1150,1333,0.018462696177181846,0.012436835672739103,0.0,0.0006025860504442744,20.44799834303558
1151,1334,0.018460457766598774,0.012413656386169918,0.0,0.0006046801380428855,20.4647623822093
1152,1335,0.018457924999388954,0.012408109905931509,0.0,0.0006049815093457443,20.48184483870864
1153,1336,0.018455854099382687,0.012397491151006553,0.0,0.0006058362948376133,20.498611628077924
1154,1337,0.01845175045360469,0.012390833904195481,0.0,0.0006060916549409212,20.515297618694603
1155,1338,0.01844877140880504,0.012393552913411847,0.0,0.0006055218495393193,20.53201945964247
1156,1339,0.01844527648401076,0.01242397477647694,0.0,0.0006021301707533818,20.548809085041285
1157,1340,0.01844095042760041,0.012412731277399315,0.0,0.0006028219150201095,20.565642344765365
1158,1341,0.018435365457296543,0.01242044988185915,0.0,0.0006014915575437394,20.583191504701972
1159,1342,0.018426874564119747,0.01240343306204943,0.0,0.0006023441502070317,20.599974965676665
1160,1343,0.01841612256980138,0.012426588573254979,0.0,0.0005989533996546399,20.616723716259003
1161,1345,0.018406038237175446,0.012422312057316849,0.0,0.0005983726179858595,20.64065791387111
1162,1347,0.018387986116802806,0.012438784464863843,0.0,0.0005949201651938961,20.66468335688114
1163,1348,0.01836640952707988,0.012553156494873869,0.0,0.0005813253032206011,20.681338233873248
1164,1349,0.018357726798547587,0.0126493235689701,0.0,0.0005708403229577484,20.698035892099142
1165,1351,0.018332640830353672,0.012628945711957008,0.0,0.0005703695118396662,20.722213895991445
1166,1352,0.018322638298077135,0.012568845973529131,0.0,0.0005753792324548005,20.7390228016302
1167,1353,0.018283893725938215,0.01262657652431341,0.0,0.0005657317201624805,20.756228974089026
1168,1354,0.018274789584709454,0.012725323651741099,0.0,0.0005549465932968354,20.772874722257257
1169,1355,0.018255907459916374,0.012728350742699731,0.0,0.0005527556717216642,20.789563204161823
1170,1357,0.01824660560368434,0.012710822766280142,0.0,0.00055357828374042,20.814271362498403
1171,1359,0.018238750953360944,0.012713642974081295,0.0,0.0005525107979279649,20.838295137509704
1172,1360,0.01822828365560927,0.012763161700936417,0.0,0.0005465121954672852,20.855176884680986
1173,1361,0.01821906136734067,0.012808687389935534,0.0,0.0005410373977405136,20.872279909439385
1174,1362,0.018207333059397715,0.012805107028082933,0.0,0.0005402226031314783,20.889345353469253
1175,1363,0.018196077371678915,0.012803684036043284,0.0,0.000539239333563563,20.90619752369821
1176,1364,0.018185487078749753,0.012822436072247754,0.0,0.0005363051006501999,20.92284250445664
1177,1366,0.01817705225115656,0.012846481854333843,0.0,0.0005330570396822717,20.947030412964523
1178,1367,0.018169441250599383,0.012882448477200496,0.0,0.0005286992773398888,20.96391048748046
1179,1368,0.01816424697589908,0.012941567582536503,0.0,0.0005222679393362577,20.980674171820283
1180,1369,0.01814416281679554,0.012943790418096334,0.0,0.0005200372398699204,20.997375089675188
1181,1370,0.018119524655919723,0.01296034180008367,0.0,0.0005159182855836054,21.014475270174444
1182,1372,0.018089717187974384,0.012999197073227142,0.0,0.000509052011474724,21.038525444455445
1183,1373,0.018011009755996468,0.01306580016766006,0.0,0.000494520958833641,21.055704513564706
1184,1374,0.017891642972520244,0.013088372280345983,0.0,0.0004803270692174262,21.072338826954365
1185,1376,0.017827553413282328,0.013155283603055257,0.0,0.0004672269810227069,21.096280118450522
1186,1379,0.017774283884006238,0.013163884954005856,0.0,0.0004610398930000381,21.127985630184412
1187,1381,0.01770479400599518,0.01309096143204291,0.0,0.000461383257395227,21.152052806690335
1188,1383,0.0176234734885806,0.013166763151513569,0.0,0.00044567103370670303,21.176176954060793
1189,1384,0.017493282838852105,0.013246123650774346,0.0,0.0004247159188077758,21.193032230250537
1190,1386,0.01737658343912552,0.013114882165270963,0.0,0.00042617012738545605,21.21720325574279
1191,1388,0.017320553392511408,0.01301555700904355,0.0,0.000430499638346786,21.241376091726124
1192,1389,0.01723260311565388,0.012934992398050803,0.0,0.00042976107176030773,21.258174018003047
1193,1391,0.017167517016289463,0.012988020671214963,0.0,0.00041794963450745,21.282370507717133
1194,1392,0.01703734135947036,0.012994950519092007,0.0,0.0004042390840378354,21.299121296033263
1195,1394,0.01694231079206234,0.012966988139169366,0.0,0.0003975322652892977,21.323374189436436
1196,1395,0.016824144659663573,0.012872593529771804,0.0,0.000395155112989177,21.340177541598678
1197,1396,0.016696815866617615,0.012741060338188418,0.0,0.00039557555284291956,21.35742138326168
1198,1398,0.0166554466937197,0.012769026528052537,0.0,0.0003886420165667165,21.381481690332294
1199,1400,0.016615176989353875,0.012702231632521174,0.0,0.00039129453568327024,21.405937576666474
1200,1402,0.016575726174404396,0.012671707919671277,0.0,0.00039040182547331185,21.430858820676804
1201,1403,0.01651444919703408,0.012640034367977743,0.0,0.00038744148290563365,21.447646256536245
1202,1404,0.016476305720565083,0.012493016153482885,0.0,0.00039832895670822,21.46443797275424
1203,1405,0.016447658212846532,0.012392628966834051,0.0,0.00040550292460124807,21.48118520528078
1204,1406,0.016394963890165516,0.012345829640193496,0.0,0.00040491342499720195,21.498012533411384
1205,1407,0.01636467743755984,0.012280205939229048,0.0,0.00040844714983307915,21.514794667251408
1206,1408,0.016332366930833682,0.012126010024305888,0.0,0.00042063569065277915,21.53165716305375
1207,1409,0.01631570024939951,0.012030810376805253,0.0,0.00042848898725942556,21.54888157453388
1208,1410,0.01630303955571783,0.011983948677528736,0.0,0.00043190908781890966,21.565624030306935
1209,1411,0.01628553205384438,0.01195274654497822,0.0,0.000433278550886616,21.582707102410495
1210,1412,0.016260241806034567,0.01188959005471705,0.0,0.0004370651751317518,21.59945205692202
1211,1414,0.016241574587717997,0.011841073922839413,0.0,0.0004400500664878585,21.62354066874832
1212,1415,0.016203832329765907,0.011848412433909317,0.0,0.00043554198958565887,21.64032312016934
1213,1416,0.01614317971404674,0.011764771922692012,0.0,0.00043784077913547266,21.657185015268624
1214,1418,0.016112245590240985,0.011724749715370754,0.0,0.000438749587487023,21.68129312619567
1215,1419,0.016067548964504713,0.011737460847577541,0.0,0.0004330088116927174,21.69852027669549
1216,1420,0.016022017952373666,0.011625902794215442,0.0,0.00043961151581582215,21.71525852009654
1217,1421,0.01598432721621778,0.011691545789193134,0.0,0.0004292781427024647,21.7320798067376
1218,1422,0.015944282746846727,0.011624790697257824,0.0,0.00043194920495889024,21.748952912166715
1219,1423,0.015921053573669006,0.01169486946941082,0.0,0.0004226184104258187,21.765620663762093
1220,1424,0.01588261143952474,0.011712002716705864,0.0,0.0004170608722818875,21.782254916615784
1221,1425,0.015865471072977425,0.011882951672638921,0.0,0.0003982519400338503,21.799432043917477
1222,1427,0.015842287277589198,0.011781412166639254,0.0,0.0004060875110949942,21.82331843767315
1223,1428,0.015824853457311508,0.011733216689003782,0.0,0.00040916367683077257,21.840081494301558
1224,1429,0.015806680114314395,0.011735951124433354,0.0,0.0004070728989881043,21.856918674893677
1225,1430,0.01577786652908872,0.011751011468420383,0.0,0.00040268550606683374,21.873746099881828
1226,1431,0.015750910982510705,0.0117776643137152,0.0,0.0003973246668795506,21.89072970394045
1227,1433,0.015746128543696558,0.01178970493927439,0.0,0.00039564236044221696,21.914918850176036
1228,1434,0.01573531093372623,0.011765895646160476,0.0,0.00039694152875657557,21.932551390491426
1229,1435,0.015722505269927214,0.011741604098942062,0.0,0.00039809011709851516,21.949286695569754
1230,1436,0.015709836637306924,0.011716881145280153,0.0,0.0003992955492026772,21.965984232723713
1231,1438,0.015693287004600313,0.011659305052751728,0.0,0.00040339819518485863,21.990146297961473
1232,1439,0.015653933067141326,0.01162934466443824,0.0,0.0004024588402703085,22.00695189088583
1233,1440,0.015616386288774453,0.011498553754308843,0.0,0.00041178325344656103,22.023596692830324
1234,1442,0.015569511800196702,0.011555139566952054,0.0,0.00040143722332446475,22.0476415483281
1235,1443,0.015539953546279798,0.011372727380650581,0.0,0.0004167226165629217,22.064315194264054
1236,1444,0.015477753976019448,0.011459054834089981,0.0,0.00040186991419294667,22.08108655642718
1237,1445,0.015453677588570476,0.01143926960010672,0.0,0.00040144079884637564,22.09788724221289
1238,1446,0.015386302786589031,0.011388532793602083,0.0,0.0003997769992986948,22.114555593580008
1239,1447,0.015333482270821494,0.011420270582254841,0.0,0.00039132116885666533,22.131874698214233
1240,1448,0.015271158376912506,0.011284625941836251,0.0,0.0003986532435076256,22.148667328990996
1241,1450,0.015227704244195868,0.011356483959524282,0.0,0.00038712202846715864,22.17252732720226
1242,1451,0.015187228330134613,0.011305770727550795,0.0,0.00038814576025838175,22.19032325129956
1243,1452,0.015169607138135541,0.011313815086781597,0.0,0.0003855792051353944,22.207411096431315
1244,1453,0.01512517706365343,0.011286265872072395,0.0,0.00038389111915810355,22.22443234641105
1245,1454,0.015101791349918025,0.011318000102332094,0.0,0.00037837912475859314,22.24120806902647
1246,1455,0.015063880231771288,0.011275982152954262,0.0,0.00037878980788170254,22.258036508224905
1247,1456,0.015009178532052464,0.011252107996441689,0.0,0.00037570705356107753,22.274845035746694
1248,1457,0.014978329983595415,0.011188065552192733,0.0,0.00037902644314026816,22.29161203932017
1249,1458,0.014910215881059966,0.011281126583389572,0.0,0.0003629089297670394,22.308320702053607
1250,1459,0.014814367633942714,0.011140742036102968,0.0,0.0003673625597839746,22.32511264272034
1251,1461,0.014747978321315025,0.011026861728504356,0.0,0.00037211165928106697,22.349322337657213
1252,1462,0.014703013696433589,0.010831818488328373,0.0,0.0003871195208105216,22.36649220250547
1253,1464,0.014577274698211518,0.010712081369084116,0.0,0.0003865193329127402,22.390389397740364
1254,1466,0.014465952636391406,0.010714552102057472,0.0,0.0003751400534333933,22.414395877160132
1255,1468,0.014411763093441277,0.010644090856468653,0.0,0.0003767672236972623,22.4385232552886
1256,1469,0.014344592386779044,0.01051129977869361,0.0,0.0003833292608085435,22.455293021164834
1257,1471,0.014181222533344237,0.010383518159743218,0.0,0.0003797704373601018,22.479920678772032
1258,1473,0.014087090572887711,0.010216620754312527,0.0,0.0003870469818575185,22.503906410187483
1259,1474,0.014059944352323089,0.010047939802645303,0.0,0.0004012004549677786,22.520673697814345
1260,1475,0.0139039147300345,0.0098752452606278,0.0,0.00040286694694066996,22.537413451820612
1261,1476,0.013865475423107749,0.009888045860265333,0.0,0.00039774295628424155,22.55426820833236
1262,1477,0.013783982389965444,0.00983523831507132,0.0,0.00039487440748941247,22.571021731942892
1263,1478,0.013729083652000759,0.009654807539784208,0.0,0.0004074276112216549,22.58768070768565
1264,1479,0.013657441628302177,0.009719045632424372,0.0,0.00039383959958778046,22.604322793893516
1265,1480,0.013602119960519757,0.009684511109997155,0.0,0.0003917608850522602,22.62099892180413
1266,1481,0.013509301598077401,0.009578008018296603,0.0,0.00039312935797807983,22.637905351817608
1267,1482,0.013471445734600136,0.009562909537015054,0.0,0.0003908536197585084,22.654659321531653
1268,1483,0.01344589288198439,0.009529139373716381,0.0,0.00039167535082680084,22.67131724022329
1269,1484,0.01342880188276659,0.00951661094478743,0.0,0.000391219093797916,22.687981638126075
1270,1485,0.013421018383250015,0.009482467205344578,0.0,0.00039385511779054373,22.70478221680969
1271,1486,0.013409005430831327,0.009477177349430847,0.0,0.00039318280814004805,22.721411255188286
1272,1487,0.013394877704155213,0.009442595950582078,0.0,0.0003952281753573135,22.738210174255073
1273,1488,0.013379499203304017,0.0094045142631979,0.0,0.00039749849401061175,22.75559979211539
1274,1489,0.01336660998124068,0.009363117963830218,0.0,0.0004003492017410462,22.772399843670428
1275,1490,0.013340712640904326,0.009322482616187419,0.0,0.00040182300247169065,22.788990846835077
1276,1491,0.013304347732744038,0.009285014321493677,0.0,0.00040193334112503614,22.805765212513506
1277,1493,0.013293034758542847,0.009235835210036358,0.0,0.000405719954850649,22.830257839523256
1278,1494,0.013234017278404814,0.00920368377719666,0.0,0.0004030333501208154,22.847602555528283
1279,1495,0.013180629390609901,0.009245226044161963,0.0,0.00039354033464479387,22.86422579176724
1280,1497,0.0131339638075091,0.009103244893314594,0.0,0.00040307189141945064,22.88824533112347
1281,1498,0.013052263465850013,0.009069506856039808,0.0,0.0003982756609810205,22.90507076214999
1282,1499,0.012906235547473232,0.00893573821384408,0.0,0.0003970497333629152,22.92187294922769
1283,1500,0.012791555028636027,0.008816533262620982,0.0,0.00039750217660150446,22.938667331822217
1284,1502,0.012715635603860125,0.008718504549659719,0.0,0.00039971310542004054,22.962600510567427
1285,1504,0.012653304694682526,0.008743591872833788,0.0,0.00039097128218487377,22.986606128513813
1286,1505,0.012591603511191474,0.00862011553969532,0.0,0.00039714879714961547,23.00329529400915
1287,1506,0.012560160685566039,0.008596021419009357,0.0,0.0003964139266556682,23.01997911091894
1288,1507,0.012528232806530074,0.008622810413196414,0.0,0.00039054223933336597,23.036797205917537
1289,1508,0.012474842699631292,0.008632813089500342,0.0,0.000384202961013095,23.053850303404033
1290,1509,0.012428118683075771,0.00852936381606831,0.0,0.00038987548670074614,23.0708621237427
1291,1510,0.012361240006536909,0.008529455387266158,0.0,0.00038317846192707496,23.087700754404068
1292,1511,0.012255825674761408,0.008581121641096798,0.0,0.000367470403366461,23.104311305098236
1293,1512,0.012129292157718059,0.008553880958605894,0.0,0.00035754111991121644,23.120942291803658
1294,1514,0.012040069878764253,0.008500990501139026,0.0,0.0003539079377625227,23.14518530666828
1295,1515,0.011972573678202791,0.008542056808081854,0.0,0.00034305168701209373,23.16206576488912
1296,1516,0.011943750163768233,0.00845131026041448,0.0,0.0003492439903353753,23.17880054563284
1297,1517,0.011850405279760525,0.00849627023891464,0.0,0.0003354135040845884,23.1956476457417
1298,1518,0.011796791505535717,0.008580528525281284,0.0,0.0003216262980254433,23.212706388905644
1299,1520,0.01175616819782853,0.008579285059209091,0.0,0.0003176883138619439,23.23667267896235
1300,1521,0.011721446132792404,0.00856433415218539,0.0,0.0003157111980607013,23.25393035914749
1301,1522,0.011663481555168498,0.00857908373562557,0.0,0.0003084397819542927,23.27100641001016
1302,1523,0.011644311625355439,0.008628907499216867,0.0,0.0003015404126138572,23.28776297532022
1303,1524,0.0116130577520395,0.008584214332018848,0.0,0.00030288434200206524,23.304518634453416
1304,1525,0.01160257279130658,0.008600216535493128,0.0,0.0003002356255813451,23.32169413845986
1305,1526,0.011586800351960603,0.008575800105959134,0.0,0.0003011000246001469,23.33844382595271
1306,1527,0.011573163497632172,0.008585666702734524,0.0,0.000298749679489765,23.355233957991004
1307,1528,0.011558506312729689,0.008588637770880016,0.0,0.0002969868541849673,23.371981024742126
1308,1529,0.011546207221052015,0.008549017735428611,0.0,0.00029971894856234036,23.388619530946016
1309,1530,0.011534622414932716,0.008509035823473692,0.0,0.0003025586591459024,23.405249509960413
1310,1531,0.011523844320083486,0.008496464473959617,0.0,0.00030273798461238693,23.421887584030628
1311,1532,0.01151028515183134,0.008482496687250731,0.0,0.00030277884645806084,23.438731351867318
1312,1533,0.011482911511666503,0.00847349279275981,0.0,0.00030094187189066935,23.455491471104324
1313,1534,0.011462804116760594,0.008488226504715337,0.0,0.00029745776120452573,23.47217255178839
1314,1535,0.011437928420962296,0.008504771062210323,0.0,0.0002933157358751972,23.489366114139557
1315,1536,0.011411787830144583,0.008524063665862947,0.0,0.0002887724164281637,23.506040471605957
1316,1537,0.011372421010730282,0.008509919786985955,0.0,0.0002862501223744327,23.522779259830713
1317,1538,0.011337406964083818,0.008481324938318992,0.0,0.00028560820257648246,23.540004018694162
1318,1539,0.011307966479798424,0.008448132908560196,0.0,0.00028598335712382277,23.55666139908135
1319,1540,0.01129493696229408,0.008399849099331903,0.0,0.00028950878629621776,23.57329714577645
1320,1541,0.011284196404328786,0.008409890543022505,0.0,0.000287430586130628,23.590389205142856
1321,1542,0.011274938869511222,0.008396436664687403,0.0,0.000287850220482382,23.60711410176009
1322,1543,0.011263472943541502,0.008367645088412354,0.0,0.0002895827855129148,23.623849122785032
1323,1544,0.011245423523363766,0.008338939725334686,0.0,0.000290648379802908,23.640616727992892
1324,1545,0.011227089305493449,0.00832627614572474,0.0,0.0002900813159768709,23.65736280940473
1325,1546,0.011200187602203416,0.008305798978158937,0.0,0.0002894388624044479,23.674069549888372
1326,1547,0.011184867392065896,0.00831527107391448,0.0,0.0002869596318151417,23.690833305940032
1327,1548,0.01117415890247448,0.00830299611573503,0.0,0.0002871162786739451,23.70757853332907
1328,1549,0.011165120365728318,0.008313341303723059,0.0,0.0002851779062005259,23.724333156831563
1329,1550,0.011155423241876301,0.008305329249094212,0.0,0.0002850093992782089,23.741191861219704
1330,1551,0.011142269215676704,0.00828970942452492,0.0,0.0002852559791151784,23.75818139500916
1331,1552,0.011133985984002896,0.008248795930664491,0.0,0.00028851900533384046,23.774915385991335
1332,1553,0.011119549658716865,0.008243948520108204,0.0,0.0002875601138608661,23.79183800611645
1333,1554,0.01109778059641344,0.008215397645950999,0.0,0.0002882382950462441,23.808616610243917
1334,1555,0.011049364208081808,0.008167344055655253,0.0,0.00028820201524265543,23.825453988276422
1335,1556,0.010988220116517691,0.007999224461703685,0.0,0.0002988995654814007,23.842332786880434
1336,1558,0.01091380515072943,0.007938225049477485,0.0,0.0002975580101251945,23.866585107520223
1337,1559,0.010846492520002155,0.007842246468390946,0.0,0.00030042460516112096,23.883239238522947
1338,1561,0.010812018600560164,0.007720943521490472,0.0,0.0003091075079069692,23.907227661460638
1339,1562,0.010786427253168925,0.0076944736423135715,0.0,0.00030919536108553523,23.924123630858958
1340,1563,0.010776318117184965,0.007652995361532538,0.0,0.0003123322755652426,23.94095172174275
1341,1565,0.0107650154175341,0.007613407741263213,0.0,0.0003151607676270886,23.96520099416375
1342,1566,0.010745677059708811,0.007591081293913805,0.0,0.0003154595765795006,23.98193777166307
1343,1567,0.010721941237321113,0.0076083472882990085,0.0,0.0003113593949022105,23.998805426061153
1344,1568,0.010682010617957836,0.007526075656357057,0.0,0.00031559349616007784,24.01551132556051
1345,1569,0.010629153568175636,0.007370106332235991,0.0,0.00032590472359396444,24.032189811579883
1346,1571,0.010597691656710628,0.007287700369266846,0.0,0.0003309991287443782,24.0563512602821
1347,1572,0.01055263543480731,0.007224708194468382,0.0,0.0003327927240338928,24.073067943565547
1348,1574,0.010532220377932444,0.0071658673127583455,0.0,0.0003366353065174098,24.097296653315425
1349,1575,0.01051339736943194,0.0071503268447875475,0.0,0.00033630705246443936,24.11414484679699
1350,1576,0.010493933937780555,0.007132166338230548,0.0,0.0003361767599550006,24.130894338712096
1351,1577,0.010478106591558754,0.007103569275535233,0.0,0.00033745373160235214,24.147811996750534
1352,1579,0.010461657083147093,0.007071114546906103,0.0,0.000339054253624099,24.1720087621361
1353,1580,0.010442793201682007,0.007035076084339061,0.0,0.00034077171173429457,24.18872089497745
1354,1581,0.010407922540978772,0.006989787570165187,0.0,0.00034181349708135855,24.205341001972556
1355,1582,0.010395449540260154,0.006901288468042417,0.0,0.00034941610722177374,24.22216944489628
1356,1583,0.01035424237938804,0.006846822496092613,0.0,0.00035074198832954267,24.238992946222425
1357,1585,0.010340606292485356,0.006828150579727592,0.0,0.00035124557127577633,24.26307453867048
1358,1586,0.010316909264739365,0.006751554862639889,0.0,0.00035653544020994754,24.279835366643965
1359,1587,0.010285986137066083,0.006618660949403673,0.0,0.00036673251876624094,24.297062104567885
1360,1588,0.010257381154692085,0.006570468938912625,0.0,0.000368691221577946,24.31401933170855
1361,1589,0.010226604860592587,0.006440795475815368,0.0,0.00037858093847772196,24.33083403389901
1362,1590,0.010202591369457746,0.006440881134243611,0.0,0.00037617102352141356,24.347662592306733
1363,1591,0.010166912790699685,0.006363866009006311,0.0,0.00038030467816933746,24.364364095963538
1364,1593,0.010151563735161451,0.006328747453663181,0.0,0.000382281628149827,24.388229020871222
1365,1594,0.010137162387951424,0.00632540266924828,0.0,0.00038117597187031446,24.404921949841082
1366,1595,0.01012625624787963,0.006296962445506915,0.0,0.00038292938023727163,24.421608390286565
1367,1596,0.010123390523515841,0.00626857351012945,0.0,0.0003854817013386392,24.438399435020983
1368,1598,0.010118144712340425,0.006275401740076146,0.0,0.0003842742972264278,24.46258494257927
1369,1599,0.010110971721997005,0.006263036333927313,0.0,0.00038479353880696923,24.479366878047585
1370,1600,0.010104706331211957,0.006258142298187256,0.0,0.0003846564033024701,24.496097502298653
1371,1601,0.01009291884214899,0.006227457188832424,0.0,0.0003865461653316566,24.51285090483725
1372,1602,0.010084272523644291,0.006208845523250274,0.0,0.00038754270003940177,24.529651425778866
1373,1604,0.010078631265460589,0.006200800324726753,0.0,0.00038778309407338363,24.55367275606841
1374,1606,0.010076370503081883,0.006192405748419331,0.0,0.0003883964754662553,24.577757064253092
1375,1607,0.010073328571724209,0.0062012666591785524,0.0,0.00038720619125456575,24.59440642874688
1376,1608,0.010070903481759584,0.00618267174679079,0.0,0.00038882317349687946,24.611141820438206
1377,1609,0.010068885185231094,0.006174109289328627,0.0,0.0003894775895902468,24.627982933074236
1378,1610,0.010066180692499503,0.0061473393321639595,0.0,0.00039188413603355443,24.645107469521463
1379,1611,0.01006365547369246,0.006132239034671182,0.0,0.0003931416439021278,24.661771392449737
1380,1612,0.010061074692976606,0.006125908169157621,0.0,0.00039351665238189856,24.67848907597363
1381,1613,0.01005687539980571,0.006133092271773984,0.0,0.00039237831280317245,24.695682292804122
1382,1614,0.010051073416106013,0.0061510126591628606,0.0,0.0003900060756943152,24.712377387098968
1383,1615,0.010043831464720541,0.006191287010686351,0.0,0.00038525444540341903,24.729149318300188
1384,1616,0.010036955778900056,0.006204357516641961,0.0,0.0003832598262258095,24.745944204740226
1385,1617,0.010030284038533456,0.006227045749458032,0.0,0.00038032382890754244,24.762614216655493
1386,1618,0.010026187435074163,0.006199575501385968,0.0,0.0003826611933688194,24.779345178976655
1387,1619,0.010023578487144465,0.006173916657384052,0.0,0.00038496618297604137,24.796102724969387
1388,1620,0.01002218701376305,0.006167375118777443,0.0,0.00038548118949856074,24.812902910634875
1389,1621,0.010021086107691956,0.006155851055311083,0.0,0.0003865235052380873,24.82961235381663
1390,1622,0.010019078963020452,0.006149117240743738,0.0,0.0003869961722276715,24.846331105567515
1391,1623,0.010016949170116106,0.006147047167497185,0.0,0.00038699020026189206,24.86301768105477
1392,1624,0.01001571200739608,0.0061456041960205035,0.0,0.00038701078113755766,24.87985451053828
1393,1625,0.010014420919882468,0.006137793298571115,0.0,0.00038766276213113526,24.896656988188624
1394,1626,0.010013359503749463,0.006127345703853023,0.0,0.00038860137998964405,24.913299307227135
1395,1627,0.010012460853006333,0.006117715382804035,0.0,0.0003894745470202297,24.930087065324187
1396,1628,0.010011458892753105,0.00611057307192435,0.0,0.0003900885820828755,24.947074281983078
1397,1629,0.010010182897721138,0.006105908032112971,0.0,0.0003904274865608167,24.964495808817446
1398,1630,0.010007314932271187,0.006101017916043331,0.0,0.00039062970162278567,24.98117182869464
1399,1631,0.010004401807695396,0.0060954030693650355,0.0,0.0003908998738330361,24.997850473038852
1400,1632,0.010002347468453032,0.006107437470673965,0.0,0.0003894909997779067,25.014711695723236
1401,1633,0.010000932059172615,0.006103664755283749,0.0,0.0003897267303888866,25.0314377322793
1402,1634,0.009999955738829067,0.00611223494586279,0.0,0.00038877207929662765,25.048144751228392
1403,1635,0.009998864477649616,0.006124122770401182,0.0,0.0003874741707248434,25.065244926139712
1404,1636,0.009997946783689341,0.006146687812216775,0.0,0.0003851258971472566,25.082063138484955
1405,1638,0.009997511685500459,0.006152341573280218,0.0,0.0003845170112220242,25.107319246046245
1406,1639,0.009996813668290753,0.0061509237330732896,0.0,0.0003845889935217464,25.124037959612906
1407,1640,0.009996274460232948,0.006148858373879516,0.0,0.0003847416086353433,25.14081963710487
1408,1641,0.009995839842599961,0.006153218380741751,0.0,0.00038426214618582117,25.15762298926711
1409,1642,0.009994404445860494,0.006161094942568824,0.0,0.00038333095032916706,25.174318799749017
1410,1643,0.009990725047915726,0.006177883343033942,0.0,0.00038128417048817833,25.191102776676416
1411,1644,0.009985757787843956,0.006193913680866122,0.0,0.0003791844106977834,25.20773520320654
1412,1645,0.00998011807137027,0.006204520437968562,0.0,0.0003775597633401708,25.224429911002517
1413,1646,0.009975905573741405,0.006202218851911828,0.0,0.0003773686721829577,25.241166790015996
1414,1647,0.00997262796641177,0.006185910082861587,0.0,0.00037867178835501833,25.258042534813285
1415,1648,0.009968361031393924,0.0061741841672642945,0.0,0.00037941768641296304,25.274681481532753
1416,1649,0.009965373629871875,0.006146093591867433,0.0,0.00038192800380044425,25.291636984795332
1417,1650,0.00996130330076164,0.006155867006982429,0.0,0.0003805436293779212,25.308332276530564
1418,1651,0.009958111999725908,0.006182274480974432,0.0,0.00037758375187514767,25.325397297739983
1419,1652,0.009956769108920936,0.006186328646394953,0.0,0.0003770440462525983,25.342378616333008
1420,1653,0.009954742874795624,0.006191751568797223,0.0,0.00037629913059984016,25.35919303447008
1421,1654,0.009953217066727613,0.006192739891119321,0.0,0.00037604771756082924,25.375925486907363
1422,1655,0.009950586717548228,0.006213905585096282,0.0,0.0003736681132451947,25.392899597994983
1423,1656,0.00994873570106297,0.006213649023174438,0.0,0.00037350866778885323,25.409563556313515
1424,1657,0.00994626248900469,0.006240489031466906,0.0,0.00037057734575377844,25.42630425747484
1425,1658,0.009943267231843137,0.0062469253936930196,0.0,0.00036963418381501186,25.444112409837544
1426,1659,0.009938992371191458,0.006254589801624164,0.0,0.0003684402569567294,25.4616585560143
1427,1660,0.009931729404638228,0.006246726967415857,0.0,0.00036850024372223707,25.47882911656052
1428,1661,0.00992173953033874,0.006278682850208245,0.0,0.0003643056680130495,25.496003941632807
1429,1663,0.009918736701731826,0.006253923404720944,0.0,0.00036648132970108814,25.520089672878385
1430,1664,0.009913142619954176,0.006271610243104816,0.0,0.00036415323768493606,25.536743886768818
1431,1665,0.009908095115547928,0.006296148698159523,0.0,0.0003611946417388406,25.55335423629731
1432,1667,0.009907074388698789,0.006299463180139701,0.0,0.00036076112085590875,25.577328968793154
1433,1668,0.009905109262834088,0.006307516115774265,0.0,0.00035975931470598227,25.594375445507467
1434,1669,0.009902343706808012,0.006319960751621488,0.0,0.0003582382955186524,25.611116436310112
1435,1670,0.009898692942852724,0.006339539830551361,0.0,0.0003559153112301362,25.627761057578027
1436,1671,0.009892943633463935,0.006350226841068122,0.0,0.00035427167923958143,25.644625685177743
1437,1672,0.009887376022624343,0.006397166050443715,0.0,0.0003490209972180628,25.66140808071941
1438,1674,0.009883105977063706,0.006381492494032069,0.0,0.00035016134830316375,25.68589106667787
1439,1675,0.009878854676956405,0.006390479600306789,0.0,0.00034883750766496167,25.702666423283517
1440,1676,0.009874752171378516,0.006386779038314913,0.0,0.0003487973133063602,25.719314289279282
1441,1677,0.009871749034401934,0.00637748329223997,0.0,0.0003494265742161964,25.73603491857648
1442,1678,0.009867009734796935,0.006403857270175702,0.0,0.0003463152464621232,25.75280728843063
1443,1679,0.009860421264061,0.006416784883033708,0.0,0.0003443636381027291,25.770337907597423
1444,1680,0.009853744548497129,0.006418641895458952,0.0,0.00034351026530381776,25.78700912091881
1445,1681,0.009849962073194177,0.006427837952550992,0.0,0.0003422124120643186,25.803855448961258
1446,1682,0.009847760612978774,0.006414070934929863,0.0,0.00034336896780489117,25.82131955679506
1447,1684,0.009846845471413134,0.006402021107803084,0.0,0.00034448243636100507,25.845849352888763
1448,1685,0.009844830070610093,0.006398710112771008,0.0,0.0003446119957839085,25.86265743058175
1449,1686,0.009842855438019067,0.006382251266896886,0.0,0.00034606041711221795,25.87940477579832
1450,1687,0.009839292999778405,0.006362955407674214,0.0,0.0003476337592104192,25.896165441721678
1451,1688,0.009834058810330615,0.006326618469789295,0.0,0.00035074403405413186,25.912825729697943
1452,1689,0.009823895281251079,0.006293660862814427,0.0,0.00035302344184366517,25.929607181809843
1453,1690,0.009812388767573786,0.006239516984965192,0.0,0.0003572871782608594,25.946365907788277
1454,1692,0.009793263357121074,0.006175249500206665,0.0,0.00036180138569144094,25.970576437190175
1455,1694,0.009777935668522711,0.006162970829956133,0.0,0.00036149648385665786,25.994543488137424
1456,1695,0.009761442348051413,0.006134089140339996,0.0,0.0003627353207711416,26.011306745931506
1457,1696,0.00975663756169802,0.006088157539618419,0.0,0.0003668480022079601,26.027999154292047
1458,1698,0.009747870704519546,0.006098310031753638,0.0,0.00036495606727659076,26.052487711422145
1459,1700,0.009741242278369287,0.006097964060807675,0.0,0.0003643278217561612,26.0764497872442
1460,1701,0.009734512800882182,0.006095489880015824,0.0,0.00036390229208663584,26.09315582830459
1461,1702,0.00972393933050174,0.0060656472993069945,0.0,0.00036582920311947455,26.10995074454695
1462,1704,0.00970741290453745,0.006007183976833708,0.0,0.00037002289277037425,26.134125804528594
1463,1705,0.009691373857896042,0.005993195415841953,0.0,0.00036981784420540885,26.151320091448724
1464,1706,0.009671888870785857,0.00595966849894871,0.0,0.00037122203718371476,26.168091405183077
1465,1707,0.009655317778434817,0.005959338856762871,0.0,0.0003695978921671945,26.184781439602375
1466,1709,0.00963630441165409,0.005920008377026173,0.0,0.0003716296034627916,26.208903471939266
1467,1710,0.009617866005934221,0.005971937700107096,0.0,0.0003645928305827126,26.225608765147626
1468,1712,0.00958480585716672,0.005920812806903781,0.0,0.00036639930502629383,26.249628538265824
1469,1713,0.009548917533635558,0.005899239486403846,0.0,0.0003649678047231712,26.266287873499095
1470,1715,0.009519551492559416,0.005911510542028043,0.0,0.00036080409505313734,26.29044550191611
1471,1716,0.009476283255090763,0.00584248082033747,0.0,0.00036338024347532915,26.307152912952006
1472,1717,0.009436701046844931,0.00583736065930841,0.0,0.0003599340387536521,26.324002960696816
1473,1719,0.009412794676541165,0.00579214899261673,0.0,0.0003620645683924436,26.348249435424805
1474,1720,0.009373738517607073,0.00584196273759798,0.0,0.00035317757800090927,26.365026474930346
1475,1721,0.009317415542895426,0.005773842068687607,0.0,0.00035435734742078173,26.382103702053428
1476,1722,0.009230689369060935,0.005681453876688454,0.0,0.00035492354923724807,26.39926803763956
1477,1723,0.00917897488279429,0.005743758252222731,0.0,0.0003435216630571559,26.41614267975092
1478,1725,0.009156906717994871,0.005710710491530651,0.0,0.00034461962264642205,26.44022936373949
1479,1726,0.00908608074252428,0.005716330762366388,0.0,0.0003369749980157892,26.457017336040735
1480,1727,0.009066232284490596,0.005797643071520221,0.0,0.00032685892129703754,26.47385947406292
1481,1728,0.009029303698474905,0.005828802686945105,0.0,0.0003200501011529799,26.491060716100037
1482,1730,0.009016745058261343,0.005789053168481639,0.0,0.0003227691889779704,26.515082204714417
1483,1731,0.009008372928308347,0.005782069417129255,0.0,0.00032263035111790934,26.53179568517953
1484,1732,0.008992423773438493,0.00579310790145,0.0,0.0003199315871988494,26.548684044741094
1485,1733,0.008981871589391538,0.0057996152229271925,0.0,0.00031822563664643457,26.565843030810356
1486,1734,0.00897353907671039,0.005832744964347515,0.0,0.0003140794112362876,26.582642287015915
1487,1735,0.008971694831806399,0.005825953264665458,0.0,0.0003145741567140941,26.599451025016606
1488,1736,0.00896296615824371,0.005826483054900138,0.0,0.00031364831033435725,26.616188678890467
1489,1737,0.008959410501113579,0.005831165984215676,0.0,0.00031282445168979024,26.632846266031265
1490,1738,0.008955516797515595,0.005830488648774409,0.0,0.0003125028148741187,26.64945361856371
1491,1739,0.008949305230398056,0.005827178093910476,0.0,0.000312212713648758,26.666097613051534
1492,1740,0.008944363647648008,0.005813794572316631,0.0,0.00031305690753313776,26.682838599197567
1493,1741,0.008935934976551093,0.005799249420553498,0.0,0.0003136685555997596,26.699967081658542
1494,1742,0.008926327175090185,0.005776882727885906,0.0,0.00031494444472042796,26.716786235570908
1495,1743,0.008919402813520732,0.005754004008909446,0.0,0.0003165398804611285,26.733944225125015
1496,1744,0.00891243382977695,0.00572946327773425,0.0,0.0003182970552042698,26.750681432895362
1497,1745,0.008904051654459528,0.005697444481573978,0.0,0.0003206607172885549,26.767380939796567
1498,1746,0.00890091453502815,0.005671930117815655,0.0,0.0003228984417212495,26.78414977900684
1499,1747,0.00889291911576857,0.00563816132255373,0.0,0.00032547577932148385,26.800863793119788
1500,1748,0.00888586888400369,0.005616490936066651,0.0,0.00032693779479370385,26.817631212994456
1501,1749,0.008877438780985568,0.005574264902400003,0.0,0.0003303173878585565,26.834392804652452
1502,1750,0.008872022012834288,0.0055396724373684035,0.0,0.0003332349575465884,26.851170349866152
1503,1752,0.008871750584661116,0.005541135007734549,0.0,0.0003330615576926567,26.875482781790197
1504,1753,0.008867270790492989,0.005509600124285304,0.0,0.0003357670666207684,26.892129676416516
1505,1754,0.008864241206155608,0.005487330452146417,0.0,0.0003376910754009191,26.908900401555
1506,1755,0.008862744575179632,0.0054815407481228345,0.0,0.00033812038270567967,26.92565717268735
1507,1756,0.008862105076551129,0.00548770454405184,0.0,0.0003374400532499287,26.94225113093853
1508,1757,0.008861553563120092,0.005486623562407761,0.0,0.0003374930000712331,26.95942996069789
1509,1758,0.008861321984567256,0.005485704804726044,0.0,0.00033756171798412116,26.976154014468193
1510,1759,0.00886097029330908,0.005487547438689584,0.0,0.00033734228546194946,26.99286609981209
1511,1760,0.008860510999228488,0.005491804127163864,0.0,0.0003368706872064625,27.01047152094543
1512,1761,0.008859627359261945,0.005500624467079785,0.0,0.00033590028921821603,27.027234406210482
1513,1762,0.008858125738193987,0.005513262650295836,0.0,0.00033448630878981495,27.044047185219824
1514,1763,0.008855747154671446,0.005525554298114454,0.0,0.0003330192856556991,27.06082074623555
1515,1764,0.008852793870460332,0.005541592520624241,0.0,0.00033112013498360905,27.077678930014372
1516,1765,0.008850131197545925,0.005543060687397485,0.0,0.00033070705101484406,27.094369107857347
1517,1766,0.00884694858937753,0.005532467034152061,0.0,0.0003314481555225468,27.111137121915817
1518,1767,0.00884390930220254,0.005504484366809616,0.0,0.0003339424935392924,27.12793327216059
1519,1769,0.008843461305848666,0.005504941272074385,0.0,0.0003338520033774282,27.152123233303428
1520,1770,0.008841244542267495,0.005478804126107649,0.0,0.00033624404161598456,27.16893234476447
1521,1771,0.00883988662457827,0.005459194020584813,0.0,0.0003380692603993457,27.185577121563256
1522,1772,0.00883794727700997,0.005462274021272137,0.0,0.0003375673255737831,27.202656529843807
1523,1773,0.008837030674197655,0.005475604623161687,0.0,0.0003361426051035969,27.21938654128462
1524,1774,0.008835900137853351,0.005475128046145109,0.0,0.0003360772091708242,27.236143425107002
1525,1775,0.008834437001008253,0.0054683699967992,0.0,0.0003366067004209052,27.252858868800104
1526,1776,0.008833333976278394,0.005465124717389798,0.0,0.00033682092588885955,27.269627248868346
1527,1777,0.008832637904368522,0.005456131411306637,0.0,0.00033765064930618845,27.28652208764106
1528,1778,0.008831808688815728,0.005457810871022322,0.0,0.00033739978177934065,27.303167147561908
1529,1779,0.008831257748766582,0.005458301073360022,0.0,0.00033729566754065604,27.319998289458454
1530,1780,0.008829397004893994,0.005459672474436211,0.0,0.0003369724530457782,27.336749702692032
1531,1781,0.008827362787320133,0.005456238779320396,0.0,0.0003371124007999737,27.35351189598441
1532,1782,0.008821917772107838,0.005449458639540155,0.0,0.0003372459132567683,27.370263604447246
1533,1783,0.00881204776129978,0.005429990390572096,0.0,0.00033820573707276833,27.38695354294032
1534,1784,0.008799157520085489,0.005382166964886535,0.0,0.0003416990555198953,27.40371840260923
1535,1786,0.008795411200085042,0.005390106107962986,0.0,0.0003405305092122056,27.42781071178615
1536,1787,0.008780237941383212,0.0053447298248513455,0.0,0.00034355081165318664,27.444532391615212
1537,1788,0.00877328010915276,0.005312177068790235,0.0,0.0003461103040362524,27.461264424026012
1538,1789,0.00876967669457749,0.005279395825422035,0.0,0.00034902808691554554,27.477891525253654
1539,1790,0.008766320103569435,0.005302500588449297,0.0,0.00034638195151201376,27.494649200700223
1540,1791,0.00876514844579232,0.005299603719074353,0.0,0.0003465544726717967,27.511336891911924
1541,1792,0.008764167443637344,0.005288471886707426,0.0,0.00034756955569299183,27.52812546491623
1542,1793,0.008763600521682086,0.005289646192330318,0.0,0.00034739543293517677,27.54479497857392
1543,1794,0.008763186867037533,0.005290357627539788,0.0,0.0003472829239497745,27.561624381691217
1544,1795,0.008762314958033018,0.005293568556598226,0.0,0.00034687464014347924,27.578354050405324
1545,1796,0.008761109457035593,0.005295178182635035,0.0,0.00034659312744005576,27.59513341076672
1546,1797,0.00875826975624195,0.005294262402461618,0.0,0.0003464007353780333,27.611764394678175
1547,1798,0.008753300990871248,0.005287045392061679,0.0,0.00034662555988095685,27.628419905900955
1548,1799,0.00874604720011152,0.005273192069890812,0.0,0.0003472855130220707,27.645105630159378
1549,1800,0.008739109359634487,0.005263992709712126,0.0,0.0003475116649922362,27.661910722963512
1550,1801,0.008735689703408095,0.005247948385066514,0.0,0.0003487741318341581,27.678601702675223
1551,1802,0.008732942864213153,0.005259748265692076,0.0,0.0003473194598521078,27.695275529287755
1552,1803,0.008730424525147643,0.00526375829701321,0.0,0.0003466666228134432,27.71188362315297
1553,1804,0.008727534952625461,0.00527834630827975,0.0,0.00034491886443457106,27.728710108436644
1554,1805,0.008726724029565192,0.005291194855596634,0.0,0.00034355291739685586,27.745502073317766
1555,1806,0.008726080156116287,0.005301345270388474,0.0,0.00034247348857278134,27.762333390302956
1556,1807,0.008725662798816024,0.005305798160552467,0.0,0.0003419864638263557,27.779509105719626
1557,1808,0.008725204284426405,0.005308335541850029,0.0,0.0003416868742576376,27.79628391750157
1558,1809,0.008724315150229818,0.005309885171904095,0.0,0.00034144299783257217,27.81303682923317
1559,1810,0.008722686334984903,0.005305736220701036,0.0,0.00034169501142838676,27.82974762748927
1560,1811,0.008720313493068012,0.005296481453068219,0.0,0.0003423832039999794,27.846656548790634
1561,1813,0.008719008807485886,0.005300794550351259,0.0,0.0003418214257134627,27.870765117928386
1562,1814,0.008715619792681543,0.005278113090454359,0.0,0.0003437506702227183,27.887481313198805
1563,1815,0.008712387659697434,0.005255317428523406,0.0,0.00034570702311740274,27.904143343679607
1564,1817,0.008710744243142367,0.0052419252730636955,0.0,0.00034688189700786724,27.928222484886646
1565,1818,0.008707254819423655,0.00522391767261633,0.0,0.0003483337146807326,27.945030216127634
1566,1819,0.008705073955293224,0.005226007392819237,0.0,0.0003479066562473987,27.962206532247365
1567,1820,0.008702187429553568,0.005236114720982919,0.0,0.00034660727085706494,27.978885389864445
1568,1821,0.008699018682621698,0.0052515236782826455,0.0,0.00034474950043390524,27.995563180185854
1569,1822,0.008695360619058864,0.005231427587211623,0.0,0.0003463933031847241,28.012208194471896
1570,1823,0.008689007826988029,0.0052315062430031796,0.0,0.000345750158398485,28.028862487524748
1571,1824,0.008675764874302015,0.005253382456277368,0.0,0.0003422382418024648,28.04609397891909
1572,1825,0.008661170714663938,0.0052691428575829735,0.0,0.0003392027857080966,28.06288104876876
1573,1827,0.008657929531327976,0.005259276577997491,0.0,0.00033986529533304845,28.086982020176947
1574,1829,0.00865368810809572,0.005270189581826362,0.0,0.0003383498526269358,28.111009592190385
1575,1830,0.00864607751209766,0.005265606211802627,0.0,0.0003380471300295033,28.127631183713675
1576,1831,0.008633813541255964,0.005296512743959524,0.0,0.000333730079729644,28.144289589487016
1577,1832,0.008626879714437029,0.00530335063413583,0.0,0.00033235290803011996,28.16101326327771
1578,1833,0.00861886344335569,0.0053128417718537255,0.0,0.0003306021671501965,28.177797492593527
1579,1834,0.008608606945541282,0.005373034213936965,0.0,0.0003235572731604317,28.194457569159567
1580,1835,0.008603132963535416,0.0053803323725848,0.0,0.0003222800590950617,28.211163678206503
1581,1836,0.008600754212862653,0.00540214179136219,0.0,0.0003198612421500464,28.227840648032725
1582,1837,0.008598682808360597,0.005356055706979672,0.0,0.0003242627101380924,28.244349435903132
1583,1838,0.008594653670518631,0.005349136374812288,0.0,0.00032455172957063423,28.261385964229703
1584,1839,0.008591791892250376,0.005345333597616158,0.0,0.0003246458294634218,28.278126971796155
1585,1840,0.008587497701368465,0.005345745297606389,0.0,0.0003241752403762076,28.295309935696423
1586,1841,0.008582367353652188,0.005327022997403576,0.0,0.00032553443562486126,28.31205118726939
1587,1842,0.008577349032761925,0.005316883357232081,0.0,0.0003260465675529844,28.328727513551712
1588,1843,0.008572785606146011,0.005321222121213515,0.0,0.0003251563484932495,28.34587831515819
1589,1844,0.008567756828896378,0.005309840766946359,0.0,0.0003257916061950018,28.363576496951282
1590,1845,0.008562011336687641,0.005279074845291862,0.0,0.00032829364913957793,28.380368535406888
1591,1846,0.008554216885125856,0.0052778178506868185,0.0,0.0003276399034439038,28.397184829227626
1592,1848,0.008547644919807319,0.005280134220700151,0.0,0.00032675106991071677,28.421663746237755
1593,1849,0.008539181329361102,0.005288260254329337,0.0,0.00032509210750317663,28.43833360914141
1594,1850,0.008526897978954916,0.005316395533120949,0.0,0.00032105024458339664,28.45552183315158
1595,1852,0.008518760670591874,0.005306129665985123,0.0,0.00032126310046067506,28.4795922357589
1596,1853,0.008510403791161641,0.005289763598847157,0.0,0.0003220640192314484,28.496196500957012
1597,1854,0.00850032473283408,0.005283526112603151,0.0,0.00032167986202309294,28.512827517464757
1598,1855,0.008490310977430455,0.005297123090003305,0.0,0.000319318788742715,28.52941566426307
1599,1857,0.008483860032907995,0.005293672052982008,0.0,0.00031901879799259877,28.55344274546951
1600,1858,0.00848098397237837,0.005309125565541843,0.0,0.00031718584068365273,28.57002840656787
1601,1859,0.008465991366088263,0.005298482597168547,0.0,0.00031675087689197166,28.586822038516402
1602,1860,0.00845978893610249,0.005292296634915106,0.0,0.0003167492301187383,28.603332744911313
1603,1861,0.008447705573739374,0.005291469251563504,0.0,0.000315623632217587,28.62038818281144
1604,1863,0.008431734285789052,0.00529234391589366,0.0,0.0003139390369895392,28.64434368070215
1605,1864,0.008418928313068815,0.0052859979724253475,0.0,0.0003132930340643467,28.660980979911983
1606,1865,0.008399183743581881,0.005295781290333341,0.0,0.00031034024532485406,28.677689353004098
1607,1866,0.00838707197769114,0.005287118171393921,0.0,0.0003099953806297218,28.69434103090316
1608,1867,0.00838024822615221,0.005278768257085685,0.0,0.00031014799690665254,28.711107479408383
1609,1869,0.008366914087654099,0.005285827370389073,0.0,0.0003081086717265026,28.735102870501578
1610,1871,0.008357644910867282,0.005297502600268367,0.0,0.0003060142310598915,28.759281762875617
1611,1872,0.008349942145458488,0.00530420015251465,0.0,0.0003045741992943838,28.775906775146723
1612,1873,0.008339802795497812,0.005312273306395312,0.0,0.00030275294891025,28.792644603177905
1613,1875,0.008328250615027465,0.005344058593656822,0.0,0.00029841920213706443,28.816850080154836
1614,1876,0.008324339273227836,0.005391884924116217,0.0,0.0002932454349111619,28.833491130732
1615,1877,0.00831102012357248,0.005360745706735684,0.0,0.00029502744168367955,28.850242557004094
1616,1878,0.008306586006068938,0.005383700054200465,0.0,0.0002922885951868473,28.867424686439335
1617,1879,0.00829950619866611,0.005363657516554127,0.0,0.0002935848682111983,28.884153675287962
1618,1880,0.00828941931423716,0.0053552148722118414,0.0,0.0002934204442025319,28.901164025068283
1619,1881,0.008279837117386071,0.005338184733129043,0.0,0.0002941652384257029,28.918661208823323
1620,1882,0.008268058756703027,0.0053344707026060905,0.0,0.0002933588054096936,28.93581929896027
1621,1883,0.00825106537292434,0.005348510008316945,0.0,0.0002902555364607396,28.952689515426755
1622,1884,0.008226432933026532,0.005306342909496074,0.0,0.00029200900235304574,28.96929886844009
1623,1885,0.008198907064496126,0.005253692153373991,0.0,0.0002945214911122135,28.985951878130436
1624,1886,0.008185868641822617,0.005238352357292953,0.0,0.00029475162845296637,29.002738391049206
1625,1887,0.008160855722487315,0.005265514896175772,0.0,0.00028953408263115423,29.019414109177887
1626,1889,0.008151993975063951,0.005257744853391284,0.0,0.0002894249121672668,29.04340755660087
1627,1890,0.008133626272210683,0.005247519205847757,0.0,0.00028861070663629263,29.060177041217685
1628,1891,0.00811377077969845,0.0052428976161725946,0.0,0.00028708731635258546,29.076835931278765
1629,1892,0.008089027132053835,0.00525077925731474,0.0,0.00028382478747390955,29.093604194931686
1630,1894,0.008068819748809037,0.005246721767115841,0.0,0.0002822097981693197,29.11771788727492
1631,1895,0.008045825612884158,0.0053092663818002156,0.0,0.0002736559231083943,29.13438507448882
1632,1896,0.00803107831317577,0.0052962237948087675,0.0,0.00027348545183670034,29.151122082956135
1633,1897,0.008026337210379438,0.005288061941536625,0.0,0.00027382752688428125,29.16778963059187
1634,1898,0.008023221409868973,0.0053040007642845876,0.0,0.0002719220645584385,29.184342263266444
1635,1899,0.008018798643693502,0.005302167615201107,0.0,0.0002716631028492395,29.201609183102846
1636,1900,0.008014870974593778,0.005297096696056624,0.0,0.00027177742785371525,29.218304617330432
1637,1901,0.00801051586408804,0.005287535010424125,0.0,0.0002722980853663914,29.235005381517112
1638,1902,0.007997951203875526,0.00524281609629577,0.0,0.0002755135107579756,29.25170333776623
1639,1904,0.007987677556982735,0.0052229156875297465,0.0,0.00027647618694529876,29.275629275478423
1640,1905,0.007975153681641556,0.005141413740799591,0.0,0.00028337399408419654,29.292297289706767
1641,1906,0.007966672766762632,0.005174824358617099,0.0,0.00027918484081455327,29.308956178836524
1642,1907,0.00795637640302337,0.005178362318111242,0.0,0.0002778014084912128,29.326101759448647
1643,1908,0.00794995376306694,0.005168078165505959,0.0,0.0002781875597560981,29.342810205183923
1644,1909,0.007945583981853716,0.0051718385101373185,0.0,0.00027737454717163975,29.359514828771353
1645,1910,0.007942445636825866,0.005180049758118593,0.0,0.0002762395878707273,29.376218595542014
1646,1911,0.007938616253207431,0.005191288879326275,0.0,0.0002747327373881157,29.393023116514087
1647,1912,0.007933763612778229,0.0052009121644494465,0.0,0.00027328514483287823,29.409980800002813
1648,1913,0.007929188065631448,0.005204660397099094,0.0,0.00027245276685323544,29.42667654622346
1649,1915,0.00792684525221494,0.005207746092001503,0.0,0.00027190991602134366,29.450720746070147
1650,1916,0.007924648481249501,0.005193414898928241,0.0,0.000273123358232126,29.46741912793368
1651,1917,0.007923396930455233,0.005186507057625735,0.0,0.00027368898728294974,29.48413969948888
1652,1918,0.007922576116806603,0.0051820298889484456,0.0,0.0002740546227858158,29.500772305764258
1653,1919,0.0079216785969176,0.005182518568114201,0.0,0.0002739160028803398,29.51733228843659
1654,1920,0.007920897773908347,0.005181933314640006,0.0,0.000273896445926834,29.53394679259509
1655,1921,0.007920541165655211,0.005191119632580803,0.0,0.00027294215330744083,29.55064806342125
1656,1923,0.007920033134284306,0.005191707596719932,0.0,0.0002728325537564373,29.575543702580035
1657,1924,0.007919413981238035,0.0051870217436117945,0.0,0.0002732392237626241,29.592231075279415
1658,1925,0.007918808078664099,0.00518484666900575,0.0,0.00027339614096583484,29.608971211127937
1659,1926,0.0079179643518929,0.005182095063604194,0.0,0.0002735869288288705,29.626257930882275
1660,1927,0.007916948433110301,0.005182120083476762,0.0,0.0002734828349633539,29.643008316867054
1661,1928,0.007915930568270264,0.005179268534071123,0.0,0.00027366620341991404,29.659740827977657
1662,1929,0.007914779810793714,0.005183798451868723,0.0,0.0002730981358924991,29.676651404239237
1663,1930,0.007913329508874911,0.005186507511245034,0.0,0.0002726821997629878,29.69329922273755
1664,1931,0.00791146418699151,0.005185274335358704,0.0,0.0002726189851632807,29.71008833218366
1665,1933,0.00791114297294519,0.005181255196759738,0.0,0.000272988777618545,29.734254244714975
1666,1934,0.007909291631530188,0.00517421250523527,0.0,0.00027350791262949187,29.75101029779762
1667,1935,0.007907219973934235,0.005165611840349954,0.0,0.00027416081335842804,29.767708092927933
1668,1936,0.007906131512840676,0.005156641344386041,0.0,0.00027494901684546353,29.78437324706465
1669,1937,0.007905041166646105,0.005160864905955235,0.0,0.000274417626069087,29.801185397431254
1670,1938,0.00790443261512071,0.005165056722342783,0.0,0.0002739375892777928,29.817832295782864
1671,1939,0.007903743752716564,0.005173936261451549,0.0,0.0002729807491265014,29.834702887572348
1672,1940,0.007903182536400256,0.005181559686970727,0.0,0.0002721622849429529,29.85146304499358
1673,1941,0.007902180852121018,0.005191469886205757,0.0,0.0002710710965915262,29.868193230591714
1674,1942,0.007900909580914833,0.00520179698267179,0.0,0.00026991125982430423,29.88494773581624
1675,1943,0.0078996711689906,0.005201426686003077,0.0,0.00026982444829875234,29.901827624067664
1676,1944,0.00789813883493394,0.005196616404685402,0.0,0.0002701522430248538,29.918489613570273
1677,1945,0.007897508958852443,0.005200388509747837,0.0,0.0002697120449104605,29.935210302472115
1678,1946,0.007896811222478786,0.005195733450702239,0.0,0.00027010777717765465,29.95227007381618
1679,1947,0.007895949006675881,0.005203551523255185,0.0,0.00026923974834206963,29.96899974811822
1680,1948,0.007895365404136257,0.005211806463813525,0.0,0.00026835589403227314,29.986325877718627
1681,1949,0.007894874187529967,0.005214967627929438,0.0,0.0002679906559600529,30.002997093833983
1682,1950,0.007893925092607765,0.005215548617951059,0.0,0.00026783764746567053,30.01963718701154
1683,1951,0.007893149706678258,0.005214267585271798,0.0,0.00026788821214064596,30.036374252289534
1684,1952,0.00789254017504566,0.005207117701366091,0.0,0.000268542247367957,30.05316225811839
1685,1953,0.007891799803245697,0.005203724324597804,0.0,0.0002688075478647893,30.069823985919356
1686,1954,0.007891271528570502,0.0052015727417580315,0.0,0.00026896987868124694,30.086609289050102
1687,1955,0.007890877921774541,0.005200671043243606,0.0,0.00026902068785309346,30.103657502681017
1688,1956,0.00789050633591842,0.0052060950553156436,0.0,0.0002684411280602777,30.120279544964433
1689,1957,0.00789003787829062,0.005207214332593985,0.0,0.00026828235456966356,30.137002861127257
1690,1958,0.00788973670546172,0.005205005265230685,0.0,0.0002684731440231035,30.153791518881917
1691,1959,0.007889538826869288,0.00520635904303666,0.0,0.00026831797838326277,30.170416423119605
1692,1960,0.00788935573454929,0.005210070585518165,0.0,0.0002679285149031126,30.187163724564016
1693,1961,0.007889225703020045,0.005211788390718625,0.0,0.00026774373123014206,30.203835389576852
1694,1962,0.007889092449340482,0.005212445335245377,0.0,0.0002676647114095104,30.220619900152087
1695,1963,0.007888945186374157,0.005212899505757378,0.0,0.0002676045680616779,30.23731930181384
1696,1964,0.007888607164245158,0.005211413209233703,0.0,0.0002677193955011456,30.254697723314166
1697,1965,0.007888156490303335,0.005210269333439332,0.0,0.0002677887156864003,30.27135980501771
1698,1966,0.00788761403117382,0.005207380877839646,0.0,0.00026802331533341746,30.288283177651465
1699,1967,0.007886949718161907,0.005207438216395711,0.0,0.00026795115017661967,30.305022065527737
1700,1968,0.007886081791892343,0.005206143798968971,0.0,0.0002679937992923373,30.32194398995489
1701,1969,0.007884396519035806,0.005205638797659433,0.0,0.00026787577213763724,30.338679377920926
1702,1970,0.00788278786915475,0.0051953809138263396,0.0,0.0002687406955328412,30.355331250466406
1703,1971,0.007881926881725109,0.0052039136137191,0.0,0.0002678013268006009,30.371895426884294
1704,1972,0.007878754410843434,0.005206620384513446,0.0,0.00026721340263299875,30.388662859797478
1705,1973,0.007877440826293184,0.005203100734649492,0.0,0.00026743400916436923,30.40535470377654
1706,1974,0.007876291235156926,0.005203525610139811,0.0,0.00026727656250171144,30.42210170812905
1707,1975,0.007875355700255264,0.005195552428243102,0.0,0.0002679803272012161,30.43888864479959
1708,1976,0.007873535734282858,0.005196523249916444,0.0,0.00026770124843664134,30.455825434997678
1709,1977,0.007871163778385619,0.005189206202812074,0.0,0.0002681957575573545,30.47244838066399
1710,1979,0.007868831535990821,0.00518483406709138,0.0,0.0002683997468899441,30.496581681072712
1711,1980,0.007863911017642491,0.005189168090595795,0.0,0.00026747429270466966,30.513612828217447
1712,1981,0.00786010654619073,0.0051711350645023005,0.0,0.0002688971481688429,30.530389149673283
1713,1983,0.007857549107427222,0.005175223724233885,0.0,0.00026823253831933364,30.554657880216837
1714,1985,0.007854216143546554,0.0051799357049305385,0.0,0.0002674280438616015,30.578896439634264
1715,1987,0.007851934737984713,0.005186468578423887,0.0,0.0002665466159560825,30.60328841302544
1716,1988,0.007851004534004625,0.005181697668113419,0.0,0.0002669306865891207,30.620073516853154
1717,1989,0.007850679957430983,0.005185397068742385,0.0,0.00026652828886885986,30.63686481770128
1718,1990,0.007848004015709766,0.005180404638850351,0.0,0.0002667599376859414,30.653730832971632
1719,1991,0.007846630924782867,0.005175585551940597,0.0,0.000267104537284227,30.670391971245408
1720,1992,0.007844879313789965,0.005179680298438439,0.0,0.00026651990153515274,30.687130020931363
1721,1993,0.007842861562040055,0.005180468531901377,0.0,0.00026623930301386783,30.70464755780995
1722,1995,0.00784188963718523,0.0051786321599679615,0.0,0.0002663257477217268,30.72867378219962
1723,1996,0.007840051200650828,0.00518229014915947,0.0,0.0002657761051491358,30.745450032874942
1724,1997,0.00783522495482248,0.005196670974815472,0.0,0.0002638553980007007,30.762182706035674
1725,1998,0.00783094793513525,0.005206316056181527,0.0,0.00026246318789537233,30.778884407132864
1726,1999,0.007823701995722597,0.005192793475779439,0.0,0.00026309085199431587,30.7957011628896
1727,2000,0.007816426154328072,0.005190912793431485,0.0,0.00026255133608965874,30.812403693795204
1728,2001,0.00780547264073171,0.005173395822059436,0.0,0.00026320768186722734,30.829249936155975
1729,2003,0.007797171441610381,0.005150553833420243,0.0,0.0002646617608190138,30.853394841775298
1730,2004,0.007787201095850191,0.005155312743041601,0.0,0.00026318883528085905,30.870031488128006
1731,2006,0.00777789562497962,0.00514220075889073,0.0,0.000263569486608889,30.894092394970357
1732,2007,0.007773137472761828,0.005155340755017817,0.0,0.00026177967177440115,30.910869215615094
1733,2009,0.007768866136862798,0.005156030385643239,0.0,0.0002612835751219559,30.935269750654697
1734,2010,0.007766925708642294,0.005116631054830753,0.0,0.00026502946538115415,30.952011020854115
1735,2011,0.007760441239112384,0.005130746198083641,0.0,0.00026296950410287435,30.968790417537093
1736,2012,0.007756808552910296,0.005148488212219006,0.0,0.00026083203406912904,30.98582964669913
1737,2014,0.0077507458327811755,0.005133525504800108,0.0,0.0002617220327981067,31.010211512446404
1738,2015,0.007747999732240904,0.0051319225952228455,0.0,0.0002616077137018059,31.026940281502903
1739,2016,0.007741131192480687,0.0051319429524553095,0.0,0.0002609188240025377,31.0437442464754
1740,2017,0.007736916524471084,0.005134014631287002,0.0,0.00026029018931840816,31.060358460061252
1741,2018,0.0077346433235947025,0.005141266711601433,0.0,0.00025933766119932695,31.07709158025682
1742,2020,0.0077324175079380286,0.005148817905638674,0.0,0.0002583599602299354,31.101239441893995
1743,2021,0.007726492607694785,0.0051489846682004,0.0,0.00025775079394943853,31.118122596293688
1744,2022,0.007723293844467321,0.0051445583985376625,0.0,0.0002578735445929658,31.13515938911587
1745,2023,0.007718357408128601,0.005130059839018519,0.0,0.0002588297569110081,31.152161970734596
1746,2025,0.007714323532103176,0.005147594817713364,0.0,0.0002566728714389812,31.176671019755304
1747,2026,0.007708801433750191,0.0051513882412068425,0.0,0.0002557413192543348,31.193938937038183
1748,2027,0.007705129277793223,0.00513914955261952,0.0,0.00025659797251737025,31.210699697956443
1749,2029,0.007699618234639473,0.005121336369760282,0.0,0.0002578281864879191,31.234738715924323
1750,2030,0.007696283114577446,0.005113193730392484,0.0,0.0002583089384184963,31.251647617667913
1751,2031,0.007692863773200539,0.005124293769286294,0.0,0.0002568570003914245,31.268306581303477
1752,2032,0.007686745908262445,0.005120158352280279,0.0,0.0002566587555982166,31.285250429064035
1753,2033,0.007682627684252586,0.005100987338414612,0.0,0.0002581640345837974,31.301851054653525
1754,2034,0.007679216281923943,0.005100540856506773,0.0,0.000257867542541717,31.318737386725843
1755,2035,0.007677530644388684,0.005101117305268313,0.0,0.0002576413339120371,31.335351350717247
1756,2036,0.007676202946693923,0.005097924648845771,0.0,0.00025782782978481526,31.352268248796463
1757,2037,0.0076746251144217325,0.005096093203514499,0.0,0.0002578531910907234,31.36977957189083
1758,2038,0.007672519086795413,0.005094914002505213,0.0,0.00025776050842902,31.386915687471628
1759,2039,0.007670175815089508,0.005096278442050767,0.0,0.0002573897373038741,31.403507702052593
1760,2040,0.007667151219831214,0.005078316849172823,0.0,0.0002588834370658391,31.420149120502174
1761,2041,0.007663687170104658,0.005056992805531867,0.0,0.00026066943645727917,31.43690714892
1762,2042,0.007659620264865292,0.005048069085609696,0.0,0.0002611551179255596,31.453750424087048
1763,2043,0.007655311924939472,0.005035526128627195,0.0,0.00026197857963122773,31.470507334917784
1764,2044,0.007653284597782569,0.005008020531693166,0.0,0.00026452640660894026,31.487748918123543
1765,2045,0.007648630388109402,0.005021821529347203,0.0,0.00026268088587621993,31.504393696784973
1766,2046,0.0076460585892381755,0.0050263517536074135,0.0,0.0002619706835630762,31.52107596024871
1767,2047,0.007644179607849348,0.005026433988992276,0.0,0.0002617745618857072,31.537723791785538
1768,2048,0.007643248241608894,0.005029213131462714,0.0,0.000261403511014618,31.554438869468868
1769,2049,0.007642332549362161,0.005032678439194354,0.0,0.00026096541101678066,31.571193179115653
1770,2050,0.007641312229110128,0.0050394689211456485,0.0,0.00026018433079644796,31.587961646728218
1771,2051,0.007640137644492884,0.005041182132855025,0.0,0.00025989555116378595,31.604672361165285
1772,2052,0.007639330868616845,0.005045017985162656,0.0,0.0002594312883454189,31.621324283070862
1773,2053,0.007638480830150474,0.005038039042705178,0.0,0.00026004417874452956,31.63796440511942
1774,2054,0.00763802894748135,0.005035134369308807,0.0,0.00026028945781725435,31.654823985882103
1775,2055,0.007636587223576744,0.005032726584775879,0.0,0.0002603860638800865,31.67150163743645
1776,2056,0.007635501366683331,0.005036576905590019,0.0,0.0002598924461093312,31.688162839971483
1777,2057,0.007633869872131159,0.005040739015317577,0.0,0.0002593130856813582,31.704890387132764
1778,2059,0.007633548873075862,0.005040217700381725,0.0,0.0002593331172694137,31.72914911340922
1779,2060,0.007632210420647625,0.005037205572249209,0.0,0.0002595004848398415,31.74606172274798
1780,2061,0.00763066974293145,0.005040668485678414,0.0,0.00025900012572530366,31.76276976801455
1781,2063,0.007629828835460628,0.005041017180727037,0.0,0.00025888116547335906,31.788649883121252
1782,2064,0.0076292692990880175,0.005046934896833953,0.0,0.00025823344022540644,31.80536688864231
1783,2065,0.007628783160619574,0.005044025017301585,0.0,0.0002584758143317989,31.822233909741044
1784,2066,0.007628528674223346,0.005041271490018506,0.0,0.0002587257184204841,31.83924407698214
1785,2067,0.007628168966151221,0.005032915854669014,0.0,0.0002595253111482207,31.856082109734416
1786,2068,0.007627855755861154,0.005031730044773653,0.0,0.00025961257110875013,31.8729087151587
1787,2069,0.007627662950925725,0.0050319579513934815,0.0,0.0002595704999532243,31.889961688779294
1788,2070,0.007627426664086065,0.00503127092105139,0.0,0.00025961557430346756,31.90671944525093
1789,2071,0.007627104347794471,0.00502886804722822,0.0,0.00025982363005662505,31.92344062961638
1790,2072,0.007626584907013284,0.0050256315478345035,0.0,0.00026009533591787805,31.940262833610177
1791,2073,0.00762613001143705,0.005018403434065062,0.0,0.00026077265773719884,31.957042388617992
1792,2074,0.0076256374901749364,0.00501624166976984,0.0,0.00026093958204050966,31.973865813575685
1793,2075,0.007624946662738399,0.005013115830610759,0.0,0.00026118308321276405,31.99084635823965
1794,2076,0.007624464194456685,0.005017118133549775,0.0,0.0002607346060906911,32.007609067484736
1795,2077,0.007623677407478088,0.005022733856287491,0.0,0.00026009435511905975,32.02444491349161
1796,2078,0.007622979735997226,0.005030559852766623,0.0,0.0002592419883230603,32.0411630384624
1797,2079,0.007622696567847392,0.0050312349579613265,0.0,0.00025914616098860664,32.057874236255884
1798,2080,0.00762259201499297,0.00503353405369485,0.0,0.00025890579612981195,32.0746510270983
1799,2081,0.007622511258813438,0.005030830975490931,0.0,0.00025916802833225066,32.09127735719085
1800,2082,0.007622485339428224,0.0050303195107017475,0.0,0.00025921658287264766,32.108017596416175
1801,2083,0.00762244326573502,0.005029971682798337,0.0,0.0002592471582936683,32.12471074145287
1802,2084,0.007622271291667643,0.005028747444525173,0.0,0.000259352384714247,32.14145656302571
1803,2085,0.007622177089841983,0.005028209568732538,0.0,0.00025939675211094444,32.15809835027903
1804,2086,0.007621994999219468,0.005026842742018251,0.0,0.00025951522572012167,32.17485923040658
1805,2087,0.00762178022156814,0.005025093453315847,0.0,0.0002596686768252292,32.19160561449826
1806,2089,0.007621622167802732,0.005024579285735968,0.0,0.00025970428820667644,32.21555104851723
1807,2090,0.007621363558871071,0.005019125694704603,0.0,0.0002602237864166468,32.232375701889396
1808,2091,0.00762119448546505,0.005016494630101561,0.0,0.0002604699855363488,32.24912356026471
1809,2092,0.0076210449946839546,0.005017226126930238,0.0,0.0002603818867753717,32.26595642790198
1810,2093,0.0076209024073674286,0.005016606439340616,0.0,0.00026042959680268123,32.282859088853
1811,2094,0.007620783112299155,0.005017750002709069,0.0,0.0002603033109590087,32.29982048366219
1812,2095,0.0076204648819593965,0.005017336220233387,0.0,0.00026031286617260094,32.316721509210765
1813,2096,0.007620161610469816,0.005021295287984594,0.0,0.0002598866322485221,32.33345024473965
1814,2097,0.007619766466387088,0.005017141676236078,0.0,0.000260262479015101,32.35029221512377
1815,2098,0.007619280971268749,0.0050157819917318325,0.0,0.0002603498979536917,32.367067240178585
1816,2099,0.00761868126159721,0.005011577412220573,0.0,0.0002607103849376636,32.38377444446087
1817,2100,0.007618041069434981,0.005014116883610097,0.0,0.0002603924185824884,32.40177840646356
1818,2101,0.007617342583886339,0.005008313676015367,0.0,0.0002609028907870971,32.418435911647975
1819,2102,0.0076151206700237105,0.0050158258622879795,0.0,0.0002599294807735731,32.43524892628193
1820,2103,0.007613343718684435,0.005015595927486264,0.0,0.00025977477911981705,32.45199686754495
1821,2104,0.007611292856753963,0.005033205496167898,0.0,0.00025780873605860653,32.46876497846097
1822,2105,0.007609153062350121,0.0050292820316476415,0.0,0.00025798710307024797,32.48561551049352
1823,2106,0.007605319747420251,0.005031633848183035,0.0,0.0002573685899237216,32.50237135402858
1824,2107,0.007600649573562426,0.005043033173377679,0.0,0.0002557616400184747,32.51906201429665
1825,2109,0.007597196488382018,0.005044689463635689,0.0,0.0002552507024746329,32.54364883992821
1826,2110,0.007592242595007665,0.005083991158025537,0.0,0.0002508251436982128,32.560327887535095
1827,2112,0.007587952287941858,0.005079945668825696,0.0,0.0002508006619116162,32.58458850067109
1828,2113,0.007583408255712073,0.005076231002168425,0.0,0.0002507177253543648,32.60125627182424
1829,2114,0.007581408149817061,0.005073611375976594,0.0,0.00025077967738404666,32.6180730368942
1830,2116,0.0075785163878200005,0.005077976572701595,0.0,0.0002500539815118406,32.64218932297081
1831,2117,0.007574836781985354,0.005079884460225792,0.0,0.00024949523217595616,32.65899061597884
1832,2118,0.007570473674942487,0.005096605858412821,0.0,0.0002473867816529666,32.675776582211256
1833,2120,0.007567141667909012,0.0051002049780096,0.0,0.0002466936689899412,32.700106689706445
1834,2121,0.0075644857693304875,0.005097455581119226,0.0,0.0002467030188211261,32.71687432285398
1835,2123,0.007562314773312117,0.005088572158815033,0.0,0.0002473742614497084,32.7418742896989
1836,2124,0.007560209479018077,0.0051022896850422906,0.0,0.0002457919793975787,32.75913484767079
1837,2125,0.007558748504234984,0.005104100973076819,0.0,0.00024546475311581654,32.77617986686528
1838,2127,0.007557016845829105,0.005109666229911437,0.0,0.00024473506159176684,32.80022045224905
1839,2128,0.007555577502474483,0.005105528651243234,0.0,0.0002450048851231249,32.81734993588179
1840,2129,0.007554133428287911,0.005115634096522966,0.0,0.00024384993317649455,32.834107547067106
1841,2130,0.007552867223811744,0.005117073584026214,0.0,0.00024357936397855298,32.8512259144336
1842,2131,0.007552517722520822,0.005106804320901221,0.0,0.0002445713401619601,32.867947874590755
1843,2132,0.007551808767114302,0.005108258465194697,0.0,0.0002443550301919605,32.88456418458372
1844,2133,0.00755133900767916,0.005114415161301165,0.0,0.00024369238463779953,32.90117594413459
1845,2134,0.0075507541393284704,0.005113573116027532,0.0,0.0002437181023300938,32.91790148150176
1846,2136,0.0075500632919245705,0.00510882646228853,0.0,0.00024412368296360408,32.94244592729956
1847,2137,0.007549325689850193,0.005107920867485928,0.0,0.00024414048223642652,32.9590672114864
1848,2138,0.007548550693596823,0.005110715158677798,0.0,0.00024378355349190245,32.97569967806339
1849,2139,0.007547583625412918,0.00511749394245188,0.0,0.00024300896829610374,32.992579323239625
1850,2140,0.007547171683291797,0.005130921889965752,0.0,0.00024162497933260453,33.00928720831871
1851,2142,0.007546339920855135,0.005132895528266554,0.0,0.00024134443925885813,33.033427716232836
1852,2143,0.0075452419499216945,0.005131596659618983,0.0,0.00024136452903027118,33.050330352038145
1853,2144,0.007544334908877896,0.0051343942697324165,0.0,0.00024099406391454793,33.067487470805645
1854,2145,0.007542863420071699,0.0051422727501744085,0.0,0.00024005906698972907,33.084159787744284
1855,2146,0.007541345009179329,0.005154801433084323,0.0,0.00023865435760950053,33.10082230716944
1856,2147,0.007539361006212586,0.005158622603351743,0.0,0.0002380738402860842,33.11745181772858
1857,2149,0.007537334768666016,0.0051611655105932444,0.0,0.0002376169258072772,33.14136555045843
1858,2150,0.007533429619577758,0.0051649765505322204,0.0,0.00023684530690455384,33.158117689192295
1859,2151,0.007529939170684211,0.005165242566417311,0.0,0.00023646966042668998,33.174884244799614
1860,2153,0.007525133340148239,0.005153640663580964,0.0,0.00023714926765672757,33.199038279242814
1861,2154,0.007522938894481859,0.005131477479869743,0.0,0.00023914614146121164,33.21574321296066
1862,2155,0.00751559405851795,0.005121560715807061,0.0,0.0002394033342710889,33.23269956745207
1863,2156,0.0075117932983802356,0.005120240702609637,0.0,0.00023915525957705984,33.24947229027748
1864,2157,0.007505604862159291,0.005101797623060499,0.0,0.00024038072390987917,33.266163426451385
1865,2158,0.00750335381449798,0.005082015126869062,0.0,0.00024213386876289182,33.28290960472077
1866,2159,0.007501165787886763,0.0050808413147881955,0.0,0.00024203244730985676,33.29978958982974
1867,2160,0.007498307581530046,0.005079655213020335,0.0,0.0002418652368509712,33.316647520288825
1868,2161,0.007496394265527689,0.005076607938501904,0.0,0.0002419786327025785,33.33345537632704
1869,2162,0.0074905048070912205,0.005078576656292685,0.0,0.00024119281507985356,33.35031089745462
1870,2163,0.007479657280236407,0.005072457745561332,0.0,0.00024071995346750745,33.3670960245654
1871,2164,0.0074658585084359935,0.005059470036097448,0.0,0.0002406388472338546,33.3838567705825
1872,2165,0.007460478215643192,0.005091840204304747,0.0,0.00023686380113384456,33.400606801733375
1873,2167,0.0074378289444346785,0.005072031009330866,0.0,0.00023657979351038124,33.42446689400822
1874,2169,0.0074282891964996016,0.005043195175255245,0.0,0.00023850940212443567,33.44941542018205
1875,2170,0.0074224849390713875,0.00501361702902876,0.0,0.00024088679100426274,33.46615615487099
1876,2171,0.00740642741951308,0.005011708292745235,0.0,0.00023947191267678443,33.48296519368887
1877,2173,0.007402440900367497,0.005014200768779706,0.0,0.00023882401315877916,33.507397073321044
1878,2174,0.007388375160906159,0.005002679893772524,0.0,0.00023856952671336352,33.52412842772901
1879,2175,0.007360706703356438,0.0049576345744479,0.0,0.00024030721289085386,33.5408822754398
1880,2177,0.007340161555777134,0.004947042233613729,0.0,0.0002393119322163405,33.565145884640515
1881,2179,0.007314702300638078,0.004908420028052651,0.0,0.00024062822725854274,33.58925194013864
1882,2181,0.007308029976245294,0.004913371282587497,0.0,0.00023946586936577968,33.613320242613554
1883,2183,0.007285039173053638,0.004883204415439959,0.0,0.00024018347576136795,33.63730513956398
1884,2185,0.007271540694421329,0.004858865202003101,0.0,0.00024126754924182276,33.66201043315232
1885,2186,0.007254885802697334,0.004850179575154849,0.0,0.0002404706227542485,33.6786873517558
1886,2187,0.007235530256445187,0.004815354045898622,0.0,0.0002420176210546565,33.69537663925439
1887,2189,0.007227544703011974,0.00479473769165663,0.0,0.0002432807011355344,33.71932905819267
1888,2191,0.007220377757343549,0.004787934270805085,0.0,0.00024324434865384648,33.74410399142653
1889,2192,0.007209548980820899,0.004760140601810024,0.0,0.0002449408379010875,33.760900002904236
1890,2193,0.007204140019242416,0.004773639862950305,0.0,0.0002430500156292112,33.778060441836715
1891,2194,0.00719197256272865,0.004755464069310974,0.0,0.0002436508493417676,33.79478456452489
1892,2195,0.0071850555421592655,0.004731221589014929,0.0,0.0002453833953144337,33.81234773248434
1893,2196,0.007177053821277255,0.004743579227058845,0.0,0.00024334745942184094,33.8290308136493
1894,2197,0.007172017446998254,0.0047428697885170635,0.0,0.00024291476584811902,33.84586802124977
1895,2198,0.007162428013140118,0.004723574433546689,0.0,0.0002438853579593428,33.86258388031274
1896,2199,0.007156733752023563,0.004720502301590688,0.0,0.00024362314504328754,33.87924966774881
1897,2200,0.007148605179912237,0.004713106544793177,0.0,0.00024354986351190602,33.89593006763607
1898,2202,0.007143207870150485,0.004697289217006774,0.0,0.0002445918653143711,33.92004791274667
1899,2203,0.007133872282382519,0.004694826845759063,0.0,0.00024390454366234559,33.93689522519708
1900,2205,0.007129890348426124,0.004683124114501721,0.0,0.0002446766233924403,33.961755227297544
1901,2206,0.007125057667673532,0.004680907434200081,0.0,0.00024441502334734505,33.97841325867921
1902,2207,0.007120444105441486,0.004648481355844045,0.0,0.0002471962749597442,33.99576740618795
1903,2208,0.007113612184703751,0.004663345988660775,0.0,0.0002450266196042975,34.01255640666932
1904,2209,0.0071076490340361365,0.0046626000515372175,0.0,0.0002445048982498919,34.02979778125882
1905,2211,0.0071027665485990255,0.004651472831747671,0.0,0.0002451293716851355,34.0537884067744
1906,2212,0.007096916063223598,0.004647575254778094,0.0,0.0002449340808445505,34.07055283430964
1907,2213,0.007090248415352424,0.004655910309016607,0.0,0.00024343381063358173,34.08722415100783
1908,2214,0.00708377358060762,0.004651797930633938,0.0,0.00024319756499736818,34.10391068086028
1909,2215,0.007080170225759087,0.0046643590373530225,0.0,0.00024158111884060645,34.12069663312286
1910,2216,0.007071820552322035,0.0046521280409579915,0.0,0.00024196925113640434,34.13744395598769
1911,2217,0.007067077011619079,0.004638950824069565,0.0,0.00024281261875495137,34.15427087247372
1912,2218,0.00706041527164044,0.004624118450461894,0.0,0.00024362968211785459,34.17092105932534
1913,2219,0.007057378340090721,0.004606510303350926,0.0,0.0002450868036739794,34.18784580472857
1914,2220,0.007051697160383824,0.004611889401683573,0.0,0.00024398077587002516,34.204499687068164
1915,2221,0.007048128933363342,0.004605718230780031,0.0,0.0002442410702583311,34.221237970516086
1916,2222,0.007042465932431212,0.004598792465181801,0.0,0.000244367346724941,34.23789566941559
1917,2223,0.007037410374882676,0.004593559643064896,0.0,0.000244385073181778,34.25465963874012
1918,2224,0.007034174698001126,0.004595364294605235,0.0,0.00024388104033958908,34.27219549566507
1919,2225,0.007031248568776356,0.004599934720437953,0.0,0.00024313138483384028,34.2892058826983
1920,2226,0.007030121582074195,0.004593053707832019,0.0,0.0002437067874242176,34.30589007772505
1921,2227,0.007027343015157176,0.004595354432878247,0.0,0.0002431988582278928,34.322721937671304
1922,2228,0.0070243630530686454,0.004595894213388411,0.0,0.0002428468839680234,34.33940884843469
1923,2229,0.007021216984483416,0.004594562340117232,0.0,0.0002426654644366184,34.35619850922376
1924,2230,0.007020020400667607,0.004592065052080885,0.0,0.00024279553485867219,34.37285516317934
1925,2232,0.007018908127078579,0.004591107156957156,0.0,0.00024278009701214235,34.397825978696346
1926,2233,0.007017434405680618,0.004588847746037013,0.0,0.00024285866596436052,34.415056875906885
1927,2234,0.007015353245211084,0.004582651464736773,0.0,0.00024327017804743118,34.43185115419328
1928,2236,0.007013949480414103,0.004586717647792857,0.0,0.00024272318326212455,34.45598709397018
1929,2237,0.007011984989436082,0.004585390477368996,0.0,0.0002426594512067086,34.473025903105736
1930,2238,0.0070106467233585195,0.0045853350082790695,0.0,0.00024253117150794498,34.489767589606345
1931,2239,0.007009664477188855,0.0045849050973582545,0.0,0.00024247593798306,34.506405918858945
1932,2240,0.007008535320671019,0.004585249459555885,0.0,0.00024232858611151337,34.52307206578553
1933,2241,0.007008003139220632,0.0045834150688889,0.0,0.00024245880703317323,34.53989504184574
1934,2242,0.007006725429487027,0.0045788647673366545,0.0,0.0002427860662150372,34.55662038177252
1935,2244,0.007006634283083001,0.004578227883737162,0.0,0.0002428406399345838,34.58063449058682
1936,2245,0.007004837472211691,0.004574818107899602,0.0,0.00024300193643120885,34.597277734428644
1937,2246,0.007003430822001408,0.004558799933292031,0.0,0.0002444630888709376,34.61392972897738
1938,2247,0.007000169338424547,0.00456371862478931,0.0,0.00024364507136352367,34.63074376154691
1939,2248,0.006998627197666829,0.0045618086258570655,0.0,0.0002436818571809764,34.64751101098955
1940,2249,0.006997633318738662,0.004558085666619785,0.0,0.00024395476521188762,34.66465831082314
1941,2250,0.006996879080965096,0.004556741341916725,0.0,0.00024401377390483703,34.68148504383862
1942,2251,0.006995173640078242,0.004556062731841095,0.0,0.00024391109082371465,34.69859779719263
1943,2252,0.006993475044701275,0.004555108120451868,0.0,0.00024383669242494075,34.71615325845778
1944,2253,0.006992521324896292,0.004563475092104948,0.0,0.00024290462327913436,34.7329560527578
1945,2254,0.0069916520158554585,0.0045621573435196015,0.0,0.00024294946723358576,34.749749328009784
1946,2255,0.006990644549164804,0.004563829544321094,0.0,0.00024268150048437092,34.766632890328765
1947,2256,0.0069887603698933504,0.004564507837992653,0.0,0.00024242525319006976,34.783792831003666
1948,2257,0.00698671570603096,0.004568545998658171,0.0,0.00024181697073727898,34.80047413427383
1949,2258,0.006983281455684689,0.004571384539115937,0.0,0.00024118969165687516,34.81714098062366
1950,2259,0.006981010687494241,0.004572086412533874,0.0,0.00024089242749603682,34.833879698999226
1951,2260,0.0069790481140232265,0.004566376472653367,0.0,0.00024126716413698596,34.8510532733053
1952,2261,0.006977134233552033,0.004565135769741859,0.0,0.0002411998463810174,34.867787095718086
1953,2262,0.006974363706300819,0.004559878252241752,0.0,0.00024144854540590673,34.88443376030773
1954,2263,0.006968973819788338,0.0045543454530797885,0.0,0.00024146283667085487,34.90115269832313
1955,2264,0.006963830254109405,0.004553420833198417,0.0,0.0002410409420910988,34.9179150769487
1956,2266,0.006960900232210738,0.00455092170912518,0.0,0.00024099785230855583,34.942311622202396
1957,2268,0.0069585920897813035,0.0045560866456346135,0.0,0.00024025054441466896,34.966366017237306
1958,2269,0.006954548389727266,0.004553633224241138,0.0,0.00024009151654861275,34.98348026815802
1959,2270,0.00695006835754455,0.0045514707986279695,0.0,0.00023985975589165806,35.00074417795986
1960,2271,0.006942262703492292,0.004555971148705805,0.0,0.00023862915547864861,35.01736572757363
1961,2273,0.006938012521142638,0.004549368998012208,0.0,0.00023886435231304303,35.04135969467461
1962,2274,0.00693114169389163,0.004546354920330526,0.0,0.0002384786773561104,35.05821210797876
1963,2275,0.006927544818788209,0.004555386021239583,0.0,0.00023721587975486264,35.07486043125391
1964,2276,0.006924115532879022,0.004551914800468296,0.0,0.0002372200732410726,35.09160610195249
1965,2277,0.006921833752316128,0.004554158137565895,0.0,0.00023676756147502325,35.108270480297506
1966,2278,0.006918721128813645,0.004554065601892316,0.0,0.00023646555269213283,35.12499034497887
1967,2279,0.006914116025371076,0.004555520528707692,0.0,0.00023585954966633845,35.141680017113686
1968,2280,0.006909442662609687,0.004549440347051377,0.0,0.00023600023155583092,35.15838651359081
1969,2281,0.00690565945132617,0.0045522684554413885,0.0,0.0002353390995884781,35.175030392594635
1970,2282,0.006903830721765101,0.0045528003663223285,0.0,0.00023510303554427728,35.1917765783146
1971,2283,0.006900079232389377,0.0045612935111787175,0.0,0.00023387857212106588,35.20852188114077
1972,2284,0.0068966749892784805,0.004559310340777477,0.0,0.00023373646485010032,35.2251696055755
1973,2285,0.0068924194740328775,0.00455203775676386,0.0,0.0002340381717269018,35.241899023763835
1974,2286,0.006888124196050734,0.004554841057884928,0.0,0.0002333283138165805,35.25873628258705
1975,2287,0.006883949785223317,0.00454916631182757,0.0,0.0002334783473395747,35.275346802547574
1976,2288,0.006873087172158182,0.004532396282489547,0.0,0.0002340690889668635,35.29220510646701
1977,2289,0.006864490216654992,0.0045290157391016305,0.0,0.00023354744775533614,35.30899021588266
1978,2291,0.006854079955267409,0.004494726803982802,0.0,0.00023593531512846065,35.333204321563244
1979,2292,0.006845099039314029,0.004478962510063009,0.0,0.000236613652925102,35.35010423325002
1980,2293,0.006831794115526102,0.004445441153232705,0.0,0.00023863529622933973,35.36689546518028
1981,2294,0.00682396364191069,0.0044390349233315385,0.0,0.0002384928718579151,35.3836694508791
1982,2296,0.006817367640762109,0.004412373034985978,0.0,0.00024049946057761302,35.407851250842214
1983,2297,0.006813113746868665,0.00442337368737686,0.0,0.00023897400594918053,35.42451672255993
1984,2298,0.006807152080086498,0.004421643941524698,0.0,0.00023855081385617996,35.44124842248857
1985,2299,0.006801547774930596,0.004411910292298151,0.0,0.00023896374826324452,35.457988226786256
1986,2300,0.006790701307750903,0.004390767895708991,0.0,0.00023999334120419118,35.47473476920277
1987,2301,0.0067737541022798095,0.0043601384765420475,0.0,0.0002413615625737762,35.49136572610587
1988,2302,0.006760622328129398,0.004296088383818517,0.0,0.00024645339443108804,35.50814366526902
1989,2303,0.0067474506199181085,0.004288987017121414,0.0,0.00024584636027966946,35.52481676917523
1990,2304,0.006737002574036175,0.004277370236592963,0.0,0.0002459632337443212,35.542386061511934
1991,2305,0.0067226502486535805,0.004249356107061045,0.0,0.0002473294141592535,35.55915609933436
1992,2306,0.006704133690145173,0.004194547904822761,0.0,0.00025095857853224123,35.57598940562457
1993,2307,0.006691252602073557,0.004148850983273246,0.0,0.0002542401618800311,35.592634063214064
1994,2309,0.0066808372457757515,0.004120020148504048,0.0,0.0002560817097271704,35.61652164068073
1995,2310,0.006676488380069453,0.004088152765440041,0.0,0.00025883356146294117,35.63322429545224
1996,2311,0.00667191421029225,0.004095994148030028,0.0,0.0002575920062262222,35.64993425272405
1997,2313,0.006669237078902401,0.004096225191088977,0.0,0.0002573011887813424,35.674110028892756
1998,2314,0.006665767250517287,0.004071173765212307,0.0,0.000259459348530498,35.69087085407227
1999,2315,0.006662289935542194,0.004063328072999804,0.0,0.000259896186254239,35.70793096162379
2000,2316,0.006656436468384221,0.004045526171158894,0.0,0.0002610910297225327,35.72467889171094
2001,2317,0.006654650075680538,0.004042231602879343,0.0,0.00026124184728011955,35.7413228508085
2002,2318,0.006650398365187831,0.004033679737663965,0.0,0.00026167186275238656,35.75814169086516
2003,2319,0.006648737179176707,0.00405341978759004,0.0,0.00025953173915866675,35.77526775095612
2004,2320,0.006645776274910664,0.004050769504586982,0.0,0.0002595006770323682,35.79195780027658
2005,2321,0.006643009571303678,0.004046839236215295,0.0,0.00025961703350883835,35.808655145578086
2006,2322,0.0066420376323786355,0.004046886933925326,0.0,0.0002595150698453309,35.82544031366706
2007,2324,0.006641369460877889,0.004050277851577251,0.0,0.00025910916093006375,35.849610667675734
2008,2325,0.006640449429844334,0.004042976297327664,0.0,0.00025974731325166707,35.866430465132
2009,2326,0.006639137880611189,0.004029244391896432,0.0,0.00026098934887147564,35.88329211529344
2010,2328,0.006638703013583247,0.004020317955818453,0.0,0.00026183850577647937,35.90773719269782
2011,2330,0.006638243303930115,0.00401770113861772,0.0,0.0002620542165312395,35.931738927960396
2012,2331,0.0066373289804420674,0.0040161588389016544,0.0,0.00026211701415404125,35.94861610606313
2013,2332,0.006636189738493666,0.004006006409818653,0.0,0.0002630183328675013,35.96538702491671
2014,2333,0.006635545816204076,0.004015628666439453,0.0,0.0002619917149764623,35.98263144865632
2015,2334,0.006634974534599496,0.004015618468472205,0.0,0.0002619356066127291,35.9993650065735
2016,2335,0.006634625349441649,0.004014854396727726,0.0,0.00026197709527139227,36.0161854987964
2017,2336,0.006634401269462375,0.004017623335784892,0.0,0.0002616777933677483,36.03290211316198
2018,2337,0.006634056719441843,0.0040197575930214086,0.0,0.00026142991264204346,36.04974648356438
2019,2338,0.006633276833372428,0.004021540702228047,0.0,0.0002611736131144381,36.066431052051485
2020,2340,0.0066327039258693606,0.004024025899741205,0.0,0.0002608678026128156,36.09056171309203
2021,2341,0.006631695625666926,0.00402509400395397,0.0,0.0002606601621712956,36.10719091352075
2022,2342,0.006630311828095909,0.0040189957981507695,0.0,0.00026113160299451397,36.12387880682945
2023,2344,0.006630082862410953,0.004026529397490355,0.0,0.00026035534649205985,36.14809975307435
2024,2345,0.006629263901113828,0.004021148402278703,0.0,0.00026081154988351254,36.1648655757308
2025,2346,0.0066279496741599025,0.004016315526519589,0.0,0.0002611634147640314,36.181589781306684
2026,2347,0.0066264742537534916,0.0040116893906391405,0.0,0.0002614784863114351,36.19823454041034
2027,2348,0.0066239276821893674,0.004010897187531918,0.0,0.000261303049465745,36.21486428473145
2028,2349,0.0066215976988774124,0.004003145872618144,0.0,0.0002618451826259269,36.23163996823132
2029,2350,0.006619365220592378,0.004014533444507687,0.0,0.0002604831776084691,36.24835496582091
2030,2352,0.00661797987081706,0.004007360602563872,0.0,0.0002610619268253189,36.273233651183546
2031,2353,0.0066164277779104655,0.003982310733188749,0.0,0.0002634117044721717,36.29043313115835
2032,2354,0.006613619599709619,0.003991431125660268,0.0,0.0002622188474049351,36.30713089648634
2033,2355,0.0066124764020374215,0.0039916991049123475,0.0,0.00026207772971250737,36.32436262629926
2034,2356,0.006611677984987023,0.003989191708754138,0.0,0.0002622486276232885,36.341473191045225
2035,2357,0.006611042897551768,0.0039861870365347765,0.0,0.0002624855861016992,36.35817347280681
2036,2358,0.006610605894076379,0.003983413554449865,0.0,0.00026271923396265135,36.37491645757109
2037,2359,0.006610134631705622,0.003985204081203079,0.0,0.0002624930550502543,36.39159963745624
2038,2360,0.0066096415919111254,0.003982000713507994,0.0,0.00026276408784031306,36.40917151700705
2039,2361,0.006609084015143905,0.003975844883834059,0.0,0.0002633239131309846,36.42590414453298
2040,2362,0.006608491308885927,0.003972521817729609,0.0,0.00026359694911563174,36.442632532678545
2041,2363,0.006607914211931262,0.003969301023825426,0.0,0.00026386131881058356,36.45939159300178
2042,2364,0.006607330962440321,0.003965449981489662,0.0,0.00026418809809506587,36.476590195670724
2043,2365,0.006606898206839419,0.003958548245945059,0.0,0.00026483499608943596,36.49327895324677
2044,2366,0.006606241735147748,0.003949276745703204,0.0,0.0002656964989444544,36.51003213971853
2045,2367,0.006606006264756198,0.003943200232306889,0.0,0.00026628060324493093,36.52674920018762
2046,2368,0.0066058139090834946,0.003942889842604495,0.0,0.00026629240664790004,36.54339675977826
2047,2369,0.006605666776747182,0.003939885035868404,0.0,0.00026657817408787775,36.56059206556529
2048,2370,0.006605523461586113,0.003939242692484294,0.0,0.0002666280769101819,36.57727051246911
2049,2371,0.006605426461442884,0.003937376510594411,0.0,0.00026680499508484736,36.59409682825208
2050,2372,0.006605355595717045,0.003936327725520792,0.0,0.0002669027870196253,36.61209961120039
2051,2373,0.006605273063963865,0.003934963899209435,0.0,0.000267030916475443,36.629228186793625
2052,2374,0.006605180160286348,0.003932978650039734,0.0,0.0002672201510246614,36.6458976296708
2053,2375,0.00660505248839115,0.00393121274149715,0.0,0.0002673839746894,36.66274846717715
2054,2376,0.0066049398214688025,0.0039295506096327665,0.0,0.00026753892118360357,36.679444402456284
2055,2377,0.006604855768199406,0.003929287948346737,0.0,0.00026755678198526686,36.69609390292317
2056,2378,0.006604810736782143,0.003929323591396586,0.0,0.00026754871453855565,36.71288435719907
2057,2379,0.006604775548271616,0.003930235898741765,0.0,0.00026745396495298515,36.72955711185932
2058,2380,0.0066047383395443394,0.003931594379782096,0.0,0.0002673143959762244,36.747132304124534
2059,2381,0.006604705278475603,0.003935281117504604,0.0,0.00026694241609709986,36.76419520750642
2060,2382,0.006604543942011796,0.003934921110646664,0.0,0.00026696228313651324,36.780980697833
2061,2383,0.006604330083740427,0.003937322472818045,0.0,0.0002667007610922382,36.797745685093105
2062,2384,0.006604072660291237,0.003943311333192994,0.0,0.0002660761327098243,36.81437016651034
2063,2385,0.006603850717394912,0.003947732520267135,0.0,0.0002656118197127777,36.83117700368166
2064,2386,0.006603667324697959,0.003952802975135779,0.0,0.00026508643495621806,36.847954750061035
2065,2387,0.006603400467232243,0.003954428266563388,0.0,0.00026489722006688555,36.86476011201739
2066,2388,0.006603266164879669,0.003961175808843491,0.0,0.00026420903560361777,36.88141976483166
2067,2389,0.0066028420338405955,0.003952733611574777,0.0,0.00026501084222658186,36.898650078102946
2068,2390,0.006602367014327773,0.0039466854969661186,0.0,0.00026556815173616545,36.91531263012439
2069,2391,0.0066016963340136976,0.003938844042977847,0.0,0.00026628522910358506,36.93199325259775
2070,2392,0.006601065557820345,0.0039409631545392785,0.0,0.0002660102403281067,36.9487580480054
2071,2393,0.006600469413375971,0.003940974266683708,0.0,0.0002659495146692263,36.965472631156445
2072,2394,0.006600100354940593,0.00394860501083832,0.0,0.0002651495344102273,36.98216849192977
2073,2395,0.006599597767880314,0.003944231717970883,0.0,0.00026553660499094306,36.9988858345896
2074,2396,0.006598899741880783,0.003935092391347149,0.0,0.0002663807350533633,37.01569706853479
2075,2397,0.0065974683748197885,0.003930018571824205,0.0,0.0002667449802995584,37.03250505775213
2076,2398,0.006594318280832503,0.003927806436497535,0.0,0.0002666511844334968,37.04923106357455
2077,2400,0.006591467877482871,0.003928011311279281,0.0,0.00026634565662035897,37.073270068503916
2078,2401,0.006589257544023407,0.003924849324832249,0.0,0.0002664408219191158,37.090124688111246
2079,2403,0.006586098127682901,0.0039058987243154875,0.0,0.0002680199403367414,37.115095844492316
2080,2405,0.0065783018388048285,0.0038986899455599176,0.0,0.0002679611893244911,37.13996856007725
2081,2406,0.006574085687502432,0.003909459307719804,0.0,0.00026646263797826275,37.15663498174399
2082,2407,0.006565650062072379,0.0038743795863809376,0.0,0.0002691270475691441,37.17330540716648
2083,2409,0.006559630377425201,0.003871124957358254,0.0,0.00026885054200669463,37.197353813797235
2084,2410,0.006550363908970095,0.0038532333506887625,0.0,0.00026971305582813333,37.214035684242845
2085,2412,0.006542809867532006,0.0038558380053929395,0.0,0.0002686971862139067,37.2381240548566
2086,2414,0.006538214450254601,0.0038397452002756015,0.0,0.0002698469249978999,37.26223494298756
2087,2416,0.006535334624319926,0.00384212942276359,0.0,0.00026932052015563355,37.28657398279756
2088,2418,0.006531520046495162,0.003822323663247053,0.0,0.00027091963832481087,37.311560126021504
2089,2419,0.006526348217271046,0.0038097391315198063,0.0,0.000271660908575124,37.328275638632476
2090,2420,0.006521491078069705,0.0038003634930838634,0.0,0.00027211275849858417,37.34555639047176
2091,2421,0.006518925420123471,0.0037822413466178243,0.0,0.0002736684073505647,37.3622762542218
2092,2423,0.0065174771044400675,0.003787273119637135,0.0,0.00027302039848029326,37.386401968076825
2093,2424,0.00651431428298113,0.0037982928957536652,0.0,0.0002716021387227464,37.4031637981534
2094,2425,0.006512145088604836,0.0037945131581893893,0.0,0.0002717631930415446,37.41986439283937
2095,2426,0.00651125836457123,0.0037899697759329245,0.0,0.0002721288588638305,37.43680671509355
2096,2427,0.00651096211235678,0.003795686558434777,0.0,0.00027152755539220025,37.45352429430932
2097,2428,0.006510209785481267,0.003796027522481742,0.0,0.0002714182262999525,37.47082751523703
2098,2429,0.006509895792737847,0.00379636386013568,0.0,0.00027135319326021664,37.487886470742524
2099,2430,0.0065095976107122575,0.0037942097982153556,0.0,0.00027153878124969015,37.5046943211928
2100,2431,0.006509121344209158,0.0037965471529904427,0.0,0.00027125741912187155,37.521408431231976
2101,2432,0.006508514859908215,0.003796352157332531,0.0,0.0002712162702575684,37.53804912045598
2102,2433,0.006507606363080098,0.0037944154102534087,0.0,0.0002713190952826689,37.5547980517149
2103,2434,0.006505084520402536,0.003778621552921856,0.0,0.00027264629674806794,37.57223469298333
2104,2435,0.00650293295604519,0.0037648856531286253,0.0,0.0002738047302916565,37.58892958704382
2105,2436,0.006500350668087187,0.003742376107442472,0.0,0.00027579745606447155,37.606156651861966
2106,2438,0.006498684850516941,0.0037261463231004124,0.0,0.0002772538527416529,37.63065882399678
2107,2440,0.006496046317225461,0.003713797053433832,0.0,0.00027822492637916287,37.65467725414783
2108,2441,0.006494306365288719,0.0037043400692041333,0.0,0.0002789966296084585,37.67147793341428
2109,2442,0.006492594114684929,0.003700334735239526,0.0,0.00027922593794454026,37.688165163621306
2110,2443,0.006491241559461399,0.003690215513736689,0.0,0.0002801026045724709,37.70493650343269
2111,2444,0.006489766098106937,0.003683198794222717,0.0,0.00028065673038842195,37.72169092670083
2112,2445,0.006488090825984203,0.003679783987986733,0.0,0.000280830683799747,37.738302445970476
2113,2446,0.006486456606771331,0.003667860526912767,0.0,0.00028185960798585635,37.7551097124815
2114,2447,0.0064858089503488925,0.0036725122394635806,0.0,0.0002813296710885312,37.771850048564374
2115,2448,0.006484921878977078,0.0036719256682610914,0.0,0.0002812996210715986,37.78944624122232
2116,2449,0.006483586085431615,0.0036720417066469484,0.0,0.0002811544378784667,37.806362848728895
2117,2450,0.006482552629994276,0.0036749409329482298,0.0,0.0002807611697046047,37.82311758585274
2118,2451,0.006480969504956029,0.00367967786260603,0.0,0.0002801291642349999,37.839914824813604
2119,2453,0.0064794937151794185,0.003677609290226514,0.0,0.00028018844249529047,37.86409546807408
2120,2454,0.006477849830910567,0.003693615243436724,0.0,0.00027842345874738435,37.88089803326875
2121,2455,0.006476286147515755,0.0036813572179132184,0.0,0.0002794928929602537,37.89801772776991
2122,2456,0.006473571837251359,0.0036797837959543,0.0,0.00027937880412970596,37.91509309131652
2123,2457,0.006471211716848346,0.00369171447282694,0.0,0.00027794972440214053,37.9322327952832
2124,2458,0.006469308558125495,0.003703589914699445,0.0,0.00027657186434260495,37.94898573029786
2125,2460,0.006467706577684567,0.0037037089210626927,0.0,0.0002763997656621875,37.97300785407424
2126,2461,0.006466505247646923,0.003699567355132416,0.0,0.00027669378925145065,37.98986505717039
2127,2462,0.006464820305941689,0.003708060414938751,0.0,0.0002756759891002938,38.00659146811813
2128,2463,0.006462874811776126,0.003715348027763718,0.0,0.00027475267840124085,38.0232591079548
2129,2464,0.006460997494293911,0.0037355825349162453,0.0,0.0002725414959377666,38.039956596679986
2130,2466,0.006460320662018238,0.0037338162411023443,0.0,0.0002726504420915894,38.06414040271193
2131,2468,0.006459752450192724,0.0037358480433902614,0.0,0.00027239044068024627,38.08824313059449
2132,2469,0.006458395167616322,0.0037335481217133757,0.0,0.00027248470459029467,38.10500352922827
2133,2470,0.006456991657180896,0.003736312611657783,0.0,0.00027206790455231133,38.12164867669344
2134,2471,0.00645584070232055,0.0037477949219663414,0.0,0.0002708045780354209,38.138498107902706
2135,2472,0.0064546564645937,0.003753502647395693,0.0,0.00027011538171980065,38.155159858986735
2136,2473,0.006453357522026906,0.0037559199685916374,0.0,0.00026974375534352684,38.17242200020701
2137,2474,0.006450904096491101,0.0037568088069369655,0.0,0.00026940952895541356,38.18912452366203
2138,2475,0.006449869630081966,0.0037518731658650003,0.0,0.0002697996464216966,38.205828201025724
2139,2476,0.006446396186635955,0.0037319617318922037,0.0,0.0002714434454743751,38.22290646843612
2140,2477,0.006442566584916131,0.0037351258716480026,0.0,0.00027074407132681285,38.239647259004414
2141,2478,0.00643870942064359,0.0037245506416469392,0.0,0.0002714158778996651,38.25632179714739
2142,2479,0.006435463358717837,0.00371178723218313,0.0,0.00027236761265347074,38.27322613168508
2143,2480,0.006432345374509534,0.0036944250214388827,0.0,0.0002737920353070652,38.28993666078895
2144,2481,0.006428977600067922,0.0036871987453629147,0.0,0.00027417788547050076,38.30680212751031
2145,2482,0.006426574523460539,0.003680716577685011,0.0,0.0002745857945775528,38.323613407090306
2146,2483,0.006424949649800362,0.003687086683015317,0.0,0.00027378629667850445,38.340280225500464
2147,2484,0.006421405172181751,0.0036763183551679355,0.0,0.00027450868170138156,38.357051096856594
2148,2485,0.0064200045766445845,0.0036701032628299293,0.0,0.0002749901313814655,38.37392205465585
2149,2486,0.00641859567173644,0.0036688144294043093,0.0,0.00027497812423321307,38.39098507165909
2150,2488,0.006417953381427315,0.003665038487061678,0.0,0.00027529148943656364,38.41539673414081
2151,2489,0.006417267534988745,0.0036592409297174586,0.0,0.00027580266052712867,38.432251687161624
2152,2490,0.006417009061295577,0.003656964376309616,0.0,0.0002760044684985961,38.449009119533
2153,2491,0.006416870392284074,0.0036558356780132034,0.0,0.0002761034714270871,38.46593615505844
2154,2492,0.0064165029437209704,0.0036569482676444814,0.0,0.0002759554676076489,38.48267132323235
2155,2493,0.006416428253152322,0.00365906813663679,0.0,0.0002757360116515532,38.49937661644071
2156,2494,0.006415899029079989,0.0036635729259949716,0.0,0.0002752326103085018,38.516036689281464
2157,2495,0.006415489786396637,0.003665904879084845,0.0,0.00027495849073117917,38.53321060910821
2158,2496,0.006414609280609485,0.003674621464742708,0.0,0.0002739987815866777,38.549948485568166
2159,2497,0.006413624638439001,0.0036850261818655032,0.0,0.00027285984565734983,38.56677378900349
2160,2499,0.006413010719109795,0.0036939243078280993,0.0,0.0002719086411281696,38.59092947281897
2161,2500,0.006412089806859637,0.003696914082890575,0.0,0.0002715175723969062,38.60785748716444
2162,2502,0.006410881950607395,0.0037127805566151183,0.0,0.0002698101393992277,38.63255287054926
2163,2503,0.00640929989526855,0.0037107662402880086,0.0,0.0002698533654980541,38.649310112930834
2164,2504,0.006407131916384437,0.0037176524338602196,0.0,0.00026894794825242175,38.66607331112027
2165,2505,0.006405704769306437,0.003726056335522715,0.0,0.0002679648433783722,38.68291123211384
2166,2507,0.00640396592666415,0.0037346130723814094,0.0,0.00026693528542827405,38.70737473666668
2167,2508,0.006402449690037198,0.0037602383529185216,0.0,0.0002642211337118676,38.72409588750452
2168,2509,0.006400854129361091,0.0037507632422710893,0.0,0.0002650090887090002,38.740820278413594
2169,2510,0.006400117013429929,0.0037541007949594084,0.0,0.00026460162184705215,38.75751391425729
2170,2511,0.00639926942363251,0.003764382402206248,0.0,0.0002634887021426262,38.77425713278353
2171,2512,0.006398605464278555,0.0037722203594393565,0.0,0.0002626385104839198,38.7910029636696
2172,2513,0.006397575711967112,0.0037773531645585844,0.0,0.00026202225474085275,38.80770550575107
2173,2514,0.006397208552102216,0.0037805903415529312,0.0,0.00026166182105492853,38.824401726946235
2174,2515,0.0063963484422615464,0.00377557286634724,0.0,0.0002620775575914306,38.84107604622841
2175,2516,0.006395351324172428,0.003767901930289627,0.0,0.0002627449393882801,38.85779703129083
2176,2517,0.0063922423588046555,0.003748845199414959,0.0,0.00026433971593896967,38.87462297268212
2177,2519,0.006390325195891885,0.003742325450832977,0.0,0.0002647999745058907,38.898804960772395
2178,2520,0.00638896667103442,0.003740376640599828,0.0,0.00026485900304345914,38.915467727929354
2179,2521,0.006387866331867739,0.0037443039636945305,0.0,0.00026435623681732084,38.93218716979027
2180,2522,0.006386374343957237,0.0037449123410813376,0.0,0.00026414620028758994,38.94899392873049
2181,2523,0.0063848664627397965,0.0037416202253065774,0.0,0.0002643246237433219,38.96573916263878
2182,2525,0.006384034938777333,0.0037410111999191904,0.0,0.00026430237388581424,38.98977462295443
2183,2526,0.006382737370275925,0.003736248729409224,0.0,0.0002646488640866701,39.007308626547456
2184,2527,0.006381260451401409,0.00373094049424929,0.0,0.0002650319957152119,39.02403901331127
2185,2528,0.0063804635288185465,0.003728862415304683,0.0,0.00026516011135138635,39.04079361259937
2186,2529,0.0063798458180011,0.003727891176557251,0.0,0.0002651954641443849,39.057486581616104
2187,2530,0.0063793748904607695,0.0037264755487189352,0.0,0.0002652899341741834,39.07417500205338
2188,2531,0.00637876293326161,0.0037253098384993047,0.0,0.00026534530947623056,39.09085522592068
2189,2532,0.006377498759445391,0.0037273340637198516,0.0,0.000265016469572554,39.10760989692062
2190,2533,0.006376286797341632,0.0037285926885173995,0.0,0.00026476941088242323,39.124217832461
2191,2534,0.006375047504157066,0.003733847816955944,0.0,0.0002641199687201122,39.14092764630914
2192,2535,0.0063737914679394755,0.003745407650368121,0.0,0.0002628383817571354,39.15856599248946
2193,2536,0.006372561547933527,0.003739687691474151,0.0,0.0002632873856459376,39.175241590477526
2194,2537,0.006371976784131941,0.003737610731997024,0.0,0.00026343660521349177,39.19192407466471
2195,2538,0.006371238128347972,0.003737312655104432,0.0,0.00026339254732435407,39.20867733284831
2196,2539,0.006370408715435426,0.003737676391749229,0.0,0.00026327323236861975,39.225317060016096
2197,2540,0.006368950333016803,0.003734390747622094,0.0,0.00026345595853947095,39.24200222827494
2198,2541,0.006367740904961299,0.0037343996871198114,0.0,0.00026333412178414873,39.25870744511485
2199,2542,0.006367068523307887,0.003736203645121058,0.0,0.00026308648781868285,39.2756338538602
2200,2543,0.006366561694160532,0.003742807912444959,0.0,0.0002623753781715573,39.292866168543696
2201,2544,0.006366086397522899,0.003742130972758141,0.0,0.0002623955424764758,39.30968496389687
2202,2545,0.0063652116569087765,0.0037428226773444954,0.0,0.00026223889795642816,39.32651444710791
2203,2546,0.006364123248519922,0.003744366679175741,0.0,0.00026197565693441806,39.34329082816839
2204,2547,0.006362341898573658,0.003747829428968491,0.0,0.00026145124696051665,39.359993966296315
2205,2549,0.0063614349918896685,0.003753633119903607,0.0,0.0002607801871986062,39.3840829115361
2206,2550,0.006358853128452122,0.003752767688645553,0.0,0.0002606085439806568,39.40084858611226
2207,2551,0.006356697312289468,0.003752067952497236,0.0,0.0002604629359792232,39.418422914110124
2208,2553,0.006355067442316679,0.0037619574426696538,0.0,0.0002593109999647025,39.44252049457282
2209,2554,0.00635327344486591,0.00377709264898144,0.0,0.00025761807958844704,39.45918973907828
2210,2555,0.0063518280851660655,0.003785282986701534,0.0,0.0002566545098464532,39.47587815113366
2211,2556,0.006351004929349197,0.0037934954488676553,0.0,0.00025575094804815415,39.492646124213934
2212,2557,0.006350350094776779,0.003794604721352663,0.0,0.00025557453734241156,39.50936216302216
2213,2558,0.006349261365323363,0.003794801159474764,0.0,0.0002554460205848599,39.52610110491514
2214,2560,0.00634831778964308,0.0037876291721585034,0.0,0.00025606886174845767,39.55017143767327
2215,2561,0.006346783382526771,0.0037818757768937946,0.0,0.0002564907605632976,39.566904136911035
2216,2562,0.006344638743613174,0.0037684974818203948,0.0,0.0002576141261792779,39.58367853425443
2217,2563,0.006343296601319643,0.003757135206842222,0.0,0.00025861613944774207,39.60035135410726
2218,2565,0.006342114044094913,0.0037492199023671474,0.0,0.0002592894141727766,39.6244190055877
2219,2566,0.006340838406284851,0.003747122321045681,0.0,0.00025937160852391696,39.64114802610129
2220,2567,0.006338545546363868,0.0037406439809329222,0.0,0.00025979015654309465,39.65791560057551
2221,2568,0.006337369017212387,0.003733241988844401,0.0,0.00026041270283679854,39.674750917591155
2222,2569,0.006336346320757941,0.003724306964728758,0.0,0.00026120393560291827,39.691493263468146
2223,2570,0.006334675567236406,0.0037186078142573487,0.0,0.00026160677529790574,39.708164578303695
2224,2571,0.0063336957171584215,0.003713809110716494,0.0,0.0002619886606441927,39.72610702365637
2225,2572,0.00633216238312076,0.0037025482042415793,0.0,0.000262961417887918,39.74288943130523
2226,2573,0.006330599070819759,0.00370306904051857,0.0,0.0002627530030301189,39.759681654162705
2227,2574,0.006329639870825653,0.0037009577162539753,0.0,0.00026286821545716776,39.77648403681815
2228,2575,0.006328809024344561,0.0037040189347756916,0.0,0.00026247900895688697,39.79327248968184
2229,2576,0.006327932718106925,0.0037011320099230834,0.0,0.0002626800708183842,39.810040313750505
2230,2577,0.0063266933113221395,0.003702681370673652,0.0,0.0002624011940648487,39.82666543032974
2231,2578,0.006325464734664375,0.003704554484617542,0.0,0.00026209102500468327,39.84349588677287
2232,2579,0.006324713664693459,0.0036962528532817267,0.0,0.00026284608114117327,39.860294081270695
2233,2580,0.006323451315575849,0.003700907017680006,0.0,0.00026225442978958425,39.87704331707209
2234,2581,0.006322117422501201,0.003702708786122042,0.0,0.00026194086363791596,39.8938327068463
2235,2582,0.006320576123066104,0.0037007973141475405,0.0,0.0002619778808918563,39.91148893069476
2236,2584,0.006319672060592122,0.0036987368633717758,0.0,0.0002620935197220346,39.935589083470404
2237,2585,0.006318933546302979,0.0036991399396725734,0.0,0.0002619793606630406,39.95225165504962
2238,2586,0.006317664426328981,0.003691078447661878,0.0,0.0002626585978667104,39.96893668361008
2239,2587,0.0063165433149147574,0.003690186041279055,0.0,0.00026263572736357025,39.985710516572
2240,2588,0.006315076104676836,0.0036895560645702915,0.0,0.00026255200401065443,40.002355771139264
2241,2589,0.006314375018703532,0.003690397489737638,0.0,0.0002623977528965895,40.01909892167896
2242,2590,0.006313846625741561,0.0036825343221635175,0.0,0.00026313123035780434,40.0361397927627
2243,2591,0.006313562208008752,0.003684307622735369,0.0,0.0002629254585273383,40.05291199218482
2244,2592,0.006313215650286823,0.003685118157588036,0.0,0.00026280974926987864,40.0696751922369
2245,2593,0.006312947204122801,0.003681410557453826,0.0,0.0002631536646668975,40.086335219442844
2246,2594,0.006312755650735099,0.003679226021604915,0.0,0.0002633529629130184,40.10307014454156
2247,2595,0.006312617119065316,0.0036767702792637144,0.0,0.00026358468398016025,40.11984993703663
2248,2596,0.006312553411997354,0.003674966717008272,0.0,0.0002637586694989082,40.136563036590815
2249,2597,0.006312413437143205,0.003671173552819713,0.0,0.0002641239884323491,40.15325614530593
2250,2598,0.0063122864582525785,0.0036678879542014916,0.0,0.0002644398504051087,40.17000061459839
2251,2599,0.00631211709793917,0.003664451562968718,0.0,0.00026476655349704517,40.18675032630563
2252,2600,0.006311807343247098,0.0036598708636285406,0.0,0.00026519364796185577,40.203407691791654
2253,2601,0.0063114293707324486,0.003654539322084704,0.0,0.0002656890048647745,40.22012629918754
2254,2602,0.006310897182255314,0.0036519749698709345,0.0,0.000265892221238438,40.23727506492287
2255,2603,0.006310053071231607,0.003648358000057496,0.0,0.000266169507117411,40.25396489724517
2256,2604,0.006309160326856774,0.003652349105065124,0.0,0.000265681122179165,40.27072492148727
2257,2606,0.0063085136214546395,0.003649329955189158,0.0,0.0002659183666265481,40.29494649358094
2258,2607,0.00630790030541817,0.0036556404168066256,0.0,0.0002652259888611545,40.311635145917535
2259,2608,0.006307499346496697,0.0036592865199109735,0.0,0.0002648212826585724,40.328238441608846
2260,2609,0.0063072843919616105,0.0036577802351840864,0.0,0.0002649504156777524,40.34492032416165
2261,2610,0.006307095901204788,0.0036596672975045597,0.0,0.0002647428603700229,40.361770945601165
2262,2611,0.006306948931366586,0.0036597154269540793,0.0,0.00026472335044125064,40.37938467040658
2263,2612,0.006306852820372116,0.0036588168093272975,0.0,0.00026480360110448176,40.39663823042065
2264,2613,0.006306629554825902,0.003654659183900063,0.0,0.0002651970370925839,40.41328836604953
2265,2614,0.00630641296316887,0.003654658789728741,0.0,0.00026517541734401285,40.430046510882676
2266,2615,0.00630603613644593,0.0036557986890511543,0.0,0.0002650237447394775,40.44693412259221
2267,2616,0.006304650211242141,0.003658482206309163,0.0,0.0002646168004932978,40.464276649057865
2268,2618,0.0063037420387707915,0.0036567012785887936,0.0,0.00026470407601819976,40.489358024671674
2269,2620,0.006303168680273151,0.003663873194455689,0.0,0.00026392954858174615,40.51342408545315
2270,2621,0.006301669647482243,0.003665285510087996,0.0,0.00026363841373942473,40.53018150757998
2271,2622,0.006300180401845238,0.0036701191320505345,0.0,0.00026300612697947043,40.54693074245006
2272,2623,0.006298625065839413,0.0036700159737434847,0.0,0.0002628609092095929,40.563748978078365
2273,2624,0.00629762230739583,0.003675516272890918,0.0,0.00026221060345049126,40.58078977558762
2274,2626,0.006296761863233291,0.003670998768048205,0.0,0.00026257630951850863,40.60468915104866
2275,2627,0.00629600339614917,0.003671296311915092,0.0,0.0002624707084234078,40.621429787017405
2276,2628,0.006295156204092665,0.003674287005261497,0.0,0.0002620869198831168,40.638118538074195
2277,2629,0.006293438824589344,0.003684085580437896,0.0,0.0002609353244151448,40.654944598674774
2278,2630,0.006290619920295189,0.00370118298979175,0.0,0.00025894369305034387,40.671822264790535
2279,2633,0.0062901976573796654,0.0037043882040492812,0.0,0.0002585809453330384,40.7034134818241
2280,2634,0.006287598070054808,0.003718974493804292,0.0,0.0002568623576250516,40.72010233812034
2281,2636,0.006285758006542687,0.0037365106368973788,0.0,0.00025492473696453086,40.74417077656835
2282,2637,0.006283851849514245,0.003744680512053681,0.0,0.00025391713374605643,40.760948810726404
2283,2638,0.006282749194606354,0.0037617633509766366,0.0,0.0002520985843629717,40.77764938957989
2284,2639,0.006281098965700997,0.0037488081490289617,0.0,0.00025322908166720354,40.794324385002255
2285,2640,0.006280650469865668,0.0037527771779696808,0.0,0.00025278732918959873,40.81103509198874
2286,2641,0.0062790104668798185,0.003755220389028102,0.0,0.00025237900778517165,40.82774767559022
2287,2642,0.006278288653482274,0.0037618240799963737,0.0,0.00025164645734859005,40.84439360443503
2288,2643,0.006277315272616674,0.003769224644695378,0.0,0.0002508090627921296,40.86123342718929
2289,2644,0.006276574588353234,0.0037787620439984917,0.0,0.00024978125443547424,40.87799853179604
2290,2645,0.006276134620248893,0.0037863515096175026,0.0,0.0002489783110631391,40.89473557844758
2291,2646,0.006275722641389198,0.0037827233537210893,0.0,0.00024929992876681083,40.91147077456117
2292,2647,0.006275201544693944,0.0037814626427056255,0.0,0.00024937389019883186,40.928167045116425
2293,2648,0.006274668996248307,0.003781340133828506,0.0,0.00024933288624198003,40.94491221103817
2294,2649,0.006274142660403847,0.0037835534950367085,0.0,0.00024905891653671385,40.96178264450282
2295,2650,0.006273575289783439,0.0037845365323067384,0.0,0.0002489038757476701,40.97847953252494
2296,2651,0.00627307597688574,0.003783892154356555,0.0,0.00024891838225291855,40.99587650410831
2297,2652,0.0062726950335489605,0.00377865762398507,0.0,0.000249403740956389,41.01265739183873
2298,2653,0.006272228497364826,0.0037777080375587632,0.0,0.0002494520459806063,41.02938771806657
2299,2654,0.00627184822721561,0.0037786789655801837,0.0,0.00024931692616354264,41.04610452149063
2300,2655,0.006271482539928238,0.0037781054064909892,0.0,0.0002493377133437248,41.06288082245737
2301,2656,0.006271190602820071,0.0037795380320127373,0.0,0.0002491652570807334,41.079618769697845
2302,2657,0.0062706377980585384,0.00378224377852357,0.0,0.0002488394019534969,41.09631342254579
2303,2658,0.0062698674151941795,0.003782458816799002,0.0,0.00024874085983951774,41.112991265021265
2304,2659,0.006268462550409552,0.003783011459432824,0.0,0.00024854510909767276,41.130198770202696
2305,2660,0.00626661860342189,0.0037780549612313604,0.0,0.000248856364219053,41.14760609995574
2306,2662,0.006264710969865006,0.003777528063037271,0.0,0.00024871829068277346,41.17165463697165
2307,2663,0.00626373129567085,0.0037715142387729625,0.0,0.0002492217056897887,41.188382321968675
2308,2664,0.006256320636383264,0.003758899734913308,0.0,0.00024974209014699556,41.20511075202376
2309,2666,0.006252372926289229,0.0037543969686499087,0.0,0.00024979759576393206,41.229933398775756
2310,2667,0.006244612059234278,0.0037430951945968812,0.0,0.0002501516864637397,41.24672548379749
2311,2669,0.006235790900792506,0.0037302838308461315,0.0,0.00025055070699463747,41.27126251440495
2312,2671,0.006227942379062417,0.0037121130410397844,0.0,0.00025158293380226325,41.29538912884891
2313,2672,0.006218025181060277,0.0036638276383062908,0.0,0.00025541975427539865,41.31213178113103
2314,2674,0.006204995371946435,0.003637328537803226,0.0,0.0002567666834143209,41.337006732821465
2315,2676,0.006189154076984031,0.003619965342496355,0.0,0.0002569188734487676,41.361473470926285
2316,2678,0.006176955944642766,0.003602053582163227,0.0,0.0002574902362479539,41.3855442982167
2317,2680,0.006162764978800075,0.0035773717252048677,0.0,0.0002585393253595207,41.409516357816756
2318,2682,0.006142612496261503,0.0035516653322990384,0.0,0.0002590947163962465,41.43372332304716
2319,2684,0.006129960966525206,0.0035282851801765667,0.0,0.0002601675786348639,41.45793853607029
2320,2686,0.006115410866588365,0.0035182928945607216,0.0,0.00025971179720276434,41.482414338737726
2321,2687,0.006102072011737153,0.00348976194246357,0.0,0.00026123100692735827,41.499153229407966
2322,2689,0.006087871215211529,0.003467436743725645,0.0,0.00026204344714858845,41.52327639888972
2323,2691,0.006070835887943621,0.0034571686144827174,0.0,0.00026136672734609033,41.547457470558584
2324,2693,0.006057887716301235,0.0034470518474519433,0.0,0.00026108358688492917,41.57151543069631
2325,2695,0.006043496972474092,0.0034075205000329333,0.0,0.0002635976472441159,41.59551455732435
2326,2696,0.006025425105905227,0.0033521037855925645,0.0,0.0002673321320312663,41.61221370566636
2327,2698,0.006007556670992819,0.003334242310525762,0.0,0.0002673314360467058,41.63717561494559
2328,2700,0.005996095594915702,0.0033320258424143884,0.0,0.00026640697525013137,41.66124030482024
2329,2702,0.005985403780588932,0.0033127064910700127,0.0,0.0002672697289518919,41.68658870179206
2330,2704,0.005976317936735073,0.0033089277791555592,0.0,0.0002667390157579514,41.71098724659532
2331,2706,0.005966950137787661,0.003304643188885896,0.0,0.0002662306948901765,41.735357988625765
2332,2708,0.00595886555840441,0.0032830508183519535,0.0,0.00026758147400524567,41.7594282431528
2333,2709,0.005949007378355119,0.00328074611642362,0.0,0.00026682612619314985,41.77623691782355
2334,2710,0.0059420009620350985,0.0032646592394964067,0.0,0.00026773417225386915,41.79302858840674
2335,2712,0.005939839855437968,0.0032601397085816673,0.0,0.00026797001468563007,41.81707048788667
2336,2713,0.0059344579737382365,0.0032537054881780305,0.0,0.0002680752485560206,41.83381580747664
2337,2714,0.005932472166186734,0.003257415170471315,0.0,0.00026750569957154183,41.85071752872318
2338,2715,0.005928598661536817,0.0032383871462648294,0.0,0.0002690211515271988,41.867389977909625
2339,2717,0.005924568756093476,0.003231957860258845,0.0,0.000269261089583463,41.89148624893278
2340,2718,0.005922618755413114,0.0032275817549266245,0.0,0.00026950370004864897,41.909060158766806
2341,2719,0.0059199204687816675,0.0032311227480770494,0.0,0.0002688797720704618,41.92573532555252
2342,2720,0.005916708024293303,0.003220884758916943,0.0,0.000269582326537636,41.94319754000753
2343,2721,0.0059132241285624245,0.003216128080290381,0.0,0.0002697096048272044,41.95998777542263
2344,2722,0.0059102574301784835,0.0032140002852719123,0.0,0.0002696257144906572,41.976722658611834
2345,2723,0.005907675562153293,0.0032169408300863444,0.0,0.00026907347320669485,41.993411518633366
2346,2724,0.0059036761262843285,0.003213848004395176,0.0,0.00026898281218891526,42.010079611092806
2347,2725,0.005899627861691623,0.0032147661522122298,0.0,0.0002684861709479393,42.026858075521886
2348,2726,0.005895057987161154,0.0032283353753741304,0.0,0.0002666722611787023,42.04356124997139
2349,2727,0.005889527548020708,0.003228288677583109,0.0,0.0002661238870437599,42.06022098381072
2350,2728,0.005882473862496973,0.0032254596584910733,0.0,0.00026570142040059,42.07699250429869
2351,2730,0.005874037454387242,0.003232056192216112,0.0,0.0002641981262171129,42.101138229481876
2352,2731,0.00586289425332733,0.0032315474698318227,0.0,0.0002631346783495507,42.11802394129336
2353,2732,0.005848447124680271,0.0032293406210268335,0.0,0.00026191065036534374,42.13467171881348
2354,2733,0.005841248235074837,0.0032276596761943777,0.0,0.00026135885588804593,42.151415690779686
2355,2734,0.005831098680044626,0.0032430329128596462,0.0,0.000258806576718498,42.16810634266585
2356,2735,0.005826030557051701,0.0032304157861808786,0.0,0.0002595614770870823,42.184962027706206
2357,2736,0.005819876935863201,0.003229402737715897,0.0,0.0002590474198147304,42.20180902350694
2358,2737,0.00581528829413234,0.003232708813155338,0.0,0.0002582579480977002,42.2186566228047
2359,2739,0.005812245405625109,0.0032355311608889916,0.0,0.0002576714244736117,42.243969715200365
2360,2740,0.005805526584003009,0.003231226807520588,0.0,0.0002574299776482421,42.261124956421554
2361,2741,0.005794568463112531,0.0032144695509918942,0.0,0.00025800989121206364,42.2778807412833
2362,2742,0.005785329109515036,0.0032154132823798073,0.0,0.0002569915827135228,42.29463523067534
2363,2743,0.005779403293501984,0.0032073657718686165,0.0,0.0002572037521633368,42.31127317156643
2364,2745,0.005775349939345491,0.003208668345105996,0.0,0.00025666815942394956,42.33536805678159
2365,2746,0.0057724431030196175,0.0032131792003350737,0.0,0.00025592639026845445,42.35216910112649
2366,2747,0.005770270466001086,0.0032126538976076802,0.0,0.00025576165683934053,42.368923500180244
2367,2748,0.005766573333461334,0.0032084113991960924,0.0,0.00025581619342652417,42.38564426172525
2368,2749,0.0057617055619700345,0.003197664025526608,0.0,0.00025640415364434264,42.40229534357786
2369,2750,0.005756169203602517,0.003179288220384223,0.0,0.00025768809832182936,42.418877677060664
2370,2751,0.005753318995591731,0.00315924026528465,0.0,0.0002594078730307081,42.43567823152989
2371,2752,0.005750552226827409,0.0031577504479912534,0.0,0.0002592801778836156,42.4524589125067
2372,2753,0.005748396295847127,0.0031543867879369053,0.0,0.0002594009507910222,42.46918104402721
2373,2754,0.005744946028675569,0.003152083609842448,0.0,0.00025928624188331206,42.48597570043057
2374,2755,0.005742341504546377,0.003141644293276411,0.0,0.00026006972112699664,42.5036087455228
2375,2756,0.005740201145951433,0.0031432333056248384,0.0,0.00025969678403265945,42.5202573928982
2376,2758,0.005738971910168797,0.003134089541711273,0.0,0.00026048823684575234,42.54431130923331
2377,2759,0.005734072198758211,0.0031369460725566498,0.0,0.00025971261262015615,42.561070651747286
2378,2760,0.005730715282451085,0.003166414885066752,0.0,0.00025643003973843334,42.577854755334556
2379,2761,0.005723753589022548,0.0031573670189521314,0.0,0.00025663865700704155,42.594662259332836
2380,2762,0.0057219552354031405,0.003155251799499502,0.0,0.0002566703435903638,42.6113596688956
2381,2763,0.005719143994490685,0.0031770036188399115,0.0,0.00025421403756507735,42.628124670125544
2382,2764,0.005717557970384701,0.0031705177198496294,0.0,0.00025470402505350725,42.64481679070741
2383,2765,0.005715309195742504,0.0031723950750225534,0.0,0.00025429141207199504,42.661648706533015
2384,2766,0.005714127753643876,0.0031754977785001773,0.0,0.0002538629975143699,42.67893091868609
2385,2767,0.005712290123244619,0.0031790807999384245,0.0,0.0002533209323306194,42.6956598367542
2386,2768,0.005709549241975861,0.003180151012593027,0.0,0.00025293982293828337,42.71295588091016
2387,2769,0.005705157146482742,0.0031823958131038206,0.0,0.00025227613333789217,42.729673970490694
2388,2770,0.005698214187644376,0.003184380334442092,0.0,0.00025138338532022835,42.74644361343235
2389,2771,0.005689865134638775,0.003177730318971618,0.0,0.0002512134815667157,42.763240550644696
2390,2772,0.0056819012478760665,0.0031767934123713964,0.0,0.00025051078355046703,42.780043579638004
2391,2773,0.005679471192761921,0.0031532560525801587,0.0,0.0002526215140181763,42.7967395754531
2392,2774,0.005675942966454673,0.003158943060464058,0.0,0.0002516999905990616,42.813376082107425
2393,2775,0.00567341192812149,0.0031632128427589723,0.0,0.00025101990853625177,42.83016874175519
2394,2776,0.005669930285171883,0.003156537853177613,0.0,0.000251339243199427,42.84698187280446
2395,2777,0.005666038668642166,0.003146322821331621,0.0,0.00025197158473105446,42.86370676103979
2396,2778,0.005662342266592145,0.003148298611472355,0.0,0.000251404365511979,42.88034147024155
2397,2779,0.00565883319369349,0.0031519164161733365,0.0,0.00025069167775201536,42.897039636969566
2398,2780,0.005657122084916982,0.0031523447226512254,0.0,0.0002504777362265756,42.91388197802007
2399,2781,0.00565535194210545,0.003153428146384536,0.0,0.0002501923795720914,42.930549528449774
2400,2782,0.005653198833374088,0.003160082300879,0.0,0.00024931165324950885,42.947423049248755
2401,2783,0.0056454528864468626,0.0031497680745813787,0.0,0.0002495684811865484,42.96468878816813
2402,2784,0.005640734344515371,0.0031453472498585307,0.0,0.000249538709465684,42.98126731906086
2403,2785,0.0056303737788564075,0.0031289017805871933,0.0,0.00025014719982692144,42.997994309291244
2404,2786,0.005625620926435721,0.0031265627002820405,0.0,0.000249905822615368,43.01468425616622
2405,2787,0.005622237065107502,0.003117412536029056,0.0,0.0002504824529078446,43.03137025702745
2406,2788,0.0056169280369865165,0.0031230085725868465,0.0,0.00024939194643996694,43.04825751390308
2407,2789,0.0056135791855447415,0.0031243172636291217,0.0,0.00024892619219156194,43.064901613630354
2408,2790,0.005608733721716686,0.00312743309623422,0.0,0.00024813006254824664,43.08205001242459
2409,2792,0.005606493988392018,0.0031291992934719087,0.0,0.00024772946949201094,43.106324029155076
2410,2794,0.0056046863690675346,0.0031271996657324477,0.0,0.00024774867033350865,43.13036696985364
2411,2795,0.005602412092068035,0.0031225044043178773,0.0,0.0002479907687750158,43.147867635823786
2412,2796,0.0056010888348364775,0.0031233044370715985,0.0,0.0002477784397764879,43.16463456209749
2413,2797,0.005598678013440788,0.0031162034850750124,0.0,0.0002482474528365775,43.181293659843504
2414,2798,0.0055968488293315685,0.0031124848576157093,0.0,0.00024843639717158587,43.19851499609649
2415,2799,0.005594623632452002,0.003108012677422396,0.0,0.0002486610955029606,43.21515430416912
2416,2800,0.005589883664871818,0.003099507537080155,0.0,0.0002490376127791663,43.23189884610474
2417,2801,0.005586231114290723,0.0030934998458567835,0.0,0.00024927312684339397,43.248546382412314
2418,2802,0.005582245138545123,0.0030908692402852613,0.0,0.0002491375898259862,43.265184053219855
2419,2803,0.005579804126821247,0.0030934681987907146,0.0,0.00024863359280305323,43.28182950988412
2420,2804,0.005578534260168306,0.0030991305356463054,0.0,0.00024794037245220004,43.298610243946314
2421,2805,0.005575523902088769,0.0031013662551126913,0.0,0.0002474157646976078,43.31542543787509
2422,2806,0.005572875510888725,0.003097943066903989,0.0,0.00024749324439847357,43.33223313651979
2423,2807,0.00557002170643088,0.0030971066396597484,0.0,0.0002472915066771131,43.349090211093426
2424,2808,0.005568677764369902,0.003092526521611377,0.0,0.0002476151242758525,43.36589599773288
2425,2809,0.005566859276803309,0.0030899500794703302,0.0,0.0002476909197332979,43.382721131667495
2426,2810,0.005565117099354042,0.003084904422877486,0.0,0.00024802126764765563,43.39940943289548
2427,2811,0.005562486724722657,0.003081939288135876,0.0,0.00024805474365867814,43.416108849458396
2428,2813,0.005560483580716459,0.0030809420601138685,0.0,0.000247954152060259,43.44037763029337
2429,2814,0.005559005912896374,0.0030786216577833934,0.0,0.00024803842551129803,43.45723748579621
2430,2815,0.005557182859728584,0.003080189019820753,0.0,0.0002476993839907831,43.474042151123285
2431,2816,0.005555501529224905,0.003080045936727465,0.0,0.000247545559249744,43.491198346950114
2432,2817,0.005551294875742359,0.003076417587674389,0.0,0.00024748772880679704,43.50791724026203
2433,2818,0.005546591533914964,0.003070163654033046,0.0,0.0002476427879881918,43.52468879055232
2434,2819,0.005541721954295918,0.003060980208074056,0.0,0.00024807417462218616,43.541348359547555
2435,2820,0.005536060433946193,0.0030481434479724717,0.0,0.0002487916985973721,43.5580844078213
2436,2822,0.005532475601057074,0.0030386219116269567,0.0,0.0002493853689430117,43.582294640131295
2437,2823,0.005531012846237645,0.003017230461329625,0.0,0.000251378238490802,43.59912570286542
2438,2824,0.00552849083370126,0.0030193515360338926,0.0,0.00025091392976673676,43.61629485525191
2439,2825,0.005525037010416858,0.0030161630921051717,0.0,0.0002508873918311686,43.63304770644754
2440,2826,0.00552267007821303,0.0030069632393295454,0.0,0.0002515706838883485,43.64986316859722
2441,2827,0.005519040338428636,0.002994436736736814,0.0,0.0002524603601691822,43.66658730711788
2442,2828,0.005512227733517231,0.0029875916331801983,0.0,0.0002524636100337033,43.68325385265052
2443,2829,0.005503297040644832,0.0029760718789278136,0.0,0.00025272251617170183,43.700399700552225
2444,2830,0.005501546242131981,0.0029915671405407974,0.0,0.00025099791015911836,43.71726754400879
2445,2831,0.0054950368890969966,0.0029674251363372957,0.0,0.00025276117527597006,43.73402406740934
2446,2832,0.0054899212143554674,0.00296887139372831,0.0,0.0002521049820627157,43.75089075881988
2447,2833,0.00548653024451237,0.0029709740615575624,0.0,0.0002515556182954808,43.767681333236396
2448,2835,0.0054819831096519795,0.0029654253437578306,0.0,0.00025165577658941494,43.79176479857415
2449,2836,0.005479151559069886,0.0029666283757868697,0.0,0.00025125231832830164,43.808953462168574
2450,2837,0.005474575208263348,0.0029714736937576044,0.0,0.0002503101514505744,43.82574595976621
2451,2838,0.0054712217552929255,0.0029779369529319274,0.0,0.0002493284802360998,43.84262455068529
2452,2839,0.005468185010962055,0.002968140392062539,0.0,0.0002500044618899516,43.859327018260956
2453,2840,0.005462909909216813,0.002971955618877027,0.0,0.0002490954290339786,43.87614845857024
2454,2841,0.005458894467206436,0.0029685317560891452,0.0,0.000249036271111729,43.89288385491818
2455,2842,0.005455268034847274,0.002964422585917607,0.0,0.0002490845448929667,43.909655129536986
2456,2843,0.0054516343465398735,0.002963658543846189,0.0,0.0002487975802693684,43.926972541958094
2457,2844,0.005450046247441642,0.00296422059921808,0.0,0.0002485825648223562,43.94373026583344
2458,2845,0.005447369566531328,0.00295994353125139,0.0,0.0002487426035279938,43.961164424195886
2459,2846,0.005445958546330861,0.002960711711049726,0.0,0.00024852468352811347,43.977926129475236
2460,2847,0.0054441327695254615,0.002959924479540971,0.0,0.00024842082899844905,43.994678680785
2461,2849,0.0054435402647755446,0.0029580191264829488,0.0,0.0002485521138292596,44.01892032008618
2462,2850,0.005443098116079388,0.0029597520636107876,0.0,0.0002483346052468601,44.035733826458454
2463,2851,0.005442033319295666,0.002957552500685921,0.0,0.0002484480818609745,44.05245240684599
2464,2852,0.0054416760082017825,0.002952211417564321,0.0,0.0002489464590637462,44.069549741223454
2465,2853,0.005440868388440082,0.0029516681925797826,0.0,0.00024892001958603,44.08660459611565
2466,2854,0.005439891751026667,0.002950168444129063,0.0,0.00024897233068976043,44.10334243066609
2467,2855,0.00543880700144774,0.0029457329815105243,0.0,0.00024930740199372156,44.12010197062045
2468,2856,0.005438328254812448,0.0029400853459601063,0.0,0.00024982429088523414,44.13753108587116
2469,2857,0.005436952521943061,0.0029396664443687584,0.0,0.00024972860775743027,44.154667432419956
2470,2858,0.005436408238805657,0.0029391259762339573,0.0,0.00024972822625716996,44.17134402971715
2471,2859,0.005435340272500308,0.0029428755262617865,0.0,0.00024924647462385216,44.188063506037
2472,2860,0.005434108107304422,0.0029436598257622875,0.0,0.0002490448281542134,44.204830654896796
2473,2861,0.005433385884901125,0.002943861318134562,0.0,0.0002489524566766563,44.2223359644413
2474,2862,0.0054328861904163655,0.0029451644183377743,0.0,0.00024877217720785914,44.238985704258084
2475,2863,0.005432620392029772,0.0029499202764321332,0.0,0.00024827001155976387,44.25576611701399
2476,2864,0.0054319991216541744,0.0029478114457290898,0.0,0.00024841876759250847,44.27252572774887
2477,2865,0.005431506088819089,0.002948333869027178,0.0,0.0002483172219791911,44.2894205506891
2478,2866,0.0054309753574103845,0.002950696374248978,0.0,0.0002480278983161406,44.30610689800233
2479,2867,0.005430589546573374,0.0029534188297097195,0.0,0.00024771707168636545,44.32300278823823
2480,2868,0.005430359240630175,0.00295548684687574,0.0,0.0002474872393754435,44.33977534249425
2481,2869,0.00543011602398558,0.002956274733738224,0.0,0.0002473841290247356,44.35662882402539
2482,2870,0.005429931578961732,0.0029547544001179283,0.0,0.0002475177178843803,44.3733853623271
2483,2871,0.005429708100521765,0.0029537942309133766,0.0,0.0002475913869608388,44.39017761591822
2484,2873,0.005429639006570019,0.0029541350656038232,0.0,0.0002475503940966195,44.41418732050806
2485,2874,0.005429423355902992,0.0029515144924693168,0.0,0.0002477908863433675,44.43094864767045
2486,2875,0.005428994029885891,0.002952882578203037,0.0,0.0002476111451682854,44.447676703333855
2487,2876,0.005428270389410919,0.0029552345800603944,0.0,0.0002473035809350525,44.46519081201404
2488,2877,0.005427740941889629,0.0029570013734660943,0.0,0.0002470739568423535,44.48205782473087
2489,2878,0.005427130383629115,0.0029581694640079675,0.0,0.0002468960919621147,44.49922357778996
2490,2879,0.0054263220762452305,0.002959929745836809,0.0,0.00024663923304084215,44.51590865291655
2491,2881,0.00542599781703414,0.002961760685101154,0.0,0.00024642371319329864,44.54007062129676
2492,2882,0.005424490692300211,0.0029648186508053056,0.0,0.0002459672041494905,44.55743387155235
2493,2883,0.005422084464889796,0.002973146313252918,0.0,0.00024489381516368773,44.57411005906761
2494,2885,0.005419929938782238,0.002971220818754524,0.0,0.0002448709120027715,44.598130903206766
2495,2887,0.005418564366182042,0.002975851392738421,0.0,0.00024427129734436203,44.622166137211025
2496,2889,0.005417015269572613,0.002983683253044855,0.0,0.00024333320165277579,44.64668133109808
2497,2890,0.005414854338899806,0.002979796684312701,0.0,0.00024350576545871048,44.663310340605676
2498,2891,0.005413595027123941,0.0029847812252845585,0.0,0.00024288138018393828,44.68011179473251
2499,2892,0.005411811432258643,0.0029793354480349746,0.0,0.00024324759842236677,44.69698906131089
2500,2893,0.0054106714676779785,0.002979106680610061,0.0,0.0002431564787067918,44.71398088801652
2501,2894,0.005409782725453879,0.0029919079321016778,0.0,0.00024178747933522012,44.73076714016497
2502,2895,0.005408885516016482,0.002987705673325909,0.0,0.0002421179842690573,44.74743843264878
2503,2896,0.005408459900172327,0.002987384890794431,0.0,0.00024210750093778963,44.76418257225305
2504,2897,0.005407789257192362,0.0029894037077912113,0.0,0.00024183855494011502,44.780869683250785
2505,2898,0.005407019354662547,0.0029926590324848026,0.0,0.00024143603221777444,44.79767716303468
2506,2899,0.0054062070415821445,0.0029957477309853833,0.0,0.00024104593105967614,44.814344893209636
2507,2900,0.00540530350194586,0.0029985179248341438,0.0,0.0002406785577111716,44.83110420405865
2508,2901,0.005404402466328963,0.0029974102851064582,0.0,0.0002406992181222505,44.84775947313756
2509,2902,0.005403992495849589,0.0029988939062874907,0.0,0.00024050985895620976,44.86443473957479
2510,2903,0.005403448329855322,0.002996083893846726,0.0,0.0002407364436008596,44.88112856261432
2511,2905,0.00540318558602078,0.002994531902328567,0.0,0.00024086536836922135,44.90537610463798
2512,2906,0.00540280556623453,0.002994455673450979,0.0,0.00024083498927835503,44.92208016104996
2513,2907,0.005402335354481069,0.0029957273822733064,0.0,0.00024066079722077628,44.938749943859875
2514,2908,0.005402054118577032,0.0029975972101798872,0.0,0.00024044569083971442,44.95541914086789
2515,2909,0.005401625959546583,0.003003142791020789,0.0,0.00023984831685257936,44.97232759743929
2516,2910,0.005401144844990017,0.003005252421342591,0.0,0.00023958924236474265,44.98924015555531
2517,2911,0.005400267816765097,0.003009253445096029,0.0,0.00023910143716690684,45.00590156484395
2518,2912,0.005399141604217119,0.0030175129323708728,0.0,0.00023816286718462458,45.022667206823826
2519,2914,0.005398581879940171,0.0030230121441389662,0.0,0.0002375569735801204,45.04680045507848
2520,2915,0.005396866263171805,0.0030314941915667937,0.0,0.00023653720716050112,45.063856543041766
2521,2916,0.005395201528282402,0.0030383669674297663,0.0,0.00023568345608526356,45.081667334772646
2522,2918,0.005394580681992894,0.0030413618994986555,0.0,0.00023532187824942385,45.10578391049057
2523,2919,0.005393627737105113,0.0030427459096361437,0.0,0.00023508818274689693,45.12300284858793
2524,2921,0.005393217720092696,0.0030425176060075027,0.0,0.0002350700114085193,45.14790527615696
2525,2922,0.0053927785372248314,0.003048118361163019,0.0,0.00023446601760618118,45.16464354284108
2526,2923,0.005392372833465711,0.0030476447026426276,0.0,0.00023447281308230835,45.181369146332145
2527,2924,0.005392053298975201,0.0030462166480825356,0.0,0.00023458366508926655,45.198108185082674
2528,2925,0.005391788577674979,0.0030463000011873523,0.0,0.00023454885764876261,45.21482356544584
2529,2926,0.005391513080985181,0.0030471096111774412,0.0,0.000234440346980774,45.231489916332066
2530,2927,0.005391272472586209,0.0030473434986368316,0.0,0.00023439289739493775,45.24827495124191
2531,2928,0.00539106357447775,0.003046863211221743,0.0,0.00023442003632560067,45.26492948830128
2532,2929,0.00539083647471416,0.0030468575372427295,0.0,0.0002343978937471431,45.28180557768792
2533,2930,0.005390510688808612,0.0030467144872902987,0.0,0.00023437962015183136,45.298731956630945
2534,2931,0.005390121720187345,0.003046570126045891,0.0,0.00023435515941414535,45.31546548102051
2535,2932,0.005389710621912383,0.0030463994035571456,0.0,0.00023433112183552374,45.33210987504572
2536,2933,0.005389222077044206,0.003044564370784963,0.0,0.0002344657706259243,45.349042736925185
2537,2934,0.005388776296825437,0.003043088162392345,0.0,0.00023456881344330923,45.36573919188231
2538,2935,0.005388096752606071,0.003040143947909649,0.0,0.00023479528046964218,45.38260779902339
2539,2936,0.005387338036362852,0.0030361877245108234,0.0,0.00023511503118520285,45.399403740651906
2540,2937,0.005386470028119735,0.0030320112225865684,0.0,0.00023544588055331666,45.41619521752
2541,2938,0.005385703278843449,0.003026886261074394,0.0,0.00023588170177690543,45.43285203073174
2542,2939,0.005384659488504527,0.0030229840683053044,0.0,0.0002361675420199223,45.45054722484201
2543,2940,0.005383460906614413,0.0030200861960811842,0.0,0.00023633747105332296,45.46721564978361
2544,2941,0.005382988720707847,0.003019179237053928,0.0,0.00023638094836539187,45.48412495106459
2545,2942,0.00538238941719076,0.003020069064229255,0.0,0.0002362320352961505,45.50086965970695
2546,2943,0.005381487514339938,0.0030217512641756332,0.0,0.00023597362501643043,45.517657201737165
2547,2944,0.0053802102727874505,0.0030202933933657404,0.0,0.00023599168794217101,45.534373820759356
2548,2945,0.005378720494478524,0.003021059304693875,0.0,0.00023576611897846485,45.55118688382208
2549,2947,0.005378211690023005,0.003019298516770153,0.0,0.00023589131732528514,45.575224751606584
2550,2948,0.005377081705995035,0.003019367510623471,0.0,0.0002357714195371564,45.591874185949564
2551,2949,0.0053762161496341485,0.0030196296886906017,0.0,0.00023565864609435464,45.60867561027408
2552,2950,0.005375244810787591,0.0030193279242527833,0.0,0.0002355916886534808,45.625829730182886
2553,2951,0.00537437884197876,0.0030203459973038743,0.0,0.00023540328446748854,45.64260248653591
2554,2952,0.005373563286150131,0.0030173645883861413,0.0,0.00023561986977639892,45.6593589251861
2555,2953,0.005372968091519325,0.003014856619467137,0.0,0.00023581114720521877,45.67686865106225
2556,2954,0.005372734427817232,0.00301329703583898,0.0,0.0002359437391978252,45.693607308901846
2557,2955,0.005372466911132894,0.0030126864334287904,0.0,0.00023597804777041037,45.71040018554777
2558,2956,0.005372172658942241,0.0030126872024505117,0.0,0.00023594854564917296,45.72713041678071
2559,2957,0.005372042246234907,0.0030133252876791737,0.0,0.00023587169585557332,45.74377192929387
2560,2958,0.005371904790792997,0.003012880962761109,0.0,0.0002359023828031888,45.76069931406528
2561,2959,0.005371784846589921,0.0030118007043218003,0.0,0.0002359984142268121,45.777401281520724
2562,2960,0.005371676906121729,0.003010703789324432,0.0,0.00023609731167972966,45.79487608652562
2563,2961,0.0053715065794025536,0.0030094324525911623,0.0,0.00023620741268113918,45.812268286943436
2564,2962,0.005371265922381461,0.0030082175550366604,0.0,0.00023630483673448008,45.82893692329526
2565,2963,0.005370804366088583,0.003006656608347005,0.0,0.00023641477577415775,45.84560943208635
2566,2964,0.005370221948081445,0.003006992092420545,0.0,0.00023632298556608997,45.86236965842545
2567,2965,0.005368199872070628,0.003003188273658998,0.0,0.00023650115984116306,45.87958804052323
2568,2966,0.005366909080206029,0.0030034732609454137,0.0,0.00023634358192606145,45.89667951129377
2569,2967,0.005366103660542703,0.002994825593874969,0.0,0.00023712780666677332,45.91425189562142
2570,2968,0.0053651939263940455,0.0029966681363687597,0.0,0.0002368525790025286,45.93091157451272
2571,2969,0.005364690626125913,0.0029955323187366755,0.0,0.00023691583073892378,45.94758750591427
2572,2970,0.005363707483217631,0.002990531323918131,0.0,0.00023731761592995002,45.964301264844835
2573,2971,0.005362815821204408,0.0029856391846208676,0.0,0.00023771766365835405,45.98124068044126
2574,2972,0.0053621759809725274,0.0029871606484065828,0.0,0.00023750153325659441,45.998188039287925
2575,2973,0.005361752111926627,0.0029841320662261552,0.0,0.00023776200457004715,46.0150642702356
2576,2974,0.005361003507688813,0.0029823655145491423,0.0,0.00023786379931396712,46.031798240728676
2577,2975,0.0053603541474501635,0.002980707171105313,0.0,0.00023796469763448503,46.04866314865649
2578,2977,0.005359636663437313,0.002975450197356603,0.0,0.00023841864660807102,46.072754949331284
2579,2978,0.0053589073797681245,0.0029712047648257894,0.0,0.00023877026149423357,46.0899319620803
2580,2979,0.005358682419123767,0.0029640690305574938,0.0,0.00023946133885662733,46.10665505472571
2581,2980,0.005358449853028856,0.0029669918288424417,0.0,0.00023914580241864145,46.12373595871031
2582,2981,0.005358290931448413,0.0029664838040966432,0.0,0.00023918071273517695,46.14061126485467
2583,2982,0.0053581271416092095,0.0029648684406486108,0.0,0.0002393258700960599,46.15732168778777
2584,2983,0.005357950892214027,0.0029624916821435823,0.0,0.00023954592100704442,46.17416521906853
2585,2984,0.005357686640871131,0.0029580148209480944,0.0,0.0002399671819923036,46.191312548704445
2586,2985,0.005357495428025999,0.002953800277665263,0.0,0.0002403695150360735,46.208100334741175
2587,2986,0.0053572024388156515,0.002952100369691395,0.0,0.00024051020691242563,46.22485800925642
2588,2987,0.005356839370677474,0.002944819683168871,0.0,0.00024120196875086034,46.241606063209474
2589,2988,0.00535666632048833,0.0029441574746378687,0.0,0.00024125088458504617,46.25827120710164
2590,2989,0.005356396558714763,0.002940290172568848,0.0,0.00024161063861459145,46.275030626915395
2591,2990,0.005356020872482929,0.0029342973253311403,0.0,0.0002421723547151789,46.29179064929485
2592,2991,0.005355562259542602,0.002929203566294445,0.0,0.0002426358693248157,46.3086700104177
2593,2992,0.005355152439099996,0.002916275565235434,0.0,0.00024388768738645622,46.3255900349468
2594,2993,0.005354703014512591,0.0029140948567648304,0.0,0.00024406081577477606,46.34223728720099
2595,2994,0.005354074818777314,0.00291070214877686,0.0,0.0002443372670000454,46.358966848813
2596,2995,0.005353336636395155,0.0029054109140601754,0.0,0.0002447925722334979,46.375820078887045
2597,2996,0.005352373128626244,0.0029069610888998575,0.0,0.0002445412039726386,46.39254176989198
2598,2997,0.005351089475932392,0.0029061975181370967,0.0,0.00024448919577952955,46.409305687993765
2599,2999,0.005350252370107604,0.002900912072701798,0.0,0.0002449340297405806,46.433388663455844
2600,3000,0.005349649430020608,0.0029056379360793477,0.0,0.0002444011493941261,46.4501980766654
2601,3001,0.005349203286788319,0.0029058580585023144,0.0,0.0002443345228286004,46.46700402908027
2602,3002,0.005348812734475579,0.0029024994308837707,0.0,0.0002446313303591808,46.48372317943722
2603,3003,0.00534837200947819,0.002897632966656655,0.0,0.00024507390428215345,46.50060561392456
2604,3004,0.00534792447969182,0.0028919826090767465,0.0,0.00024559418706150726,46.51727070193738
2605,3005,0.005347281372139144,0.0028898089776288193,0.0,0.00024574723945103245,46.534051176160574
2606,3006,0.0053467742716692985,0.002889884621913386,0.0,0.0002456889649755912,46.55076477397233
2607,3007,0.00534653328791867,0.0028990352974871303,0.0,0.00024474979904315407,46.56743300240487
2608,3008,0.005346075921246397,0.0028978623658615465,0.0,0.00024482135553848515,46.58417161833495
2609,3009,0.005345827056731739,0.002896082602428823,0.0,0.0002449744454302916,46.60098153911531
2610,3010,0.005345569781766812,0.0028986383711273643,0.0,0.00024469314106394485,46.61769307218492
2611,3011,0.0053453128817001466,0.0029002525469072047,0.0,0.00024450603347929417,46.634481869637966
2612,3012,0.005344903486495018,0.0029002588039544444,0.0,0.0002444644682540573,46.651208298280835
2613,3014,0.005344480162411082,0.0028974056950795903,0.0,0.0002447074467331492,46.675284495577216
2614,3015,0.005343604943875611,0.0029024084742479083,0.0,0.00024411964696277025,46.692070715129375
2615,3016,0.00534286053544834,0.0029004615066652696,0.0,0.000244239902878307,46.708765897899866
2616,3017,0.005342021997517665,0.0029012645746259134,0.0,0.00024407574228917507,46.725642518140376
2617,3018,0.005341362878785996,0.002907675042001709,0.0,0.00024336878367842865,46.743206582032144
2618,3019,0.005340799130001213,0.0029053411725876582,0.0,0.00024354579574135553,46.76006473787129
2619,3020,0.005339797210337116,0.002906852552326065,0.0,0.00024329446580110514,46.77675135806203
2620,3021,0.0053388910272987086,0.0029060718324519126,0.0,0.00024328191948467956,46.79360896348953
2621,3023,0.005338569682395263,0.0029078220484820907,0.0,0.0002430747633913172,46.81770048569888
2622,3024,0.005337840563617542,0.0029024597578603123,0.0,0.00024353808057572303,46.834527872502804
2623,3025,0.005337109150659191,0.0028977465377090757,0.0,0.00024393626129501155,46.8513195971027
2624,3026,0.005335838644358715,0.0028903817230399396,0.0,0.0002445456921318775,46.86804371327162
2625,3027,0.005335566147441816,0.00289165498880096,0.0,0.0002443911158640855,46.884827139787376
2626,3028,0.005335084831316098,0.002889188159739144,0.0,0.00024458966715769543,46.901496968232095
2627,3030,0.005334546763692179,0.0028924632260623104,0.0,0.00024420835376298683,46.92637814208865
2628,3032,0.005334093039403262,0.0028939473094194055,0.0,0.00024401457299838566,46.9504811540246
2629,3033,0.005333654788306391,0.002896300464126904,0.0,0.0002437354324179487,46.967148799449205
2630,3034,0.005333283385144338,0.002894484941756604,0.0,0.00024387984433877334,46.98389790672809
2631,3035,0.005333154263898687,0.0029031877421177438,0.0,0.00024299665217809431,47.00066290795803
2632,3036,0.0053328512965163275,0.0029003128164429987,0.0,0.0002432538480073329,47.01741287112236
2633,3037,0.0053326761170004915,0.002898888241165643,0.0,0.00024337878758348485,47.03432293049991
2634,3038,0.005332440370835758,0.002898703586228804,0.0,0.00024337367846069538,47.05113293044269
2635,3039,0.0053319475128089724,0.0029067054010038164,0.0,0.00024252421118051563,47.06781856715679
2636,3040,0.005330955227183021,0.0029151164017161653,0.0,0.00024158388254668555,47.084667253308
2637,3041,0.005330346960790187,0.0029160592705556087,0.0,0.00024142876902345786,47.101385165937245
2638,3042,0.0053297081299537655,0.0029211949189712977,0.0,0.00024085132109824683,47.11815293878317
2639,3044,0.0053291146763542385,0.002929005515987772,0.0,0.00024001091603664663,47.14220478478819
2640,3046,0.005328754326864846,0.0029289539344809676,0.0,0.00023998003923838778,47.16629684623331
2641,3047,0.00532831390567645,0.0029286750231261637,0.0,0.0002399638882550287,47.18306440394372
2642,3049,0.005327596520114032,0.002936198969765886,0.0,0.00023913975503481462,47.20711428578943
2643,3050,0.005326554698711095,0.0029499725305889603,0.0,0.00023765821681221347,47.22388208005577
2644,3051,0.0053256677186524805,0.0029493230915433296,0.0,0.00023763446271091512,47.240591178648174
2645,3053,0.005325094236430192,0.0029469852096822534,0.0,0.00023781090267479383,47.26455894578248
2646,3055,0.005324112477867059,0.0029516800428875255,0.0,0.0002372432434979534,47.28883731830865
2647,3056,0.005322549057950498,0.002961073851091127,0.0,0.00023614752068593705,47.30609405506402
2648,3057,0.005320979620724317,0.0029569070111940456,0.0,0.00023640726095302712,47.32280607800931
2649,3058,0.005318599911549066,0.0029761941098534355,0.0,0.00023424058016956303,47.34014200232923
2650,3059,0.0053164059580484944,0.0029752184005461687,0.0,0.0002341187557502326,47.35685858130455
2651,3061,0.005315461108356747,0.002971592914879671,0.0,0.00023438681934770758,47.38119918294251
2652,3062,0.005312995126123699,0.0029618336051957903,0.0,0.0002351161520927909,47.39835359994322
2653,3063,0.0053114000419227855,0.002976375244007201,0.0,0.00023350247979155844,47.41506515722722
2654,3065,0.0053082199092528695,0.002977209943053196,0.0,0.00023310099661996735,47.43922993261367
2655,3066,0.00530629344075372,0.0029746678533558914,0.0,0.00023316255873978282,47.45596866682172
2656,3067,0.00530357619298223,0.0029750154376157125,0.0,0.00023285607553665178,47.47274322528392
2657,3068,0.005301839233694159,0.0029856602827061183,0.0,0.0002316178950988041,47.489495964720845
2658,3069,0.005301097895811834,0.00298122320131571,0.0,0.00023198746944961234,47.50654526799917
2659,3070,0.005300252929556238,0.0029838972308863956,0.0,0.00023163556986698422,47.52367455884814
2660,3071,0.005299337811448588,0.0029855347433136495,0.0,0.00023138030681349388,47.541244021616876
2661,3072,0.005298360669487634,0.0029867680162736234,0.0,0.00023115926532140107,47.55838029179722
2662,3073,0.005296475970558203,0.0029837336537249896,0.0,0.00023127423168332135,47.575114235281944
2663,3074,0.005293634807130936,0.002986680992005823,0.0,0.0002306953815125113,47.591994545422494
2664,3075,0.005291133868575541,0.0029846621304365248,0.0,0.0002306471738139016,47.60868391953409
2665,3076,0.0052887978558808744,0.002981337270750598,0.0,0.00023074605851302764,47.62538665626198
2666,3077,0.0052859994576431625,0.002981637931173389,0.0,0.00023043615264697738,47.64202557504177
2667,3078,0.005284150995837356,0.002989864790179826,0.0,0.00022942862056575297,47.65880980808288
2668,3079,0.005281461499947899,0.002981663469169475,0.0,0.00022997980307784245,47.675573794171214
2669,3080,0.005278457389176009,0.002978761594550117,0.0,0.0002299695794625893,47.69279635231942
2670,3081,0.005274330632984736,0.002981253144535608,0.0,0.00022930774884491277,47.70935502182692
2671,3082,0.005272026854706016,0.0029758874154982577,0.0,0.00022961394392077584,47.726059820502996
2672,3084,0.0052693752744105045,0.002978883939664779,0.0,0.00022904913347457254,47.75049446243793
2673,3086,0.005266793392077002,0.0029722746505796514,0.0,0.000229451874149735,47.774573986418545
2674,3087,0.005263377305444491,0.002968371620011179,0.0,0.00022950056854333122,47.791359797120094
2675,3088,0.005258340600919179,0.0029611830372648605,0.0,0.0002297157563654318,47.80828653369099
2676,3089,0.005254709556532595,0.0029614900897884846,0.0,0.00022932194667441103,47.82532006222755
2677,3091,0.005253694521160864,0.0029616797879009516,0.0,0.0002292014733259913,47.849559743888676
2678,3093,0.00525203399191043,0.002962368957838385,0.0,0.00022896650340720447,47.87361023016274
2679,3094,0.005249971472306205,0.0029628238575965084,0.0,0.00022871476147096965,47.89039764087647
2680,3095,0.005248036563972154,0.002948906347651981,0.0,0.00022991302163201732,47.907537538558245
2681,3096,0.005245592764896856,0.002952342762009089,0.0,0.0002293250002887768,47.92420164775103
2682,3097,0.0052418941924927765,0.002946816518424558,0.0,0.00022950776740682184,47.9408597452566
2683,3098,0.005238448066279322,0.002941755130278022,0.0,0.00022966929360013,47.95765597932041
2684,3099,0.005233641135422629,0.0029261523227265547,0.0,0.00023074888126960733,47.97436829376966
2685,3101,0.005231874792872452,0.002919207377246229,0.0,0.00023126674156262225,47.99856086075306
2686,3103,0.005229048580671307,0.0029119466768369458,0.0,0.00023171019038343614,48.02273704204708
2687,3104,0.005226570684521524,0.002893082020783843,0.0,0.0002333488663737681,48.04040949512273
2688,3105,0.005222575176755111,0.0028913025055609955,0.0,0.00023312726711941146,48.05862283054739
2689,3106,0.005217576628347171,0.002886781943504603,0.0,0.00023307946848425673,48.07541790418327
2690,3107,0.005215071414290128,0.0028757136056648497,0.0,0.0002339357808625278,48.09219573251903
2691,3109,0.005212234416451366,0.0028691879003081384,0.0,0.00023430465161432276,48.1169361975044
2692,3110,0.005208957610944378,0.0028596496683593806,0.0,0.00023493079425849974,48.134073737077415
2693,3111,0.005206476311474343,0.0028543011310948343,0.0,0.00023521751803795088,48.150801624171436
2694,3113,0.005205308669259524,0.002851725427716018,0.0,0.00023535832415435062,48.174830958247185
2695,3114,0.0052041580044561876,0.0028473661601210714,0.0,0.00023567918443351157,48.19163761753589
2696,3115,0.0052019199657324985,0.002845913625076664,0.0,0.00023560063406558344,48.20838533528149
2697,3116,0.0051995451495016574,0.0028373937791603145,0.0,0.00023621513703413433,48.225135386921465
2698,3117,0.005196889382014435,0.0028385376073769434,0.0,0.00023583517746374926,48.24182062689215
2699,3118,0.00519521135142242,0.0028440616747186006,0.0,0.0002351149676703819,48.25864900648594
2700,3119,0.005194042316136375,0.0028425946105845334,0.0,0.00023514477055518423,48.27533728629351
2701,3121,0.005193124762288346,0.0028437788127019916,0.0,0.00023493459495863535,48.29984361771494
2702,3122,0.005192141463457928,0.002846258000085174,0.0,0.0002345883463372754,48.316748161800206
2703,3123,0.005190388831904071,0.0028464423138173027,0.0,0.00023439465180867682,48.33356544841081
2704,3124,0.0051884393590988336,0.0028550971922378676,0.0,0.00023333421668609656,48.350266525521874
2705,3125,0.005186655015219255,0.0028579787561189237,0.0,0.00023286762591003316,48.36706025805324
2706,3126,0.005184742457145646,0.002861043185539201,0.0,0.0002323699271606445,48.38386041671038
2707,3127,0.005182680371676534,0.0028646223974484867,0.0,0.00023180579742280468,48.400616366416216
2708,3128,0.005180052913776304,0.002871222530603988,0.0,0.00023088303831723158,48.417412269860506
2709,3129,0.005178053248574133,0.002874229444380431,0.0,0.00023038238041937016,48.434153597801924
2710,3131,0.005176852128514478,0.002879846191077917,0.0,0.00022970059374365607,48.45829987898469
2711,3132,0.005175772316886635,0.0028774857232848265,0.0,0.00022982865936018094,48.475089435465634
2712,3134,0.005175009725922804,0.002870782389874784,0.0,0.00023042273360480194,48.49925166461617
2713,3135,0.00517428867826332,0.002860014794799663,0.0,0.00023142738834636568,48.51664259750396
2714,3136,0.005172812070018672,0.002862423630579494,0.0,0.0002310388439439178,48.53340001218021
2715,3137,0.005171491688565085,0.002859623314082177,0.0,0.00023118683744829079,48.55015490297228
2716,3138,0.0051700241320563,0.0028560981557578815,0.0,0.00023139259762984185,48.56697674188763
2717,3140,0.0051687315936726035,0.002853651179161035,0.0,0.0002315080414511569,48.59150520246476
2718,3141,0.0051675426378162605,0.002845035286977427,0.0,0.0002322507350838834,48.60912882350385
2719,3142,0.005166513023505824,0.0028493309700341404,0.0,0.00023171820534716837,48.62627558782697
2720,3143,0.00516509372589896,0.002849310882715888,0.0,0.00023157828431830715,48.6429540021345
2721,3144,0.005163562426914098,0.002851628061133636,0.0,0.0002311934365780462,48.65968313906342
2722,3146,0.005161777799007923,0.00285707719820707,0.0,0.0002304700600800854,48.68416314572096
2723,3147,0.005160793685904776,0.0028524131452567886,0.0,0.00023083805406479873,48.701453579589725
2724,3148,0.005159288510440385,0.0028472122061209055,0.0,0.00023120763043194795,48.71823575813323
2725,3149,0.005158377479301918,0.0028517217611957004,0.0,0.00023066557181062174,48.73505543265492
2726,3150,0.005156458519053612,0.0028447284175713576,0.0,0.00023117301014822546,48.75188345555216
2727,3151,0.005154987413578723,0.002842094360604067,0.0,0.00023128930529746556,48.768749182112515
2728,3152,0.005152393071276374,0.0028381676950113466,0.0,0.00023142253762650276,48.785509490408
2729,3154,0.0051518409332728865,0.0028371576585319454,0.0,0.0002314683274740941,48.809511344879866
2730,3155,0.005149458272201658,0.0028401239866435554,0.0,0.00023093342855581026,48.82619817368686
2731,3156,0.005148127621595177,0.002843704487496722,0.0,0.00023044231340984552,48.842886159196496
2732,3157,0.005146967450274344,0.0028436558762013437,0.0,0.00023033115740730005,48.85960803180933
2733,3158,0.005145790105506793,0.002848289021647644,0.0,0.00022975010838591494,48.87635651230812
2734,3159,0.005145254745125076,0.00284901603155784,0.0,0.00022962387135672368,48.89320012554526
2735,3160,0.00514464581954633,0.0028500046784402868,0.0,0.00022946411411060434,48.909954061731696
2736,3161,0.005143637511204182,0.0028526317681554013,0.0,0.00022910057430487805,48.92699067108333
2737,3162,0.005142450113375885,0.0028560412923698416,0.0,0.0002286408821006043,48.94379770383239
2738,3163,0.005140216405545845,0.002858396965037973,0.0,0.00022818194405078713,48.96053777541965
2739,3164,0.005136915012174744,0.0028632038489170425,0.0,0.00022737111632577023,48.97726031951606
2740,3165,0.005133397132583588,0.002860459826923965,0.0,0.00022729373056596227,48.99407515488565
2741,3166,0.005130228292731831,0.0028673701415352533,0.0,0.00022628581511965773,49.01111976057291
2742,3168,0.005126214207275576,0.0028672813376430955,0.0,0.000225893286963248,49.03528722189367
2743,3170,0.0051224675189727505,0.0028610150972133504,0.0,0.00022614524217594008,49.059977295808494
2744,3171,0.0051191692294972335,0.002869785618872551,0.0,0.0002249383610624683,49.076819404028356
2745,3172,0.005116542779280817,0.0028791613945516876,0.0,0.00022373813847291298,49.093732142820954
2746,3173,0.005111974531908604,0.0028771560980461203,0.0,0.00022348184338624836,49.1104537602514
2747,3174,0.005108580066009821,0.0028822362556704868,0.0,0.00022263438103393334,49.12729019857943
2748,3175,0.005106269928318996,0.002889368604604713,0.0,0.0002216901323714283,49.14400348160416
2749,3177,0.005105849305052989,0.002887737863998212,0.0,0.0002218111441054777,49.16823787428439
2750,3178,0.0051032085854001204,0.0028926433206210725,0.0,0.00022105652647790483,49.18517829105258
2751,3180,0.005101438908402333,0.00289026980595288,0.0,0.00022111691024494532,49.209353486076
2752,3182,0.00510041267728655,0.002894954578862589,0.0,0.0002205458098423961,49.23348769079894
2753,3183,0.005098754470497045,0.0028979020757239934,0.0,0.00022008523947730516,49.2503120964393
2754,3184,0.005097514461007232,0.0029035182299637615,0.0,0.0002193996231043471,49.267106174491346
2755,3185,0.005097096280891148,0.0029139780154919474,0.0,0.00021831182653992006,49.28402399457991
2756,3186,0.005094894581725039,0.002910081442191493,0.0,0.0002184813139533546,49.3008379470557
2757,3187,0.005094253768789537,0.0029135980103268035,0.0,0.00021806557584627342,49.318245058879256
2758,3189,0.0050935364284655175,0.0029109340376703994,0.0,0.00021826023907951184,49.34240841306746
2759,3190,0.005092314843611621,0.0029084476193680184,0.0,0.00021838672242436026,49.3592021074146
2760,3191,0.005091549781110749,0.0029071099274909354,0.0,0.00021844398536198138,49.375962879508734
2761,3192,0.005090486211635762,0.0029043639332239444,0.0,0.00021861222784118174,49.39361228886992
2762,3193,0.005089987162006324,0.0029014257677629535,0.0,0.000218856139424337,49.41025598812848
2763,3194,0.005089642112782972,0.00289908425885484,0.0,0.00021905578539281324,49.42779423203319
2764,3195,0.005089271977794355,0.002899276396368241,0.0,0.0002189995581426114,49.444628668017685
2765,3196,0.005088820439751502,0.0028999531955976278,0.0,0.00021888672441538738,49.46135555766523
2766,3197,0.005088519544307368,0.0029014700285020937,0.0,0.0002187049515805274,49.4780737971887
2767,3198,0.005088085210096609,0.00290279339521832,0.0,0.00021852918148782896,49.49499863386154
2768,3199,0.0050873212682956605,0.002903763611880683,0.0,0.00021835576564149773,49.51174398418516
2769,3200,0.005086133166723951,0.002905197754152223,0.0,0.00021809354125717283,49.52855489309877
2770,3201,0.00508486201646734,0.0029049730800720674,0.0,0.00021798889363952725,49.54620405100286
2771,3202,0.005084300893759729,0.0029070917225536706,0.0,0.0002177209171206059,49.56334111467004
2772,3203,0.005083475548846149,0.002903034139003046,0.0,0.00021804414098431027,49.58004887774587
2773,3204,0.005083175637396231,0.002901963905758952,0.0,0.0002181211731637279,49.59689049422741
2774,3205,0.005082097527635201,0.0028989430309186675,0.0,0.00021831544967165333,49.61358719691634
2775,3206,0.005081059605522626,0.0028972777981689465,0.0,0.00021837818073536794,49.630297631025314
2776,3207,0.005078997865090444,0.0028934431424160758,0.0,0.00021855547226743685,49.64699868205935
2777,3208,0.005076173516142302,0.0028933145186722017,0.0,0.0002182858997470101,49.66376646980643
2778,3209,0.005072982261250453,0.0028879748274282862,0.0,0.00021850074338221668,49.68046637903899
2779,3211,0.005069400399579002,0.002888840779442465,0.0,0.00021805596201365373,49.70555944554508
2780,3212,0.005068509293171174,0.002879831786301384,0.0,0.00021886775068697892,49.722253838554025
2781,3213,0.005065295272560692,0.0028755096380342093,0.0,0.00021897856345264833,49.73901730962098
2782,3214,0.005065071616778335,0.002884015206147214,0.0,0.0002181056410631121,49.75573475006968
2783,3215,0.005063339089807826,0.0028770782114271626,0.0,0.0002186260878380664,49.77240040153265
2784,3216,0.005062693217568367,0.0028710418000959153,0.0,0.0002191651417472452,49.78921152371913
2785,3217,0.005061712790291242,0.0028700922956924747,0.0,0.0002191620494598767,49.80583382118493
2786,3218,0.005059456690122387,0.0028699742664067824,0.0,0.0002189482423715605,49.822606548666954
2787,3220,0.005058304496197587,0.0028630590681443147,0.0,0.00021952454280532724,49.84677091240883
2788,3221,0.005056723149551053,0.002856734442418333,0.0,0.000219998870713272,49.86383789218962
2789,3222,0.0050554239806393925,0.002854949327186932,0.0,0.00022004746534524602,49.88064051326364
2790,3223,0.005055269050894508,0.002860018958104278,0.0,0.00021952500927902295,49.89743821788579
2791,3224,0.005054584442039125,0.0028558868341823826,0.0,0.0002198697607856743,49.91422142647207
2792,3225,0.005054292397511239,0.002858180335315659,0.0,0.00021961120621955807,49.931773166172206
2793,3226,0.005053886220146987,0.0028595991510014323,0.0,0.00021942870691455548,49.94843004643917
2794,3227,0.0050531142625332235,0.0028629874717621615,0.0,0.00021901267907710624,49.965081583708525
2795,3229,0.005052890201726563,0.0028634299273384758,0.0,0.00021894602743880874,49.99033094663173
2796,3230,0.005052054140179856,0.0028619228162057304,0.0,0.00021901313239741258,50.00704901199788
2797,3231,0.005051228539443626,0.0028608398291269386,0.0,0.00021903887103166873,50.02374910470098
2798,3232,0.005048689901493875,0.002858051710414785,0.0,0.00021906381910790902,50.040411301888525
2799,3233,0.005046864031638501,0.0028528300166806683,0.0,0.0002194034014957832,50.0570696759969
2800,3235,0.0050441050789914,0.002859755027002893,0.0,0.00021843500519885071,50.081232885830104
2801,3236,0.005041594149539062,0.0028556003910777113,0.0,0.00021859937584613504,50.09844934102148
2802,3238,0.005038179118697974,0.0028530830199621658,0.0,0.00021850960987358084,50.122452923096716
2803,3239,0.005036758301080595,0.002853934644606749,0.0,0.00021828236564738458,50.13957731798291
2804,3240,0.005033643344454648,0.0028448001703132637,0.0,0.0002188843174141384,50.15624856483191
2805,3241,0.005031591859017427,0.0028485897373908236,0.0,0.00021830021216266026,50.17304868996143
2806,3242,0.005028797264698638,0.002846129160200486,0.0,0.00021826681044981525,50.18978253379464
2807,3244,0.005026382495666441,0.0028448402707362736,0.0,0.00021815422249301674,50.21376247797161
2808,3245,0.005024539306465337,0.002838999689310984,0.0,0.00021855396171543528,50.230446526780725
2809,3246,0.005022871847410624,0.0028430303311721456,0.0,0.00021798415162384784,50.24719170015305
2810,3247,0.005022631499276728,0.0028466045177533367,0.0,0.00021760269815233912,50.26399730704725
2811,3248,0.005022296448549068,0.0028442381520022327,0.0,0.00021780582965468364,50.2806680239737
2812,3249,0.005021003247215305,0.0028402076940480508,0.0,0.00021807955531672548,50.29763503279537
2813,3250,0.005020293564928302,0.0028403361241787785,0.0,0.00021799574407495233,50.314364396966994
2814,3251,0.005019275375714257,0.002839676750041409,0.0,0.00021795986256728476,50.331185574643314
2815,3253,0.005017882312775704,0.002833830293024669,0.0,0.0002184052019751035,50.35535801388323
2816,3254,0.005016114880678583,0.0028279930866158608,0.0,0.00021881217940627226,50.37207963410765
2817,3255,0.005014262454024129,0.002826593282825765,0.0,0.00021876691711983644,50.38898528646678
2818,3256,0.0050132149528869544,0.002820768336870141,0.0,0.00021924466160168132,50.405856316909194
2819,3257,0.005012382595629675,0.0028335973170196985,0.0,0.00021787852786099766,50.422623274847865
2820,3258,0.005011571446585388,0.002827086830102511,0.0,0.00021844846164828768,50.43942085374147
2821,3259,0.005011163154065735,0.0028255098076481093,0.0,0.0002185653346417626,50.45616003032774
2822,3260,0.005009933112354053,0.0028265084591477807,0.0,0.00021834246532062725,50.4728837069124
2823,3261,0.0050092395309725285,0.0028278829998584737,0.0,0.00021813565311140545,50.489633864723146
2824,3262,0.005007331741846147,0.0028284644888442695,0.0,0.00021788672530018778,50.506356856785715
2825,3263,0.005005056206481279,0.002831546387775001,0.0,0.00021735098187062777,50.5234502684325
2826,3264,0.005003497685321273,0.002827634422118029,0.0,0.0002175863263203244,50.54011305980384
2827,3265,0.005001175651489994,0.002827921317342245,0.0,0.0002173254334147749,50.55673214327544
2828,3267,0.005000036658829712,0.002823070868466871,0.0,0.00021769657903628417,50.58089370653033
2829,3268,0.004997694624528698,0.0028179253273074587,0.0,0.00021797692972212398,50.59767082426697
2830,3269,0.004996078839030774,0.0028080399314574784,0.0,0.00021880389075732952,50.61434067413211
2831,3270,0.0049939184805016515,0.002808694236215973,0.0,0.00021852242442856783,50.63104842416942
2832,3271,0.004992079426040824,0.0028062584911909315,0.0,0.00021858209348498924,50.64801398292184
2833,3272,0.004989407085953907,0.0028019023224520228,0.0,0.00021875047635018844,50.664649680256844
2834,3273,0.004986297778477899,0.0027893457128373286,0.0,0.00021969520656405701,50.68139546085149
2835,3274,0.004984382341977392,0.002785205559800641,0.0,0.00021991767821767503,50.69815108459443
2836,3276,0.004983019893573798,0.0027796611686906076,0.0,0.00022033587248831906,50.722343255765736
2837,3278,0.00498248408809469,0.0027783085612698363,0.0,0.00022041755268248538,50.74723017588258
2838,3279,0.004982093554756557,0.0027730361767144872,0.0,0.00022090573780420697,50.76396761741489
2839,3280,0.004981574119552491,0.0027707070347778827,0.0,0.00022108670847746084,50.780728509649634
2840,3281,0.0049812108761733385,0.002770682330681269,0.0,0.00022105285454920701,50.79745648615062
2841,3282,0.004980797529112055,0.002768933003387298,0.0,0.00022118645257247573,50.81417507305741
2842,3283,0.00498034865275241,0.002765859979269199,0.0,0.00022144886734832116,50.83100650180131
2843,3284,0.0049797752951787275,0.0027621953148561367,0.0,0.00022175799803225907,50.84779810067266
2844,3285,0.00497888170901121,0.002760344664402573,0.0,0.00022185370446086366,50.86460591759533
2845,3286,0.004978198341291408,0.002760902746338437,0.0,0.00022172955949529703,50.88129012752324
2846,3287,0.004976804910297063,0.0027544137764809406,0.0,0.0002222391133816123,50.898125185631216
2847,3288,0.004976262155506214,0.0027575510092739198,0.0,0.0002218711146232294,50.91476292628795
2848,3289,0.004975488680334962,0.0027547010671070803,0.0,0.0002220787613227882,50.931723228655756
2849,3290,0.004974613578627215,0.0027510230271101128,0.0,0.00022235905515171026,50.948416071012616
2850,3291,0.0049741082108159754,0.0027489271904904042,0.0,0.0002225181020325571,50.965060448274016
2851,3293,0.0049733403656242025,0.0027438081298353655,0.0,0.00022295322357888367,50.98960467427969
2852,3294,0.004972884025173271,0.0027445668715885556,0.0,0.00022283171535847154,51.00630514603108
2853,3295,0.0049719731806856515,0.0027428907274850223,0.0,0.00022290824532006294,51.023103116080165
2854,3296,0.004970971949042334,0.002741922173878789,0.0,0.00022290497751635443,51.03979908302426
2855,3298,0.004970234379530319,0.0027366878765524307,0.0,0.00022335465029778886,51.06404102127999
2856,3299,0.004968762563039842,0.0027358787373039225,0.0,0.00022328838257359193,51.08084941562265
2857,3300,0.0049663590400338044,0.0027325585343371903,0.0,0.0002233800505696614,51.097944574430585
2858,3301,0.004964397798443026,0.0027341692578292114,0.0,0.0002230228540613815,51.11480777990073
2859,3302,0.004962807702736664,0.0027362244090058723,0.0,0.0002226583293730791,51.131567212753
2860,3304,0.004961662609689221,0.0027392383574088995,0.0,0.00022224242522803222,51.15553422924131
2861,3305,0.004959518585961975,0.0027325667032137542,0.0,0.0002226951882748221,51.17224378697574
2862,3306,0.004957332923661366,0.0027263642762398,0.0,0.00022309686474215667,51.18895040079951
2863,3307,0.004955083223569015,0.0027224031918105657,0.0,0.00022326800317584497,51.20567172020674
2864,3308,0.004953961866396109,0.00272436756530283,0.0,0.00022295943010932793,51.22247193753719
2865,3309,0.0049529040650597485,0.0027230460283528273,0.0,0.00022298580367069215,51.239193215966225
2866,3310,0.004951541559928252,0.002722500632713802,0.0,0.00022290409272144495,51.25588091369718
2867,3311,0.004949294525924439,0.0027200264882778517,0.0,0.0002229268037646588,51.272689926438034
2868,3312,0.00494607041532664,0.0027112822042190555,0.0,0.00022347882111075848,51.28959999978542
2869,3313,0.004943920221599734,0.0026950907397616654,0.0,0.00022488294818380687,51.30627859290689
2870,3314,0.004941838598710504,0.0026931862692155875,0.0,0.0002248652329494917,51.32357183564454
2871,3316,0.004941078269462716,0.002695685776902786,0.0,0.00022453924925599296,51.3480581138283
2872,3318,0.004940182376854996,0.0026929714241618954,0.0,0.00022472109526931012,51.372482533566654
2873,3319,0.00493866314478616,0.0026924183857960303,0.0,0.000224624475899013,51.389226268045604
2874,3320,0.0049373763305086815,0.002689800249387672,0.0,0.000224757608112101,51.40591991785914
2875,3321,0.004936177571263626,0.00268971680005295,0.0,0.00022464607712106757,51.42280540429056
2876,3322,0.004935498563652922,0.0026851432451896013,0.0,0.00022503553184633206,51.43953876476735
2877,3323,0.004934351189576472,0.0026886262890610207,0.0,0.00022457249005154508,51.45628385618329
2878,3324,0.00493357646668042,0.0026873774842111633,0.0,0.00022461989824692575,51.473121808841825
2879,3325,0.004932023663316045,0.002681449169900255,0.0,0.000225057449341579,51.48982172179967
2880,3326,0.004930428166485412,0.0026741719961414934,0.0,0.00022562561703439184,51.50660968199372
2881,3327,0.004927888458029352,0.0026635451812556483,0.0,0.0002264343276773704,51.52336632180959
2882,3328,0.004925039038612541,0.002641515090777777,0.0,0.0002283523947834764,51.5401188544929
2883,3329,0.004921990137980691,0.0026292107892358905,0.0,0.00022927793487448008,51.556822455488145
2884,3330,0.004920103859493752,0.0026110524879483267,0.0,0.0002309051371545425,51.57349018100649
2885,3332,0.004919135240171733,0.002612084260962889,0.0,0.0002307050979208844,51.59754057787359
2886,3333,0.004918695939160495,0.0026136735856155196,0.0,0.00023050223535449755,51.61423838045448
2887,3334,0.0049177952257040344,0.0026135258806962375,0.0,0.00023042693450077968,51.631126364693046
2888,3335,0.004917214984667503,0.0026143677673795126,0.0,0.00023028472172879913,51.64788582455367
2889,3336,0.004916737594299195,0.0026122917270711937,0.0,0.00023044458672280012,51.664628465659916
2890,3337,0.004916363449841305,0.0026125454238625145,0.0,0.00023038180259787904,51.68131539504975
2891,3338,0.004916063817348949,0.0026124474464564985,0.0,0.0002303616370892451,51.69850014708936
2892,3340,0.004915931875903204,0.0026131725080569524,0.0,0.00023027593678462513,51.72246950492263
2893,3341,0.004915719969248888,0.002614356830326188,0.0,0.00023013631389227,51.73952254652977
2894,3342,0.0049154876218289335,0.002615287066248533,0.0,0.00023002005555804004,51.75665679294616
2895,3343,0.004915260546099944,0.002615922013525205,0.0,0.00022993385325747388,51.773526545614004
2896,3344,0.004914804017715013,0.0026161462035116153,0.0,0.00022986578142033973,51.79036732390523
2897,3345,0.0049142281632492055,0.002615702446355016,0.0,0.00022985257168941896,51.80725950188935
2898,3346,0.004914102071160223,0.002611132751959659,0.0,0.00023029693192005637,51.82389004249126
2899,3347,0.004913408128359055,0.002612060239444623,0.0,0.00023013478889144322,51.84063008800149
2900,3348,0.00491283403756608,0.002612099313947874,0.0,0.00023007347236182063,51.85760586429387
2901,3349,0.0049120784924246656,0.0026121897271205213,0.0,0.00022998887653041437,51.87431152444333
2902,3350,0.004909821824733372,0.002618653987272852,0.0,0.00022911678374605196,51.891105067916214
2903,3351,0.0049089004577259725,0.002622810351093703,0.0,0.00022860901066322698,51.90777016989887
2904,3352,0.00490792165081957,0.002632133723289969,0.0,0.00022757879275296007,51.92460876330733
2905,3353,0.004907015803349964,0.0026378589263011836,0.0,0.00022691568770487805,51.9412658913061
2906,3354,0.004906392841429504,0.0026446994501240534,0.0,0.00022616933913054507,51.958065029233694
2907,3355,0.004905957462165191,0.002645864928379662,0.0,0.00022600925337855292,51.97558108903468
2908,3357,0.004905651443100632,0.002646117063247571,0.0,0.0002259534379853061,51.999847763217986
2909,3358,0.004905193905617644,0.002646801270149444,0.0,0.00022583926354681998,52.01640586182475
2910,3359,0.004904771896003969,0.0026470878596191265,0.0,0.0002257684036384843,52.033162525855005
2911,3360,0.004904424276808367,0.002649537065868481,0.0,0.00022548872109398862,52.04992759786546
2912,3362,0.004903738803013794,0.0026494070308152,0.0,0.00022543317721985943,52.07397378701717
2913,3363,0.004902402108704384,0.0026485226780620023,0.0,0.00022538794306423815,52.09073792863637
2914,3364,0.004900314592123044,0.002651648357614332,0.0,0.00022486662345087128,52.10733707156032
2915,3365,0.004898083878431166,0.002641338964857155,0.0,0.000225674491357401,52.12404794525355
2916,3367,0.004896444022025442,0.0026500246443886175,0.0,0.00022464193776368244,52.14867160655558
2917,3368,0.004895146347398507,0.0026482225773947787,0.0,0.00022469237700037278,52.16543215978891
2918,3369,0.004894418174514191,0.002642695133732787,0.0,0.00022517230407814032,52.18212016206235
2919,3370,0.004894011104694304,0.002639762699080492,0.0,0.00022542484056138113,52.19893433712423
2920,3371,0.004893680763471691,0.0026394752267415054,0.0,0.00022542055367301853,52.21630733832717
2921,3372,0.004893383187554922,0.0026356918164506383,0.0,0.0002257691371104284,52.23298876080662
2922,3373,0.0048931469585384215,0.0026346404706780076,0.0,0.00022585064878604143,52.2497734175995
2923,3374,0.004892854960092448,0.0026327705478933084,0.0,0.00022600844121991394,52.26647734828293
2924,3375,0.004892323702571037,0.0026275961650512533,0.0,0.00022647275375197828,52.28325883857906
2925,3376,0.0048920962336734845,0.002618694031117041,0.0,0.00022734022025564432,52.30018529109657
2926,3378,0.004891746068847663,0.002615282053856732,0.0,0.00022764640149909306,52.32451811246574
2927,3379,0.004891289156848779,0.0026179890551189353,0.0,0.00022733001017298434,52.34126337245107
2928,3380,0.004890614793071965,0.002620746886363996,0.0,0.00022698679067079689,52.358035010285676
2929,3381,0.004889717125579778,0.002621437971084877,0.0,0.00022682791544949014,52.374828902073205
2930,3382,0.004888541925764757,0.002632342256505141,0.0,0.0002256199669259616,52.391502738930285
2931,3384,0.0048873348881403765,0.002628421539969056,0.0,0.000225891334817132,52.41547259129584
2932,3385,0.004885346543046568,0.0026271175671565917,0.0,0.0002258228975889976,52.43225158471614
2933,3386,0.0048845276747985274,0.002626192258148436,0.0,0.00022583354166500912,52.44913016818464
2934,3387,0.004883694668797865,0.0026260163925512217,0.0,0.00022576782762466434,52.465889101848006
2935,3389,0.004883405986492624,0.002623725576712651,0.0,0.00022596804097799728,52.49017624557018
2936,3390,0.004883013983985569,0.0026262472773118653,0.0,0.0002256766706673704,52.5068762935698
2937,3391,0.004882752320085964,0.002627427565338061,0.0,0.00022553247547479037,52.52364348899573
2938,3392,0.004882353322770898,0.002626390863105797,0.0,0.00022559624596651013,52.54036121442914
2939,3393,0.004881841222994197,0.002628420290991122,0.0,0.00022534209320030756,52.557533581741154
2940,3394,0.004881408669152995,0.0026243672332523934,0.0,0.00022570414359006014,52.574279573746026
2941,3395,0.0048810263176618796,0.00262213166735523,0.0,0.00022588946503066497,52.591183450073004
2942,3397,0.004880855265658859,0.0026224281118404046,0.0,0.00022584271538184547,52.615187420509756
2943,3398,0.004880627072087838,0.0026207270617618177,0.0,0.00022599000103260203,52.631960422731936
2944,3399,0.004880470587692327,0.0026208489313390045,0.0,0.00022596216563533218,52.64875775948167
2945,3400,0.004880134437191912,0.002621627884805402,0.0,0.00022585065523865098,52.66554351616651
2946,3401,0.004879894896461052,0.0026214296363763993,0.0,0.00022584652600846528,52.68222850095481
2947,3402,0.004879510689947274,0.0026210294702631405,0.0,0.00022584812196841335,52.698897753842175
2948,3403,0.004879189580088698,0.0026184155366397468,0.0,0.00022607740434489522,52.715625395067036
2949,3404,0.004878950912106391,0.002616562102115303,0.0,0.00022623888099910881,52.73237931821495
2950,3405,0.004878647488445595,0.0026143553398178,0.0,0.00022642921486277942,52.749191590584815
2951,3406,0.004878430380252057,0.0026150091268241807,0.0,0.00022634212534278756,52.76581696420908
2952,3407,0.004878131571871785,0.0026166465244144505,0.0,0.00022614850474573345,52.782668127678335
2953,3408,0.004877840169990141,0.0026165043212214886,0.0,0.00022613358487686533,52.79944641981274
2954,3409,0.004877406447628064,0.0026170139762137735,0.0,0.00022603924714142908,52.81615951471031
2955,3410,0.004876943539404226,0.0026175274957663535,0.0,0.00022594160436378727,52.83289421070367
2956,3411,0.00487682001520265,0.0026220943045305372,0.0,0.00022547257106721137,52.84970247652382
2957,3413,0.0048763423940924745,0.0026200009496821,0.0,0.00022563414444103742,52.87383557762951
2958,3414,0.004876165528812119,0.0026189389772730914,0.0,0.00022572265515390279,52.89055685698986
2959,3415,0.004875937408699861,0.0026182730907961817,0.0,0.00022576643179036786,52.90738836303353
2960,3416,0.004875525068671893,0.0026186533285148823,0.0,0.00022568717401570107,52.92412323784083
2961,3417,0.0048745198798120885,0.00261768875280512,0.0,0.00022568311270069683,52.94090623687953
2962,3418,0.004873319397727597,0.0026188962043898387,0.0,0.00022544231933377575,52.957654046826065
2963,3419,0.004871981468454552,0.0026168319963545657,0.0,0.0002255149472099986,52.9743394786492
2964,3420,0.004871107972711159,0.0026087157162348606,0.0,0.00022623922564762994,52.99108223989606
2965,3422,0.004870217225201973,0.00260821370076072,0.0,0.00022620035244412523,53.01521674729884
2966,3423,0.004869067863076599,0.0026084055972487403,0.0,0.00022606622658278585,53.03235075622797
2967,3425,0.004868166483344731,0.002606119655379552,0.0,0.00022620468279651787,53.05636487342417
2968,3426,0.0048662038828808825,0.0026003704974442697,0.0,0.00022658333854366124,53.07311210874468
2969,3427,0.004862125060543715,0.0025840643661591855,0.0,0.00022780606943845297,53.08999748900533
2970,3429,0.004859956114270569,0.0025814133806299983,0.0,0.00022785427336405702,53.11525795981288
2971,3430,0.00485823355096866,0.002576569733288731,0.0,0.00022816638176799284,53.13218419998884
2972,3432,0.004857508757113836,0.0025755831033511334,0.0,0.00022819256537627024,53.157005089335144
2973,3434,0.004856298834657017,0.0025764910007572256,0.0,0.00022798078338997913,53.18114986922592
2974,3436,0.004855455918456269,0.002578088780568856,0.0,0.0002277367137887413,53.20532071683556
2975,3437,0.004854152050524417,0.0025771310146586244,0.0,0.00022770210358657924,53.22223942261189
2976,3438,0.004852993634021708,0.0025773395498088266,0.0,0.00022756540842128816,53.238943374715745
2977,3439,0.004852633250570591,0.00257965498872417,0.0,0.00022729782618464208,53.25579037703574
2978,3441,0.004851678151813987,0.0025825690943384475,0.0,0.00022691090574755387,53.28070507757366
2979,3442,0.004851515968590665,0.0025846634647894943,0.0,0.00022668525038011707,53.29787029791623
2980,3443,0.0048506663672724555,0.0025810260882267026,0.0,0.00022696402790457532,53.3147238958627
2981,3444,0.004849945421696598,0.0025823885919269494,0.0,0.00022675568297696487,53.33150271978229
2982,3445,0.00484899547271262,0.0025844802710518885,0.0,0.00022645152016607313,53.34830567520112
2983,3446,0.004847821247018606,0.0025927879120245805,0.0,0.00022550333349940254,53.36499276291579
2984,3447,0.004846668714345664,0.002596554188814556,0.0,0.0002250114525531108,53.38184065464884
2985,3448,0.004845051504757987,0.0025944953740184087,0.0,0.00022505561307395775,53.39856497757137
2986,3450,0.004843071070967929,0.0025951899189911613,0.0,0.00022478811519767672,53.422504127025604
2987,3451,0.004840604307417201,0.002597740303541086,0.0,0.00022428640038761155,53.439199812710285
2988,3452,0.00483756072267974,0.0025921543122557,0.0,0.00022454064104240402,53.45590168889612
2989,3453,0.004835489615802924,0.0025946749547454987,0.0,0.00022408146610574254,53.473119602538645
2990,3454,0.004834278866242528,0.0026003359464794656,0.0,0.00022339429197630627,53.489974584430456
2991,3455,0.00483291415284535,0.002596772924778207,0.0,0.00022361412280671425,53.50668809749186
2992,3456,0.00483215211345908,0.002595227916279651,0.0,0.00022369241971794285,53.52426502201706
2993,3457,0.004829702984150375,0.00259118007311971,0.0,0.00022385229110306648,53.541047248989344
2994,3459,0.004827289109880177,0.002589981562138904,0.0,0.00022373075477412731,53.565155803225935
2995,3461,0.004826334470773446,0.0025915492110565345,0.0,0.0002234785259716912,53.589300570078194
2996,3462,0.004824978677195496,0.002591611397071427,0.0,0.00022333672801240685,53.6059558596462
2997,3463,0.004823874141023421,0.0025909688169417377,0.0,0.0002232905324081683,53.62270928733051
2998,3464,0.004823428444499748,0.0025914964556889913,0.0,0.00022319319888107567,53.63934797979891
2999,3465,0.004822559099508886,0.002589901165225355,0.0,0.00022326579342835307,53.656121036969125
3000,3466,0.004821819288286657,0.0025863956500919876,0.0,0.00022354236381946698,53.67285134550184
3001,3467,0.004820889787973916,0.00258220326220641,0.0,0.00022386865257675062,53.68975888285786
3002,3469,0.004820278740610406,0.0025773776233745274,0.0,0.00022429011172358788,53.71402502153069
3003,3470,0.004819242597789612,0.0025754188758048318,0.0,0.000224382372198478,53.731188578531146
3004,3471,0.004818263052900932,0.0025742584110810015,0.0,0.00022440046418199306,53.74792028684169
3005,3472,0.004817389988250967,0.0025701140185743596,0.0,0.00022472759696766077,53.764707568101585
3006,3473,0.0048166486043932,0.0025683677467354107,0.0,0.00022482808576577894,53.78145543951541
3007,3474,0.004815824610596523,0.002565568210184829,0.0,0.00022502564004116938,53.798231925815344
3008,3476,0.004814948481942137,0.0025572824972779754,0.0,0.0002257665984664161,53.82291049323976
3009,3478,0.004814028389724193,0.002553981590454396,0.0,0.00022600467992697965,53.84694546740502
3010,3479,0.004813460669112765,0.0025529648156934854,0.0,0.00022604958534192793,53.863720040768385
3011,3480,0.004812673810963874,0.0025479716312628137,0.0,0.00022647021797010599,53.88045427016914
3012,3481,0.004811631750126092,0.0025478536056744434,0.0,0.00022637781444516478,53.89761355519295
3013,3482,0.0048108904271944464,0.0025499034270691427,0.0,0.0002260987000125304,53.914330582134426
3014,3483,0.0048097361396478005,0.0025538288904556803,0.0,0.00022559072491921207,53.9311501076445
3015,3484,0.004808780981652142,0.0025533350183505684,0.0,0.00022554459633015737,53.947909254580736
3016,3485,0.004808514575320088,0.0025608078929897885,0.0,0.00022477066823303003,53.96462778560817
3017,3486,0.004807238858253195,0.002555325839596618,0.0,0.0002251913018656577,53.98138213157654
3018,3487,0.004806421381201818,0.002550354200809292,0.0,0.0002256067180392527,53.998194637708366
3019,3488,0.004805186046350117,0.0025454357560858905,0.0,0.00022597502902642265,54.015023791231215
3020,3489,0.004803900694689585,0.00254406522612034,0.0,0.00022598354685692454,54.0317877586931
3021,3490,0.0048019789094434235,0.0025460752791716425,0.0,0.00022559036302717816,54.04846712201834
3022,3492,0.0048006343761588105,0.002543049943076995,0.0,0.00022575844330818153,54.0730363028124
3023,3493,0.004797782434841032,0.002543390624991954,0.0,0.00022543918098490775,54.08996029663831
3024,3495,0.004796600932506557,0.0025457186989071724,0.0,0.00022508822335993848,54.11473949626088
3025,3496,0.00479390604200622,0.002545263106503953,0.0,0.00022486429355022668,54.131579102016985
3026,3498,0.004792582996261686,0.0025413667016248305,0.0,0.00022512162946368555,54.1562799019739
3027,3500,0.004791683194689254,0.002542207263817293,0.0,0.00022494759308719613,54.18039552215487
3028,3501,0.004790180145445204,0.0025355631002345045,0.0,0.00022546170452106997,54.19808260910213
3029,3502,0.004788463536894832,0.0025382113369255585,0.0,0.00022502521999692737,54.21522613428533
3030,3503,0.004787153015042093,0.002540761221404081,0.0,0.0002246391793638012,54.232059977948666
3031,3504,0.004785846754544866,0.002539778567703788,0.0,0.00022460681868410778,54.24884278699756
3032,3505,0.0047836849039616025,0.002533574863069582,0.0,0.00022501100408920202,54.26558115519583
3033,3506,0.004781773628802238,0.002530625155973838,0.0,0.00022511484728284003,54.282410357147455
3034,3507,0.004779644732137668,0.0025249877735277772,0.0,0.000225465695860989,54.29957141820341
3035,3508,0.004777296471996612,0.0025183485665029857,0.0,0.00022589479054936266,54.31638839095831
3036,3510,0.00477283534456777,0.0025040701152196265,0.0,0.00022687652293481436,54.34070163778961
3037,3511,0.0047700697165500485,0.002494969025208286,0.0,0.00022751006913417622,54.35762824956328
3038,3512,0.004767468794676339,0.002488419916816056,0.0,0.00022790488778602825,54.374348513782024
3039,3513,0.0047642213422245325,0.002498432658509415,0.0,0.00022657886837151178,54.391192162409425
3040,3514,0.004761527300476848,0.002488506202149092,0.0,0.00022730210983277566,54.40795878507197
3041,3515,0.004760000101660419,0.0024792698175535874,0.0,0.00022807302841068317,54.42470666114241
3042,3516,0.0047560466132334465,0.002474104349400398,0.0,0.0002281942263833049,54.44153924752027
3043,3517,0.0047542174576614285,0.002482179944206845,0.0,0.00022720375134545838,54.45824720617384
3044,3518,0.004750380353516869,0.002468460558280052,0.0,0.0002281919795236817,54.474917407147586
3045,3519,0.004747131133985635,0.0024629597858922426,0.0,0.00022841713480933922,54.49172254931182
3046,3520,0.004742450397125888,0.0024556735836997294,0.0,0.0002286776813426159,54.508539945818484
3047,3522,0.004740276124204059,0.0024484321155286673,0.0,0.00022918440086753918,54.53274265117943
3048,3524,0.004738756538766776,0.0024492151240957695,0.0,0.0002289541414671007,54.55703078210354
3049,3525,0.004735725125827749,0.002447094370709721,0.0,0.0002288630755118028,54.57401230279356
3050,3526,0.004732204193905076,0.0024452167677638747,0.0,0.0002286987426141202,54.59098976198584
3051,3527,0.0047281592479006315,0.002450304263159653,0.0,0.00022778549847409792,54.60801986884326
3052,3529,0.004726322040083034,0.002446730773769778,0.0,0.00022795912663132556,54.632089416496456
3053,3530,0.004723977053353007,0.0024426398951489093,0.0,0.00022813371582040978,54.64882878214121
3054,3531,0.004721186204533985,0.0024398764207136897,0.0,0.0002281309783820295,54.66549445781857
3055,3532,0.004716389993978417,0.0024345147981989987,0.0,0.00022818751957794174,54.68232090957463
3056,3533,0.0047109120907659514,0.0024313413275522415,0.0,0.000227957076321371,54.69916651211679
3057,3535,0.00470812888227258,0.002424401208444756,0.0,0.0002283727673827825,54.72322309669107
3058,3537,0.004704458326018342,0.002422572528293438,0.0,0.00022818857977249034,54.748155317269266
3059,3538,0.004701166327169992,0.002421175061665597,0.0,0.00022799912655043953,54.76485501602292
3060,3539,0.004697600898616966,0.0024180967560640016,0.0,0.00022795041425529645,54.78178622294217
3061,3540,0.004694951261145297,0.0024136908635697977,0.0,0.00022812603975755003,54.79854000732303
3062,3541,0.004691768950869052,0.0024058068577390195,0.0,0.0002285962093130032,54.815209629014134
3063,3542,0.004689068499707308,0.002405472049404713,0.0,0.00022835964503025943,54.83200157992542
3064,3543,0.004687011193614848,0.002396014513012652,0.0,0.00022909966806021953,54.84884515590966
3065,3544,0.004683876897783415,0.002396898155957808,0.0,0.00022869787418256074,54.86587551608682
3066,3545,0.004682095371382601,0.002396869079432446,0.0,0.00022852262919501542,54.8827346181497
3067,3546,0.004679590552651717,0.0023947066385890934,0.0,0.00022848839140626238,54.89957560971379
3068,3547,0.004677015862639272,0.0023885671172825082,0.0,0.00022884487453567637,54.91762681398541
3069,3548,0.004674392084244628,0.0023844416443180383,0.0,0.00022899504399265892,54.93440381344408
3070,3549,0.004671478464362756,0.002381284995523834,0.0,0.0002290193468838922,54.951657542958856
3071,3551,0.004668409143596961,0.0023727875068901196,0.0,0.0002295621636706841,54.97637123148888
3072,3552,0.004663412542300702,0.002363227128777307,0.0,0.00023001854135233955,54.99317238852382
3073,3553,0.00465789580125082,0.0023626323648365645,0.0,0.00022952634364142545,55.00993264093995
3074,3554,0.004654627687077794,0.0023549209012888642,0.0,0.00022997067857889297,55.02709812298417
3075,3555,0.004652099923645596,0.0023567965199195293,0.0,0.00022953034037260668,55.04391952510923
3076,3556,0.004647674263879744,0.0023537643814781745,0.0,0.00022939098824015686,55.06069174781442
3077,3557,0.0046414385684143645,0.002350355883680382,0.0,0.00022910826847339825,55.07734163571149
3078,3558,0.00463928060563139,0.002332315224244915,0.0,0.00023069653813864748,55.094180601648986
3079,3559,0.004628555459803288,0.002330236348501268,0.0,0.00022983191113020197,55.1109967995435
3080,3560,0.004624587776186087,0.0023359258368136613,0.0,0.00022886619393724255,55.12773011997342
3081,3561,0.004620978538800598,0.002326786053754406,0.0,0.00022941924850461925,55.14463440794498
3082,3563,0.0046186197927199765,0.0023246239853008475,0.0,0.0002293995807419129,55.16879331693053
3083,3564,0.004615766539619407,0.00232148414189567,0.0,0.0002294282397723736,55.18557851109654
3084,3565,0.004612793751170083,0.002317067407286976,0.0,0.0002295726343883107,55.20245740376413
3085,3567,0.004612041836730595,0.0023193166519633094,0.0,0.00022927251847672866,55.22729190252721
3086,3568,0.004611205031416115,0.0023136426834619228,0.0,0.0002297562347954192,55.244050059467554
3087,3569,0.0046068960941805705,0.0023094821831467836,0.0,0.00022974139110337868,55.260814442299306
3088,3570,0.004605174333366647,0.002301503980305386,0.0,0.00023036703530612606,55.278542179614305
3089,3571,0.004603345813918528,0.0022960561119682293,0.0,0.00023072897019502992,55.295389572158456
3090,3572,0.004600925486919014,0.002286535746049647,0.0,0.00023143897408693667,55.31208370812237
3091,3573,0.004597379355513182,0.002279058336000722,0.0,0.00023183210195124593,55.32901634462178
3092,3574,0.0045939654992644945,0.0022732340184373496,0.0,0.0002320731480827145,55.345758757553995
3093,3575,0.004591836220873765,0.0022686549870076923,0.0,0.00023231812338660724,55.362653718329966
3094,3577,0.004590610217248329,0.0022624829468741487,0.0,0.000232812727037418,55.38681747484952
3095,3579,0.004589422224583023,0.002257036325598383,0.0,0.00023323858989846404,55.41091927699745
3096,3580,0.004588349241387157,0.002256999550759669,0.0,0.00023313496906274877,55.42759092524648
3097,3581,0.004586803931644758,0.002256780232548512,0.0,0.0002330023699096246,55.444392261095345
3098,3582,0.004585737974663689,0.002254738988546804,0.0,0.00023309989861168846,55.461076736450195
3099,3583,0.004584899696718849,0.0022510857958924005,0.0,0.0002333813900826449,55.47913832589984
3100,3584,0.004584259100023512,0.002251771257903649,0.0,0.00023324878421198634,55.496445421129465
3101,3585,0.004583746611484754,0.0022486589780513757,0.0,0.00023350876334333781,55.51321797259152
3102,3586,0.004583133188309513,0.002245153586707101,0.0,0.00023379796016024116,55.52991673909128
3103,3587,0.004582777402886481,0.0022445363822887515,0.0,0.00023382410205977295,55.54657210689038
3104,3588,0.004582262432397321,0.0022443999809160175,0.0,0.00023378624514813035,55.56330103799701
3105,3589,0.004581851354350559,0.002247415057956431,0.0,0.00023344362963941285,55.58008576929569
3106,3590,0.004581538484332107,0.002246678461272968,0.0,0.00023348600230591393,55.596998929046094
3107,3591,0.004581013308940207,0.002245710907709742,0.0,0.00023353024012304644,55.613684279844165
3108,3592,0.004580294282941176,0.002243739264596609,0.0,0.00023365550183445673,55.63034869451076
3109,3593,0.00457906993904225,0.0022409395807854345,0.0,0.0002338130358256816,55.64701926894486
3110,3594,0.004577967511361355,0.0022379063730311403,0.0,0.0002340061138330215,55.664295341819525
3111,3595,0.0045759509679307,0.0022373223412175862,0.0,0.0002338628626713113,55.68105568177998
3112,3596,0.0045737049602260615,0.0022356716856558744,0.0,0.00023380332745701868,55.697885929606855
3113,3597,0.004569526759177808,0.0022286328657033574,0.0,0.00023408938934744514,55.714534596540034
3114,3599,0.004567628934381254,0.0022305422418672847,0.0,0.00023370866925139687,55.73882070183754
3115,3600,0.004565639589744841,0.002229099037057881,0.0,0.000233654055268696,55.75567624904215
3116,3601,0.00456330419834401,0.002221881106678791,0.0,0.00023414230916652187,55.77239107899368
3117,3603,0.004561946216099226,0.002221993956096473,0.0,0.00023399522600027527,55.79655703064054
3118,3604,0.004560596841336698,0.002220683357280906,0.0,0.0002339913484055792,55.81337761040777
3119,3605,0.004557867773639014,0.002214966096411143,0.0,0.00023429016772278716,55.83016746956855
3120,3606,0.0045555006084266126,0.0022100236352277217,0.0,0.00023454769731988908,55.846983849070966
3121,3607,0.004552966445131838,0.0022080324424988947,0.0,0.00023449340026329438,55.8637816645205
3122,3608,0.0045491638576791605,0.002200528376506684,0.0,0.00023486354811724764,55.8806511759758
3123,3609,0.004543157915332833,0.0022031298590703035,0.0,0.00023400280562625294,55.89739724714309
3124,3610,0.004539126362873942,0.0021995540615724284,0.0,0.0002339572301301514,55.914144908078015
3125,3612,0.004535489946393341,0.0021936824989093107,0.0,0.00023418074474840304,55.93821430299431
3126,3614,0.004532039138313665,0.002195643207834566,0.0,0.0002336395930479099,55.96234339196235
3127,3615,0.004529502386516961,0.0021999713570387373,0.0,0.00023295310294782238,55.97905651759356
3128,3616,0.004528058580006334,0.002197392934803863,0.0,0.00023306656452024707,55.99607737921178
3129,3617,0.0045256737099486416,0.0021923306246455746,0.0,0.00023333430853030672,56.0127460854128
3130,3618,0.004523287500385,0.002186620819538368,0.0,0.00023366666808466316,56.02942459471524
3131,3619,0.004520564223947191,0.0021757067887321698,0.0,0.00023448574352150211,56.04618441872299
3132,3620,0.004519334536813281,0.002167691254995746,0.0,0.00023516432818175356,56.06299070455134
3133,3621,0.004518904678606924,0.0021631784985482504,0.0,0.00023557261800586735,56.07973472494632
3134,3622,0.004518606644330965,0.0021631632357337377,0.0,0.00023554434085972274,56.09660523291677
3135,3623,0.004518172534958613,0.0021646727045002193,0.0,0.00023534998304583943,56.11369012761861
3136,3624,0.00451769427284748,0.002165514039741511,0.0,0.00023521802331059684,56.1303582675755
3137,3625,0.004516823268130852,0.0021672559540950875,0.0,0.0002349567314035765,56.14703452214599
3138,3626,0.0045157784032701185,0.0021692405961162404,0.0,0.00023465378071538788,56.16383409127593
3139,3627,0.004513685465113297,0.002172751099181491,0.0,0.00023409343659318058,56.18050583731383
3140,3629,0.0045117340799144205,0.0021727832485560466,0.0,0.00023389508313583735,56.20505044888705
3141,3630,0.0045080531596500065,0.0021752134062233454,0.0,0.00023328397534266612,56.22186176944524
3142,3631,0.0045064498910150136,0.002176384288370528,0.0,0.00023300656026444856,56.23865759652108
3143,3632,0.004505548169558433,0.002173376197847532,0.0,0.00023321719717109006,56.255353854969144
3144,3633,0.004504366956328682,0.0021722028053095597,0.0,0.0002332164151019122,56.272079860791564
3145,3635,0.004503463399657782,0.0021707782972967752,0.0,0.00023326851023610062,56.29721872322261
3146,3636,0.004501222870487536,0.002170948831456796,0.0,0.000233027403903074,56.31412387825549
3147,3637,0.004496657959755197,0.0021654703604134786,0.0,0.00023311875993417178,56.33085657842457
3148,3638,0.004492571547486039,0.0021613457411585445,0.0,0.00023312258063274945,56.34773813094944
3149,3640,0.004489782930170638,0.0021624300697411563,0.0,0.00023273528604294817,56.37184825446457
3150,3641,0.004488922903031687,0.0021591891601442426,0.0,0.00023297337428874437,56.3886080859229
3151,3642,0.00448747519674114,0.0021574452338175925,0.0,0.00023300299629235472,56.40522610209882
3152,3643,0.004486086016732093,0.002156221117774498,0.0,0.00023298648989575961,56.42188511788845
3153,3645,0.004485649164974625,0.0021533131174277832,0.0,0.00023323360475468414,56.446025690063834
3154,3646,0.004484381875647733,0.002151550186097782,0.0,0.0002332831689549951,56.462718199938536
3155,3647,0.004482585543445366,0.002148987198510518,0.0,0.00023335983449348472,56.47941309213638
3156,3648,0.004478651098112804,0.0021462663142915554,0.0,0.0002332384783821248,56.496202697977424
3157,3650,0.0044756077265553865,0.0021386296916405217,0.0,0.00023369780349148653,56.52027678489685
3158,3652,0.004471834175359976,0.0021331223593288504,0.0,0.00023387118160311254,56.544265845790505
3159,3653,0.004468392137742655,0.0021342411121355446,0.0,0.00023341510256071104,56.56094254832715
3160,3655,0.004459226086452745,0.0021162887754830467,0.0,0.00023429373109696986,56.58507111482322
3161,3657,0.0044530188431841245,0.0021096913017312597,0.0,0.00023433275414528647,56.60920861642808
3162,3658,0.004447258871259143,0.0021040538275491827,0.0,0.00023432050437099602,56.62600424513221
3163,3659,0.004442919444973227,0.00208326870555049,0.0,0.00023596507394227367,56.642792641185224
3164,3660,0.004439428550251166,0.002088565591519929,0.0,0.0002350862958731237,56.65941935777664
3165,3662,0.004438393475006699,0.00208697891067809,0.0,0.00023514145643286087,56.68340443074703
3166,3663,0.0044374111133262005,0.0020800885113093264,0.0,0.00023573226020168743,56.70012132823467
3167,3664,0.004435967055039685,0.0020848889488335946,0.0,0.00023510781062060907,56.71685072593391
3168,3665,0.004435053593181975,0.002081915280923907,0.0,0.0002353138312258068,56.733570107258856
3169,3666,0.004432838556756153,0.0020809829112750852,0.0,0.00023518556454810678,56.7502663359046
3170,3667,0.004432076027346669,0.002081420589295499,0.0,0.00023506554380511703,56.768031540326774
3171,3668,0.004431120977697912,0.002082095049430334,0.0,0.00023490259282675787,56.78510500397533
3172,3669,0.004429822222259548,0.00208209819909107,0.0,0.0002347724023168478,56.80191762931645
3173,3670,0.0044286319831484304,0.0020836809637900596,0.0,0.0002344951019358371,56.81853886693716
3174,3671,0.004427868904506136,0.002086026856626846,0.0,0.0002341842047879291,56.8361713020131
3175,3672,0.004427549249934602,0.00209006734341251,0.0,0.00023374819065220923,56.85337767377496
3176,3673,0.004426488069068587,0.0020876005259579137,0.0,0.0002338887543110673,56.87006362248212
3177,3674,0.004424957412116538,0.0020861742470250078,0.0,0.00023387831650915306,56.88725105114281
3178,3675,0.004423163291937855,0.002083441795810732,0.0,0.00023397214961271234,56.90433314908296
3179,3676,0.004420940561797299,0.0020820191600596422,0.0,0.00023389214017376564,56.9210039768368
3180,3677,0.004419316958408906,0.0020794906980364123,0.0,0.00023398262603724937,56.93767333868891
3181,3678,0.0044180302598981315,0.0020768010705132013,0.0,0.00023412291893849303,56.95436000544578
3182,3679,0.004416527536172814,0.002070521154031617,0.0,0.0002346006382141198,56.97132776491344
3183,3680,0.0044155933329679195,0.002067765314618101,0.0,0.0002347828018349818,56.988109529949725
3184,3681,0.004414917179502004,0.0020665530787718277,0.0,0.00023483641007301768,57.00545173604041
3185,3682,0.00441434273519822,0.0020659141313241493,0.0,0.00023484286038740704,57.02220098488033
3186,3683,0.004413700757774292,0.002061064012564631,0.0,0.0002352636745209661,57.03896095510572
3187,3684,0.004413290686713825,0.0020609351495627978,0.0,0.00023523555371510272,57.05572328623384
3188,3685,0.004412831559012996,0.002059000171670013,0.0,0.00023538313873429833,57.07247761450708
3189,3686,0.004412190367500285,0.0020591193325881518,0.0,0.0002353071034912134,57.08932064194232
3190,3687,0.0044112625156991075,0.0020580374803871237,0.0,0.0002353225035311984,57.10606384370476
3191,3688,0.004408824088282893,0.002056841127995956,0.0,0.00023519829602869366,57.12282799463719
3192,3689,0.004406166707096313,0.002053484293897799,0.0,0.0002352682413198514,57.13964951876551
3193,3690,0.004403986730228066,0.002061773398633192,0.0,0.00023422133315948742,57.156324092298746
3194,3691,0.004398106271424722,0.0020493082515098382,0.0,0.00023487980199148831,57.17304726224393
3195,3692,0.004397858529238789,0.002048583642504859,0.0,0.000234927488673393,57.18984793778509
3196,3694,0.004392579239369382,0.0020495509824832434,0.0,0.00023430282568861384,57.21394042018801
3197,3696,0.004390556608331119,0.002052184385568469,0.0,0.00023383722227626503,57.23807983286679
3198,3697,0.004389114758276095,0.0020518901908786955,0.0,0.00023372245673973998,57.25484763272107
3199,3698,0.004387423365486147,0.0020570266043898533,0.0,0.00023303967610962937,57.27156830113381
3200,3699,0.00438627136497385,0.0020687915442180803,0.0,0.000231747982075577,57.288496654480696
3201,3700,0.004385211726151709,0.0020697033309937042,0.0,0.00023155083951580048,57.30522558931261
3202,3701,0.004384561844322001,0.0020687073924849577,0.0,0.0002315854451837043,57.322057370096445
3203,3702,0.004384003910288314,0.0020715968580127496,0.0,0.0002312407052275565,57.33886092342436
3204,3703,0.00438361421955404,0.0020753768387556876,0.0,0.00023082373807983521,57.355658270418644
3205,3704,0.004383185853098265,0.002077952991683274,0.0,0.00023052328614149911,57.37273705843836
3206,3705,0.0043826219298726595,0.0020813362238422065,0.0,0.00023012857060304535,57.389650946483016
3207,3706,0.004382024930325395,0.002082951837195587,0.0,0.00022990730931298083,57.406320692040026
3208,3707,0.0043816840933631395,0.0020806729818495556,0.0,0.0002301011111513584,57.42304167430848
3209,3708,0.004381370556109758,0.0020781828824085885,0.0,0.0002303187673701169,57.439849586226046
3210,3709,0.004381123772506444,0.002077051688241992,0.0,0.00023040720842644523,57.456684472970665
3211,3710,0.004380676336422154,0.0020740916529521773,0.0,0.00023065846834699767,57.47339931782335
3212,3712,0.0043806356035590655,0.0020735408860299365,0.0,0.00023070947175291291,57.49755203071982
3213,3713,0.00438008958550142,0.00207158663714359,0.0,0.000230850294835783,57.514206879772246
3214,3714,0.004379493704619149,0.0020689999456784537,0.0,0.00023104937589406963,57.530947024933994
3215,3715,0.004379031312424484,0.002068900823270469,0.0,0.00023101304891540153,57.54776798468083
3216,3716,0.004378538395664799,0.0020682272637305194,0.0,0.00023103111319342797,57.564396494068205
3217,3717,0.004378280233776307,0.0020721838249706517,0.0,0.00023060964088056555,57.58122953120619
3218,3718,0.004377829878854428,0.0020705463760027666,0.0,0.0002307283502851662,57.59809335973114
3219,3719,0.004377555999163165,0.002068236137862282,0.0,0.00023093198613008837,57.61489221546799
3220,3720,0.004377363468502267,0.0020696814690948097,0.0,0.00023076819994074577,57.63163209799677
3221,3721,0.004377216173161215,0.002069247814424328,0.0,0.0002307968358736887,57.64830526895821
3222,3722,0.004376969092264758,0.002068279690552143,0.0,0.00023086894017126155,57.66498078033328
3223,3723,0.004376707924116157,0.002067468402879123,0.0,0.00023092395212370349,57.68185244593769
3224,3725,0.0043766509120144025,0.002066422183862349,0.0,0.0002310228728152053,57.705968896858394
3225,3727,0.004376256406417922,0.002066143354018256,0.0,0.00023101130523996667,57.73002726491541
3226,3728,0.004376201728323937,0.0020666469405031273,0.0,0.000230955478782081,57.74667938705534
3227,3729,0.004375644704620854,0.002066869144378024,0.0,0.000230877556024283,57.76334103103727
3228,3730,0.004375307929595762,0.002065687280301305,0.0,0.0002309620649294457,57.78005011472851
3229,3731,0.004374829919789289,0.002067478527027768,0.0,0.0002307351392761521,57.79693439602852
3230,3732,0.0043743718032857384,0.002068263739156071,0.0,0.0002306108064129667,57.81358907278627
3231,3733,0.0043738105526140315,0.002068178506465257,0.0,0.00023056320461487746,57.830417537130415
3232,3734,0.004373189492123742,0.0020678991589838545,0.0,0.00023052903331398884,57.84715092647821
3233,3736,0.004372453455818135,0.002063888167002419,0.0,0.00023085652888157155,57.871216841973364
3234,3738,0.004372073018793915,0.0020626695401870163,0.0,0.00023094034786068991,57.89543579146266
3235,3739,0.004371271520323023,0.0020569674698618506,0.0,0.00023143040504611722,57.91219699382782
3236,3740,0.004370487334545816,0.0020540253988511606,0.0,0.00023164619356946548,57.92887524794787
3237,3741,0.004369815692491386,0.002054436032243412,0.0,0.0002315379660247974,57.945952946320176
3238,3742,0.0043693115568499506,0.0020562377569602963,0.0,0.00023130737998896546,57.96263269614428
3239,3743,0.0043682291781400534,0.0020536166156948322,0.0,0.0002314612562445221,57.97935783583671
3240,3744,0.004367189078449692,0.002051386150676192,0.0,0.00023158029277735,57.99611031264067
3241,3745,0.004365977459671542,0.0020451941079094593,0.0,0.00023207833517620825,58.01293449383229
3242,3746,0.004364260753495976,0.0020409660544128774,0.0,0.00023232946990830989,58.029633414931595
3243,3748,0.004363351093392693,0.0020401530648525546,0.0,0.00023231980285401383,58.05373649671674
3244,3749,0.004360703692025025,0.0020326870843603816,0.0,0.00023280166076646426,58.070760333910584
3245,3751,0.004359503791517965,0.002033367252498393,0.0,0.0002326136539019571,58.09546082559973
3246,3752,0.0043570233639113175,0.002028417023538684,0.0,0.00023286063403726344,58.11223725415766
3247,3753,0.004353915119396182,0.0020254465280708325,0.0,0.00023284685913253493,58.12929888628423
3248,3754,0.004350659951375897,0.0020277902952557164,0.0,0.00023228696561201808,58.1459235958755
3249,3755,0.00434660936428793,0.0020288249943927568,0.0,0.00023177843698951736,58.16272986680269
3250,3757,0.004344715994990159,0.0020228374746361737,0.0,0.00023218785203539853,58.18690841924399
3251,3758,0.004339457854154153,0.0020216881129419355,0.0,0.00023177697412122178,58.20383988227695
3252,3759,0.004334656997786377,0.002021385548375122,0.0,0.00023132714494112554,58.22064505890012
3253,3761,0.004331524949531793,0.0020176860085968995,0.0,0.00023138389409348934,58.24558008275926
3254,3762,0.0043273472909985695,0.0020145205128249254,0.0,0.00023128267781736446,58.262200630269945
3255,3764,0.004326148651275785,0.002014632247231738,0.0,0.00023115164040440474,58.28642729669809
3256,3766,0.004325023405092532,0.0020119206973797823,0.0,0.00023131027077127498,58.31059667468071
3257,3767,0.0043240254841194,0.002009339660178731,0.0,0.00023146858239406697,58.327291128225625
3258,3768,0.004323369155614705,0.002010639850911988,0.0,0.0002312729304702717,58.34394546132535
3259,3769,0.004322558157285671,0.002010999082657272,0.0,0.00023115590746283998,58.36082161497325
3260,3770,0.00432194116906961,0.002014251283444801,0.0,0.00023076898856248094,58.37751331180334
3261,3771,0.004321498382583633,0.0020159444178982056,0.0,0.00023055539646854275,58.394351191818714
3262,3772,0.004321198887554713,0.002018308846794957,0.0,0.00023028900407597562,58.411091233603656
3263,3773,0.004320723370178569,0.0020222829295719943,0.0,0.00022984404406065746,58.4278503395617
3264,3774,0.004320012787369457,0.002026551964636129,0.0,0.0002293460822733328,58.44459061976522
3265,3775,0.00431960746953588,0.0020325408928311755,0.0,0.0002287066576704705,58.46129873674363
3266,3776,0.004319145930622533,0.002034889966829501,0.0,0.0002284255963793032,58.47804830316454
3267,3777,0.004318632257547994,0.002031934884406514,0.0,0.000228669737314148,58.49489707220346
3268,3778,0.004318289278876262,0.0020299398303187752,0.0,0.00022883494485574863,58.511635011062026
3269,3779,0.004318058427753221,0.0020303502701089866,0.0,0.00022877081576442345,58.52828298974782
3270,3780,0.004317887331819079,0.002031690545897275,0.0,0.0002286196785921804,58.54498980753124
3271,3781,0.004317782426588155,0.0020311800370293107,0.0,0.00022866023895588443,58.56185899488628
3272,3782,0.004317705066625174,0.0020311000131264054,0.0,0.0002286605053498769,58.579495578072965
3273,3783,0.004317538703636052,0.0020315842192508817,0.0,0.00022859544843851706,58.59607297927141
3274,3784,0.004317430065663238,0.0020322908659427858,0.0,0.00022851391997204522,58.61357990466058
3275,3785,0.00431696613593569,0.002032583601561401,0.0,0.00022843825343742884,58.63028485607356
3276,3786,0.00431643458865795,0.0020330837249326224,0.0,0.00022833508637253274,58.64709306880832
3277,3787,0.004315837464427248,0.0020348614819895436,0.0,0.0002280975982437705,58.66401184722781
3278,3789,0.004315642889163661,0.002034592836548435,0.0,0.00022810500526152254,58.68863536044955
3279,3790,0.004315264376953405,0.0020356674998657617,0.0,0.00022795968770876436,58.70536560192704
3280,3792,0.00431495023695481,0.0020365205125526266,0.0,0.00022784297244021827,58.729372246190906
3281,3793,0.004314216438074692,0.002035098546798968,0.0,0.00022791178912757244,58.74597826320678
3282,3794,0.004313420695959939,0.002033858573727909,0.0,0.00022795621222320296,58.76277506724
3283,3795,0.004311710332281655,0.002024230136592892,0.0,0.0002287480195688763,58.77942632418126
3284,3796,0.00431111354882152,0.0020229875658444667,0.0,0.00022881259829770533,58.79618505388498
3285,3798,0.004310694752396526,0.0020232657658178633,0.0,0.00022874289865786623,58.820275319740176
3286,3799,0.0043103157950660645,0.0020212831453650213,0.0,0.00022890326497010432,58.8370168171823
3287,3800,0.004309353499074407,0.002025208032793157,0.0,0.000228414546628125,58.85391294024885
3288,3801,0.004309109745981575,0.002021661603300282,0.0,0.0002287448142681294,58.87061527557671
3289,3802,0.00430795811552562,0.002019074669425784,0.0,0.0002288883446099836,58.887305457144976
3290,3803,0.004307396268058931,0.002021700699287604,0.0,0.00022856955687713265,58.904102047905326
3291,3804,0.004306673119294662,0.002020988848651784,0.0,0.00022856842706428786,58.92087346594781
3292,3805,0.004305594730955873,0.0020191599091972704,0.0,0.00022864348217586033,58.93756391014904
3293,3806,0.004304477918485875,0.0020176092022384596,0.0,0.00022868687162474154,58.95422552060336
3294,3808,0.0043040165109576,0.0020186580913926482,0.0,0.00022853584195649514,58.97823561448604
3295,3810,0.004303269132787057,0.0020188993403122695,0.0,0.00022843697924747873,59.00298060011119
3296,3811,0.004302269017550776,0.002016821960376351,0.0,0.00022854470571744245,59.01973796915263
3297,3812,0.0043013854329074005,0.002019993867032673,0.0,0.00022813915658747278,59.036479969508946
3298,3813,0.004301233161355618,0.0020213777118348393,0.0,0.00022798554495207781,59.05317300371826
3299,3814,0.0043008447198917546,0.002023857163306164,0.0,0.00022769875565855903,59.069962810724974
3300,3815,0.004300687427957762,0.0020224302090160766,0.0,0.00022782572189416862,59.08673704508692
3301,3816,0.004300483769572172,0.0020233309885390534,0.0,0.00022771527810331186,59.10447086580098
3302,3817,0.0043003494820368325,0.0020255131521884732,0.0,0.00022748363298483588,59.121150323189795
3303,3818,0.00430024161065677,0.0020270008721035866,0.0,0.00022732407385531834,59.13803798425943
3304,3819,0.004300100762001345,0.002028771738675804,0.0,0.00022713290233255406,59.15473318845034
3305,3820,0.004299937183561619,0.002030550603355066,0.0,0.00022693865802065529,59.17136969510466
3306,3821,0.004299681298277069,0.0020320486250947544,0.0,0.00022676326731823149,59.18807626888156
3307,3822,0.004299288560783706,0.002032839861475888,0.0,0.00022664486993078186,59.205639488995075
3308,3823,0.004298880293479582,0.0020333507565901306,0.0,0.0002265529536889452,59.222337272018194
3309,3824,0.004298422834250993,0.002033639745140749,0.0,0.00022647830891102437,59.23910726420581
3310,3825,0.004297151385391116,0.0020353778387739887,0.0,0.00022617735466171274,59.255773830227554
3311,3826,0.0042955008216813365,0.002038961393334768,0.0,0.0002256539428346568,59.27263412903994
3312,3827,0.004294088517446301,0.002042585725810658,0.0,0.0002251502791635643,59.28947286307812
3313,3828,0.004293103213629138,0.002044595578080141,0.0,0.00022485076355489972,59.30623827315867
3314,3830,0.0042924611946812356,0.0020467014405353293,0.0,0.00022457597541459062,59.33039427548647
3315,3831,0.004291330386989247,0.002044816976123466,0.0,0.00022465134108657815,59.347077707760036
3316,3832,0.00429065387967711,0.0020397481616253295,0.0,0.00022509057180517802,59.36393961403519
3317,3833,0.004290065151287688,0.0020405452840928265,0.0,0.0002249519867194862,59.38065691757947
3318,3834,0.00428930496422008,0.002042450464646699,0.0,0.00022468544995733812,59.39734726771712
3319,3835,0.004288961874418271,0.0020417067634438757,0.0,0.00022472551109743957,59.41398566681892
3320,3836,0.0042885392357190945,0.0020420218774354223,0.0,0.00022465173582836718,59.430803460069
3321,3837,0.0042882347454965535,0.002041392981922867,0.0,0.0002246841763573686,59.447612285614014
3322,3838,0.004287843534173665,0.0020413522937493054,0.0,0.00022464912404243588,59.46427768096328
3323,3839,0.004287500401626251,0.002044283170460076,0.0,0.00022432172311661754,59.48101139999926
3324,3840,0.004286973050461497,0.002045027024703121,0.0,0.00022419460257583763,59.49787325784564
3325,3841,0.00428633536538583,0.002047438621292063,0.0,0.00022388967440937672,59.51537892688066
3326,3842,0.004285545832567802,0.002051004674613602,0.0,0.00022345411579542,59.5322649134323
3327,3843,0.004284885907781016,0.0020551766754028293,0.0,0.00022297092323781865,59.54896124918014
3328,3844,0.004283749544446076,0.0020523493597481555,0.0,0.00022314001846979203,59.565766924992204
3329,3845,0.004282945006539854,0.0020529958600380774,0.0,0.0002229949146501777,59.582556234672666
3330,3847,0.004282302941816956,0.0020547901302260725,0.0,0.00022275128115908834,59.606633270159364
3331,3848,0.004281744506491541,0.002057055134650098,0.0,0.00022246893718414433,59.62331551872194
3332,3849,0.004281218128297445,0.002058221552037508,0.0,0.00022229965762599375,59.64009875524789
3333,3850,0.004280815184161343,0.002057356500853091,0.0,0.00022234586833082514,59.656901630572975
3334,3851,0.004280382264187881,0.0020560675955383326,0.0,0.00022243146686495478,59.673578976653516
3335,3852,0.004280073695513609,0.002050534650690432,0.0,0.00022295390448231767,59.69024764280766
3336,3853,0.004279565486111858,0.0020514574596636934,0.0,0.00022281080264481654,59.70702393818647
3337,3854,0.004279191376258389,0.0020513730249044682,0.0,0.00022278183513539201,59.72384956572205
3338,3855,0.004278825556509776,0.0020513825517104694,0.0,0.0002227443004799306,59.74072305485606
3339,3856,0.004278392834451182,0.002052131838671655,0.0,0.00022262609957795273,59.75743641331792
3340,3857,0.0042779769147301685,0.0020503246621361047,0.0,0.00022276522525940638,59.77410821709782
3341,3858,0.00427765239005677,0.002047186999629812,0.0,0.00022304653904269578,59.79104994144291
3342,3859,0.004277192938180723,0.002048645696842137,0.0,0.0002228547241338586,59.808291006833315
3343,3860,0.004276900195139982,0.002049921926114868,0.0,0.00022269782690251136,59.825431095436215
3344,3861,0.004276213165909395,0.0020526702306735657,0.0,0.00022235429352358295,59.84230403602123
3345,3862,0.004275569608713245,0.002055062906268006,0.0,0.00022205067024452384,59.86022833548486
3346,3864,0.004274950975740402,0.0020564079078355287,0.0,0.00022185430679048734,59.884380645118654
3347,3865,0.004274091730384287,0.002059965257918396,0.0,0.00022141264724658908,59.90121604781598
3348,3867,0.004273377096290451,0.0020582046339950553,0.0,0.00022151724622953965,59.92531984578818
3349,3868,0.004273019501185029,0.0020586416646851346,0.0,0.00022143778364998938,59.94209656212479
3350,3869,0.004272737858103944,0.002057988634307089,0.0,0.00022147492237968558,59.958808469586074
3351,3870,0.004272240147247152,0.002057058035928314,0.0,0.0002215182111318838,59.97533331159502
3352,3871,0.004271827647088059,0.0020563837910095887,0.0,0.00022154438560784704,59.992143807932734
3353,3872,0.004271529125367127,0.0020560667023424533,0.0,0.00022154624230246735,60.00892628263682
3354,3873,0.004271204942722377,0.0020564932671812333,0.0,0.0002214711675541144,60.02649434842169
3355,3875,0.004271090886710589,0.0020571748308718246,0.0,0.00022139160558387646,60.0504441075027
3356,3876,0.004270919808685169,0.0020572884834502503,0.0,0.00022136313252349183,60.06715539190918
3357,3877,0.004270811834586371,0.0020562961008949903,0.0,0.00022145157336913803,60.08388432394713
3358,3878,0.0042707224246413735,0.0020586663824445975,0.0,0.00022120560421967764,60.10068191867322
3359,3879,0.004270642639908378,0.002058847435541619,0.0,0.0002211795204366759,60.117360562086105
3360,3880,0.004270567176177267,0.00205851030105929,0.0,0.00022120568751179764,60.13408738095313
3361,3881,0.004270469372139939,0.002058964408852388,0.0,0.00022115049632875515,60.15174363460392
3362,3882,0.004270372214719703,0.0020589293761395736,0.0,0.0002211442838580129,60.16836575046182
3363,3883,0.004270147664788618,0.0020585193174041416,0.0,0.0002211628347384477,60.185129689984024
3364,3885,0.004270088246662316,0.0020577399109148933,0.0,0.00022123483357474228,60.20925834868103
3365,3886,0.004269654880663602,0.002055100491214367,0.0,0.00022145543894492353,60.22590565402061
3366,3887,0.0042691505971165986,0.0020488553342418066,0.0,0.00022202952628747925,60.24273000191897
3367,3888,0.004268822087110302,0.002046412082105436,0.0,0.0002222410005004866,60.259370158426464
3368,3889,0.004268576795254456,0.002042507647219531,0.0,0.00022260691480349254,60.27607627771795
3369,3890,0.004268485794791782,0.0020427729205443677,0.0,0.0002225712874247414,60.29295193310827
3370,3891,0.004268410467592562,0.002042780990342804,0.0,0.00022256294772497582,60.309830714948475
3371,3892,0.00426827867955918,0.0020411742285500554,0.0,0.0002227104451009125,60.326542761176825
3372,3893,0.004268049932691107,0.0020404654904020696,0.0,0.00022275844422890375,60.34329653996974
3373,3894,0.004267476435588141,0.0020388635848958016,0.0,0.00022286128506923399,60.35999849718064
3374,3895,0.004266867553143434,0.0020388678021526383,0.0,0.00022279997509907956,60.37681439612061
3375,3896,0.004266186490563491,0.002037659580426416,0.0,0.00022285269101370752,60.39363223593682
3376,3897,0.004265453633132845,0.0020378366754194312,0.0,0.0002227616957713414,60.41024908516556
3377,3899,0.004264638010761004,0.0020345019108730655,0.0,0.00022301360998879384,60.43427948281169
3378,3900,0.004263905422150489,0.002034820155735372,0.0,0.00022290852664151172,60.4510587900877
3379,3901,0.0042629662582553355,0.0020309573229139633,0.0,0.00022320089353413726,60.46781131904572
3380,3902,0.0042620017042978965,0.0020313534994776134,0.0,0.00022306482048202832,60.48455667681992
3381,3903,0.004260857166169165,0.002034697932836938,0.0,0.00022261592333322266,60.50217267870903
3382,3904,0.004259808911980115,0.0020390540219803748,0.0,0.000222075488999974,60.518817202188075
3383,3906,0.004259652322888254,0.0020402833133158185,0.0,0.00022193690095724357,60.543016352690756
3384,3907,0.004259201967479838,0.002041510152024545,0.0,0.00022176918154552929,60.55975094344467
3385,3909,0.004258904286280111,0.002041770430723726,0.0,0.0002217133855556385,60.58384757861495
3386,3910,0.004258628768257273,0.0020417969728340197,0.0,0.00022168317954232537,60.60065804794431
3387,3911,0.0042582077396064715,0.0020411063251970555,0.0,0.0002217101414409416,60.617312394082546
3388,3912,0.004257935933644134,0.002040263089482834,0.0,0.00022176728441613002,60.6340451342985
3389,3913,0.004257493558003662,0.002038725855782774,0.0,0.00022187677022208883,60.65096685755998
3390,3914,0.004256858516574292,0.0020371532603924414,0.0,0.00022197052561818503,60.667628292925656
3391,3915,0.004256623371983609,0.0020356494211115302,0.0,0.0002220973950872079,60.6843175413087
3392,3917,0.0042563742631447354,0.002033968101049728,0.0,0.0002222406162095007,60.708373106084764
3393,3919,0.004256075144700597,0.0020355439457977516,0.0,0.00022205311989028455,60.732321665622294
3394,3920,0.004255827804580574,0.0020362987026989066,0.0,0.00022195291018816676,60.74908349663019
3395,3921,0.004255622286367833,0.002037693585555098,0.0,0.00022179287008127342,60.765801107510924
3396,3922,0.004255481794063192,0.0020378007506180614,0.0,0.00022176810434451307,60.78243791684508
3397,3923,0.004255278578245135,0.002039038908587662,0.0,0.00022162396696574738,60.7991299694404
3398,3924,0.004255170541109106,0.0020407885042270295,0.0,0.00022143820368820767,60.81587765272707
3399,3925,0.00425493245563415,0.002040773020760136,0.0,0.00022141594348740136,60.832680739462376
3400,3926,0.004254716555681919,0.0020407840403687707,0.0,0.00022139325153131483,60.849372044205666
3401,3927,0.004254398529963656,0.0020416257525430145,0.0,0.00022127727774206413,60.866175413131714
3402,3928,0.004254147954016477,0.0020409361697351735,0.0,0.00022132117842813025,60.88299659918994
3403,3929,0.004253935447521378,0.002041285625638724,0.0,0.00022126498218826547,60.89984956290573
3404,3930,0.004253500852646217,0.0020436260583872002,0.0,0.00022098747942590166,60.91659863293171
3405,3931,0.004253130925851697,0.002045448863151267,0.0,0.00022076820627004302,60.93335972074419
3406,3932,0.004252753103288916,0.002051394546684208,0.0,0.0002201358556604708,60.95005890727043
3407,3934,0.0042523304782038154,0.002053089087862717,0.0,0.00021992413903410989,60.97412553988397
3408,3936,0.0042518966969972444,0.0020528713795651015,0.0,0.00021990253174321425,60.9982267068699
3409,3937,0.004251570593629336,0.0020542797335030465,0.0,0.00021972908601262898,61.01490792632103
3410,3938,0.004250918644694648,0.002058686558372772,0.0,0.00021922320863218761,61.031507305800915
3411,3939,0.004250284681822279,0.002055198507352671,0.0,0.00021950861744696087,61.04815026000142
3412,3940,0.00424928098333263,0.002054153919339863,0.0,0.00021951270639927674,61.06522907689214
3413,3941,0.0042487700391523105,0.0020577746161057914,0.0,0.00021909954230465192,61.082224095240235
3414,3942,0.004248200399026926,0.0020526731778016494,0.0,0.00021955272212252766,61.09974684473127
3415,3944,0.0042478182934527296,0.0020523598492062692,0.0,0.000219545844424646,61.12369169201702
3416,3945,0.0042470444396218165,0.0020530074391640588,0.0,0.0002194037000457758,61.14033614657819
3417,3946,0.00424656580674981,0.0020543526688920123,0.0,0.00021922131378577972,61.157346706837416
3418,3947,0.0042458456386542595,0.0020515212165026614,0.0,0.00021943244221515976,61.174523242749274
3419,3948,0.004245543585524354,0.002049866759120768,0.0,0.0002195676826403586,61.19171932898462
3420,3950,0.0042454761252919415,0.0020501088148935464,0.0,0.00021953673103983955,61.21631389949471
3421,3952,0.00424536647072384,0.002050264275080944,0.0,0.00021951021956428956,61.24049045518041
3422,3953,0.004245261910931891,0.0020502986575560286,0.0,0.00021949632533758623,61.25719630531967
3423,3954,0.004245157067765022,0.0020508589506549714,0.0,0.000219429811711005,61.27394228242338
3424,3955,0.004245065439682713,0.0020513394593105563,0.0,0.00021937259803721574,61.29079831764102
3425,3956,0.004244981434200924,0.0020517179933419796,0.0,0.00021932634408589443,61.30759865511209
3426,3957,0.00424491156168397,0.0020521697253918464,0.0,0.00021927418362921236,61.32439623773098
3427,3958,0.004244844873860032,0.0020524300607346994,0.0,0.0002192414813125333,61.34115056414157
3428,3960,0.004244825889716848,0.0020530264015826607,0.0,0.00021917994881341874,61.365295473486185
3429,3961,0.0042447114142742225,0.002053405156208799,0.0,0.00021913062580654238,61.38193323649466
3430,3962,0.004244540752688396,0.0020540314293650158,0.0,0.000219050932332338,61.39911662694067
3431,3963,0.00424439313511504,0.00205385844456393,0.0,0.00021905346905511097,61.41584516596049
3432,3964,0.004244142792906283,0.0020538617030653587,0.0,0.0002190281089840925,61.432506083510816
3433,3965,0.004243937401682731,0.002052733199838344,0.0,0.0002191204201844387,61.45010715071112
3434,3966,0.00424383685269875,0.0020513071113752598,0.0,0.00021925297413234905,61.467116384766996
3435,3967,0.004243578456390866,0.002049982138294241,0.0,0.0002193596318096625,61.4841867480427
3436,3968,0.0042434766615451446,0.0020515136774160716,0.0,0.00021919629841290735,61.50109466910362
3437,3969,0.00424328826749105,0.0020493811552881273,0.0,0.0002193907112202922,61.51819662656635
3438,3970,0.004243072062778717,0.0020480815328136827,0.0,0.0002194990529965034,61.5353908771649
3439,3971,0.004242853111965154,0.002047688390556785,0.0,0.0002195164721408369,61.55247883498669
3440,3972,0.00424259963228152,0.0020469849046155387,0.0,0.0002195614727665982,61.56930501572788
3441,3973,0.004242374197633424,0.0020459371911035755,0.0,0.0002196437006529848,61.58617534209043
3442,3974,0.004242150971489572,0.002046196221143123,0.0,0.00021959547503464492,61.60326195228845
3443,3975,0.004241812578316988,0.002043548765145806,0.0,0.0002198263813171182,61.62014856748283
3444,3976,0.004241622815284066,0.002045214007586386,0.0,0.000219640880769768,61.63686114922166
3445,3977,0.004241493445710628,0.002044348194746145,0.0,0.0002197145250964483,61.653612568974495
3446,3978,0.004241381613328535,0.0020435521030205276,0.0,0.0002197829510308008,61.67029442451894
3447,3979,0.004241324153420338,0.0020435749077371782,0.0,0.00021977492456831606,61.68708349391818
3448,3980,0.004241200329254011,0.002043841651573437,0.0,0.00021973586776805737,61.703848359175026
3449,3981,0.004241122911057393,0.002043773933679348,0.0,0.00021973489773780453,61.72044773027301
3450,3982,0.004240947604393505,0.0020445340702619458,0.0,0.0002196413534131559,61.737122314982116
3451,3983,0.004240831644372112,0.002044414786659112,0.0,0.0002196416857712999,61.753812620416284
3452,3984,0.004240594204121513,0.002044702373798318,0.0,0.00021958918303231954,61.77094322163612
3453,3985,0.004240422800376693,0.002045034551278156,0.0,0.00021953882490985358,61.78866989724338
3454,3986,0.004240181945850268,0.002043237858007454,0.0,0.00021969440878428137,61.80554206017405
3455,3987,0.004240008817893761,0.00204245393537279,0.0,0.00021975548825209717,61.82223592046648
3456,3988,0.004239776489061069,0.00204017186072754,0.0,0.00021996046283335292,61.83885596040636
3457,3989,0.004239681309440107,0.0020376448926189288,0.0,0.0002202036416821178,61.85547437798232
3458,3990,0.004239554882088183,0.0020380058882154286,0.0,0.00022015489938727545,61.872199350968
3459,3991,0.004239491134802112,0.0020376269866488354,0.0,0.0002201864148153276,61.888890909962356
3460,3992,0.004239407190733608,0.002037003969465532,0.0,0.00022024032212680764,61.90574560780078
3461,3993,0.004239310795531193,0.002035856585051008,0.0,0.0002203454210480185,61.92236543353647
3462,3994,0.004239191459770317,0.0020348592436748685,0.0,0.00022043322160954492,61.93931887857616
3463,3995,0.004239051170614258,0.0020341913594248808,0.0,0.00022048598111893767,61.9563013156876
3464,3996,0.004238816920496788,0.0020330220706641366,0.0,0.00022057948498326507,61.97316977661103
3465,3997,0.004238542738018694,0.002031015473531316,0.0,0.00022075272644873784,61.98996535502374
3466,3999,0.004238388629980517,0.00202961679112773,0.0,0.00022087718388527866,62.014408010058105
3467,4000,0.00423826748688756,0.002024149619775164,0.0,0.0002214117867112396,62.031062917783856
3468,4001,0.004238118971731103,0.0020255960916837163,0.0,0.00022125228800473867,62.04791856370866
3469,4002,0.004238048153253756,0.002026037223188488,0.0,0.00022120109300652688,62.06450523901731
3470,4003,0.004237966531568509,0.002024872348270185,0.0,0.00022130941832983238,62.08155099116266
3471,4004,0.004237835082825188,0.0020210815517700442,0.0,0.0002216753531055144,62.098291805014014
3472,4005,0.004237786515101715,0.002020188635492251,0.0,0.0002217597879609464,62.11541109532118
3473,4006,0.00423774437245923,0.002019825035139322,0.0,0.00022179193373199086,62.13210227526724
3474,4007,0.004237699853346479,0.002019413094734743,0.0,0.0002218286758611736,62.14879812207073
3475,4008,0.004237653702334143,0.0020191925803340533,0.0,0.000221846112200009,62.16544473730028
3476,4009,0.004237566469303103,0.0020192839780300517,0.0,0.00022182824912730513,62.18217797204852
3477,4010,0.004237422752175257,0.0020187983174185953,0.0,0.0002218624434756662,62.19887382630259
3478,4011,0.004237155089284713,0.0020182004478009143,0.0,0.00022189546414837978,62.21539110690355
3479,4012,0.0042368767419663,0.0020192002496994287,0.0,0.0002217676492266871,62.23208355717361
3480,4013,0.004236755603999262,0.0020182682140903567,0.0,0.00022184873899089058,62.248846527189016
3481,4014,0.004236580422373558,0.0020165966594481327,0.0,0.00022199837629254253,62.26555283181369
3482,4015,0.0042364626859822,0.002017906149790377,0.0,0.00022185565361918224,62.2829780690372
3483,4016,0.004236370058080452,0.0020168065195581195,0.0,0.0002219563538522332,62.29966745804995
3484,4017,0.004236203323934868,0.00201556781188017,0.0,0.00022206355120546977,62.31662349961698
3485,4018,0.004235836983864866,0.002012793261811076,0.0,0.00022230437220537898,62.33342070598155
3486,4019,0.004235739118470047,0.0020143968379667133,0.0,0.0002221342280503333,62.35019438061863
3487,4020,0.004235350694039774,0.0020119578282115197,0.0,0.00022233928658282545,62.366826427169144
3488,4021,0.0042353092856885375,0.0020173130880190198,0.0,0.0002217996197669518,62.38365375716239
3489,4022,0.004234903671732536,0.002015368986116696,0.0,0.00022195346856158395,62.40033472329378
3490,4023,0.004234574426708981,0.002015775680995234,0.0,0.00022187987457137468,62.41703384462744
3491,4024,0.004234292334213808,0.002017067329101211,0.0,0.00022172250051125976,62.43372349720448
3492,4025,0.004233894770519463,0.0020227156824034957,0.0,0.00022111790881159676,62.451179997995496
3493,4026,0.00423367001410388,0.0020223178259132354,0.0,0.00022113521881906445,62.467814777977765
3494,4027,0.004233590560825021,0.0020241802579747128,0.0,0.00022094103028503075,62.48533116374165
3495,4028,0.004233380914093117,0.0020240436571175285,0.0,0.00022093372569755888,62.50206891819835
3496,4029,0.004233227733022565,0.002022606081578335,0.0,0.00022106216514442307,62.518808137625456
3497,4030,0.004233033736215209,0.002022099440048447,0.0,0.00022109342961667622,62.53583467844874
3498,4031,0.004232689365400525,0.0020227777168209432,0.0,0.00022099116485795826,62.552554794587195
3499,4032,0.004232601775354739,0.0020241310170460475,0.0,0.00022084707583086913,62.56914984062314
3500,4033,0.004232462691973559,0.0020246035060620293,0.0,0.00022078591859115305,62.5859159110114
3501,4034,0.004232426654342121,0.002029079679525634,0.0,0.00022033469748164875,62.602617400698364
3502,4035,0.0042323532837622475,0.002027714526947714,0.0,0.0002204638756814533,62.619372095912695
3503,4036,0.004232325831854659,0.0020268734510334296,0.0,0.00022054523808212297,62.63604196626693
3504,4037,0.00423227476340912,0.002027228106572361,0.0,0.00022050466568367594,62.65273871459067
3505,4038,0.0042322026088200595,0.002028038669183707,0.0,0.00022041639396363529,62.66928959265351
3506,4039,0.004232145340185856,0.002027449125419702,0.0,0.00022046962147661536,62.685955211520195
3507,4040,0.004232086627156636,0.0020268745295333084,0.0,0.00022052120976233277,62.70271744579077
3508,4041,0.004232027794348197,0.002025885908885771,0.0,0.00022061418854624258,62.719332912005484
3509,4042,0.004231955172548919,0.0020249496658427506,0.0,0.0002207005506706168,62.7361633842811
3510,4043,0.0042318591416673846,0.0020241882362684025,0.0,0.0002207670905398982,62.75289774965495
3511,4044,0.004231712567114295,0.00202387818591589,0.0,0.00022078343811984049,62.769610398449004
3512,4045,0.0042315510925611845,0.0020246121950981025,0.0,0.00022069388974630815,62.78634424880147
3513,4047,0.004231443120197673,0.0020233167310488363,0.0,0.0002208126389148837,62.810526022687554
3514,4048,0.004231308564335291,0.002023406690400314,0.0,0.0002207901873934977,62.82733293902129
3515,4050,0.004231008573320515,0.0020239793513838968,0.0,0.00022070292219366182,62.85188033245504
3516,4051,0.0042308076824821485,0.002024066379754367,0.0,0.00022067413027277816,62.869268734008074
3517,4052,0.0042306478503458525,0.0020236771484764935,0.0,0.0002206970701869359,62.88602789584547
3518,4053,0.00423049173157811,0.0020233672511757944,0.0,0.0002207124480402315,62.90285147726536
3519,4054,0.004230386130020276,0.0020237182802692612,0.0,0.00022066678497510144,62.91960316430777
3520,4055,0.0042302739176992635,0.0020244510760260297,0.0,0.0002205822841673234,62.93636293988675
3521,4056,0.004230198403953693,0.002024791111935306,0.0,0.00022054072920183864,62.95307391323149
3522,4057,0.004230091900662116,0.002024532346335098,0.0,0.0002205559554327018,62.97040319442749
3523,4059,0.00423004515652971,0.0020247400612160038,0.0,0.00022053050953137063,62.99442936386913
3524,4060,0.00422994276944481,0.002024688320809686,0.0,0.00022052544486351252,63.011278385296464
3525,4061,0.0042298305162584825,0.0020258987759305142,0.0,0.0002203931740327968,63.02809299901128
3526,4062,0.004229726209282454,0.002026793371764522,0.0,0.0002202932837517931,63.04479539580643
3527,4063,0.004229669601901643,0.002026584495318413,0.0,0.00022030851065832303,63.06196718942374
3528,4064,0.004229647271113934,0.0020277120283469334,0.0,0.00022019352427670005,63.078639508225024
3529,4065,0.004229607186610905,0.0020270958684917616,0.0,0.00022025113181191436,63.0953771090135
3530,4066,0.004229579484677134,0.0020272470550943664,0.0,0.00022023324295827672,63.112465811893344
3531,4067,0.004229551560692913,0.0020275470671825293,0.0,0.00022020044935103838,63.12916547805071
3532,4068,0.004229535245249083,0.0020275285626871185,0.0,0.00022020066825619646,63.14671833254397
3533,4069,0.004229516225109146,0.0020272363284254027,0.0,0.0002202279896683743,63.16338413860649
3534,4070,0.004229480017058989,0.002026722077130862,0.0,0.00022027579399281271,63.18005652911961
3535,4071,0.004229455642041198,0.0020263476563222547,0.0,0.00022031079857189436,63.19690469931811
3536,4072,0.004229407689596996,0.002026025535210647,0.0,0.0002203382154386349,63.21369043085724
3537,4074,0.00422938789520076,0.0020252038121188866,0.0,0.0002204184083081874,63.23771128710359
3538,4076,0.004229327694847001,0.002024690448371649,0.0,0.00022046372464753518,63.26173055078834
3539,4077,0.0042292130028224045,0.0020235456155798842,0.0,0.00022056673872425207,63.278398148715496
3540,4078,0.004228998939352243,0.002021061322558173,0.0,0.00022079376167940696,63.29514104407281
3541,4080,0.004228917294906263,0.002019837934859925,0.0,0.00022090793600463372,63.31980201974511
3542,4081,0.004228780420971207,0.0020186732296515867,0.0,0.000221010719131962,63.336620818823576
3543,4082,0.00422865125065007,0.002018758759921259,0.0,0.00022098924907288105,63.35338006448001
3544,4083,0.004228531801135178,0.002018968955983689,0.0,0.00022095628451514887,63.37012446671724
3545,4084,0.004228424915532585,0.002019435141498179,0.0,0.00022089897740344068,63.38681878428906
3546,4085,0.004228307835703753,0.0020210289206390496,0.0,0.00022072789150647041,63.403760586865246
3547,4086,0.004228139051979561,0.0020205648044473805,0.0,0.00022075742475321806,63.42040913645178
3548,4087,0.004227965698789771,0.0020209722747252796,0.0,0.00022069934240644912,63.43723130784929
3549,4089,0.004227867915146548,0.0020203679915445317,0.0,0.00022074999236020162,63.46128414385021
3550,4090,0.004227791553601335,0.0020206316361226187,0.0,0.00022071599174787167,63.4779582452029
3551,4091,0.004227661712141698,0.002019112009662106,0.0,0.00022085497024795916,63.49469721503556
3552,4092,0.004227528293119873,0.0020168845526389897,0.0,0.00022106437404808833,63.511805542744696
3553,4093,0.004227381887806502,0.0020156503109361084,0.0,0.0002211731576870393,63.52850392926484
3554,4094,0.004226874786676714,0.002011284457614945,0.0,0.00022155903290617686,63.545170676894486
3555,4095,0.004226533035707532,0.0020068914097658417,0.0,0.00022196416259416895,63.5618915008381
3556,4096,0.0042258810784227135,0.002009371072411019,0.0,0.0002216510006011694,63.578593134880066
3557,4097,0.0042256443324063375,0.002007344483411361,0.0,0.00022182998489949762,63.59605580288917
3558,4099,0.004225333076389712,0.0020071453625247868,0.0,0.00022181877138649248,63.620554419234395
3559,4101,0.004224988084911582,0.002007225607074738,0.0,0.00022177624778368436,63.64451614767313
3560,4102,0.004224798203401249,0.002009780044895685,0.0,0.00022150181585055636,63.66123890131712
3561,4103,0.004224136094436205,0.0020092459967040693,0.0,0.0002214890097732136,63.67783367726952
3562,4105,0.004223965980728016,0.002008964322638077,0.0,0.00022150016580899389,63.7021135315299
3563,4106,0.0042237619873793045,0.0020090367660264134,0.0,0.00022147252213528912,63.71901410445571
3564,4107,0.004223633535455792,0.0020092257148147117,0.0,0.000221440782064108,63.73585767671466
3565,4108,0.004223537603496105,0.0020092363587669577,0.0,0.00022143012447291475,63.753488960675895
3566,4109,0.004223437708662965,0.002009140553645492,0.0,0.00022142971550174732,63.770304770208895
3567,4110,0.004223286856260786,0.0020091311314198333,0.0,0.00022141557248409524,63.78717405628413
3568,4111,0.004223179192205887,0.0020085564749479407,0.0,0.00022146227172579469,63.80394416488707
3569,4112,0.00422304454290651,0.0020080304156850177,0.0,0.0002215014127221492,63.82080685347319
3570,4113,0.004222897354083013,0.0020073430108320223,0.0,0.00022155543432509901,63.83758938126266
3571,4115,0.004222788019345856,0.0020069565717581762,0.0,0.00022158314475876807,63.86260432843119
3572,4116,0.0042226999083524955,0.0020063449108204978,0.0,0.00022163549975319973,63.87924983166158
3573,4117,0.004222631476142016,0.0020062984521382206,0.0,0.00022163330240037947,63.8960399068892
3574,4118,0.004222564554835654,0.002006591831003385,0.0,0.0002215972723832269,63.9127361336723
3575,4119,0.004222532810825489,0.002006471758859599,0.0,0.0002216061051965891,63.92945092916489
3576,4120,0.004222510463689286,0.0020068068499677575,0.0,0.00022157036137215289,63.94611730705947
3577,4121,0.004222489833945965,0.0020070411895105533,0.0,0.00022154486444354111,63.96280789002776
3578,4122,0.004222470838683507,0.002007158574628724,0.0,0.00022153122640547829,63.9794498346746
3579,4123,0.00422244697697464,0.0020071199296746414,0.0,0.0002215327047299998,63.99618646129966
3580,4124,0.004222424252985127,0.0020066883947586025,0.0,0.00022157358582265235,64.01324829366058
3581,4125,0.004222400770860174,0.0020062830568056238,0.0,0.000221611771405455,64.03000218886882
3582,4126,0.004222359522756508,0.0020053653399471727,0.0,0.00022169941828093358,64.04677345044911
3583,4127,0.0042223065787059645,0.00200443607210911,0.0,0.00022178705065968547,64.06334320176393
3584,4128,0.0042222525682158625,0.002003804624289256,0.0,0.00022184479439266071,64.08005937281996
3585,4129,0.004222191627561718,0.0020033755936634426,0.0,0.00022188160338982758,64.09686948079616
3586,4130,0.004222135902055568,0.0020032250045536617,0.0,0.00022189108975019067,64.11369669158012
3587,4131,0.00422211301258258,0.002003415156120671,0.0,0.000221869785646191,64.130355569534
3588,4132,0.004222098817268641,0.0020035607292313677,0.0,0.00022185380880372738,64.14704450313002
3589,4133,0.004222079549015375,0.00200394530877468,0.0,0.00022181342402406953,64.16404712572694
3590,4134,0.00422206632348417,0.0020044477915299517,0.0,0.00022176185319542182,64.18074434157461
3591,4135,0.004222048536037416,0.002004664019177652,0.0,0.0002217384516859764,64.19834278989583
3592,4136,0.004222028863909961,0.0020049317928308927,0.0,0.00022170970710790684,64.2149472432211
3593,4137,0.004222010084758356,0.0020056305252610846,0.0,0.00022163795594972713,64.23154343664646
3594,4138,0.004222002443033538,0.0020060031860689525,0.0,0.0002215999256964585,64.24831074476242
3595,4139,0.0042219991616844355,0.0020062613263031417,0.0,0.00022157378353812934,64.26499718707055
3596,4140,0.004221995697519791,0.0020063543069672478,0.0,0.00022156413905525437,64.28163630701602
3597,4141,0.0042219911757161235,0.0020064063727517813,0.0,0.00022155848029643428,64.29828520491719
3598,4142,0.004221981843657616,0.0020069410222284824,0.0,0.00022150408214291332,64.31488000322133
3599,4143,0.0042219735079823874,0.0020071939261790198,0.0,0.00022147795818033676,64.33140099421144
3600,4144,0.0042219621126298144,0.002007553585885811,0.0,0.00022144085267440037,64.3480846947059
3601,4145,0.004221950287976386,0.002007569681101606,0.0,0.00022143806068747798,64.36479745153338
3602,4146,0.004221926799022157,0.002007377604112508,0.0,0.00022145491949096478,64.38143012765795
3603,4147,0.004221897065046684,0.00200624244438286,0.0,0.00022156546206638237,64.39816995617002
3604,4149,0.0042218830029013,0.0020065278397894087,0.0,0.00022153551631118914,64.42220216058195
3605,4150,0.0042218619180235785,0.002005658379637791,0.0,0.00022162035383857875,64.43936192896217
3606,4151,0.004221834045533593,0.002005251796062683,0.0,0.00022165822494709097,64.4560564076528
3607,4152,0.004221821403830145,0.0020054536316200973,0.0,0.00022163677722100478,64.4727188711986
3608,4153,0.004221813911112468,0.0020057699193715556,0.0,0.00022160439917409127,64.4893536856398
3609,4154,0.004221807179059279,0.002005864647325451,0.0,0.00022159425317338282,64.50609000306576
3610,4155,0.004221800579094671,0.0020059599059555886,0.0,0.00022158406731390823,64.52269421424717
3611,4156,0.004221792055071642,0.002006036730839032,0.0,0.00022157553242326103,64.53932913020253
3612,4157,0.004221782186354367,0.0020062394427103145,0.0,0.00022155427436440525,64.55614874791354
3613,4158,0.004221771084348951,0.0020065156307563516,0.0,0.00022152554535925984,64.5728014446795
3614,4159,0.004221760855750667,0.002006830669987755,0.0,0.0002214930185762912,64.58943314570934
3615,4160,0.00422175343178529,0.0020079212333832175,0.0,0.00022138321984020717,64.6060234112665
3616,4162,0.004221750558046128,0.0020078930206641776,0.0,0.00022138575373819506,64.63072267919779
3617,4163,0.00422173768023205,0.002007804340603044,0.0,0.00022139333396290064,64.6474092984572
3618,4164,0.0042217242300662625,0.0020080028178890755,0.0,0.0002213721412177187,64.66440792381763
3619,4165,0.004221715442269294,0.002008303729702142,0.0,0.0002213411712567152,64.68115447368473
3620,4166,0.004221711003418666,0.0020084618533723494,0.0,0.0002213249150046317,64.69846450723708
3621,4167,0.004221708552683076,0.0020084936040433384,0.0,0.00022132149486397374,64.71517801377922
3622,4168,0.004221704030827292,0.0020088526773465736,0.0,0.00022128513534807177,64.73185036052018
3623,4169,0.004221697681254331,0.002009015270576375,0.0,0.00022126824106779552,64.74865548405796
3624,4170,0.004221685778114697,0.0020093463402087453,0.0,0.00022123394379059512,64.76576755195856
3625,4171,0.004221674240421737,0.00200961856896613,0.0,0.0002212055671455607,64.78238188568503
3626,4172,0.004221661976004731,0.002009516634924986,0.0,0.00022121453410797447,64.79921290185302
3627,4173,0.004221648636300162,0.002009816544269159,0.0,0.00022118320920310025,64.81597866117954
3628,4174,0.00422163495452174,0.0020093804675059357,0.0,0.0002212254487015804,64.83313641697168
3629,4175,0.004221619589273563,0.0020094455483523625,0.0,0.0002212174040921201,64.8499704618007
3630,4176,0.004221592224006015,0.0020097182179068963,0.0,0.00022118740060991186,64.86754834465683
3631,4177,0.004221567378383786,0.002009646884579244,0.0,0.0002211920493804542,64.88411288894713
3632,4178,0.004221530691904296,0.0020102443306008093,0.0,0.00022112863613034872,64.90135040227324
3633,4179,0.004221472289186659,0.002010444508037892,0.0,0.00022110277811487672,64.91838276665658
3634,4180,0.004221430777710649,0.002011517357893446,0.0,0.00022099134198172026,64.93506236001849
3635,4182,0.004221351005296218,0.002010713433168079,0.0,0.0002210637572128139,64.95919966790825
3636,4183,0.004221179679057677,0.0020113888386582824,0.0,0.0002209790840399394,64.97584452386945
3637,4184,0.004221063666371681,0.002010673362227654,0.0,0.00022103903041440274,64.9924274655059
3638,4186,0.004220947979824792,0.0020087530469042837,0.0,0.00022121949329205077,65.0168190356344
3639,4187,0.004220868722172687,0.002010296029860452,0.0,0.00022105726923122356,65.03346283081919
3640,4188,0.004220677610327621,0.002011415916490017,0.0,0.00022092616938376036,65.05018414650112
3641,4189,0.0042205337678313136,0.002010992304314682,0.0,0.00022095414635166314,65.06694450881332
3642,4190,0.004220335821997723,0.002012892454640488,0.0,0.0002207443367357235,65.08373171277344
3643,4192,0.004220237357462242,0.0020124296459676414,0.0,0.0002207807711494601,65.10791380517185
3644,4193,0.0042201263734514445,0.0020117887655131824,0.0,0.00022083376079382624,65.12453889474273
3645,4194,0.0042200308612830705,0.002011963253990212,0.0,0.0002208067607292858,65.14166817627847
3646,4195,0.0042198890618295164,0.0020126932281431583,0.0,0.00022071958336863587,65.15834633633494
3647,4196,0.004219815599784436,0.002012204780485453,0.0,0.00022076108192989823,65.17504775058478
3648,4197,0.004219718760799497,0.0020133641266280333,0.0,0.00022063546341714643,65.1917208135128
3649,4198,0.004219609129345103,0.002013495521410965,0.0,0.0002206113607934138,65.20862576551735
3650,4199,0.004219527520907108,0.002014152040068629,0.0,0.0002205375480838479,65.22536467108876
3651,4200,0.004219467378235274,0.002014108316955656,0.0,0.00022053590612796184,65.24205802194774
3652,4201,0.004219412284628419,0.0020143135113398322,0.0,0.0002205098773288587,65.25885069929063
3653,4202,0.004219349708197707,0.002014822197234929,0.0,0.0002204527510962778,65.27582429070026
3654,4203,0.004219276641714431,0.0020159487622186485,0.0,0.00022033278794957826,65.2926713814959
3655,4204,0.004219231473807898,0.002016172599879586,0.0,0.0002203058873928312,65.3099784757942
3656,4205,0.004219185715269722,0.002016601037933556,0.0,0.00022025846773361663,65.32669387664646
3657,4206,0.004219112794686381,0.002017772453388621,0.0,0.00022013403412977594,65.34334242530167
3658,4207,0.004219044464215721,0.002017370347674917,0.0,0.00022016741165408035,65.3600900368765
3659,4208,0.004218945347283768,0.0020188060968698417,0.0,0.0002200139250413926,65.37683818582445
3660,4210,0.004218878884160796,0.002019626533716113,0.0,0.0002199252350444683,65.40096858795732
3661,4211,0.004218772445396455,0.0020198678340509436,0.0,0.00021989046113455115,65.4181823739782
3662,4212,0.004218634103296854,0.0020206485942466106,0.0,0.00021979855090502434,65.43494714051485
3663,4213,0.004218566787721079,0.0020207587001770896,0.0,0.000219780808754399,65.45173855125904
3664,4215,0.004218486693211552,0.002021803542797416,0.0,0.0002196683150414136,65.47561479825526
3665,4216,0.004218417056157333,0.0020223380312288167,0.0,0.0002196079024928516,65.49225168395787
3666,4218,0.004218408250547306,0.0020222378309786224,0.0,0.00021961704195686834,65.51653753872961
3667,4219,0.00421835790316303,0.0020218887443537604,0.0,0.00021964691588092697,65.53316922299564
3668,4220,0.004218290701323263,0.0020224336994761486,0.0,0.00021958570018471143,65.54999085422605
3669,4221,0.00421823376989996,0.0020211101477335676,0.0,0.00021971236221663922,65.56659534294158
3670,4222,0.004218195153832125,0.0020203774582496555,0.0,0.00021978176955824694,65.58368505723774
3671,4223,0.004218096850073748,0.0020198946343410397,0.0,0.0002198202215732708,65.60037747770548
3672,4224,0.004218036281486771,0.0020195593580783293,0.0,0.00021984769234084412,65.61709353420883
3673,4225,0.0042179720492276866,0.0020179822196791535,0.0,0.00021999898295485326,65.6337717352435
3674,4226,0.004217947199085937,0.0020165138933430945,0.0,0.00022014333057428426,65.65024913009256
3675,4228,0.004217926497002957,0.002016252594029721,0.0,0.00022016739029732366,65.67429547104985
3676,4229,0.004217905300364502,0.002016495073379728,0.0,0.0002201410226984773,65.69092203024775
3677,4230,0.004217860589232306,0.0020166686834803844,0.0,0.00022011919057519214,65.7076881704852
3678,4231,0.004217783613929456,0.0020175562018385634,0.0,0.00022002274120908928,65.72428308520466
3679,4232,0.004217674946288165,0.0020189718026932535,0.0,0.00021987031435949112,65.74099448230118
3680,4234,0.004217640815455451,0.002020628099663589,0.0,0.00021970127157918627,65.76515093911439
3681,4235,0.004217483912176431,0.0020226682469386757,0.0,0.00021948156652377548,65.7817910965532
3682,4237,0.0042174312469343235,0.002023062765026657,0.0,0.00021943684819076664,65.80598643887788
3683,4238,0.004217307138570421,0.0020219184350704256,0.0,0.00021953887034999945,65.82276619318873
3684,4239,0.004217207545651826,0.0020228785813942527,0.0,0.0002194328964257574,65.83989650104195
3685,4241,0.004217175633735767,0.0020229051051259476,0.0,0.000219427052860982,65.86406876891851
3686,4242,0.004217135413869632,0.0020229057252163785,0.0,0.00021942296886532533,65.880908456631
3687,4243,0.004217099838990804,0.0020240311802607472,0.0,0.00021930686587300568,65.8983452199027
3688,4244,0.004217054371848723,0.002023922365808858,0.0,0.00021931320060398655,65.91550143901259
3689,4245,0.004217010503339726,0.0020243748496803176,0.0,0.0002192635653659409,65.9321159478277
3690,4246,0.0042169677527550565,0.0020247328545035448,0.0,0.00021922348982515122,65.94882239121944
3691,4247,0.004216939761226725,0.002023785156576099,0.0,0.0002193154604650626,65.96547643467784
3692,4248,0.004216917947314314,0.0020235796060933224,0.0,0.00021933383412209924,65.98221222963184
3693,4249,0.004216892817881483,0.0020231076904184747,0.0,0.00021937851274630088,65.9994238037616
3694,4250,0.004216876978864356,0.002022818603434896,0.0,0.00021940583754294607,66.01619126461446
3695,4251,0.004216849711772005,0.002021975399935376,0.0,0.0002194874311836629,66.03286994993687
3696,4252,0.004216837742936374,0.0020208232315286822,0.0,0.0002196014511407692,66.05065854731947
3697,4253,0.004216811543581302,0.0020213785792187514,0.0,0.00021954329643625504,66.06731157377362
3698,4254,0.004216786435849908,0.0020220748279717576,0.0,0.00021947116078781508,66.08402242977172
3699,4255,0.004216761078320183,0.0020226724652265635,0.0,0.00021940886130936192,66.10169084742665
3700,4257,0.004216744308895109,0.0020231284879092446,0.0,0.0002193615820985864,66.12579761724919
3701,4258,0.004216722898302152,0.002023263503501556,0.0,0.0002193459394800597,66.14244652632624
3702,4259,0.0042167039061871605,0.0020228201895945747,0.0,0.0002193883716592586,66.15919375699013
3703,4260,0.004216687769155726,0.0020223156506783795,0.0,0.00021943721184773467,66.17599968519062
3704,4261,0.004216673004668645,0.002022423015468841,0.0,0.0002194249989199804,66.19274293072522
3705,4262,0.004216658544576753,0.002022524354106225,0.0,0.00021941341904705282,66.20944441203028
3706,4263,0.004216642317136485,0.002023204546293416,0.0,0.00021934377708430689,66.22624254226685
3707,4264,0.004216620565369539,0.0020229007030772776,0.0,0.00021937198622922619,66.24336771201342
3708,4265,0.0042166014594391225,0.002022403115381256,0.0,0.0002194198344057867,66.26014129910618
3709,4266,0.0042165866301711475,0.0020222989723885404,0.0,0.00021942876577826065,66.2768052360043
3710,4267,0.004216577635683769,0.0020221661523614396,0.0,0.00021944114833223296,66.29365518130362
3711,4268,0.004216565817342903,0.0020221317579808716,0.0,0.0002194434059362031,66.31035158690065
3712,4269,0.0042165530222479835,0.0020221851033592796,0.0,0.00021943679188887039,66.32727839052677
3713,4270,0.004216535129906306,0.0020225258393328067,0.0,0.0002194009290573499,66.3439720524475
3714,4271,0.004216515981719267,0.0020231129041530112,0.0,0.00021934030775662555,66.36080910544842
3715,4272,0.004216481456289581,0.0020233765043652834,0.0,0.00021931049519242977,66.37749715149403
3716,4273,0.0042164317158614965,0.0020227979080203145,0.0,0.00021936338078411825,66.39416670706123
3717,4274,0.004216338240260739,0.002022394351850192,0.0,0.0002193943888410547,66.41092172451317
3718,4275,0.004216302461247031,0.002021805668174661,0.0,0.00021944967930723696,66.42780247051269
3719,4276,0.004216242692189213,0.0020226691875272437,0.0,0.00021935735046619696,66.44459205958992
3720,4277,0.0042161701787789534,0.002023153459990088,0.0,0.00021930167187888654,66.46126633509994
3721,4278,0.004216086251116857,0.0020234347518673953,0.0,0.00021926514992494614,66.47797871474177
3722,4279,0.004215951155145951,0.0020249048208844642,0.0,0.00021910463342614869,66.49478207621723
3723,4280,0.004215722131091075,0.0020252240076068227,0.0,0.0002190498123484253,66.51157766394317
3724,4281,0.004215471543765132,0.002025804540529121,0.0,0.00021896670032360105,66.52821188699454
3725,4282,0.004215196755864499,0.0020245562632325476,0.0,0.00021906404926319513,66.5448883920908
3726,4284,0.00421475802258302,0.0020277330932741634,0.0,0.00021870249293088568,66.56894661299884
3727,4285,0.0042143481569773406,0.0020301403682471872,0.0,0.00021842077887301539,66.58582587633282
3728,4286,0.004214105430561471,0.002033003820350146,0.0,0.00021811016102113245,66.60255067795515
3729,4288,0.004213780227743743,0.0020308705133213396,0.0,0.00021829097144224034,66.62646757718176
3730,4289,0.004213538960381628,0.0020309617649629545,0.0,0.0002182577195418673,66.6431614048779
3731,4290,0.004213281026967429,0.002031149317865515,0.0,0.00021821317091019136,66.65974416863173
3732,4292,0.00421303631232078,0.0020335186111701204,0.0,0.00021795177011506598,66.68363543692976
3733,4293,0.004212784954385488,0.0020335720498437728,0.0,0.00021792129045417153,66.70029714610428
3734,4295,0.004212626138086374,0.0020339821093615647,0.0,0.00021786440287248089,66.72426236700267
3735,4297,0.004212447588541378,0.0020329854564591155,0.0,0.00021794621320822625,66.74831748660654
3736,4299,0.004212247300916508,0.002034339573935751,0.0,0.00021779077269807576,66.77230074070394
3737,4300,0.004212026661290401,0.002035773728314355,0.0,0.0002176252932976046,66.78895693365484
3738,4302,0.004211977321813716,0.0020352493798122904,0.0,0.00021767279420014255,66.81302578002214
3739,4303,0.004211717172534868,0.002038546635123957,0.0,0.00021731705374109108,66.82974473014474
3740,4305,0.0042116147947213415,0.0020392392460472004,0.0,0.00021723755486741415,66.85387416463345
3741,4307,0.0042114700347791675,0.0020422744376385896,0.0,0.00021691955971405775,66.87803798913956
3742,4308,0.004211338928845178,0.0020436321843173367,0.0,0.00021677067445278418,66.89472272153944
3743,4309,0.004211295722164919,0.0020433091109851053,0.0,0.0002167986611179814,66.91142810042948
3744,4310,0.004211073233541808,0.0020446356259342597,0.0,0.00021664376076075488,66.92809106316417
3745,4311,0.004210989339384404,0.002044612334101929,0.0,0.0002166377005282475,66.94476714171469
3746,4312,0.004210885327398247,0.0020450162121160883,0.0,0.0002165869115282158,66.96140632685274
3747,4313,0.004210850790008288,0.0020422963618584034,0.0,0.0002168554428149885,66.97811789531261
3748,4314,0.004210742366863152,0.0020444976830799734,0.0,0.00021662446837831785,66.99474947247654
3749,4315,0.004210667371870549,0.002044497305861233,0.0,0.00021661700660093153,67.01139962207526
3750,4316,0.00421058520843935,0.002044944443698015,0.0,0.00021656407647413349,67.02801113855094
3751,4317,0.004210490954136904,0.002044696030451726,0.0,0.00021657949236851776,67.04468992818147
3752,4318,0.004210422733057245,0.0020451673601446442,0.0,0.0002165255372912601,67.0613050898537
3753,4320,0.004210376874083113,0.002045111523472683,0.0,0.00021652653506104303,67.0863255718723
3754,4321,0.004210313394315475,0.0020457484371993444,0.0,0.000216456495711613,67.1031164592132
3755,4322,0.004210195024676728,0.002046799074823276,0.0,0.00021633959498534522,67.11980715114623
3756,4323,0.0042101032025717265,0.0020479043593605887,0.0,0.0002162198843211138,67.13650492578745
3757,4324,0.004210035225981085,0.0020476721224789015,0.0,0.0002162363103502184,67.1531630186364
3758,4325,0.00420983913386159,0.002048540927421829,0.0,0.00021612982064397605,67.17107594106346
3759,4326,0.004209726934852415,0.002048364163003289,0.0,0.00021613627718491263,67.18775886390358
3760,4327,0.004209541324611322,0.0020479946515035963,0.0,0.00021615466731077256,67.2044749557972
3761,4329,0.004209435836233231,0.0020488946591588216,0.0,0.00021605411770744094,67.22844933066517
3762,4330,0.0042092883561930285,0.002047604710203096,0.0,0.00021616836459899323,67.24515188485384
3763,4331,0.004209111152381312,0.0020483398323249266,0.0,0.00021607713200563853,67.26184233557433
3764,4332,0.00420895690582102,0.0020476018402113966,0.0,0.00021613550656096234,67.27847730740905
3765,4333,0.004208863941715856,0.002048387817608105,0.0,0.00021604761241077506,67.2952620787546
3766,4334,0.0042087940428248115,0.002048457042022499,0.0,0.00021603370008023133,67.31197380367666
3767,4335,0.004208762034029044,0.002048437771931089,0.0,0.0002160324262097955,67.32880993187428
3768,4336,0.004208738789053864,0.002048077546258521,0.0,0.00021606612427953434,67.3454591082409
3769,4337,0.004208690095323519,0.0020484047214137336,0.0,0.0002160285373909785,67.36220003385097
3770,4338,0.004208634542986237,0.002047240230648681,0.0,0.00021613943123375567,67.37877089716494
3771,4339,0.004208559207152098,0.0020477622414950087,0.0,0.0002160796965657089,67.39585250616074
3772,4340,0.004208472706388435,0.0020463795298914338,0.0,0.00021620931764970008,67.41258299350739
3773,4341,0.004208348188164297,0.002045292864827845,0.0,0.00021630553233364518,67.42921341117471
3774,4342,0.004208173747189162,0.002042913194124058,0.0,0.00021652605530651044,67.44587345886976
3775,4343,0.0042079697374583225,0.0020410049087919956,0.0,0.00021669648286663266,67.4624533476308
3776,4344,0.004207790012715328,0.002039296949723299,0.0,0.00021684930629920293,67.47904772404581
3777,4345,0.0042076127528865356,0.0020373933046738085,0.0,0.0002170219448212727,67.49610919971019
3778,4346,0.0042075509020417495,0.002035599649526387,0.0,0.00021719512525153624,67.5129479561001
3779,4347,0.004207414486624275,0.0020349444044559365,0.0,0.00021724700821683385,67.53001167997718
3780,4348,0.004207302065225519,0.0020363576261376334,0.0,0.0002170944439087885,67.54664407670498
3781,4349,0.004207151152464019,0.0020365584103536056,0.0,0.00021705927421104132,67.56412537395954
3782,4350,0.004206969529529683,0.0020356366604233145,0.0,0.00021713328691063685,67.58075861632824
3783,4351,0.004206848696998092,0.0020365668937881204,0.0,0.00021702818032099714,67.59825443848968
3784,4352,0.004206614608160012,0.002036035348497171,0.0,0.00021705792596628408,67.6151016606018
3785,4354,0.004206455301765494,0.0020357922253738297,0.0,0.0002170663076391665,67.63979680556804
3786,4355,0.004206063538639893,0.0020349731131278767,0.0,0.00021710904255120155,67.65668047126383
3787,4356,0.004205766606847036,0.00203307351341045,0.0,0.00021726930934365857,67.67342324275523
3788,4357,0.0042051057315018285,0.002028594261205023,0.0,0.00021765114702968055,67.69019412714988
3789,4358,0.0042048251798417185,0.0020290296320080795,0.0,0.0002175795547833639,67.7070506196469
3790,4359,0.004204580130960383,0.0020292113548220857,0.0,0.00021753687761382975,67.72458035033196
3791,4360,0.004204430123447227,0.0020271614456242285,0.0,0.00021772686778229986,67.74261644296348
3792,4361,0.004204044098679107,0.0020272774262145095,0.0,0.00021767666724645978,67.75939618423581
3793,4362,0.004203729266351167,0.0020285387280794356,0.0,0.00021751905382717316,67.77612486388534
3794,4363,0.00420323784031963,0.0020295786606873323,0.0,0.00021736591796322983,67.7928791930899
3795,4365,0.004202983653527829,0.0020315754919822794,0.0,0.0002171408161545549,67.81711276527494
3796,4367,0.004202595082232261,0.002033025222803076,0.0,0.00021695698594291854,67.84098558779806
3797,4368,0.004202045016528263,0.0020351719191357086,0.0,0.00021668730973925548,67.85775315202773
3798,4369,0.004201519852472973,0.0020382926929884775,0.0,0.00021632271594844953,67.8750314032659
3799,4370,0.004201178349561928,0.0020345543739109335,0.0,0.0002166623975650994,67.89168185088784
3800,4372,0.0042006788661645995,0.0020329783728474586,0.0,0.0002167700493317141,67.91584209352732
3801,4373,0.004200130587462539,0.002033357649268927,0.0,0.00021667729381936123,67.9325367892161
3802,4374,0.004199688851822749,0.0020348858188267574,0.0,0.0002164803032995991,67.94914161041379
3803,4375,0.004198898490737268,0.002033110620199256,0.0,0.0002165787870538012,67.96577752754092
3804,4377,0.004198147524778174,0.0020314725531809584,0.0,0.0002166674971597216,67.98967700451612
3805,4378,0.004197676487417508,0.0020304678826200745,0.0,0.00021672086047974334,68.00617358740419
3806,4379,0.00419723211267358,0.002029467986788592,0.0,0.0002167764125884988,68.02286991849542
3807,4380,0.004196996016886395,0.0020311564469013533,0.0,0.0002165839569985041,68.03943799901754
3808,4382,0.004196414624219471,0.0020297696809329865,0.0,0.00021666449432864847,68.0634820992127
3809,4384,0.004196273599733043,0.002029280136789275,0.0,0.00021669934629437677,68.08742160815746
3810,4385,0.0041960809299130715,0.0020314764567804225,0.0,0.00021646044731326496,68.10408113524318
3811,4386,0.0041957214576702605,0.0020342197656860253,0.0,0.00021615016919842347,68.12092726677656
3812,4388,0.004195498638287316,0.002034449511881184,0.0,0.0002161049126406132,68.14508801698685
3813,4389,0.004195324984353055,0.002035270034940955,0.0,0.00021600549494121,68.1617969032377
3814,4390,0.004195050030659049,0.002036624298254257,0.0,0.00021584257324047914,68.17842423543334
3815,4391,0.0041948957877761895,0.0020386597021529794,0.0,0.000215623608562321,68.195063223131
3816,4392,0.004194595668481113,0.0020394006452889787,0.0,0.00021551950231921347,68.21275766566396
3817,4393,0.004194364785358217,0.0020397754090390632,0.0,0.00021545893763191536,68.22940025944263
3818,4394,0.004194119490503535,0.002040571670725722,0.0,0.00021535478197778131,68.24608224071562
3819,4395,0.0041938650570785,0.0020433314309853128,0.0,0.0002150533626093187,68.26275737583637
3820,4396,0.004193679810453911,0.0020448375632620515,0.0,0.000214884224719186,68.2793285548687
3821,4397,0.004193499309588202,0.002047361331303607,0.0,0.00021461379782845955,68.29602040164173
3822,4398,0.0041932253257620225,0.00204727127818356,0.0,0.00021459540475784623,68.31288051325828
3823,4399,0.004192974699758559,0.0020475172180976753,0.0,0.00021454574816608837,68.3296633604914
3824,4400,0.0041926515386278024,0.0020482910593690312,0.0,0.00021443604792587717,68.34634347446263
3825,4401,0.004192431654627089,0.002048477366630232,0.0,0.00021439542879968563,68.36313765868545
3826,4402,0.004192162939892532,0.0020486532692683967,0.0,0.00021435096706241353,68.38023782148957
3827,4403,0.004191776123326465,0.0020509327855349523,0.0,0.0002140843337791513,68.39691139850765
3828,4404,0.004191625488135011,0.002051155302701325,0.0,0.0002140470185433685,68.41377044282854
3829,4405,0.0041909487263504935,0.0020526784479933577,0.0,0.00021382702783571364,68.43052077665925
3830,4406,0.004190500962589806,0.0020558297929493415,0.0,0.00021346711696404647,68.44725840818137
3831,4407,0.004190148618243719,0.002057822921265437,0.0,0.00021323256969782813,68.46393638756126
3832,4408,0.004190051124330711,0.0020565968180064364,0.0,0.0002133454306324275,68.48069701250643
3833,4409,0.004188771124849966,0.002054052661882602,0.0,0.00021347184629673643,68.49740223120898
3834,4410,0.004188158227809109,0.002054134449945191,0.0,0.0002134023777863918,68.51424393150955
3835,4411,0.004187397902157436,0.0020522068322339324,0.0,0.00021351910699235043,68.53094649221748
3836,4412,0.004186493086703909,0.002049457224758378,0.0,0.00021370358619455311,68.54768957477063
3837,4413,0.0041860082372543956,0.002049764574208403,0.0,0.00021362436630459924,68.56434831861407
3838,4414,0.00418543295023434,0.002048878031522725,0.0,0.00021365549187116157,68.58153244387358
3839,4415,0.004185202846010056,0.002050048242593471,0.0,0.00021351546034165854,68.59817978460342
3840,4417,0.004184825757225317,0.0020496335413763872,0.0,0.00021351922158489303,68.62241241708398
3841,4419,0.004184403158521243,0.0020490992296730774,0.0,0.00021353039288481647,68.64637918025255
3842,4420,0.0041841659065774,0.0020511523643571153,0.0,0.00021330135422202841,68.66313041560352
3843,4422,0.004183971830993677,0.0020507867159238525,0.0,0.0002133185115069825,68.68724049907178
3844,4423,0.00418346535397008,0.0020507338413873724,0.0,0.0002132731512582707,68.70408951677382
3845,4424,0.004182583953568291,0.0020531154181816437,0.0,0.00021294685353866476,68.72088781371713
3846,4425,0.00418190743722731,0.0020572125246414584,0.0,0.00021246949125858515,68.73772205598652
3847,4427,0.004181156728690677,0.0020585351536233595,0.0,0.00021226215750673184,68.7622811505571
3848,4428,0.0041807229119887965,0.0020652873711852794,0.0,0.00021154355408035169,68.77900205086917
3849,4429,0.004180456329014458,0.0020679033707550133,0.0,0.00021125529582594445,68.79583605658263
3850,4430,0.004179669395288216,0.0020678300632145995,0.0,0.00021118393320736163,68.81303903646767
3851,4431,0.004179429665042162,0.0020677024358982847,0.0,0.00021117272291438775,68.82983278203756
3852,4432,0.004179084285035731,0.0020716549107410104,0.0,0.00021074293742947208,68.84654721710831
3853,4433,0.004178974889343249,0.002073026595825337,0.0,0.0002105948293517911,68.86329816281796
3854,4435,0.004178829661813368,0.0020746333316012363,0.0,0.00021041963302121324,68.88741373829544
3855,4436,0.004178650602524962,0.0020754901295799415,0.0,0.00021031604729450208,68.90444872062653
3856,4437,0.00417855505978644,0.002075133400166595,0.0,0.00021034216596198452,68.9211831940338
3857,4438,0.004178488552372253,0.0020762044594195292,0.0,0.0002102284092952724,68.93794761504978
3858,4439,0.004178356155645926,0.002076964703946269,0.0,0.00021013914516996565,68.95493010431528
3859,4440,0.004178219607432348,0.002077193633136023,0.0,0.00021010259742963255,68.97178654093295
3860,4441,0.004178135399218942,0.0020792125911061965,0.0,0.0002098922808112746,68.98860517144203
3861,4442,0.004177818578802445,0.0020791760318337564,0.0,0.00020986425469686883,69.00537556130439
3862,4443,0.004177600256598659,0.002080286891497245,0.0,0.00020973133651014137,69.02215813379735
3863,4444,0.0041772684955379,0.0020821913430525466,0.0,0.00020950771524853536,69.0388960018754
3864,4445,0.004176741194432158,0.0020854569926835745,0.0,0.0002091284201748584,69.05637018661946
3865,4446,0.004175733800434013,0.0020912548029226614,0.0,0.00020844789975113526,69.07303477823734
3866,4447,0.004174845954836409,0.002097970385739463,0.0,0.00020768755690969454,69.08970816154033
3867,4449,0.004173890000619003,0.002101162917771824,0.0,0.00020727270828471792,69.11387946084142
3868,4451,0.00417319115135798,0.0020989691050400066,0.0,0.00020742220463179726,69.13810103666037
3869,4453,0.004172392059645858,0.002101118716621755,0.0,0.00020712733430241028,69.1625213501975
3870,4454,0.004171510454826399,0.0021016251703286286,0.0,0.00020698852844977696,69.17921934183687
3871,4455,0.004171332887079775,0.002101199751860123,0.0,0.0002070133135219652,69.19595722667873
3872,4456,0.004170342690622503,0.002102910718302916,0.0,0.0002067431972319587,69.212756565772
3873,4457,0.00417020478541229,0.002104007555756908,0.0,0.0002066197229655382,69.22945717722178
3874,4458,0.004169961103899758,0.0021056425781090862,0.0,0.00020643185257906727,69.24694559909403
3875,4459,0.004169409832663389,0.002105112015993998,0.0,0.00020642978166693913,69.2637230148539
3876,4460,0.004169077442808195,0.002105061007745665,0.0,0.00020640164350625305,69.2803960731253
3877,4461,0.004168610991880754,0.0021075375532367013,0.0,0.0002061073438644053,69.29720796085894
3878,4462,0.004167915006588535,0.002108045088263576,0.0,0.00020598699183249587,69.31399587821215
3879,4464,0.004167576300519587,0.0021082727340456862,0.0,0.00020593035664739004,69.33825790602714
3880,4465,0.004167278886409662,0.002113715510861917,0.0,0.0002053563375547745,69.35523874685168
3881,4466,0.004166827406656871,0.002111370036958342,0.0,0.0002055457369698529,69.37193930894136
3882,4467,0.004166515217028304,0.0021117309952640344,0.0,0.00020547842217642694,69.3886439781636
3883,4468,0.004166139438719183,0.0021127362828239713,0.0,0.00020534031558952113,69.40579840913415
3884,4469,0.004165557147490508,0.0021168279411341593,0.0,0.00020487292063563488,69.42246724572033
3885,4470,0.004165234112637556,0.002120475868325693,0.0,0.0002044758244311863,69.43918914999813
3886,4471,0.004165182741844079,0.002124087232180782,0.0,0.0002041095509663297,69.4558406798169
3887,4472,0.004164872812982036,0.0021230291764846223,0.0,0.00020418436364974134,69.47253605723381
3888,4473,0.004164795066002145,0.002123467090679904,0.0,0.00020413279753222417,69.48920885846019
3889,4474,0.004164670798671735,0.002123848499781878,0.0,0.00020408222988898568,69.50665243342519
3890,4475,0.004164467957432324,0.0021252366100116436,0.0,0.00020392313474206804,69.52332660090178
3891,4476,0.0041642729247330385,0.0021245077874943855,0.0,0.00020397651372386534,69.54001396056265
3892,4477,0.0041639855620574755,0.0021234212767637863,0.0,0.00020405642852936893,69.55677367467433
3893,4478,0.004163744274667624,0.0021230125357005435,0.0,0.0002040731738967081,69.57343326602131
3894,4480,0.004163572236078212,0.0021217267805260305,0.0,0.00020418454555521808,69.59754121024162
3895,4481,0.004163463445992109,0.0021191292982582067,0.0,0.00020443341477339015,69.61438557319343
3896,4482,0.004163388768916664,0.0021189957019550525,0.0,0.0002044393066961612,69.63108485005796
3897,4483,0.004163312652960051,0.0021188448873980716,0.0,0.00020444677655619793,69.64785281848162
3898,4484,0.0041632259351434865,0.0021192410005874,0.0,0.00020439849345560868,69.66460493765771
3899,4485,0.004163096140303283,0.002120294780645565,0.0,0.00020428013596577178,69.68128148280084
3900,4486,0.004162921224089326,0.0021231568820168495,0.0,0.00020397643420724766,69.69794861972332
3901,4487,0.0041627549946033696,0.002124569340756358,0.0,0.00020381856538470122,69.71481910627335
3902,4488,0.004162650269920745,0.0021251020279447076,0.0,0.00020375482419760375,69.73152621276677
3903,4489,0.004162518035704921,0.0021259647257311286,0.0,0.00020365533099737926,69.74826070666313
3904,4490,0.004162475013109302,0.0021267901929831845,0.0,0.00020356848201261176,69.76498773228377
3905,4491,0.004162382305580416,0.0021258483908932683,0.0,0.0002036533914687148,69.78175642248243
3906,4492,0.004162323423787013,0.002126021856547453,0.0,0.000203630156723956,69.7985418420285
3907,4493,0.004162289019187573,0.0021260375318473963,0.0,0.00020362514873401765,69.81534499302506
3908,4494,0.004162249538507525,0.0021265642550073144,0.0,0.00020356852835002101,69.8319968637079
3909,4495,0.004162201348712074,0.0021275631905518125,0.0,0.00020346381581602614,69.84922892879695
3910,4496,0.004162163593340297,0.0021284396551081997,0.0,0.00020337239382320975,69.86653882730752
3911,4497,0.004162105652660279,0.002129787492814722,0.0,0.00020323181598455567,69.88329135254025
3912,4498,0.004162030713021514,0.0021312311063132906,0.0,0.00020307996067082235,69.9001535307616
3913,4499,0.004161904212517163,0.002132460058174403,0.0,0.00020294441543427594,69.91694163996726
3914,4500,0.004161621491566054,0.0021348321503489634,0.0,0.00020267893412170905,69.93377290666103
3915,4501,0.004161265781814846,0.002136274767898079,0.0,0.00020249910139167677,69.95057952404022
3916,4502,0.004160839606706008,0.0021383672312165858,0.0,0.00020224723754894223,69.96731318347156
3917,4504,0.0041604914576402145,0.0021384933068359477,0.0,0.00020219981508042673,69.99217850528657
3918,4505,0.004160053476776913,0.002138791420176531,0.0,0.00020212620566003816,70.00892502814531
3919,4506,0.004159696134660815,0.0021430191014765836,0.0,0.00020166770331842308,70.0257032494992
3920,4507,0.004159487060129714,0.0021442887831529126,0.0,0.00020151982769768008,70.04278227314353
3921,4508,0.004159363629099514,0.00214348936389181,0.0,0.0002015874265207704,70.0599855510518
3922,4510,0.004159282920023363,0.002144349454958413,0.0,0.000201493346506495,70.08434006664902
3923,4511,0.004159248218298488,0.0021445370137040194,0.0,0.00020147112045944688,70.10200275108218
3924,4512,0.004159171181096277,0.002143861418395874,0.0,0.00020153097627004034,70.11875452660024
3925,4513,0.004159117436836553,0.0021443605433336416,0.0,0.00020147568935029113,70.1355221439153
3926,4514,0.004159035555066746,0.0021447305923568555,0.0,0.00020143049627098907,70.1526859831065
3927,4515,0.004158918819587709,0.002145793492992498,0.0,0.00020131253265952105,70.16940665151924
3928,4516,0.004158858135258704,0.0021455704635953113,0.0,0.00020132876716633927,70.18618376087397
3929,4517,0.004158785281347733,0.002146458596720803,0.0,0.00020123266846269302,70.20300394669175
3930,4518,0.004158731333995205,0.002147096744362105,0.0,0.00020116345896330996,70.21987142693251
3931,4519,0.004158706224794435,0.002148060071343973,0.0,0.00020106461534504622,70.23658219445497
3932,4520,0.004158678366668398,0.0021485751917244863,0.0,0.00020101031749439108,70.25328398309648
3933,4521,0.00415863211727612,0.0021502003613373165,0.0,0.00020084317559388037,70.2699912423268
3934,4522,0.0041585916449064595,0.0021504448721202515,0.0,0.00020081467727862083,70.28681706916541
3935,4523,0.004158522764463983,0.0021506860460783817,0.0,0.00020078367183856016,70.30362878460437
3936,4524,0.0041583420899864755,0.0021532674425973936,0.0,0.0002005074647389082,70.32067647110671
3937,4525,0.004158040639086067,0.002153253508757886,0.0,0.00020047871303281815,70.33752511255443
3938,4526,0.004157815962063929,0.002155399004087684,0.0,0.0002002416957976245,70.35425861366093
3939,4527,0.004157510449312127,0.0021580631254654475,0.0,0.0001999447323846679,70.37097028363496
3940,4528,0.004157327986902664,0.0021598331578655053,0.0,0.00019974948290371586,70.38792188279331
3941,4529,0.0041571572695563545,0.002160493136602827,0.0,0.00019966641329535273,70.40464902110398
3942,4530,0.004156973203100968,0.0021620795440495176,0.0,0.00019948936590514506,70.4213183214888
3943,4531,0.004156851663149641,0.002161688002058116,0.0,0.0001995163661091525,70.4388566557318
3944,4532,0.004156751314270089,0.002161279428694173,0.0,0.00019954718855759164,70.45555245317519
3945,4533,0.0041566430430112,0.0021614659776066055,0.0,0.00019951770654045951,70.47224198747426
3946,4534,0.004156524023508692,0.002161420229127002,0.0,0.00019951037943816903,70.48937786649913
3947,4535,0.004156357867037778,0.002161898256344887,0.0,0.00019944596106928912,70.50676844920963
3948,4536,0.004156218038231321,0.002163054886907901,0.0,0.00019931631513234202,70.52365957386792
3949,4537,0.0041560645099884,0.0021638349885768175,0.0,0.0001992229521411582,70.54032026976347
3950,4539,0.0041559457291844275,0.0021639869297549754,0.0,0.00019919587994294522,70.56459795124829
3951,4540,0.004155736018687242,0.002165922796980639,0.0,0.0001989813221706603,70.58127627149224
3952,4541,0.0041554642450484704,0.002165620710638174,0.0,0.00019898435344102968,70.59795785695314
3953,4542,0.004155219971324298,0.002166472102327368,0.0,0.000198874786899693,70.61481403745711
3954,4544,0.004155100910048375,0.002167148353152643,0.0,0.00019879525568957328,70.63943631853908
3955,4545,0.004154900454406029,0.0021695989651542113,0.0,0.00019853014892518174,70.65607311204076
3956,4546,0.004154641111529486,0.002168574586967839,0.0,0.00019860665245616471,70.67286402266473
3957,4547,0.0041544311757649955,0.00217022638530202,0.0,0.00019842047904629757,70.68955601844937
3958,4548,0.004154242791108512,0.0021724706184020224,0.0,0.00019817721727064897,70.70673925150186
3959,4550,0.0041540967663878155,0.0021738422612833305,0.0,0.00019802545051044847,70.73073774576187
3960,4551,0.004153872728566502,0.0021763784454239977,0.0,0.00019774942831425038,70.74737195856869
3961,4552,0.004153792194234612,0.0021763713773346716,0.0,0.000197742081689994,70.76426247972995
3962,4553,0.004153576372706119,0.0021760593433687815,0.0,0.00019775170293373381,70.78096095006913
3963,4554,0.004153447477419052,0.0021756877723995006,0.0,0.0001977759705019552,70.79776049870998
3964,4555,0.0041533059527367,0.0021768209266868196,0.0,0.00019764850260498804,70.81487883999944
3965,4556,0.0041531357375975955,0.002176868934885008,0.0,0.0001976266802712587,70.83196195308119
3966,4558,0.00415302007547467,0.0021776622489152707,0.0,0.00019753578265594,70.85597166419029
3967,4559,0.004152748362023015,0.0021794355623012867,0.0,0.0001973312799721729,70.87263290118426
3968,4560,0.004152386265964097,0.00218178389906845,0.0,0.00019706023668956477,70.88931207265705
3969,4561,0.004152096237468473,0.002183403975199366,0.0,0.00019686922622691065,70.90647911094129
3970,4563,0.004151798279037348,0.0021852195842835724,0.0,0.00019665786947537753,70.93056381400675
3971,4564,0.0041515066754595036,0.0021834087404778027,0.0,0.00019680979349817005,70.94724274519831
3972,4565,0.004151200770659717,0.002181577201247365,0.0,0.00019696235694123518,70.96396529581398
3973,4566,0.004151080000585641,0.002183518198725767,0.0,0.0001967561801859873,70.98074387386441
3974,4567,0.0041506644543178,0.0021836603584398924,0.0,0.00019670040958779072,70.9974455460906
3975,4568,0.004150127899531257,0.0021814834652684597,0.0,0.00019686444342627974,71.01455702167004
3976,4569,0.004149578160420641,0.0021821798658689774,0.0,0.0001967398294551664,71.03122053295374
3977,4570,0.0041490817994230085,0.00218475982083527,0.0,0.00019643219785877385,71.04800232686102
3978,4572,0.00414888074616513,0.0021861712384765915,0.0,0.00019627095076885383,71.07208926603198
3979,4574,0.004148697302128267,0.002185647636488007,0.0,0.00019630496656402593,71.09615566022694
3980,4575,0.004148421630269185,0.0021868481637199893,0.0,0.0001961573466549196,71.11289746221155
3981,4576,0.004148085116424959,0.002189068704380462,0.0,0.0001959016412044497,71.12966765183955
3982,4577,0.004147738647381235,0.0021905535991305815,0.0,0.00019571850482506538,71.14635175280273
3983,4578,0.004147172330617516,0.002189870682591041,0.0,0.00019573016480264752,71.16302292328328
3984,4579,0.004146240983435157,0.002187025914372827,0.0,0.000195921506906233,71.179722010158
3985,4580,0.004145805617597197,0.002186520310822008,0.0,0.0001959285306775189,71.19639710430056
3986,4581,0.004144662581145431,0.002181044135878275,0.0,0.00019636184452671564,71.21310044359416
3987,4582,0.004143991714894466,0.0021822549535672085,0.0,0.00019617367613272572,71.22977598104626
3988,4583,0.004142922800940035,0.0021848087371322813,0.0,0.00019581140638077538,71.24651763681322
3989,4584,0.004142187294683814,0.0021880464928024875,0.0,0.0001954140801881326,71.26317610964179
3990,4585,0.004141826750140329,0.0021878767861638992,0.0,0.00019539499639764294,71.27982511464506
3991,4586,0.004140818793298763,0.0021849792654428843,0.0,0.00019558395278558788,71.29658179171383
3992,4587,0.004139839073778734,0.002181755011671456,0.0,0.00019580840621072782,71.31324555445462
3993,4589,0.004139184346384149,0.002180817882341035,0.0,0.00019583664640431144,71.33741423394531
3994,4591,0.004138436399198671,0.0021751843189916696,0.0,0.00019632520802070013,71.36150758247823
3995,4592,0.004137831736462926,0.002171414397174424,0.0,0.0001966417339288502,71.37818452622741
3996,4593,0.004137326289956857,0.0021716064896994004,0.0,0.00019657198002574565,71.39523370284587
3997,4595,0.004136663594012298,0.002169503094773683,0.0,0.00019671604992386156,71.4192455848679
3998,4596,0.004135963365213633,0.0021676586734170095,0.0,0.0001968304691796624,71.4360503712669
3999,4597,0.004135375171802546,0.002165727186348655,0.0,0.00019696479854538915,71.45279516745359
4000,4598,0.004134993088510109,0.0021624243952086436,0.0,0.00019725686933014648,71.46954653784633
4001,4599,0.004134454542912924,0.0021623134352158555,0.0,0.00019721411076970683,71.48630474507809
4002,4601,0.004133853760834832,0.0021583639806947203,0.0,0.00019754897801401114,71.51047918852419
4003,4602,0.004133564470283964,0.002156185632042422,0.0,0.00019773788382415418,71.5271772807464
4004,4603,0.004132942261980604,0.0021567569317764356,0.0,0.0001976185330204168,71.54399804025888
4005,4605,0.004132586048711591,0.0021558711761930946,0.0,0.00019767148725184967,71.56807065010071
4006,4606,0.0041320910672990215,0.002153639262650344,0.0,0.0001978451804648678,71.58491477090865
4007,4607,0.004131392132915529,0.0021531060099267757,0.0,0.00019782861229887528,71.6016808245331
4008,4608,0.004130377938504284,0.0021524278885595026,0.0,0.00019779500499447812,71.61844901088625
4009,4609,0.004128564417234822,0.0021500649318084678,0.0,0.00019784994854263538,71.63520773965865
4010,4611,0.004127862926522027,0.002147156814564326,0.0,0.00019807061119577008,71.65924378857017
4011,4613,0.00412692256405359,0.0021477803052257285,0.0,0.00019791422588278615,71.68416453152895
4012,4615,0.004124869466200849,0.002140709675456099,0.0,0.00019841597907447505,71.70837020128965
4013,4617,0.004123565459258707,0.002138490454387505,0.0,0.0001985075004871202,71.7330368431285
4014,4618,0.004121760303880326,0.0021358847084691915,0.0,0.00019858755954111344,71.74976433254778
4015,4620,0.004120781248836928,0.002133752226751733,0.0,0.00019870290220851952,71.7739136647433
4016,4622,0.0041197554104752815,0.002130678539121819,0.0,0.0001989076871353463,71.7986960792914
4017,4624,0.004118994804896225,0.0021314148202090113,0.0,0.00019875799846872137,71.82341966498643
4018,4625,0.004118303274145016,0.0021240985867159064,0.0,0.00019942046874291098,71.84021483082324
4019,4626,0.004116939445812861,0.0021255435270283968,0.0,0.0001991395918784464,71.8570538284257
4020,4627,0.004115665316776963,0.0021220359317970366,0.0,0.00019936293849799266,71.8737956630066
4021,4628,0.004113568500243167,0.0021174265763669845,0.0,0.00019961419238761824,71.8906098594889
4022,4629,0.004112105351350629,0.0021113355531842564,0.0,0.00020007697981663726,71.90755889192224
4023,4630,0.004111446652387867,0.002110880668601159,0.0,0.00020005659837867083,71.92433239333332
4024,4631,0.004107376179969173,0.0021059873108064055,0.0,0.00020013888691627668,71.94150488264859
4025,4633,0.004106466393908928,0.002103746782279568,0.0,0.00020027196116293594,71.96540902741253
4026,4634,0.004105805205672697,0.0021021939120403395,0.0,0.00020036112936323576,71.98217779677361
4027,4635,0.00410266507852953,0.0020951066161321577,0.0,0.00020075584623973725,71.99893363192677
4028,4637,0.004101632065907468,0.0020942053913142037,0.0,0.00020074266745932643,72.02384219598025
4029,4639,0.004100990449571989,0.00209398684768528,0.0,0.00020070036018867088,72.04790839087218
4030,4641,0.0040995476753253775,0.002088364288105154,0.0,0.00020111833872202235,72.07196278590709
4031,4642,0.004098512360179843,0.002088929976266734,0.0,0.00020095823839131092,72.08883644361049
4032,4643,0.004098143515657213,0.002090098649983889,0.0,0.0002008044865673324,72.10557723604143
4033,4644,0.004096556908699098,0.002088965352520623,0.0,0.0002007591556178475,72.12239988520741
4034,4646,0.004096080368737658,0.0020877980699734863,0.0,0.00020082822987641717,72.14656735211611
4035,4647,0.0040955787147326,0.0020895327382437676,0.0,0.00020060459764888332,72.16400856804103
4036,4648,0.0040951920640532645,0.0020901200734662452,0.0,0.00020050719905870195,72.18067634757608
4037,4649,0.0040947439212133795,0.002090729785442388,0.0,0.00020040141357709917,72.19739788211882
4038,4650,0.004094453299592758,0.0020901267705272244,0.0,0.0002004326529065534,72.21409043483436
4039,4651,0.004094289274775552,0.0020892483668339726,0.0,0.000200504090794158,72.2309381365776
4040,4652,0.004094075245472202,0.0020901560011939145,0.0,0.00020039192442782873,72.24779457505792
4041,4653,0.0040938896274986146,0.0020900858686519717,0.0,0.00020038037588466427,72.26460573542863
4042,4654,0.004093636176273289,0.0020899199562953866,0.0,0.00020037162199779027,72.2812964078039
4043,4655,0.0040932141077108285,0.002090164519334816,0.0,0.00020030495883760128,72.29818612057716
4044,4657,0.00409313887483327,0.0020903150941066376,0.0,0.0002002823780726632,72.32290193066001
4045,4658,0.004092850128349658,0.002090056126651758,0.0,0.00020027940016979003,72.33962696883827
4046,4659,0.00409241485441488,0.0020908082638242337,0.0,0.0002001606590590646,72.35630932077765
4047,4660,0.004092070913316306,0.0020920897882338494,0.0,0.00019999811250824573,72.3729930864647
4048,4661,0.0040918542337964785,0.0020942427972722322,0.0,0.0001997611436524246,72.38978181127459
4049,4662,0.004091528009861494,0.002095520730007175,0.0,0.0001996007279854319,72.40649298299104
4050,4663,0.0040912291321597485,0.0020973515130913068,0.0,0.0001993877619068442,72.42320000566542
4051,4664,0.004091083426238004,0.002098600395903226,0.0,0.00019924830303347783,72.43986135907471
4052,4665,0.004090944917214581,0.002100014671047755,0.0,0.00019909302461668267,72.45665823016316
4053,4666,0.004090769362789197,0.0021016211068549703,0.0,0.0001989148255934227,72.47337673418224
4054,4667,0.004090594825995791,0.0021024339261483407,0.0,0.00019881608998474507,72.49018844775856
4055,4669,0.004090562812333233,0.002102704008262634,0.0,0.0001987858804070599,72.51429380383343
4056,4670,0.0040903183896476465,0.0021035206899143724,0.0,0.0001986797699733274,72.53102235216647
4057,4671,0.004090045149272156,0.002102908902180829,0.0,0.00019871362470913267,72.54780948441476
4058,4672,0.004089691472424153,0.0021009405084656796,0.0,0.0001988750963958474,72.56455999612808
4059,4673,0.004089090705474821,0.0020980692882126358,0.0,0.00019910214172621848,72.58121592830867
4060,4674,0.004088454827096723,0.00209616137691254,0.0,0.00019922934501841828,72.59795357100666
4061,4675,0.004087535953536562,0.0020954937791418213,0.0,0.0001992042174394741,72.61512826941907
4062,4676,0.00408669391308974,0.0020956054927737215,0.0,0.0001991088420316019,72.63191560190171
4063,4677,0.004085617387855408,0.0020959025853521164,0.0,0.00019897148025032919,72.64866563118994
4064,4678,0.0040845394264885735,0.002097653706348967,0.0,0.00019868857201396062,72.66546249762177
4065,4680,0.0040829873285545834,0.002093847938981051,0.0,0.00019891393895735325,72.68945930432528
4066,4681,0.004079870375565694,0.002091207126605946,0.0,0.00019886632489597478,72.70623751357198
4067,4683,0.004076168976002997,0.0020923448336347735,0.0,0.00019838241423682235,72.73034596350044
4068,4684,0.0040713755045884495,0.0020870213169858964,0.0,0.00019843541876025532,72.74709021486342
4069,4686,0.004068487168414709,0.0020808637268836883,0.0,0.0001987623441531021,72.77133636549115
4070,4688,0.004067323463451037,0.0020750471220493567,0.0,0.00019922763414016807,72.79588310886174
4071,4689,0.004065124258365681,0.002071633678857755,0.0,0.00019934905795079263,72.81263453979045
4072,4690,0.004063838768739967,0.0020726009493523324,0.0,0.00019912378193876344,72.82937354594469
4073,4691,0.004063220415756495,0.0020722187253192693,0.0,0.0001991001690437226,72.84658445417881
4074,4692,0.004062376862267712,0.0020738802831075966,0.0,0.00019884965791601154,72.8632324449718
4075,4693,0.0040620287527345835,0.002075340568228413,0.0,0.00019866881845061708,72.87994716968387
4076,4694,0.004061494778498492,0.0020756010279482547,0.0,0.00019858937505502373,72.89660427905619
4077,4695,0.0040612771907625874,0.002075227728451555,0.0,0.00019860494623110325,72.91333910357207
4078,4696,0.0040608348401161,0.0020757097041041884,0.0,0.00019851251360119117,72.93080006167293
4079,4697,0.004060068533708699,0.002077266982758097,0.0,0.00019828015509506017,72.94739422760904
4080,4699,0.004059628555384424,0.0020796753781295706,0.0,0.00019799531772548534,72.9713987056166
4081,4700,0.0040589304675917245,0.002079734874134704,0.0,0.00019791955934570199,72.98813548311591
4082,4701,0.004057429501116348,0.002082163496862934,0.0,0.00019752660042534134,73.00497140642256
4083,4702,0.004056236534650143,0.0020821889661363606,0.0,0.0001974047568513783,73.02181836310774
4084,4703,0.004055397496715466,0.002079363650022904,0.0,0.00019760338466925627,73.03860848024487
4085,4705,0.004053968559993491,0.002080717930056902,0.0,0.00019732506299365883,73.06279904581606
4086,4706,0.00405299310073373,0.0020794090225020948,0.0,0.0001973584078231635,73.0795459067449
4087,4707,0.004051758976541583,0.0020757937391927468,0.0,0.0001975965237348836,73.09619240090251
4088,4708,0.004051485909460193,0.0020766651305790273,0.0,0.00019748207788811666,73.11293445248157
4089,4709,0.004050831403469299,0.0020740464739186586,0.0,0.000197678492955064,73.12970729917288
4090,4710,0.004050658604024499,0.00207475216808468,0.0,0.0001975906435939819,73.14640711247921
4091,4711,0.0040504970587199665,0.002072595007708559,0.0,0.00019779020510114076,73.1635781051591
4092,4712,0.004050302958280009,0.0020724505559306327,0.0,0.0001977852402349376,73.18027415499091
4093,4713,0.004050131389762595,0.002072654335604974,0.0,0.00019774770541576206,73.19697677716613
4094,4714,0.004049834711332762,0.002072739642037466,0.0,0.00019770950692952967,73.2137379636988
4095,4715,0.004049450039957655,0.002072737085738873,0.0,0.00019767129542187822,73.23048815131187
4096,4716,0.00404882182254758,0.0020743374238625864,0.0,0.0001974484398684993,73.24722199328244
4097,4717,0.004047859188768324,0.002075940367470702,0.0,0.00019719188212976218,73.26394932344556
4098,4718,0.0040468995026613965,0.002078063709469514,0.0,0.00019688357931918823,73.28062703832984
4099,4719,0.004046283192459845,0.002077637481768648,0.0,0.0001968645710691197,73.29736527614295
4100,4721,0.004046085956589134,0.002080702167981227,0.0,0.00019653837886079073,73.32165533211082
4101,4722,0.004045960755317047,0.002081254303997477,0.0,0.000196470645131957,73.33846503309906
4102,4723,0.0040457204491564395,0.002082800692524154,0.0,0.00019629197566322856,73.35517799202353
4103,4724,0.004045555695823655,0.0020838953323390106,0.0,0.0001961660363484645,73.37189826928079
4104,4725,0.004045369088702258,0.0020836452273030664,0.0,0.00019617238613991918,73.3885712614283
4105,4726,0.004045167909143,0.0020824462338974925,0.0,0.00019627216752455078,73.40529930312186
4106,4727,0.004044895467034292,0.002078667881081594,0.0,0.0001966227585952698,73.42269088700414
4107,4728,0.0040446228539730514,0.0020764850319048094,0.0,0.00019681378220682422,73.43934127409011
4108,4729,0.004044084854150733,0.002070504276359976,0.0,0.00019735805777907565,73.45609583798796
4109,4730,0.004043149509337278,0.0020664086101241535,0.0,0.00019767408992131243,73.47282576095313
4110,4732,0.004042099440613235,0.0020600916281523695,0.0,0.00019820078124608653,73.49703410826623
4111,4733,0.004040792413238929,0.002061810149341932,0.0,0.00019789822638969975,73.51373711694032
4112,4735,0.004039520040092767,0.0020576474553290892,0.0,0.0001981872584763678,73.53827958647162
4113,4737,0.004038761477485048,0.002059301459814616,0.0,0.00019794600176704328,73.56267619691789
4114,4738,0.004038164671172854,0.002058786281785537,0.0,0.00019793783893873163,73.57940277922899
4115,4739,0.004037337728962682,0.002058197025283268,0.0,0.00019791407036794142,73.59608962386847
4116,4740,0.004036875993026028,0.0020574320433020678,0.0,0.00019794439497239602,73.61274494882673
4117,4742,0.0040365875897221985,0.0020550476983627495,0.0,0.00019815398913594488,73.63703602179885
4118,4743,0.004035654281287475,0.002054223576215634,0.0,0.0001981430705071841,73.65380905661732
4119,4744,0.004033856326977971,0.0020532083148846717,0.0,0.00019806480120932997,73.67061749380082
4120,4745,0.004031592860768183,0.002048842143530126,0.0,0.00019827507172380575,73.6874828664586
4121,4747,0.0040288822177512885,0.002049558879652806,0.0,0.0001979323338098483,73.71243468020111
4122,4749,0.00402703801811781,0.0020494858921648587,0.0,0.0001977552125952952,73.73666362464428
4123,4751,0.004025547058256826,0.0020458973340576315,0.0,0.0001979649724199195,73.7608660236001
4124,4753,0.004024250819453604,0.002046863139933971,0.0,0.00019773876795196334,73.78511554282159
4125,4755,0.004021144592675101,0.002044895721674408,0.0,0.0001976248871000693,73.80929957516491
4126,4757,0.004019958817467885,0.0020469370427473876,0.0,0.00019730217747204973,73.83356416411698
4127,4758,0.004019332759740261,0.0020487575245102135,0.0,0.00019705752352300467,73.85030643176287
4128,4760,0.004018120021417873,0.0020476305724640527,0.0,0.00019704894489538206,73.87460663728416
4129,4762,0.004017318600599093,0.0020443426084455793,0.0,0.00019729759921535136,73.89877561014146
4130,4763,0.004016647833537032,0.0020436871420633977,0.0,0.00019729606914736342,73.91637971717864
4131,4764,0.0040155889374500165,0.0020413646916251746,0.0,0.00019742242458248418,73.93304694723338
4132,4765,0.004014598685174186,0.0020396747112028215,0.0,0.00019749239739713648,73.94986343104392
4133,4766,0.0040138705185558165,0.0020369045053692746,0.0,0.00019769660131865418,73.9667553100735
4134,4767,0.004012871063654151,0.0020379345459267894,0.0,0.00019749365177273613,73.98346044868231
4135,4768,0.0040121401227578395,0.0020367140155627852,0.0,0.00019754261071950547,74.00015634018928
4136,4769,0.004011514813577381,0.002040458555105781,0.0,0.00019710562584715995,74.01686581410468
4137,4771,0.004011194390951397,0.0020392369424890935,0.0,0.00019719574484623037,74.04097797721624
4138,4772,0.004010933587006519,0.0020382292367422824,0.0,0.00019727043502642372,74.05780856404454
4139,4773,0.004010720793736053,0.00203812490869021,0.0,0.00019725958850458431,74.07456309720874
4140,4774,0.004010234950226448,0.0020388381467836797,0.0,0.00019713968034427686,74.09167803451419
4141,4775,0.004009633257495215,0.0020407656405711074,0.0,0.00019688676169241068,74.10836928617209
4142,4777,0.004009483956296786,0.0020417674312514025,0.0,0.0001967716525045383,74.13259504176676
4143,4778,0.004009091686451298,0.002042880654722252,0.0,0.00019662110317290464,74.14930307865143
4144,4779,0.0040088177246632925,0.0020442839393544623,0.0,0.00019645337853088304,74.16596822813153
4145,4780,0.004008553850979053,0.0020465579242665804,0.0,0.00019619959267124719,74.18272252287716
4146,4781,0.004008025426838138,0.0020467840049993072,0.0,0.00019612414218388304,74.19938132446259
4147,4782,0.004007371211426101,0.002046988070880799,0.0,0.00019603831405453015,74.21610296610743
4148,4783,0.0040068201955368015,0.002047114644427889,0.0,0.00019597055511089124,74.23282838147134
4149,4784,0.004006516662981921,0.0020483430810700524,0.0,0.00019581735819118687,74.24945180211216
4150,4785,0.004006348145522779,0.0020477393495836496,0.0,0.0001958608795939129,74.26680170558393
4151,4786,0.004006207368586258,0.0020484620292787084,0.0,0.00019577453393075504,74.28499793820083
4152,4787,0.004006054312144933,0.0020484019221167185,0.0,0.00019576523900282142,74.30321186501533
4153,4788,0.004005834434819184,0.002048130519047647,0.0,0.00019577039157715376,74.32099397480488
4154,4789,0.0040050886375746315,0.0020468272907207727,0.0,0.00019582613468538588,74.33780055120587
4155,4790,0.004004833640293259,0.0020463665558930304,0.0,0.00019584670844002285,74.35462380293757
4156,4791,0.004004572830740593,0.002044207907830268,0.0,0.0001960364922910325,74.37134592048824
4157,4792,0.004003930152600177,0.002043702645973753,0.0,0.00019602275066264233,74.38819648884237
4158,4793,0.004003429769226943,0.002043229122505121,0.0,0.00019602006467218214,74.40501749143004
4159,4794,0.00400291080261145,0.0020413103670245854,0.0,0.0001961600435586865,74.42174944467843
4160,4795,0.004002703787125262,0.0020389022760220863,0.0,0.00019638015111031758,74.43860659748316
4161,4796,0.004002335263531334,0.0020403804211691122,0.0,0.0001961954842362222,74.45532349031419
4162,4797,0.004002044346395424,0.00204046931358458,0.0,0.00019615750328108448,74.47240324970335
4163,4798,0.0040015021663707614,0.002040564426787296,0.0,0.00019609377395834652,74.48912896495312
4164,4799,0.004000945527117279,0.002041406531295193,0.0,0.00019595389958220865,74.50591262802482
4165,4800,0.0040004798315338,0.00204265443062329,0.0,0.000195782540091051,74.52264357544482
4166,4801,0.004000148940842972,0.0020443883896619835,0.0,0.00019557605511809887,74.53940749913454
4167,4803,0.003999846966035881,0.0020474429368246413,0.0,0.000195240402921124,74.56337461713701
4168,4804,0.003999583268907344,0.0020479990270812335,0.0,0.00019515842418261098,74.58001118525863
4169,4805,0.003999181260641539,0.0020504574866920884,0.0,0.00019487237739494503,74.59684508387
4170,4806,0.003998937914751815,0.002052255943586157,0.0,0.00019466819711656585,74.61348594911397
4171,4807,0.003998705575279801,0.0020540750952265777,0.0,0.00019446304800532232,74.63016618229449
4172,4808,0.003998441056794753,0.0020549768436065154,0.0,0.00019434642131882374,74.64688399247825
4173,4809,0.0039981485448045955,0.0020565928754815465,0.0,0.00019415556693230492,74.66363231651485
4174,4810,0.00399799841463966,0.002060472053994044,0.0,0.00019375263606456164,74.6803031489253
4175,4811,0.003997504578557366,0.002063006516468404,0.0,0.0001934498062088962,74.69710235204548
4176,4812,0.003997175565162825,0.0020646230993303497,0.0,0.0001932552465832475,74.71414609998465
4177,4813,0.003996757277709191,0.0020677600642045445,0.0,0.00019289972135046461,74.7310592494905
4178,4814,0.003996330944274083,0.0020669852628886296,0.0,0.00019293456813854532,74.74777313880622
4179,4815,0.003996045175337187,0.0020684169698710203,0.0,0.00019276282054661665,74.76471858564764
4180,4816,0.003995762261789593,0.002071156968402109,0.0,0.0001924605293387484,74.78139657340944
4181,4818,0.0039956671938260364,0.002071534778930322,0.0,0.0001924132414895714,74.80626331083477
4182,4819,0.0039955306730376314,0.0020717571148302365,0.0,0.00019237735582073952,74.82299818657339
4183,4820,0.003995370656978589,0.002071919650537291,0.0,0.00019234510064412987,74.83978552743793
4184,4821,0.003995164986183343,0.0020728217254834492,0.0,0.0001922343260699894,74.8564861882478
4185,4822,0.003995006269558845,0.002074064636736389,0.0,0.00019209416328224555,74.87319631874561
4186,4823,0.003994842683180084,0.0020756002461085957,0.0,0.00019192424370714884,74.8899708809331
4187,4824,0.003994705324049214,0.0020774494037997665,0.0,0.0001917255920249447,74.90685653500259
4188,4825,0.00399449527336453,0.002079531537296547,0.0,0.0001914963736067982,74.92363381944597
4189,4826,0.003994249120237354,0.00208160519917871,0.0,0.0001912643921058644,74.94031980168074
4190,4827,0.0039938678847243995,0.00208403434347487,0.0,0.000190983354124953,74.95706178620458
4191,4828,0.0039934669709379665,0.002085636578689889,0.0,0.0001907830392248078,74.97388170100749
4192,4829,0.0039932619823573896,0.0020875658175781857,0.0,0.00019056961647792039,74.99059642013162
4193,4830,0.003993055627567124,0.002089156387987495,0.0,0.00019038992395796294,75.007284370251
4194,4831,0.003992550816701053,0.0020890555363760792,0.0,0.00019034952803249742,75.02436008770019
4195,4832,0.003991999148052345,0.002089818428011109,0.0,0.0001902180720041236,75.04103388357908
4196,4833,0.003991091837416706,0.0020905777747644134,0.0,0.00019005140626522925,75.05770037975162
4197,4834,0.003989780335593374,0.002092714586181526,0.0,0.00018970657494118485,75.07469596527517
4198,4836,0.0039886420525387335,0.0020914003060588616,0.0,0.0001897241746479872,75.0986231546849
4199,4837,0.003988173449717218,0.0020908616344871692,0.0,0.0001897311815230048,75.11533953715116
4200,4838,0.0039856260708527195,0.002090537775409741,0.0,0.00018950882954429785,75.1321195596829
4201,4840,0.003985029815937872,0.0020912611564273273,0.0,0.0001893768659510545,75.15622731205076
4202,4841,0.003983814185328093,0.0020916579228270377,0.0,0.0001892156262501055,75.17289370670915
4203,4843,0.003983244354453868,0.002093718862947539,0.0,0.00018895254915063286,75.19701046403497
4204,4845,0.003982579260673493,0.002091976041971139,0.0,0.00018906032187023544,75.2211483726278
4205,4846,0.003981833954559443,0.0020916796685968805,0.0,0.0001890154285962563,75.23797536175698
4206,4847,0.003981155080721236,0.0020913246213695716,0.0,0.00018898304593516644,75.2547507705167
4207,4848,0.003980987725480936,0.0020907789029233456,0.0,0.00018902088225575904,75.27196613419801
4208,4849,0.003980315292277987,0.00209189281801623,0.0,0.00018884224742617576,75.28882757201791
4209,4850,0.003979987002409505,0.0020908911339692165,0.0,0.00018890958684402885,75.30566590745002
4210,4851,0.003979446794083233,0.00209076149625581,0.0,0.00018886852978274233,75.32264991197735
4211,4852,0.003978784072834095,0.0020949472931217172,0.0,0.00018838367797123772,75.33961170632392
4212,4853,0.003978439859226089,0.0020907840707338333,0.0,0.00018876557884922555,75.35636430326849
4213,4854,0.003977715294071593,0.0020911863090734397,0.0,0.00018865289849981538,75.37314384616911
4214,4855,0.003977034691556818,0.002092037114134514,0.0,0.00018849975774223038,75.38987560942769
4215,4856,0.003976688764295722,0.002091815928233466,0.0,0.00018848728360622562,75.40664604585618
4216,4857,0.003976315248770887,0.002091392122616527,0.0,0.000188492312615436,75.42345923464745
4217,4858,0.003975877902841466,0.0020920951938759366,0.0,0.00018837827089655292,75.44014601875097
4218,4859,0.003975522236178317,0.0020919116012173703,0.0,0.00018836106349609465,75.45694120880216
4219,4860,0.0039748606862555725,0.0020933416585454927,0.0,0.00018815190277100797,75.4737761747092
4220,4861,0.003973992979978528,0.0020933899962381646,0.0,0.0001880602983740363,75.49095091409981
4221,4862,0.003973585017435964,0.002094285551439377,0.0,0.0001879299465996587,75.50798194203526
4222,4863,0.0039733329170270875,0.002093929474373056,0.0,0.00018794034426540318,75.5246876841411
4223,4864,0.0039729890465323185,0.0020941451422491555,0.0,0.00018788439042831628,75.54133143927902
4224,4865,0.003972721447869314,0.002093169446591858,0.0,0.0001879552001277456,75.55799267999828
4225,4866,0.003972336382447211,0.002094048276068021,0.0,0.00018782881063791895,75.57489863596857
4226,4867,0.003971702560458104,0.002091864467984799,0.0,0.00018798380924733046,75.59181421343237
4227,4868,0.003970961940605226,0.0020921033273967383,0.0,0.00018788586132084873,75.6087866006419
4228,4869,0.00396951183235821,0.0020922279594160066,0.0,0.00018772838729422036,75.62593276798725
4229,4871,0.003968821590244757,0.002093456515947803,0.0,0.0001875365074296953,75.65006034914404
4230,4872,0.003968378207893109,0.0020944357100852254,0.0,0.0001873942497807883,75.66684664878994
4231,4873,0.003967498939458079,0.002093946611428227,0.0,0.00018735523280298517,75.68352651782334
4232,4874,0.003967020878888403,0.002092974075124471,0.0,0.0001874046803763932,75.70026724226773
4233,4875,0.0039663044297723465,0.0020943634947394904,0.0,0.00018719409350328564,75.71701052878052
4234,4876,0.003965788977344542,0.0020952717423194604,0.0,0.00018705172350250816,75.73446854390204
4235,4877,0.003965383635155877,0.002095682232324502,0.0,0.00018697014028313754,75.75118092820048
4236,4878,0.003964994041651928,0.002094720440177108,0.0,0.00018702736014748202,75.76803799625486
4237,4879,0.0039643275151993885,0.0020953310505066585,0.0,0.000186899646469273,75.78480918053538
4238,4880,0.003963475377751293,0.002095255185035622,0.0,0.00018682201927156707,75.80246277805418
4239,4881,0.003962046023341596,0.0020981591304450736,0.0,0.00018638868928965227,75.81927103269845
4240,4882,0.003961688153913055,0.0020967924388190593,0.0,0.00018648957150939956,75.83626281004399
4241,4883,0.003960548760176603,0.002100743161712642,0.0,0.00018598055984639605,75.8530655708164
4242,4885,0.003960126888956959,0.0021002862079578534,0.0,0.00018598406809991052,75.87716589588672
4243,4886,0.003959148680349264,0.0021001181273221205,0.0,0.00018590305530271432,75.89391411002725
4244,4887,0.003957851991894979,0.002101339238370725,0.0,0.0001856512753524255,75.9106666892767
4245,4888,0.0039569491580625305,0.002102531812426178,0.0,0.00018544173456363524,75.92733733728528
4246,4889,0.003956658275204716,0.0020976706102432056,0.0,0.00018589876649615102,75.94398296996951
4247,4890,0.0039559251088648155,0.002100401836143843,0.0,0.00018555232727209724,75.96077436581254
4248,4891,0.0039554073461006535,0.0021026392402305077,0.0,0.00018527681058701456,75.97753101959825
4249,4892,0.003954780248227045,0.002102154660118886,0.0,0.00018526255881081587,75.99417307414114
4250,4893,0.003954001171331267,0.0020996552560765226,0.0,0.0001854345915254745,76.01088086888194
4251,4894,0.003953275950186778,0.0021002065832110505,0.0,0.00018530693669757277,76.02787327859551
4252,4895,0.00395243025091826,0.0020963932801486077,0.0,0.00018560369707696522,76.04455853626132
4253,4896,0.003950906002561032,0.0020957646408317904,0.0,0.00018551413617292416,76.06195905804634
4254,4897,0.003948522094056099,0.0020930263461764443,0.0,0.00018554957478796554,76.07872357405722
4255,4899,0.0039467116392343,0.0020873850671285546,0.0,0.0001859326572105746,76.10275861807168
4256,4900,0.003944457241022419,0.0020821520082636713,0.0,0.00018623052327587484,76.11963937804103
4257,4901,0.00394254849192012,0.0020792588558180003,0.0,0.0001863289636102119,76.13644376210868
4258,4903,0.003941854659892498,0.002079885234493958,0.0,0.000186196942539854,76.16051402222365
4259,4904,0.003941350124791774,0.0020778560094513684,0.0,0.0001863494115340405,76.17719527427107
4260,4905,0.003940633817097727,0.0020768929317798073,0.0,0.00018637408853179192,76.19385205768049
4261,4906,0.003940078796380803,0.0020765232699047633,0.0,0.00018635555264760398,76.21066835802048
4262,4907,0.003939725047921815,0.0020759107757858473,0.0,0.00018638142721359672,76.22744039166719
4263,4908,0.003939003929936466,0.002071997088195768,0.0,0.0001867006841740698,76.24415337387472
4264,4909,0.0039381575103215796,0.0020715070425734177,0.0,0.0001866650467748162,76.26078735478222
4265,4910,0.003937358944528667,0.0020698716774062847,0.0,0.00018674872671223825,76.27760769240558
4266,4912,0.003937013716498836,0.0020694448739926974,0.0,0.0001867568842506138,76.30184419173747
4267,4913,0.003936509149325125,0.0020673254183827725,0.0,0.00018691837309423517,76.31890522595495
4268,4914,0.003936061847492192,0.0020670903039463574,0.0,0.00018689715435458342,76.33590351976454
4269,4915,0.003935743981223204,0.0020675037511930106,0.0,0.00018682402300301934,76.35359922330827
4270,4916,0.0039353444373230635,0.002068812027339212,0.0,0.00018665324099838515,76.37026442587376
4271,4917,0.003935003836290442,0.002071144201300448,0.0,0.00018638596349899937,76.38699144963175
4272,4918,0.003934574145940704,0.0020712842552340917,0.0,0.00018632898907066118,76.40369655098766
4273,4919,0.003933835447175845,0.0020710193837690156,0.0,0.0001862816063406829,76.42034694645554
4274,4921,0.003933363627628602,0.0020728581961823264,0.0,0.00018605054314462758,76.44502479024231
4275,4922,0.0039321760292068365,0.0020730515141938756,0.0,0.00018591245150129609,76.46170655731112
4276,4923,0.00393099841074248,0.0020745385179208385,0.0,0.0001856459892821641,76.47833156585693
4277,4924,0.003930592889967031,0.002078258400137245,0.0,0.0001852334489829786,76.49501249566674
4278,4925,0.003930007908679764,0.0020765582475461464,0.0,0.00018534496611336183,76.511842276901
4279,4926,0.003929391572391936,0.002077317912740998,0.0,0.0001852073659650938,76.52859602868557
4280,4927,0.0039287787880496645,0.0020790893342713065,0.0,0.00018496894537783578,76.54525320231915
4281,4928,0.003927819376006996,0.0020822391140684696,0.0,0.00018455802619385267,76.56191662047058
4282,4929,0.00392711711304276,0.002084914369720899,0.0,0.0001842202743321861,76.57874509319663
4283,4930,0.003926138067506291,0.0020826852086103793,0.0,0.00018434528588959123,76.5954355429858
4284,4931,0.003925309952894803,0.0020821841424035117,0.0,0.00018431258104912912,76.61253498122096
4285,4932,0.003924675439378508,0.0020826120952403505,0.0,0.00018420633441381583,76.62933520879596
4286,4933,0.003924327242834192,0.0020853786736468477,0.0,0.00018389485691873444,76.64641554746777
4287,4934,0.00392404355535173,0.0020865474166146896,0.0,0.00018374961387370402,76.66376077290624
4288,4935,0.003923869680162592,0.0020870415845062377,0.0,0.00018368280956563546,76.68072046060115
4289,4937,0.003923789362695941,0.002087293524449009,0.0,0.0001836495838246932,76.70488102547824
4290,4938,0.003923630741498868,0.0020866567541503976,0.0,0.00018369739873484703,76.72152878902853
4291,4939,0.003923404393514813,0.002085595365273493,0.0,0.000183780902824132,76.73835179954767
4292,4940,0.003923027025988463,0.0020837225726492185,0.0,0.00018393044533392448,76.75505014974624
4293,4941,0.003922484409408389,0.0020810945809809005,0.0,0.00018413898284274884,76.7718327799812
4294,4942,0.0039218499899595265,0.002079670138032763,0.0,0.0001842179851926763,76.7886285847053
4295,4944,0.003921516137054458,0.0020767749596737866,0.0,0.00018447411773806716,76.81263806298375
4296,4945,0.003920925026137755,0.0020780769649394785,0.0,0.00018428480611982763,76.82937957532704
4297,4946,0.003920274511466754,0.0020789466697510176,0.0,0.0001841327841715736,76.84603992383927
4298,4947,0.003919273928088815,0.0020804103033895903,0.0,0.00018388636246992243,76.86285615712404
4299,4948,0.0039182695942396265,0.0020784832402079827,0.0,0.0001839786354031644,76.87970549147576
4300,4949,0.003917053046598544,0.0020813755701537336,0.0,0.00018356774764448103,76.89643436018378
4301,4950,0.003914974819562297,0.002074817996299795,0.0,0.0001840156823262502,76.91316843777895
4302,4951,0.003913197512095377,0.0020721254688758693,0.0,0.0001841072043219507,76.92997838929296
4303,4952,0.0039117318155174954,0.0020691669977306116,0.0,0.00018425648177868833,76.94673779141158
4304,4954,0.003911221429569327,0.002069687938026699,0.0,0.00018415334915426274,76.97062173206359
4305,4955,0.003910526631904946,0.0020661518320951354,0.0,0.00018443747998098104,76.98775503598154
4306,4956,0.003909937223184693,0.002065628789378762,0.0,0.0001844308433805931,77.0044838115573
4307,4957,0.0039097021379628305,0.002064942610416952,0.0,0.00018447595275458787,77.02126044780016
4308,4958,0.0039092865123837445,0.002065500637628873,0.0,0.0001843785874754871,77.03811567649245
4309,4959,0.00390887175359776,0.0020642866207613545,0.0,0.00018445851328364055,77.05483549553901
4310,4960,0.003908474927093295,0.002061908457206176,0.0,0.0001846566469887119,77.0714411875233
4311,4962,0.0039082548805267365,0.0020619870918117647,0.0,0.00018462677887149713,77.09591269958764
4312,4963,0.003907956766101198,0.0020603527235565173,0.0,0.00018476040425446808,77.11275753192604
4313,4964,0.003907506049212628,0.0020607308703644374,0.0,0.00018467751788481902,77.12948026601225
4314,4965,0.003907155362641892,0.0020609954081726367,0.0,0.00018461599544692553,77.14673093520105
4315,4966,0.003906283332417533,0.0020615965653165247,0.0,0.0001844686767101008,77.16341931652278
4316,4968,0.0039061084102800054,0.0020611537467709975,0.0,0.00018449546635090078,77.1875776834786
4317,4969,0.0039052482961819453,0.0020620926684389285,0.0,0.0001843155627743017,77.20448289811611
4318,4970,0.003903989276815571,0.0020626432563540307,0.0,0.00018413460204615403,77.22118359711021
4319,4972,0.0039032532985646953,0.002064149478388103,0.0,0.00018391038201765925,77.24620730150491
4320,4973,0.0039022099859949695,0.00206290249062246,0.0,0.00018393074953725096,77.26299652364105
4321,4974,0.003900884858729384,0.002061585186807513,0.0,0.00018392996719218712,77.27966391295195
4322,4975,0.0038991694033880843,0.0020591056705847426,0.0,0.00018400637328033417,77.2970249960199
4323,4976,0.003897404708104093,0.002051823176356232,0.0,0.0001845581531747861,77.31380467209965
4324,4978,0.0038959421553632564,0.002050604514707883,0.0,0.00018453376406553736,77.33806914184242
4325,4979,0.0038943591404921878,0.002044120544957767,0.0,0.0001850238595534421,77.35505694244057
4326,4980,0.003893828337546347,0.00204401187189002,0.0,0.0001849816465656327,77.37210727576166
4327,4982,0.0038936505202952936,0.0020426871349694467,0.0,0.0001850963385325847,77.39654424600303
4328,4983,0.0038934194833124096,0.00204266582643267,0.0,0.00018507536568797395,77.41362375114113
4329,4984,0.0038931699308062803,0.00204156828815695,0.0,0.00018516016426493303,77.43038949370384
4330,4985,0.003892899313924294,0.0020418213483148944,0.0,0.00018510779656093999,77.44711273629218
4331,4986,0.00389254628756555,0.0020420355727194203,0.0,0.00018505107148461298,77.4639149857685
4332,4987,0.003892427075216005,0.0020431410476819583,0.0,0.00018492860275340467,77.4806620022282
4333,4988,0.0038923213012552276,0.002042137928582952,0.0,0.00018501833726722756,77.49737040419132
4334,4989,0.0038922154768540732,0.0020421126699597227,0.0,0.00018501028068943507,77.51421019155532
4335,4990,0.003892157824872668,0.00204194532570567,0.0,0.00018502124991669975,77.53147642407566
4336,4991,0.003892085222977567,0.0020412457410063345,0.0,0.00018508394819712322,77.54821031074971
4337,4992,0.0038919933082152414,0.002040031695669202,0.0,0.00018519616125460396,77.56486310996115
4338,4993,0.0038919092036317797,0.0020392750443668363,0.0,0.00018526341592649433,77.58239540364593
4339,4994,0.003891797234755661,0.0020383547429949408,0.0,0.00018534424917607202,77.59968133457005
4340,4995,0.0038917085663806653,0.002037782777620901,0.0,0.00018539257887597644,77.61633429676294
4341,4996,0.003891604081015236,0.0020367038524490275,0.0,0.00018549002285662085,77.6332279406488
4342,4997,0.003891382451441689,0.0020364210336351178,0.0,0.0001854961417806571,77.65074732713401
4343,4998,0.003891036916880473,0.002034205178759888,0.0,0.00018568317381205851,77.66792376805097
4344,4999,0.0038902053703131125,0.0020336256426711336,0.0,0.00018565797276419788,77.68465952947736
4345,5000,0.0038891355888648537,0.002034081782717945,0.0,0.0001855053806146909,77.7013654941693
4346,5002,0.0038886141483350572,0.0020325717016484238,0.0,0.00018560424466866336,77.72535544447601
4347,5004,0.0038883159876888147,0.0020348633503049695,0.0,0.00018534526373838452,77.7494881246239
4348,5006,0.003887944078782259,0.002035211983137041,0.0,0.0001852732095645218,77.77374521363527
4349,5007,0.0038876915494612447,0.002035153670883927,0.0,0.00018525378785773177,77.79048695322126
4350,5008,0.0038874477574698686,0.0020344568554240597,0.0,0.00018529909020458088,77.80717616342008
4351,5009,0.0038872021215046538,0.0020337074861752394,0.0,0.00018534946353294143,77.82384826987982
4352,5010,0.0038869294240510173,0.0020319668341043412,0.0,0.00018549625899466762,77.84077420644462
4353,5011,0.0038866600010978494,0.0020310333953021107,0.0,0.00018556266057957385,77.85752215329558
4354,5012,0.003886502255872718,0.0020287060946635655,0.0,0.00018577961612091526,77.87422074843198
4355,5013,0.0038860929287035007,0.00202942996563438,0.0,0.00018566629630691208,77.89088126271963
4356,5014,0.0038855315720265765,0.0020291672788257356,0.0,0.00018563642932008408,77.90775038581342
4357,5016,0.00388519785160411,0.0020271391781508967,0.0,0.00018580586734532134,77.93189736548811
4358,5017,0.0038849713110853962,0.002028226409702805,0.0,0.00018567449013825912,77.94855197891593
4359,5018,0.0038848858449787704,0.0020279964086492124,0.0,0.00018568894363295578,77.96593828685582
4360,5019,0.0038848417324241005,0.002027770102498002,0.0,0.00018570716299260982,77.98269331082702
4361,5020,0.003884773094868063,0.002028055764468972,0.0,0.0001856717330399091,77.99934924952686
4362,5021,0.0038846498356047703,0.00202780802123695,0.0,0.00018568418143678203,78.0160959744826
4363,5022,0.0038842551007311136,0.0020266645513189593,0.0,0.00018575905494121544,78.0329147381708
4364,5023,0.003884105541793103,0.0020257422583418744,0.0,0.00018583632834512286,78.05000329017639
4365,5024,0.003883708128467675,0.0020244219074277404,0.0,0.00018592862210399345,78.06706024520099
4366,5025,0.0038834789569259106,0.0020242728353545903,0.0,0.00018592061215713201,78.08382025081664
4367,5026,0.003883159521119079,0.002023600399883981,0.0,0.00018595591212350982,78.1006054058671
4368,5027,0.0038830435272198317,0.0020243042369604185,0.0,0.00018587392902594133,78.11728032398969
4369,5028,0.00388284821905646,0.00202338220862385,0.0,0.000185946601043261,78.13412160985172
4370,5029,0.0038826644296205354,0.002023367483182789,0.0,0.00018592969464377467,78.15088521689177
4371,5030,0.003882425068924467,0.002024273700168898,0.0,0.0001858151368755569,78.1676268093288
4372,5031,0.0038821936718946596,0.002025108183625006,0.0,0.00018570854882696535,78.18441113363951
4373,5032,0.003881849976296536,0.0020261423390325476,0.0,0.00018557076372639883,78.2011789586395
4374,5033,0.0038813801016684196,0.002027684511457876,0.0,0.00018536955902105436,78.21793842874467
4375,5034,0.0038807939957605903,0.002029033511959831,0.0,0.00018517604838007594,78.2348343776539
4376,5035,0.0038800441334158157,0.002030758178922417,0.0,0.0001849285954493399,78.25157042220235
4377,5037,0.003879749120021138,0.0020306638519790193,0.0,0.00018490852680421187,78.27548988908529
4378,5038,0.0038786654029959373,0.0020319894833692354,0.0,0.0001846675919626702,78.29222647473216
4379,5039,0.0038770671714542654,0.002034960891494736,0.0,0.00018421062799595298,78.30893542710692
4380,5040,0.0038759314995485557,0.002038782009245157,0.0,0.00018371494903033988,78.32583177927881
4381,5042,0.0038752925188209413,0.002041966471192823,0.0,0.00018333260476281182,78.35009768884629
4382,5044,0.0038734695314768665,0.0020476662939676324,0.0,0.0001825803237509234,78.37426428683102
4383,5046,0.003872486392375174,0.002048007141038057,0.0,0.00018244792513371174,78.3982594916597
4384,5048,0.0038710168974554035,0.0020503990158728573,0.0,0.0001820617881582546,78.42226306162775
4385,5049,0.003869567327570926,0.0020559802563259884,0.0,0.00018135870712449376,78.43897265195847
4386,5050,0.003868198268279151,0.0020553023392274384,0.0,0.00018128959290517125,78.45586409978569
4387,5052,0.0038675573744893243,0.0020553265241350185,0.0,0.00018122308503543057,78.47979503497481
4388,5053,0.0038666411969390468,0.0020574588184275157,0.0,0.0001809182378511531,78.49651570618153
4389,5054,0.0038659528849068862,0.0020592222180506542,0.0,0.00018067306668562318,78.51331223826855
4390,5055,0.003865642168723925,0.0020620471216731755,0.0,0.00018035950470507493,78.52998335566372
4391,5056,0.003865173795165269,0.0020596518358651688,0.0,0.00018055219593001004,78.54680052492768
4392,5058,0.0038647392736405302,0.002062055370388579,0.0,0.00018026839032519516,78.57131247129291
4393,5059,0.0038642686374876743,0.002062130654477291,0.0,0.00018021379830103834,78.58888004440814
4394,5060,0.0038637883309450595,0.0020631663834744067,0.0,0.0001800621947470653,78.60554763581604
4395,5061,0.0038632810132587995,0.0020646612853022057,0.0,0.0001798619727956594,78.62266073469073
4396,5062,0.0038628918381266213,0.002066819894560168,0.0,0.00017960719435664534,78.63943247124553
4397,5063,0.0038624663900053667,0.002068208948482563,0.0,0.00017942574415228036,78.65613437723368
4398,5065,0.003862207585759516,0.0020704677934007933,0.0,0.00017917397923587227,78.68026349507272
4399,5066,0.003861887038905473,0.002072311448873886,0.0,0.00017895755900315872,78.69698178209364
4400,5067,0.0038616331623666372,0.002071509961479447,0.0,0.00017901232008871903,78.7138205152005
4401,5068,0.003861511511784781,0.002070987551819726,0.0,0.00017905239599650552,78.730652121827
4402,5069,0.0038613086339883414,0.0020693970214767884,0.0,0.0001791911612511553,78.74730379972607
4403,5070,0.003861217651804778,0.002069373402232895,0.0,0.00017918442495718826,78.76397714857012
4404,5071,0.0038611029105074905,0.0020693615694329427,0.0,0.00017917413410745476,78.78066798020154
4405,5072,0.003860979329047909,0.0020693205426011367,0.0,0.00017916587864467726,78.79776501841843
4406,5074,0.0038609713952040556,0.0020689182490569807,0.0,0.00017920531461470749,78.82193428371102
4407,5075,0.0038608833456781717,0.002068988743608557,0.0,0.00017918946020696147,78.83948110975325
4408,5076,0.003860707502253054,0.0020690460380315065,0.0,0.00017916614642215473,78.85618883185089
4409,5077,0.003860539908421323,0.0020690437682310183,0.0,0.00017914961401903045,78.87291625980288
4410,5078,0.003860404344690693,0.0020688317007781978,0.0,0.00017915726439124953,78.88964588567615
4411,5080,0.0038603612687684776,0.002067491546071144,0.0,0.00017928697226973336,78.91370209958404
4412,5081,0.0038602519463527053,0.0020668894161025384,0.0,0.00017933625302501668,78.93095804285258
4413,5082,0.0038601414475010667,0.002066261995851128,0.0,0.0001793879451649939,78.94780507776886
4414,5083,0.003859968064640243,0.0020651210788503412,0.0,0.00017948469857899016,78.96443029306829
4415,5084,0.0038596614729620076,0.002063877468770668,0.0,0.00017957840041913397,78.9811031948775
4416,5085,0.003859285072036821,0.0020622905054953748,0.0,0.00017969945665414464,78.9979008231312
4417,5086,0.003858775293974242,0.0020618106084812314,0.0,0.00017969646854930108,79.01462633069605
4418,5087,0.003858342093787697,0.0020613192746017405,0.0,0.00017970228191859568,79.03139652777463
4419,5088,0.0038578839987294085,0.002061440516767291,0.0,0.00017964434819621176,79.04810950998217
4420,5089,0.00385769354036834,0.0020606467922319746,0.0,0.00017970467481363654,79.0649135299027
4421,5091,0.003857465292152108,0.0020623107084392083,0.0,0.00017951545837129,79.08924518804997
4422,5092,0.0038572437192827573,0.002062835897890119,0.0,0.00017944078213926384,79.10645712073892
4423,5093,0.003856939842787133,0.0020652658033564917,0.0,0.0001791674039430641,79.12406181357801
4424,5094,0.0038568677474292916,0.0020671897155146216,0.0,0.00017896780319146699,79.14073817059398
4425,5095,0.0038566213896339355,0.002067234723033799,0.0,0.0001789386666600137,79.15740483719856
4426,5096,0.0038564632151631235,0.002067639446642957,0.0,0.00017888237685201663,79.17403508909047
4427,5097,0.0038562125006967153,0.0020697502861920154,0.0,0.00017864622145047002,79.19082607422024
4428,5098,0.0038560799726060817,0.0020709930709170614,0.0,0.00017850869016890203,79.20746314525604
4429,5099,0.003855765308294766,0.0020698766396191745,0.0,0.00017858886686755919,79.22416403889656
4430,5100,0.0038555456370107655,0.0020705350393647663,0.0,0.0001785010597645999,79.24097704980522
4431,5101,0.003855177987608627,0.002070540829747437,0.0,0.00017846371578611898,79.25778138823807
4432,5102,0.003854950423369671,0.0020719430145156805,0.0,0.00017830074088539906,79.27457814384252
4433,5103,0.0038544782161941222,0.002071363740957393,0.0,0.00017831144752367289,79.29137627594173
4434,5104,0.003854034306168786,0.0020738831149623507,0.0,0.00017801511912064353,79.30805935803801
4435,5106,0.0038535012948405847,0.0020761716632956926,0.0,0.00017773296315448921,79.33239535614848
4436,5107,0.0038528377315732096,0.002076531789682246,0.0,0.00017763059418909633,79.34917298424989
4437,5108,0.003852033346199783,0.0020788781317914056,0.0,0.00017731552144083777,79.36591053009033
4438,5109,0.0038509580498036575,0.0020835086467405513,0.0,0.00017674494030631065,79.38281525205821
4439,5111,0.003850358978484742,0.002084229533237939,0.0,0.0001766129445246803,79.40702522266656
4440,5113,0.003849894999492133,0.002082675591153434,0.0,0.00017672194083386992,79.43139924667776
4441,5115,0.0038492200979145944,0.002083149234805552,0.0,0.0001766070863109042,79.45605907030404
4442,5117,0.0038487652550224924,0.0020850187549749594,0.0,0.00017637465000475329,79.48010777775198
4443,5118,0.0038482455420332535,0.0020824883664940503,0.0,0.00017657571755392033,79.49682690855116
4444,5119,0.0038474582095631297,0.0020828899326581427,0.0,0.00017645682769049868,79.51345550827682
4445,5120,0.003846947779595841,0.002086232533126064,0.0,0.00017607152464697767,79.53010274656117
4446,5121,0.0038461219803095593,0.0020853468193306386,0.0,0.00017607751609789209,79.54703748226166
4447,5122,0.003845581571113531,0.0020858244718037484,0.0,0.00017597570993097824,79.56373452581465
4448,5124,0.0038450902825665966,0.002085520697034396,0.0,0.00017595695855322007,79.5877381414175
4449,5125,0.003844638636803566,0.002085051751193614,0.0,0.0001759586885609952,79.60515907499939
4450,5127,0.0038443689560817627,0.0020825145178761423,0.0,0.00017618544382056204,79.62923923507333
4451,5128,0.0038437908730539335,0.002081061772169869,0.0,0.0001762729100884064,79.64594329148531
4452,5129,0.003843214915825906,0.0020821401143250946,0.0,0.00017610748015008115,79.66269954945892
4453,5130,0.0038426632713576348,0.002081335590258146,0.0,0.00017613276810994887,79.67939062602818
4454,5132,0.003842410243050785,0.002081985533832142,0.0,0.0001760424709218643,79.70390716847032
4455,5134,0.0038418997389569843,0.0020828587729145153,0.0,0.0001759040966042469,79.72816281579435
4456,5135,0.0038413296261265327,0.0020808344009324168,0.0,0.0001760495225194116,79.74508436676115
4457,5136,0.003840597757356536,0.0020810476436895946,0.0,0.00017595501136669412,79.76185019686818
4458,5137,0.0038399222741612904,0.0020796804836369065,0.0,0.0001760241790524384,79.77865198347718
4459,5138,0.0038392476178571453,0.0020818168362415016,0.0,0.00017574307816156437,79.79562834277749
4460,5140,0.0038386939344115766,0.002080914988051312,0.0,0.00017577789463602646,79.82032464351505
4461,5141,0.003838028580087482,0.0020795761371435045,0.0,0.00017584524429439775,79.83800984919071
4462,5142,0.003837335985455098,0.0020786626961995696,0.0,0.00017586732892555285,79.85475870314986
4463,5143,0.0038365792917561398,0.0020785375985273545,0.0,0.00017580416932287855,79.87149317469448
4464,5144,0.0038358531341011345,0.0020802063725665135,0.0,0.0001755646761534621,79.88829072099179
4465,5146,0.00383526274222267,0.0020780573170225965,0.0,0.00017572054252000736,79.91253818850964
4466,5147,0.003834482874582982,0.002079130503211599,0.0,0.00017553523713713831,79.92916661221534
4467,5148,0.0038331272281569755,0.0020796448760060787,0.0,0.00017534823521508965,79.9458964979276
4468,5149,0.0038321109343388707,0.0020819434710853883,0.0,0.00017501674632534824,79.96269584912807
4469,5151,0.0038316644837511006,0.002080772204513167,0.0,0.00017508922792379335,79.98677538894117
4470,5152,0.003831245488661732,0.0020793810902749858,0.0,0.0001751864398386746,80.00343731511384
4471,5153,0.0038307199026662566,0.0020804382188960887,0.0,0.00017502816837701676,80.02017252519727
4472,5154,0.0038301315752387343,0.0020804936363152246,0.0,0.00017496379389235099,80.03699994459748
4473,5155,0.0038285910139571507,0.002079961536258659,0.0,0.0001748629477698492,80.05381213966757
4474,5157,0.0038280044011794225,0.0020793088474033777,0.0,0.00017486955537760447,80.07794550340623
4475,5158,0.0038274422961190845,0.0020808543327179626,0.0,0.00017465879634011221,80.09481344278902
4476,5160,0.003826498349475731,0.0020778478289813,0.0,0.0001748650520494431,80.11926296819001
4477,5161,0.003825999793482889,0.00207736797354084,0.0,0.0001748631819942049,80.13616592716426
4478,5162,0.003825516705006494,0.0020758850155743257,0.0,0.00017496316894321682,80.15295869950205
4479,5163,0.0038250789926829974,0.002076104156861898,0.0,0.00017489748358210993,80.16966164018959
4480,5164,0.003824778195004471,0.002075701254238579,0.0,0.0001749076940765892,80.18640956003219
4481,5165,0.0038246304198437183,0.002075895829456941,0.0,0.00017487345903867773,80.20322574768215
4482,5166,0.003824434003533767,0.002074592565104951,0.0,0.0001749841438428816,80.22082292009145
4483,5167,0.0038241740594254724,0.0020732807804600393,0.0,0.00017508932789654332,80.23773781582713
4484,5168,0.0038238730114701852,0.002071656031917769,0.0,0.0001752216979552416,80.255031327717
4485,5169,0.0038235701747818774,0.0020699194539052913,0.0,0.00017536507208765862,80.27179171703756
4486,5170,0.0038233907169291266,0.002069002743868488,0.0,0.00017543879730606385,80.28867735899985
4487,5171,0.0038232763933943887,0.0020686377053138493,0.0,0.00017546386880805393,80.30561104044318
4488,5172,0.0038231700479795802,0.0020687717326805383,0.0,0.0001754398315299042,80.32246168982238
4489,5173,0.0038230712778273028,0.002068817477882555,0.0,0.00017542537999447482,80.33918445929885
4490,5174,0.0038228839562808193,0.002070307406450878,0.0,0.00017525765498299412,80.35628393478692
4491,5175,0.003822792140366966,0.0020695944773049565,0.0,0.00017531976630620096,80.37307505588979
4492,5176,0.0038226923424959035,0.0020695495705201805,0.0,0.0001753142771975723,80.39032189827412
4493,5177,0.003822456240336327,0.0020691114683973858,0.0,0.00017533447719389413,80.40715536940843
4494,5178,0.003822243041223203,0.0020696107516069246,0.0,0.00017526322896162786,80.4238468427211
4495,5179,0.003822010718921837,0.0020700927389957543,0.0,0.00017519179799260824,80.44074029009789
4496,5180,0.0038218959075702903,0.0020732013121408746,0.0,0.0001748694595429416,80.45750858448446
4497,5181,0.003821587729368494,0.002073316579976139,0.0,0.00017482711493923547,80.4741794327274
4498,5182,0.003821404193823429,0.00207244611095256,0.0,0.00017489580828708692,80.49086684919894
4499,5183,0.0038211389487769667,0.0020721711736974937,0.0,0.00017489677750794728,80.50775175355375
4500,5184,0.0038209956873949185,0.0020712433220953282,0.0,0.00017497523652995901,80.5244081299752
4501,5185,0.003820696097313,0.002072200884694364,0.0,0.00017484952126186357,80.54155542794615
4502,5186,0.003820538143411806,0.0020752911518370967,0.0,0.00017452469915747092,80.55825791228563
4503,5187,0.003820293977276602,0.002074807780631357,0.0,0.00017454861966452448,80.57506573665887
4504,5188,0.0038200694787085647,0.002074547174301176,0.0,0.00017455223044073888,80.5925022661686
4505,5189,0.003819937472083086,0.002074726691042546,0.0,0.000174521078104054,80.60915495082736
4506,5190,0.0038197989351896,0.002074738303143,0.0,0.00017450606320466,80.62619008496404
4507,5191,0.003819719169133609,0.0020744776367461132,0.0,0.0001745241532387496,80.64302694704384
4508,5192,0.0038196215893373927,0.0020740549399608683,0.0,0.00017455666493765247,80.65970687102526
4509,5194,0.0038195893360783565,0.002073393214688185,0.0,0.00017461961213901715,80.68429591972381
4510,5195,0.0038194618092474955,0.0020739434255385293,0.0,0.00017455183837089663,80.7011714456603
4511,5196,0.00381928222937549,0.002074371750370412,0.0,0.0001744910479005078,80.71797947306186
4512,5197,0.0038189689878304466,0.0020757437597703444,0.0,0.0001743225228060102,80.7348558390513
4513,5198,0.0038185153429230933,0.002076480891982739,0.0,0.00017420344509403547,80.751533835195
4514,5200,0.0038182502467936303,0.002077781245659239,0.0,0.00017404690011343915,80.77558030746877
4515,5201,0.003817709268915617,0.002080202640205051,0.0,0.00017375066287105662,80.79224408790469
4516,5203,0.00381724459784498,0.002076662699444132,0.0,0.00017405818984008483,80.81642415653914
4517,5204,0.0038170118628987992,0.0020764035699764225,0.0,0.00017406082929223766,80.83347242418677
4518,5205,0.0038164188398058,0.0020766658149419825,0.0,0.00017397530248638171,80.85112108290195
4519,5206,0.0038163010869945954,0.0020762548644932843,0.0,0.0001740046222501311,80.8678792109713
4520,5207,0.003816152737403479,0.0020748581160445053,0.0,0.0001741294621358974,80.88453787472099
4521,5208,0.0038159832450895353,0.0020753106893230235,0.0,0.00017406725557665118,80.90127417631447
4522,5209,0.0038158069846117196,0.002075637203676867,0.0,0.00017401697809348526,80.91808394528925
4523,5210,0.0038154871719649334,0.0020757052958622194,0.0,0.0001739781876102714,80.93488856498152
4524,5211,0.003815142098120671,0.0020751626126286524,0.0,0.00017399794854920187,80.95250003319234
4525,5212,0.0038147672486695296,0.0020744455632070585,0.0,0.00017403216854624713,80.96937342360616
4526,5213,0.003814439381850443,0.002074167728961939,0.0,0.0001740271652888504,80.98618323076516
4527,5214,0.0038142600738427243,0.002074144058946769,0.0,0.00017401160148959556,81.00306472554803
4528,5215,0.0038141143522424513,0.0020745437899919368,0.0,0.00017395705622505144,81.0206982633099
4529,5216,0.0038139503382913225,0.00207615984695491,0.0,0.00017377904913364124,81.03757327981293
4530,5217,0.003813654444901003,0.002076898795498277,0.0,0.0001736755649402726,81.05431425757706
4531,5218,0.0038133459760476326,0.0020787696791173156,0.0,0.00017345762969303167,81.07112266030163
4532,5219,0.0038130966694754132,0.002081649868321471,0.0,0.00017314468011539425,81.08786913193762
4533,5220,0.0038128275423448613,0.002081769655366317,0.0,0.00017310578869785443,81.10459906607866
4534,5221,0.003812489510606531,0.0020817159510295924,0.0,0.00017307735595769387,81.1218466470018
4535,5223,0.003812308034746738,0.0020823362316402844,0.0,0.00017299718031064536,81.14618981163949
4536,5224,0.0038118067474441335,0.002081965048350115,0.0,0.00017298416990940187,81.16329460497946
4537,5225,0.0038113639281369548,0.002082036629956651,0.0,0.00017293272981803038,81.18001932557672
4538,5227,0.003811095746630512,0.0020831416147551627,0.0,0.00017279541318753497,81.20411652699113
4539,5228,0.0038108103293434674,0.0020874468548266194,0.0,0.0001723363474516848,81.22086822241545
4540,5229,0.00381013953103626,0.0020860458944156586,0.0,0.00017240936366206012,81.23776574060321
4541,5230,0.003809785436527985,0.0020860688306230946,0.0,0.00017237166059048904,81.2544827805832
4542,5231,0.0038091643814210196,0.0020871911992730477,0.0,0.0001721973182147972,81.27122387290001
4543,5233,0.0038081906585441046,0.0020894279149568395,0.0,0.0001718762743587265,81.2954764328897
4544,5234,0.0038067964247675643,0.002092248036737081,0.0,0.00017145483880304832,81.31220797076821
4545,5236,0.0038058817874361967,0.002093772883170582,0.0,0.00017121089042656149,81.33647091407329
4546,5237,0.0038048974151965722,0.002099800216614882,0.0,0.000170509719858169,81.35320988111198
4547,5238,0.003803913631259993,0.002106410096929001,0.0,0.00016975035343309923,81.36985369026661
4548,5240,0.0038018966238498497,0.002104203324741156,0.0,0.00016976932991086936,81.3941061552614
4549,5242,0.0038008098538493988,0.0021039519419885776,0.0,0.00016968579118608213,81.4181898785755
4550,5243,0.0038002821959012443,0.0021048903593170916,0.0,0.00016953918365841526,81.43546463921666
4551,5244,0.0037995976389169467,0.0021071192407906246,0.0,0.00016924783981263222,81.45225783158094
4552,5246,0.003798580938319816,0.0021075891424665637,0.0,0.00016909917958532524,81.47627528943121
4553,5247,0.003797217470686263,0.0021103467461928136,0.0,0.0001686870724493449,81.49311408493668
4554,5248,0.0037961359938661725,0.002111846812904556,0.0,0.00016842891809616168,81.50989588163793
4555,5249,0.0037947888288096124,0.002113316676913347,0.0,0.00016814721518962654,81.52665661089122
4556,5250,0.0037943521348957573,0.002112928164866274,0.0,0.00016814239700294834,81.54349231068045
4557,5251,0.003793405441137587,0.0021145199259949604,0.0,0.00016788855151426266,81.5602446058765
4558,5253,0.0037931242058289434,0.0021156475012262515,0.0,0.0001677476704602692,81.58433576673269
4559,5254,0.003792764981522005,0.002115286147694054,0.0,0.00016774788338279505,81.60121588315815
4560,5255,0.003792484164281104,0.002117662265387122,0.0,0.00016748218988939817,81.6179925436154
4561,5256,0.003792190121604362,0.002117418115030665,0.0,0.00016747720065736968,81.6348060760647
4562,5257,0.0037920456789036377,0.0021170013678603818,0.0,0.0001675044311043256,81.65164458192885
4563,5258,0.0037919834600603887,0.0021164043920079527,0.0,0.0001675579068052436,81.66832143068314
4564,5259,0.003791712262533678,0.002117522790975427,0.0,0.0001674189471558251,81.68513699341565
4565,5260,0.0037915473476188106,0.002116073704966363,0.0,0.00016754736426524474,81.701909057796
4566,5261,0.003791372656082168,0.002115137097984742,0.0,0.0001676235558097426,81.71876727975905
4567,5262,0.003791214699137618,0.0021137834963291195,0.0,0.00016774312028084985,81.73566019814461
4568,5263,0.003791047599088354,0.002112416133676165,0.0,0.0001678631465412189,81.75242060888559
4569,5264,0.0037908720017689104,0.00211116648502808,0.0,0.00016797055167408305,81.76915455888957
4570,5265,0.003790727382742707,0.0021104219770035,0.0,0.00016803054057392073,81.78604831546545
4571,5266,0.0037904471540537877,0.0021090721938774107,0.0,0.00016813749601763772,81.802829422988
4572,5267,0.0037901947312998572,0.0021083174302958907,0.0,0.00016818773010039665,81.8195619173348
4573,5269,0.003789983701815227,0.0021065609036489503,0.0,0.00016834227981662767,81.84388964250684
4574,5270,0.0037897084630780786,0.0021062964572664046,0.0,0.00016834120058116742,81.86066040024161
4575,5271,0.003789161948957567,0.0021064077252248687,0.0,0.00016827542237326986,81.87736069783568
4576,5273,0.003789158482314989,0.0021063948705618077,0.0,0.00016827636117531817,81.90145228803158
4577,5274,0.0037890673762768037,0.0021056206519146905,0.0,0.00016834467243621133,81.91820160206407
4578,5275,0.0037888118468310623,0.0021062672480350268,0.0,0.00016825445987960353,81.93499396927655
4579,5276,0.0037885973121517054,0.002106977415244545,0.0,0.00016816198969071605,81.95187078416348
4580,5277,0.003788361201412649,0.0021078631337660587,0.0,0.00016804980676465901,81.96856288053095
4581,5278,0.0037881243891640876,0.0021083024744139763,0.0,0.00016798219147501114,81.98535038623959
4582,5279,0.0037878461185081322,0.002109331929429195,0.0,0.00016785141890789375,82.00224466342479
4583,5280,0.0037876024340087896,0.002109480136602553,0.0,0.00016781222974062365,82.01906200684607
4584,5281,0.0037873470521121518,0.00210950233644665,0.0,0.00016778447156655016,82.03596286382526
4585,5282,0.003787184631113885,0.0021131640060326152,0.0,0.00016740206250812696,82.05273794010282
4586,5283,0.003786882401734771,0.002111433609722181,0.0,0.000167544879201259,82.06943871825933
4587,5284,0.003786648258637794,0.002110612126237649,0.0,0.00016760361324001452,82.08653447497636
4588,5285,0.003786463846217368,0.002110995059851723,0.0,0.0001675468786365645,82.10329008195549
4589,5286,0.003786274548892249,0.002111432984054891,0.0,0.00016748415648373582,82.12009109277278
4590,5287,0.0037861439071730256,0.002110567369367962,0.0,0.00016755765378050638,82.13689836207777
4591,5288,0.0037860821518923256,0.0021105232937033078,0.0,0.00016755588581890177,82.15426630154252
4592,5289,0.0037859713501271967,0.0021100385161292967,0.0,0.00016759328339979,82.17098319903016
4593,5290,0.003785621812427871,0.002107912824776465,0.0,0.00016777089876514057,82.18767140898854
4594,5291,0.0037852502335923716,0.0021066458669240667,0.0,0.0001678604366668305,82.20442196913064
4595,5292,0.0037847412440371155,0.002104398475987117,0.0,0.00016803427680499986,82.22113936953247
4596,5293,0.0037839424750759124,0.002104023451425228,0.0,0.00016799190236506845,82.2379174362868
4597,5294,0.003782856792254782,0.0021076765324592075,0.0,0.00016751802597955744,82.25473712012172
4598,5296,0.0037815758424075644,0.0021049604633994324,0.0,0.0001676615379008132,82.27889515366405
4599,5297,0.0037795455192943237,0.002107570352615636,0.0,0.00016719751666786879,82.29566010367125
4600,5299,0.003778218929464394,0.0021099948252198825,0.0,0.0001668224104244512,82.3200886650011
4601,5301,0.003777189880986102,0.0021069460101102925,0.0,0.00016702438708758095,82.34483096469194
4602,5302,0.0037756714214243576,0.002104449331232372,0.0,0.00016712220901919856,82.36168053932488
4603,5303,0.003774543624348564,0.002102656582306049,0.0,0.00016718870420425155,82.37874332908541
4604,5304,0.003773005004747659,0.00209854592787556,0.0,0.00016744590768720993,82.39545191917568
4605,5306,0.003772231945996723,0.002097069079012708,0.0,0.00016751628669840152,82.420040785335
4606,5307,0.003771625992476041,0.0020953149348646107,0.0,0.00016763110576114302,82.43684249650687
4607,5308,0.0037703477000502568,0.002096731464841128,0.0,0.0001673616235209129,82.45360979344696
4608,5310,0.0037693939575270978,0.0020931803814031634,0.0,0.0001676213576123934,82.47820263914764
4609,5311,0.00376824749699783,0.0020916998104378325,0.0,0.0001676547686559997,82.49497560597956
4610,5312,0.0037670200669479353,0.00209087444746455,0.0,0.00016761456194833854,82.51174298115075
4611,5314,0.00376559730076701,0.00209042162872499,0.0,0.00016751756720420204,82.5359130166471
4612,5315,0.0037647216245117517,0.002090234175102398,0.0,0.00016744874494093538,82.55330688413233
4613,5316,0.003764145710712599,0.002087819052260115,0.0,0.00016763266584524843,82.57006750255823
4614,5318,0.0037633984948498003,0.00208550170949918,0.0,0.00016778967853506204,82.59429794270545
4615,5320,0.0037628034438831988,0.0020881717014271132,0.0,0.00016746317424560855,82.61838367953897
4616,5321,0.0037624408894557306,0.0020889894498872866,0.0,0.0001673451439568444,82.63511983677745
4617,5323,0.003762263119201368,0.002088264130674576,0.0,0.0001673998988526792,82.6597796343267
4618,5325,0.003761192975374933,0.002086163407142009,0.0,0.0001675029568232924,82.68455310352147
4619,5327,0.003760603809933629,0.0020840229777764814,0.0,0.00016765808321571475,82.70865585561842
4620,5328,0.003759376809615518,0.002083227806956279,0.0,0.0001676149002659239,82.72526288963854
4621,5329,0.003758046406304342,0.0020802197027138506,0.0,0.00016778267035904914,82.7420300282538
4622,5330,0.0037568611730223727,0.0020774892640935587,0.0,0.0001679371908928814,82.75884194485843
4623,5332,0.0037558991829415127,0.0020738661227336463,0.0,0.0001682033060207866,82.78292811848223
4624,5333,0.0037549842298233767,0.002069551565723106,0.0,0.00016854326641002704,82.79962747357786
4625,5334,0.0037545205716310137,0.0020689295788886507,0.0,0.0001685590992742363,82.81636199075729
4626,5335,0.003753773946261127,0.002064577713150342,0.0,0.00016891962331107852,82.83311996702105
4627,5336,0.0037534194684805487,0.002063631766610727,0.0,0.0001689787701869822,82.84994293283671
4628,5337,0.0037530149373902867,0.0020638549878699377,0.0,0.00016891599495203488,82.86675335280597
4629,5338,0.003752778914665429,0.0020628298505837813,0.0,0.00016899490640816475,82.88341353926808
4630,5339,0.003752268335881817,0.002062893225339106,0.0,0.0001689375110542711,82.90008067991585
4631,5340,0.0037514158792382175,0.002063474969630584,0.0,0.00016879409096076333,82.91690683271736
4632,5341,0.0037504649606725934,0.0020640991987134517,0.0,0.00016863657619591417,82.93358557391912
4633,5342,0.0037492247499880827,0.002066891241847539,0.0,0.00016823335081405437,82.9502315884456
4634,5343,0.0037480161321443712,0.0020692372439307404,0.0,0.0001678778888213631,82.9669287968427
4635,5345,0.003746566276603298,0.002068550186834086,0.0,0.00016780160897692122,82.99107974022627
4636,5346,0.003744971157227309,0.0020714097319447303,0.0,0.0001673561425282579,83.00797130074352
4637,5347,0.0037436389708527373,0.0020648826479667307,0.0,0.00016787563228860068,83.02460467163473
4638,5349,0.0037431394804969924,0.0020635656201095395,0.0,0.00016795738603874526,83.04920497816056
4639,5350,0.003741870897105689,0.0020634410605135435,0.0,0.00016784298365921454,83.06597157288343
4640,5351,0.0037401709101948415,0.0020598409316123236,0.0,0.00016803299785825182,83.08264020923525
4641,5353,0.003738642054734672,0.0020573596955260672,0.0,0.00016812823592086046,83.10672349389642
4642,5354,0.0037350532285591706,0.002053547438031347,0.0,0.00016815057905278236,83.12343468796462
4643,5356,0.003733837415375973,0.0020489210257184885,0.0,0.00016849163896574845,83.14750329498202
4644,5358,0.003732780045943004,0.0020508197632191053,0.0,0.00016819602827238987,83.17144630104303
4645,5360,0.0037319123089918816,0.0020498768355908673,0.0,0.00016820354734010143,83.19607133045793
4646,5361,0.0037315887943985783,0.0020478717284739406,0.0,0.00016837170659246374,83.21283276565373
4647,5362,0.003731261103720058,0.002045391798231049,0.0,0.0001685869305489009,83.22981066443026
4648,5363,0.0037309016973962033,0.002046106105954481,0.0,0.0001684795591441722,83.246875628829
4649,5364,0.003730379806020548,0.002045038116537475,0.0,0.00016853416894830727,83.26365362945944
4650,5365,0.0037296877167762956,0.0020418183707965223,0.0,0.00016878693459797733,83.28084425628185
4651,5366,0.003729153263011701,0.0020377160286212757,0.0,0.00016914372343904255,83.29757533501834
4652,5367,0.0037285416674586636,0.0020334797137982097,0.0,0.00016950619536604538,83.31435056496412
4653,5368,0.0037279156835862597,0.0020265657632542425,0.0,0.00017013499203320174,83.3311064587906
4654,5370,0.0037274024302665406,0.002026066680432494,0.0,0.00017013357498340463,83.35529988911003
4655,5371,0.003726926067910607,0.002025262762475801,0.0,0.0001701663305434806,83.37218863889575
4656,5372,0.003726326607140701,0.0020258615832205347,0.0,0.00017004650239201664,83.38892045430839
4657,5373,0.003725904219119276,0.002026241029360288,0.0,0.0001699663189758988,83.40567860100418
4658,5374,0.0037253414133608647,0.0020261517785068813,0.0,0.00016991896348539837,83.42232940159738
4659,5376,0.0037252861960569914,0.002025617645146732,0.0,0.00016996685509102595,83.44654305558652
4660,5377,0.003725143406494943,0.0020253875354633334,0.0,0.00016997558710316093,83.46321163978428
4661,5379,0.0037249409121219066,0.002025538635480971,0.0,0.00016994022766409354,83.4876791043207
4662,5380,0.003724877979372231,0.0020254068129197285,0.0,0.00016994711664525025,83.5045725684613
4663,5381,0.0037248097520335196,0.0020254227642763443,0.0,0.00016993869877571756,83.52177503146231
4664,5382,0.0037246992040350494,0.0020255883984427337,0.0,0.00016991108055923156,83.53862059582025
4665,5383,0.003724487543621503,0.0020254384222889842,0.0,0.00016990491213325187,83.55535877496004
4666,5384,0.003724328310599804,0.0020269283137377444,0.0,0.00016973999968620596,83.57216405961663
4667,5385,0.0037242118468368626,0.0020268681364518704,0.0,0.00016973437103849924,83.58900985214859
4668,5386,0.0037241239524074465,0.00202690585231341,0.0,0.0001697218100094037,83.60579311847687
4669,5388,0.003724102825545977,0.002026256446627025,0.0,0.0001697846378918952,83.62966743670404
4670,5389,0.0037240191188897677,0.002026282117092126,0.0,0.00016977370017976417,83.6464268239215
4671,5390,0.0037238836365456655,0.0020258514435610884,0.0,0.0001698032192984577,83.66317104082555
4672,5391,0.003723692414429899,0.0020255102920863563,0.0,0.0001698182122343543,83.67996405716985
4673,5392,0.0037234450383337864,0.0020246282162638693,0.0,0.00016988168220699173,83.69673555344343
4674,5393,0.003723280817997855,0.002025014019117115,0.0,0.00016982667988807402,83.71344126667827
4675,5394,0.0037231654254277447,0.0020240978654434143,0.0,0.00016990675599843304,83.73027742281556
4676,5395,0.0037230543863228122,0.0020246326866716984,0.0,0.0001698421699651114,83.74719331786036
4677,5396,0.0037228912361369857,0.0020246795800033268,0.0,0.00016982116561336592,83.76398848183453
4678,5397,0.0037227316423942562,0.0020247750734242584,0.0,0.00016979565689699978,83.7812443934381
4679,5398,0.0037225094416333798,0.0020237550924536137,0.0,0.0001698754349179766,83.79812116455287
4680,5399,0.0037221396522487235,0.0020232030588799147,0.0,0.0001698936593368809,83.814866585657
4681,5400,0.0037216379755706853,0.002022207012372732,0.0,0.00016994309631979533,83.83181988820434
4682,5402,0.003721393238169701,0.0020230855984520496,0.0,0.00016983076397176513,83.85604127962142
4683,5403,0.003721208617639855,0.0020233609587358954,0.0,0.00016978476589039597,83.87302046921104
4684,5404,0.0037211599221182324,0.002023804233189109,0.0,0.00016973556889291237,83.88974898960441
4685,5405,0.003721008430880365,0.002024647958410801,0.0,0.00016963604724695637,83.90645418316126
4686,5406,0.0037208899067464,0.0020251465105871327,0.0,0.00016957433961592674,83.92316147871315
4687,5407,0.0037206988438428807,0.0020245932683357016,0.0,0.0001696105575507179,83.9406303493306
4688,5408,0.00372048159788324,0.002024586425895221,0.0,0.0001695895171988019,83.95736168511212
4689,5409,0.003720189749345264,0.002024604379196005,0.0,0.00016955853701492587,83.97410034853965
4690,5410,0.003719799834714096,0.0020252766999175106,0.0,0.00016945231347965858,83.99080051295459
4691,5411,0.0037195923982122096,0.002024324794283368,0.0,0.00016952676039288419,84.00760747026652
4692,5413,0.0037192319894702227,0.002025823799018918,0.0,0.0001693408190451305,84.03170242533088
4693,5414,0.003718833453558435,0.0020253131044970997,0.0,0.00016935203490613354,84.04845553915948
4694,5415,0.0037184765207155662,0.002025405410599675,0.0,0.00016930711101158913,84.06519450992346
4695,5416,0.003718125355708006,0.0020254994685196125,0.0,0.00016926258871883935,84.0819240026176
4696,5417,0.0037178127572407597,0.002025845920512766,0.0,0.0001691966836727994,84.09868861548603
4697,5418,0.0037174847929352666,0.0020258112618946255,0.0,0.0001691673531040641,84.11530076060444
4698,5420,0.003717323931238738,0.0020265223370378505,0.0,0.00016908015942008873,84.13965677376837
4699,5421,0.003717030174589096,0.002024030543901406,0.0,0.00016929996306876897,84.15633688867092
4700,5422,0.003716795832542423,0.002024134007882758,0.0,0.00016926618246596652,84.17299573216587
4701,5424,0.003716694482036883,0.002024208944277464,0.0,0.00016924855377594192,84.19715008325875
4702,5425,0.0037163958197657903,0.0020241550240186652,0.0,0.0001692240795747125,84.21422320324928
4703,5426,0.00371601757454369,0.0020243032178794496,0.0,0.00016917143566642405,84.23087824042886
4704,5428,0.003715640665438306,0.002024115657133709,0.0,0.00016915250083045973,84.25518951565027
4705,5430,0.003715147491904154,0.0020250245668138843,0.0,0.00016901229250902694,84.27944710105658
4706,5431,0.0037149033639437817,0.002025042261375129,0.0,0.00016898611025686525,84.29700170457363
4707,5432,0.003713197893282364,0.0020220038105935164,0.0,0.00016911940826888476,84.31427069753408
4708,5433,0.00371278363972372,0.0020210013695825045,0.0,0.00016917822701412153,84.33107500057667
4709,5434,0.003711914411357082,0.002017597341971902,0.0,0.00016943170693851798,84.34793005976826
4710,5435,0.003711301033299005,0.0020170141469627425,0.0,0.00016942868863362623,84.36464168597013
4711,5437,0.003711033777815076,0.0020178690662249997,0.0,0.00016931647115900765,84.38883179146796
4712,5438,0.003710445697325109,0.002017745294754921,0.0,0.00016927004025701879,84.4056065287441
4713,5439,0.0037098420267974927,0.0020169475150957966,0.0,0.0001692894511701696,84.42231485061347
4714,5440,0.00370909031918606,0.002017428451210627,0.0,0.0001691661867975433,84.4393217600882
4715,5441,0.0037083787134099553,0.002017966183194364,0.0,0.00016904125302155912,84.45621915627271
4716,5443,0.003707703109123349,0.002017561932963419,0.0,0.000169014117615993,84.4802878824994
4717,5445,0.003707217803880108,0.0020200573257638213,0.0,0.00016871604781162867,84.50450884830207
4718,5447,0.0037068606806934645,0.0020218292341065845,0.0,0.00016850314465868796,84.5285386107862
4719,5448,0.0037058805382619987,0.0020240511247386164,0.0,0.00016818294135233824,84.54529276769608
4720,5449,0.0037051360602564985,0.0020278401958304455,0.0,0.00016772958644260529,84.56286243349314
4721,5450,0.0037043466027938867,0.0020295579375086783,0.0,0.00016747886652852085,84.57955797482282
4722,5452,0.00370358255680614,0.002031463613964671,0.0,0.00016721189428414685,84.60360068362206
4723,5453,0.003703051720468498,0.0020326572710129558,0.0,0.00016703944494555423,84.62027587648481
4724,5455,0.003702555473297633,0.0020317868837004876,0.0,0.00016707685895971455,84.64487878326327
4725,5456,0.0037015170949629824,0.0020329443003721374,0.0,0.00016685727945908453,84.66208628565073
4726,5457,0.0037008663776669053,0.002035269017075497,0.0,0.00016655973605914082,84.67873176094145
4727,5458,0.003699937442299184,0.0020355392689343317,0.0,0.00016643981733648525,84.69592605531216
4728,5459,0.003698781991763481,0.002032261838512662,0.0,0.00016665201532508193,84.7131414776668
4729,5460,0.003697337376948798,0.0020312376627034095,0.0,0.00016660997142453884,84.73032247181982
4730,5462,0.003695426033670796,0.002033575641855002,0.0,0.00016618503918157943,84.75447485595942
4731,5463,0.00369303550407416,0.002030031629108515,0.0,0.0001663003874965645,84.77119340095669
4732,5464,0.0036904789248124346,0.002029914510541481,0.0,0.00016605644142709535,84.78789890184999
4733,5466,0.0036897422666543763,0.002027789032660034,0.0,0.00016619532339943424,84.81199593376368
4734,5467,0.0036884039876653833,0.002025552097379831,0.0,0.00016628518902855522,84.82883347943425
4735,5469,0.003687631649716353,0.002027714796256549,0.0,0.0001659916853459804,84.85307592060417
4736,5470,0.0036867639438416177,0.0020272583493412917,0.0,0.0001659505594500326,84.87063812091947
4737,5471,0.0036864267868310916,0.0020263499085008945,0.0,0.0001660076878330197,84.8872543387115
4738,5472,0.0036854920596704702,0.002027879743231374,0.0,0.00016576123164390962,84.9040592815727
4739,5473,0.003684189599364657,0.0020299979958280307,0.0,0.00016541916035366262,84.92111819330603
4740,5474,0.003682790985438263,0.002030426942062631,0.0,0.00016523640433756322,84.93789724446833
4741,5476,0.003681728770354372,0.0020331815361578514,0.0,0.00016485472341965204,84.96241819765419
4742,5478,0.003681346059417429,0.0020328171079755076,0.0,0.00016485289514419217,84.98718126956373
4743,5479,0.003680887719139742,0.002032295520564487,0.0,0.00016485921985752552,85.00404642615467
4744,5480,0.0036803618378828955,0.002034070406474111,0.0,0.00016462914314087845,85.02078549750149
4745,5481,0.0036799446424201237,0.002033670564804703,0.0,0.00016462740776154207,85.03739306144416
4746,5482,0.00367955460030774,0.0020338702495702834,0.0,0.00016456843507374567,85.05416969768703
4747,5483,0.003679328122305745,0.002034271029408725,0.0,0.00016450570928970202,85.07092980202287
4748,5484,0.003678918234112971,0.0020355595778771924,0.0,0.00016433586562357783,85.0876733046025
4749,5485,0.003678736269938177,0.0020358328753500156,0.0,0.00016429033945881616,85.10431641153991
4750,5486,0.0036785806488328584,0.0020367878649170503,0.0,0.0001641792783915808,85.12106822058558
4751,5487,0.0036784974189926537,0.0020376803836368953,0.0,0.00016408170353557583,85.13783964794129
4752,5488,0.003678375739047785,0.0020363092508380626,0.0,0.00016420664882097226,85.15455522947013
4753,5489,0.003678285753984491,0.002036955947680695,0.0,0.00016413298063037963,85.1711826454848
4754,5491,0.0036782202012144312,0.0020365886479333938,0.0,0.00016416315532810375,85.19555335864425
4755,5492,0.003678126821745613,0.002035788355970218,0.0,0.00016423384657753947,85.21224384196103
4756,5493,0.0036779120502786382,0.002035859810630796,0.0,0.00016420522396478422,85.22907333821058
4757,5494,0.0036776373280733698,0.002035244670134429,0.0,0.00016423926579389405,85.2458919826895
4758,5495,0.0036773424928995594,0.0020344548397166888,0.0,0.00016428876531828705,85.26261867489666
4759,5496,0.0036769734804051194,0.0020321571863068195,0.0,0.00016448162940983,85.27929486427456
4760,5497,0.0036766002007938116,0.0020308513320876132,0.0,0.00016457488687061982,85.29614176787436
4761,5498,0.0036760635530999784,0.0020280659948882364,0.0,0.0001647997558211742,85.31351089291275
4762,5499,0.003675270955891847,0.00202602183692376,0.0,0.00016492491189680868,85.33018747530878
4763,5500,0.0036744887347747424,0.0020245423453759417,0.0,0.00016499463893988008,85.34690739680082
4764,5501,0.0036738952609634834,0.0020241469318860597,0.0,0.00016497483290774237,85.36375247314572
4765,5502,0.003673550573626597,0.0020240706169809062,0.0,0.00016494799566456905,85.38040161132812
4766,5503,0.003672962540962283,0.002021081215178874,0.0,0.00016518813257834092,85.39724475611001
4767,5504,0.0036723508489008606,0.002021393776609083,0.0,0.00016509570722917779,85.41392131056637
4768,5505,0.003671459442863712,0.0020176658224938847,0.0,0.00016537936203698275,85.43067448679358
4769,5507,0.0036708433121674404,0.0020148055997391925,0.0,0.0001656037712428248,85.45487417001277
4770,5509,0.003670373460713862,0.0020101430920780013,0.0,0.00016602303686358606,85.47900009155273
4771,5511,0.003670028305301295,0.00200798407804547,0.0,0.00016620442272558252,85.50386285688728
4772,5512,0.0036693368605604008,0.002005755465626722,0.0,0.00016635813949336786,85.52136114332825
4773,5513,0.0036687833902525817,0.0020035956241266544,0.0,0.00016651877661259272,85.53824701998383
4774,5514,0.0036679059391450035,0.0020031920361163746,0.0,0.00016647139030286288,85.5550875775516
4775,5515,0.003667125143464084,0.002001315801685864,0.0,0.000166580934177822,85.57182503677905
4776,5516,0.0036663476957357576,0.001999912002311326,0.0,0.00016664356934244313,85.58852455765009
4777,5518,0.003665464571610805,0.002000575603380793,0.0,0.00016648889682300118,85.61254402901977
4778,5519,0.0036642203105047236,0.0019975615020644084,0.0,0.0001666658808440315,85.629612990655
4779,5520,0.003663194042033201,0.001993852580283908,0.0,0.0001669341461749293,85.64636297617108
4780,5521,0.0036618778959033034,0.0019926531857208493,0.0,0.00016692247101824542,85.6630880041048
4781,5523,0.0036612169630211707,0.0019902063047553347,0.0,0.00016710106582658362,85.68763785995543
4782,5524,0.003659745638428683,0.0019910595656011582,0.0,0.0001668686072827525,85.70444620773196
4783,5525,0.00365818550406141,0.0019903176344399022,0.0,0.00016678678696215076,85.72127149719745
4784,5527,0.003657047920086906,0.001990633161952375,0.0,0.00016664147581345312,85.74541561678052
4785,5529,0.003655793667828499,0.0019868228846341247,0.0,0.00016689707831943747,85.77103971224278
4786,5530,0.0036542991347614066,0.001986227531416829,0.0,0.00016680716033445778,85.78784023970366
4787,5531,0.003652460788222676,0.001982643163548714,0.0,0.0001669817624673962,85.80492952745408
4788,5533,0.003651527604491266,0.001983393041536969,0.0,0.0001668134562954297,85.82901121117175
4789,5534,0.0036504509408956274,0.0019832984335076023,0.0,0.00016671525073880253,85.84587340895087
4790,5535,0.0036499648743947054,0.0019838969441965714,0.0,0.00016660679301981341,85.86257955804467
4791,5536,0.0036494740975059666,0.001983746830174225,0.0,0.00016657272673317413,85.8792313085869
4792,5538,0.0036490586383870986,0.0019828344419370075,0.0,0.00016662241964500912,85.90329665504396
4793,5540,0.0036487208844687676,0.001983784510864325,0.0,0.00016649363736044427,85.92734950315207
4794,5541,0.003648669113552571,0.0019813573234484573,0.0,0.00016673117901041138,85.94416485447437
4795,5542,0.0036482214599788546,0.0019823498220849565,0.0,0.0001665871637893898,85.96091435104609
4796,5543,0.003647898627957764,0.0019833945007004103,0.0,0.00016645041272573538,85.97774536162615
4797,5544,0.0036474212730397016,0.0019836577181263026,0.0,0.00016637635549133988,85.9943658253178
4798,5545,0.0036467279929553315,0.0019834649263664275,0.0,0.00016632630665889037,86.01131718885154
4799,5546,0.0036455409526012037,0.0019838705991718783,0.0,0.00016616703534293252,86.0281194485724
4800,5547,0.0036452212182497066,0.0019831080061893137,0.0,0.0001662113212060393,86.04491519741714
4801,5548,0.0036436519031096005,0.001981976169111228,0.0,0.00016616757339983727,86.06164402794093
4802,5549,0.003642824924528858,0.0019821716955427423,0.0,0.00016606532289861154,86.07835736684501
4803,5550,0.0036420969556444395,0.00198174154985388,0.0,0.00016603554057905594,86.0950644640252
4804,5551,0.0036415436091624506,0.001981352712410251,0.0,0.00016601908967521997,86.11173928901553
4805,5552,0.003641141999404104,0.0019805239368531273,0.0,0.00016606180625509766,86.12841417640448
4806,5553,0.0036406423944443404,0.0019794058474238846,0.0,0.00016612365470204557,86.14515319932252
4807,5555,0.0036402177357883966,0.001978666706162368,0.0,0.00016615510296260282,86.16941360011697
4808,5556,0.0036398356243169576,0.001977175282847136,0.0,0.00016626603414698215,86.18620393518358
4809,5557,0.0036394109321276724,0.001979879716889874,0.0,0.00016595312152377982,86.20294487383217
4810,5558,0.0036391415290742274,0.001978914947303623,0.0,0.0001660226581770604,86.21979753207415
4811,5559,0.0036388906499848148,0.001978601371018428,0.0,0.00016602892789663868,86.23652587458491
4812,5560,0.0036384307223241695,0.001978678275996866,0.0,0.00016597524463273031,86.25388253200799
4813,5561,0.003637660023204926,0.001978146284803081,0.0,0.00016595137384018451,86.27059417311102
4814,5562,0.0036368385350023977,0.0019775762457360665,0.0,0.00016592622892663313,86.2873325906694
4815,5564,0.0036364233608863024,0.0019746243542752917,0.0,0.00016617990066110103,86.31138008926064
4816,5565,0.0036358270646694437,0.0019737997656906338,0.0,0.00016620272989788102,86.32828373182565
4817,5566,0.0036352110558082094,0.001971927415801174,0.0,0.00016632836400070353,86.34614371601492
4818,5567,0.003634826556702913,0.0019719902269602465,0.0,0.00016628363297426665,86.36290497146547
4819,5568,0.0036346977870598306,0.0019725043087504526,0.0,0.0001662193478309378,86.37959244661033
4820,5569,0.003634335101375918,0.0019722160427833643,0.0,0.00016621190585925538,86.39630512148142
4821,5570,0.003634033920524273,0.0019721147992502464,0.0,0.00016619191212740266,86.41296012606472
4822,5571,0.00363330210424331,0.0019722882198044494,0.0,0.00016610138844388604,86.42965798545629
4823,5572,0.003632725671007201,0.0019706153910698967,0.0,0.00016621102799373045,86.44729854445904
4824,5573,0.0036322877785463633,0.001972305977648776,0.0,0.00016599818008975874,86.46401187311858
4825,5575,0.0036318937460632123,0.001971505544121105,0.0,0.00016603882019421072,86.48808208294213
4826,5576,0.003631408245983069,0.001968092948379436,0.0,0.0001663315297603633,86.50486649572849
4827,5577,0.0036307984151345745,0.001967288546123616,0.0,0.00016635098690109582,86.52161764446646
4828,5578,0.003630298959485247,0.001966730209752185,0.0,0.0001663568749733062,86.53834765125066
4829,5579,0.0036297578165722633,0.001966309440219091,0.0,0.00016634483763531722,86.55564815644175
4830,5580,0.003628839700411109,0.0019623895325629,0.0,0.00016664501678482086,86.57231003325433
4831,5581,0.0036284772711782996,0.0019614039262530634,0.0,0.00016670733449252362,86.58904744312167
4832,5583,0.003628143134348522,0.00196113585283021,0.0,0.0001667007281518312,86.61329109314829
4833,5584,0.003627672047777132,0.001959336086051825,0.0,0.0001668335961725307,86.63013144675642
4834,5585,0.0036271795880538226,0.0019585283223669788,0.0,0.0001668651265686844,86.6468423390761
4835,5586,0.0036267579739411,0.001958002704170946,0.0,0.00016687552697701541,86.66360908281058
4836,5587,0.003626233792946659,0.001955311160585088,0.0,0.00016709226323615708,86.68036693427712
4837,5588,0.0036253854417897403,0.0019522423798592056,0.0,0.00016731430619305347,86.69710583146662
4838,5589,0.0036244149839351203,0.0019487018778880957,0.0,0.00016757131060470248,86.7141795316711
4839,5591,0.003623331687840992,0.0019410902413276008,0.0,0.00016822414465133916,86.73834654595703
4840,5592,0.0036214815877671086,0.001925474651483808,0.0,0.00016960069362833004,86.75519388355315
4841,5594,0.0036200637341519716,0.0019230935793432611,0.0,0.00016969701548087105,86.7797479070723
4842,5595,0.0036188593483457965,0.0019196163155608447,0.0,0.00016992430327849518,86.79642236232758
4843,5597,0.003618209005540462,0.0019204699314157084,0.0,0.00016977390741247533,86.8204422518611
4844,5599,0.0036171035135592073,0.0019150781757510237,0.0,0.00017020253378081834,86.84463247098029
4845,5600,0.0036163635681833875,0.0019117179873757643,0.0,0.00017046455808076232,86.86129570566118
4846,5601,0.0036156407428560413,0.00190607356816931,0.0,0.0001709567174686731,86.87794336955994
4847,5603,0.003615327802284539,0.0019054654009523074,0.0,0.00017098624013322318,86.90210903808475
4848,5604,0.0036145594411966867,0.0019014118886169977,0.0,0.00017131475525796887,86.91904576588422
4849,5605,0.0036135548768715326,0.0018983444401584233,0.0,0.00017152104367131095,86.93587764445692
4850,5606,0.003612445502543596,0.001894348594294276,0.0,0.000171809690824932,86.95278893318027
4851,5608,0.0036118489174004767,0.0018948755104503862,0.0,0.00017169734069500905,86.9768824512139
4852,5609,0.0036112731631532616,0.0018918598422331709,0.0,0.00017194133209200908,86.993597375229
4853,5610,0.003610809219570005,0.0018924055068618066,0.0,0.00017184037127081981,87.01074391510338
4854,5611,0.0036104777379111813,0.0018899350616449625,0.0,0.0001720542676266219,87.0281013706699
4855,5612,0.003610169893082194,0.0018888829339704365,0.0,0.00017212869591117573,87.04497270192951
4856,5613,0.0036099849526445124,0.0018880070618676691,0.0,0.00017219778907768434,87.06164135877043
4857,5614,0.00360985481299239,0.0018859919098197424,0.0,0.00017238629031726476,87.07832696288824
4858,5615,0.0036097533843369107,0.0018847323652819393,0.0,0.0001725021019054971,87.0950510809198
4859,5616,0.003609690026914833,0.0018842704803119005,0.0,0.00017254195466029321,87.11180512607098
4860,5617,0.003609542582568738,0.001882955426050483,0.0,0.0001726587156518255,87.12859110999852
4861,5618,0.003609431947231686,0.0018805227358935936,0.0,0.00017289092113380926,87.14552166778594
4862,5619,0.0036092361644163165,0.0018775343547786777,0.0,0.0001731701809637639,87.16315994877368
4863,5620,0.0036089330758790426,0.0018767400808272102,0.0,0.00017321929950518325,87.17986002098769
4864,5621,0.003608471311783143,0.001873865596566521,0.0,0.0001734605715216622,87.19662850443274
4865,5622,0.0036078652191386708,0.0018691289657206402,0.0,0.00017387362534180303,87.21337297745049
4866,5623,0.0036073879370206556,0.0018666113455277215,0.0,0.00017407765914929344,87.23014370072633
4867,5624,0.0036069789827116784,0.0018646089723322722,0.0,0.0001742370010379406,87.24696040246636
4868,5625,0.0036065002117624144,0.0018675509088832106,0.0,0.00017389493028792039,87.26377986744046
4869,5626,0.00360588972446869,0.0018645307113469743,0.0,0.00017413590131217156,87.28052548319101
4870,5627,0.0036053681480176965,0.0018647392668724285,0.0,0.00017406288811452683,87.29726100061089
4871,5628,0.003604814115871033,0.0018700743522452306,0.0,0.00017347397636258022,87.31405604351312
4872,5629,0.0036046202280508623,0.0018698076951356834,0.0,0.00017348125329151787,87.33083643298596
4873,5630,0.00360444222226268,0.001871370312929132,0.0,0.00017330719093335478,87.34777656197548
4874,5631,0.003604241078917707,0.0018694292496481033,0.0,0.00017348118292696035,87.36454265285283
4875,5632,0.003604039278144061,0.0018692071911955831,0.0,0.0001734832086948478,87.38122687116265
4876,5633,0.003603735052492663,0.0018686008686482278,0.0,0.0001735134183844435,87.39794117305428
4877,5634,0.0036034367206146146,0.001869183498511723,0.0,0.00017342532221028916,87.41468288376927
4878,5635,0.003603202895268222,0.001869111869796783,0.0,0.00017340910254714395,87.43132629431784
4879,5636,0.0036029273948735103,0.0018666555793086514,0.0,0.00017362718155648587,87.4481929577887
4880,5637,0.003602687994656263,0.0018671448770424385,0.0,0.00017355431176138244,87.46491771563888
4881,5638,0.003602456507137716,0.0018677480801241946,0.0,0.00017347084270135212,87.48162867315114
4882,5639,0.003602327943687772,0.0018681996037751751,0.0,0.00017341283399125966,87.49831437598914
4883,5640,0.0036021474219856495,0.0018697833892663753,0.0,0.00017323640327192741,87.51556925848126
4884,5641,0.003601969722652992,0.0018695845720990254,0.0,0.00017323851505539667,87.53228053450584
4885,5642,0.0036014795931965876,0.001867994353580819,0.0,0.00017334852396157685,87.54911020025611
4886,5644,0.0036013879119353954,0.0018669173317923612,0.0,0.00017344705801430345,87.57317260187119
4887,5645,0.003601055629319419,0.0018652914231123408,0.0,0.00017357642062070785,87.5899111982435
4888,5646,0.0036008193535765863,0.0018653370174607925,0.0,0.0001735482336115794,87.60674924217165
4889,5647,0.0036006196412275964,0.0018628954897254675,0.0,0.0001737724151502129,87.62424461171031
4890,5648,0.003600443679810326,0.0018612692965195925,0.0,0.0001739174383290734,87.64222523197532
4891,5649,0.0036001086847112663,0.0018602797905835067,0.0,0.00017398288941277597,87.65892183873802
4892,5650,0.003599747449579722,0.0018606666609109466,0.0,0.0001739080788668775,87.67563416622579
4893,5651,0.003599300856169092,0.0018616470220041213,0.0,0.00017376538341649705,87.69226058386266
4894,5653,0.0035989418259961582,0.0018594540406212043,0.0,0.00017394877853749537,87.71626361459494
4895,5654,0.0035987235466743983,0.0018615685018560225,0.0,0.00017371550448183756,87.73296268284321
4896,5655,0.00359833466228872,0.0018606890892970736,0.0,0.00017376455729916463,87.749825803563
4897,5656,0.0035980223048176488,0.0018620735269391012,0.0,0.00017359487778785478,87.76660140417516
4898,5657,0.0035973219679395685,0.001862174085642428,0.0,0.00017351478822971405,87.78328712284565
4899,5659,0.003596649886490086,0.0018639408159990317,0.0,0.00017327090704910545,87.80747017264366
4900,5660,0.0035959617247258296,0.001866877076118892,0.0,0.00017290846486069374,87.82416075468063
4901,5661,0.003594953869962595,0.0018687033609075007,0.0,0.00017262505090550944,87.84099345095456
4902,5662,0.003593552162867211,0.0018740102994241601,0.0,0.0001719541863443051,87.85784749686718
4903,5663,0.003591234520328628,0.0018754535395957104,0.0,0.00017157809807329176,87.87446600850672
4904,5666,0.0035901714954379702,0.0018762209253340172,0.0,0.00017139505701039531,87.90588666312397
4905,5667,0.003588059345068035,0.0018812981862380306,0.0,0.00017067611588300044,87.92304743546993
4906,5668,0.003583663106385603,0.0018808760385148797,0.0,0.00017027870678707233,87.93979332502931
4907,5670,0.0035821071535113882,0.0018842658534513428,0.0,0.00016978413000600455,87.96395939029753
4908,5672,0.003580684724549606,0.0018841348057018537,0.0,0.00016965499188477523,87.98801754415035
4909,5673,0.0035796060180833243,0.0018876531233243256,0.0,0.00016919528947589987,88.00490309856832
4910,5674,0.0035781672689178595,0.001889016231422129,0.0,0.00016891510374957307,88.02204783726484
4911,5675,0.0035765417170954992,0.001891207012387004,0.0,0.00016853347047084951,88.03881206642836
4912,5676,0.0035755867351770967,0.0018894142541254007,0.0,0.00016861724810516958,88.05606399476528
4913,5677,0.0035723204052553036,0.0018941418948146779,0.0,0.00016781785104406257,88.07270799949765
4914,5679,0.003569947503049187,0.001897856440833362,0.0,0.00016720910622158245,88.09678826108575
4915,5680,0.0035670321930830395,0.001902450741290509,0.0,0.00016645814517925303,88.11340734828264
4916,5681,0.00356616805811597,0.0018995533882541875,0.0,0.0001666614669861783,88.13015233166516
4917,5683,0.0035631955225329977,0.001906901796785617,0.0,0.00016562937257473808,88.15427266340703
4918,5685,0.003562411449982837,0.0019079250048333752,0.0,0.0001654486445149462,88.17823050450534
4919,5686,0.003561877756528364,0.001910346710843651,0.0,0.0001651531045684713,88.19491056911647
4920,5687,0.0035610122377500737,0.0019105514733402458,0.0,0.0001650460764409828,88.21175132971257
4921,5688,0.0035606291349335947,0.0019126202010590098,0.0,0.00016480089338745852,88.2293050866574
4922,5689,0.0035599067040477748,0.001913141518122763,0.0,0.0001646765185925012,88.24614591430873
4923,5690,0.0035595347395845347,0.0019171212747766163,0.0,0.0001642413464807918,88.26296473760158
4924,5691,0.003559030631017603,0.001916471895489724,0.0,0.00016425587355278795,88.27967280708253
4925,5692,0.003558274894955752,0.0019195646487744137,0.0,0.00016387102461813382,88.29641561955214
4926,5693,0.003556920970806008,0.0019219825943009301,0.0,0.00016349383765050778,88.31330863852054
4927,5694,0.0035548662989531984,0.0019218815373196504,0.0,0.0001632984761633548,88.33004614058882
4928,5695,0.0035529782235399904,0.0019198223020897899,0.0,0.00016331559214502003,88.34702803660184
4929,5697,0.0035522316628982167,0.0019166589267500594,0.0,0.00016355727361481575,88.37127586826682
4930,5698,0.003551521977482033,0.0019195176237125132,0.0,0.00016320043537695195,88.38802249077708
4931,5700,0.003550242378229899,0.0019143725986829334,0.0,0.0001635869779546966,88.41222247388214
4932,5701,0.0035496722880335755,0.0019090165410135759,0.0,0.00016406557470199996,88.42893697973341
4933,5702,0.00354855074630956,0.0019091721661228704,0.0,0.00016393785801866893,88.44572333618999
4934,5703,0.0035479411777372405,0.0019108858631719878,0.0,0.00016370553145652524,88.46248664148152
4935,5704,0.0035471403927415128,0.001912090228212767,0.0,0.00016350501645287459,88.47917423490435
4936,5705,0.0035461619306815205,0.0019143224675894814,0.0,0.00016318394630920392,88.4959219424054
4937,5706,0.003545718591817043,0.0019152883647248625,0.0,0.00016304302270921808,88.51256014499813
4938,5707,0.0035455160323217797,0.0019139005132682038,0.0,0.0001631615519053576,88.52924702782184
4939,5708,0.0035452497848905834,0.001914958411213681,0.0,0.00016302913736769022,88.54606060963124
4940,5709,0.003545032274327253,0.0019151119367485797,0.0,0.00016299203375786734,88.56293278094381
4941,5710,0.00354470891426899,0.0019158995245083747,0.0,0.00016288093897606155,88.57958795689046
4942,5711,0.0035443600490840527,0.0019168832016084954,0.0,0.00016274768474755575,88.5962375504896
4943,5712,0.0035437092369391024,0.0019173628627243997,0.0,0.00016263463742147028,88.61318267602473
4944,5713,0.0035430217885701965,0.0019191921708132896,0.0,0.00016238296177569067,88.63004723843187
4945,5714,0.0035425791090237966,0.0019191441435776814,0.0,0.0001623434965446115,88.64673425164074
4946,5715,0.0035417286488623285,0.0019166993069029677,0.0,0.0001625029341959361,88.66332616191357
4947,5716,0.0035410687847709323,0.0019155970211803687,0.0,0.00016254717635905637,88.67993698362261
4948,5717,0.0035405702879124285,0.0019105999607677685,0.0,0.000162997032714466,88.69662325270474
4949,5718,0.0035398578092008977,0.0019114888488825131,0.0,0.00016283689603183843,88.71329902298748
4950,5719,0.003539466539298837,0.0019122561818264655,0.0,0.00016272103574723718,88.73047936055809
4951,5720,0.0035383769869337498,0.0019104581321657049,0.0,0.00016279188547680448,88.74719288386405
4952,5721,0.0035374420015683947,0.001909617916240667,0.0,0.00016278240853277278,88.7639371054247
4953,5722,0.003536777958838352,0.0019148713554716101,0.0,0.0001621906603366742,88.78096927981824
4954,5723,0.003535317455181103,0.0019119226164783665,0.0,0.00016233948387027363,88.79754322301596
4955,5724,0.0035346989299343172,0.0019127767060329755,0.0,0.00016219222239013416,88.81433856207877
4956,5725,0.0035337099013859024,0.001915656654365287,0.0,0.00016180532470206154,88.8309469660744
4957,5727,0.003533431096233146,0.0019148625486747504,0.0,0.00016185685475583956,88.85486839711666
4958,5728,0.0035329805852589383,0.0019163398683507374,0.0,0.0001616640716908201,88.8716530892998
4959,5729,0.003532804106147481,0.0019180967411704308,0.0,0.00016147073649770504,88.88837658520788
4960,5730,0.0035326231913911164,0.0019173960925705704,0.0,0.0001615227098820546,88.90594007540494
4961,5731,0.0035324874694831494,0.0019184115923697681,0.0,0.00016140758771133811,88.92260987777263
4962,5732,0.0035323692473492444,0.0019192046792256344,0.0,0.000161316456812361,88.93926753848791
4963,5733,0.0035322710455904533,0.001919555665643829,0.0,0.00016127153799466246,88.95601050648838
4964,5734,0.0035322005832915545,0.0019211832641600002,0.0,0.00016110173191315544,88.97291018627584
4965,5735,0.003532061759153544,0.0019208446616749701,0.0,0.00016112170974785737,88.9896324025467
4966,5736,0.00353192745578449,0.001920437276430179,0.0,0.00016114901793543108,89.0063959164545
4967,5737,0.00353170558935275,0.0019204180865138405,0.0,0.000161128750283891,89.02309064101428
4968,5738,0.0035314791731615985,0.0019201965013997792,0.0,0.00016112826717618191,89.03984988480806
4969,5739,0.0035312002457618267,0.0019209370373332773,0.0,0.00016102632084285493,89.05660428386182
4970,5740,0.0035308532767969955,0.0019202097644905535,0.0,0.00016106435123064422,89.07328667119145
4971,5741,0.0035305974526280487,0.0019225795435300651,0.0,0.00016080179090979837,89.0900008706376
4972,5742,0.0035302763920437323,0.0019221557071581552,0.0,0.00016081206848855774,89.10669023077935
4973,5743,0.0035300824581698054,0.0019218600149890986,0.0,0.0001608222443180707,89.12336017843336
4974,5744,0.0035298195159091912,0.0019225104084748448,0.0,0.00016073091074343468,89.14013060182333
4975,5745,0.003529541166024308,0.0019237090687077491,0.0,0.0001605832097316559,89.15749744232744
4976,5746,0.0035291527894899316,0.001923142246948081,0.0,0.00016060105425418506,89.17473406065255
4977,5747,0.003528570581596476,0.0019242031596410716,0.0,0.00016043674219554045,89.19189790450037
4978,5748,0.003527641769042358,0.0019227666678609467,0.0,0.00016048751011814115,89.20863225962967
4979,5749,0.0035264313784286977,0.0019222510861176495,0.0,0.00016041802923110482,89.2253360003233
4980,5750,0.0035255954747721724,0.0019190824081694918,0.0,0.00016065130666026805,89.24204890616238
4981,5751,0.003524221529509448,0.0019197643884290255,0.0,0.00016044571410804226,89.25875010993332
4982,5753,0.003523411439070979,0.001921410636907602,0.0,0.00016020008021633766,89.28269646503031
4983,5754,0.0035225269414828463,0.0019216302389938593,0.0,0.00016008967024889873,89.29933364130557
4984,5755,0.00352187373467287,0.0019242933973761958,0.0,0.0001597580337296674,89.31622457690537
4985,5756,0.003521482194409831,0.0019204432328336655,0.0,0.00016010389615761655,89.3331280592829
4986,5757,0.0035211646033414725,0.0019199709057537236,0.0,0.0001601193697587749,89.3499365709722
4987,5758,0.0035208331161429482,0.0019213263121640913,0.0,0.0001599506803978857,89.36679001525044
4988,5759,0.003520479387135407,0.0019223378740173631,0.0,0.0001598141513118044,89.38349394593388
4989,5760,0.0035201133549900843,0.0019219683094194723,0.0,0.0001598145045570612,89.40021168347448
4990,5761,0.003519712943458161,0.0019197143774248731,0.0,0.00015999985660332877,89.41710594203323
4991,5762,0.003519342347557055,0.001920139241938162,0.0,0.0001599203105618893,89.43386770505458
4992,5763,0.003518733032485339,0.0019185181576595023,0.0,0.00016002148748258367,89.45059974119067
4993,5764,0.003518602234772308,0.0019181638116813411,0.0,0.00016004384230909667,89.46763666346669
4994,5765,0.003518001425857206,0.001918336955197357,0.0,0.00015996644706598492,89.48427616804838
4995,5766,0.0035178481822722243,0.0019185186363902115,0.0,0.0001599329545882013,89.50091993715614
4996,5767,0.0035176677605308023,0.0019172800689350301,0.0,0.00016003876915957722,89.5175103424117
4997,5768,0.003517532716860481,0.0019174710025410646,0.0,0.00016000617143194167,89.53467354085296
4998,5769,0.0035174466340556123,0.001917383608859814,0.0,0.0001600063025195798,89.55139840394258
4999,5770,0.0035172232327145966,0.0019176192455850301,0.0,0.00015996039871295665,89.56812067702413
5000,5771,0.0035170457580172895,0.0019173775570705937,0.0,0.00015996682009466958,89.58479611668736
5001,5772,0.0035167642785672226,0.0019173408538115631,0.0,0.00015994234247556597,89.60206884332001
5002,5773,0.0035162786763343655,0.0019167362370533954,0.0,0.000159954243928097,89.61879527475685
5003,5774,0.0035158545150122495,0.0019163307434432867,0.0,0.0001599523771568963,89.63596535846591
5004,5775,0.0035154656245582803,0.0019134827392030163,0.0,0.0001601982885355264,89.65264281164855
5005,5776,0.0035145598903345695,0.0019115884524729325,0.0,0.0001602971437861637,89.67015729099512
5006,5777,0.0035142561529449127,0.0019126883201982187,0.0,0.0001601567832746694,89.68680959194899
5007,5779,0.003514043340558575,0.001911318466634724,0.0,0.00016027248739238506,89.71079753432423
5008,5780,0.0035138039579980106,0.0019101147769780493,0.0,0.00016036891810199613,89.72742951475084
5009,5781,0.003513509769386158,0.001909654208204397,0.0,0.00016038555611817606,89.74401311762631
5010,5782,0.0035130599189195063,0.001908389662229976,0.0,0.000160467025668953,89.76067445706576
5011,5783,0.0035124847888039308,0.001905178177987105,0.0,0.00016073066108168257,89.7772650225088
5012,5784,0.0035121349890183794,0.001904915426478698,0.0,0.00016072195625396813,89.79397306870669
5013,5785,0.0035116815366095823,0.0019023651193905528,0.0,0.00016093164172190297,89.81057620886713
5014,5786,0.003511400836161792,0.0019022377773747381,0.0,0.00016091630587870538,89.8272262699902
5015,5787,0.003511042274559576,0.0019040275431778477,0.0,0.0001607014731381728,89.84398840460926
5016,5788,0.003510722721183304,0.0019031458078499163,0.0,0.0001607576913333388,89.86081262212247
5017,5789,0.003510064171562021,0.0019011838038024038,0.0,0.00016088803677596173,89.87826486304402
5018,5790,0.0035095032573622034,0.0018996385640058745,0.0,0.0001609864693356329,89.89500249549747
5019,5791,0.003508403987724053,0.00189609355650497,0.0,0.0001612310431219083,89.91165298782289
5020,5793,0.003507963130036349,0.0018960649052031802,0.0,0.00016118982248331692,89.93584256246686
5021,5794,0.003506324883534641,0.001891811939583007,0.0,0.00016145129439516342,89.95262988097966
5022,5796,0.003505425176960034,0.0018892200919342155,0.0,0.00016162050850258183,89.9769352376461
5023,5797,0.003502992688057328,0.001884090702147436,0.0,0.00016189019859098923,89.99361429270357
5024,5799,0.00350216882614243,0.001884993910452939,0.0,0.00016171749156894912,90.01754858344793
5025,5801,0.003501223764012979,0.0018813023388265504,0.0,0.0001619921425186429,90.04155320674181
5026,5802,0.003499813384865654,0.001878579164279463,0.0,0.0001621234220586191,90.05827513057739
5027,5803,0.003499198577881373,0.0018765724255666752,0.0,0.0001622626152314698,90.07486563641578
5028,5804,0.003498059732878956,0.0018728740675114668,0.0,0.0001625185665367489,90.09164716210216
5029,5805,0.0034972926932933532,0.0018710327019922084,0.0,0.00016262599913011448,90.10919575206935
5030,5806,0.0034964300072261997,0.0018678287907123285,0.0,0.0001628601216513871,90.12589572742581
5031,5807,0.003495821964520869,0.0018607558998379522,0.0,0.0001635066064682917,90.14251704607159
5032,5808,0.003494790497047739,0.0018515112385245206,0.0,0.00016432792585232187,90.15927524399012
5033,5810,0.003494150330242352,0.001852855334485488,0.0,0.00016412949957568637,90.1832061605528
5034,5811,0.0034933535709050396,0.001852400453342531,0.0,0.0001640953117562509,90.20003821514547
5035,5813,0.0034926337337541375,0.0018494214426485033,0.0,0.0001643212291105634,90.22416848968714
5036,5814,0.003491886871725739,0.001847025695950271,0.0,0.00016448611757754678,90.24085312709212
5037,5815,0.0034910533201541376,0.0018413481692341562,0.0,0.00016497051509199815,90.25768620893359
5038,5816,0.003490022283628151,0.0018352920222497401,0.0,0.0001654730261378411,90.27429332584143
5039,5818,0.0034890591691227124,0.00183321804633254,0.0,0.00016558411227901723,90.29851703066379
5040,5819,0.0034885517087495533,0.0018295917669859767,0.0,0.00016589599417635764,90.31514599267393
5041,5820,0.0034879303422653976,0.001832199930719704,0.0,0.00016557304115456936,90.3319416102022
5042,5822,0.0034875105351559934,0.0018297527698436901,0.0,0.0001657757765312303,90.3562556328252
5043,5824,0.003487174719014288,0.0018290515069069031,0.0,0.00016581232121073853,90.38095508050174
5044,5825,0.0034869734429948777,0.0018278896876949226,0.0,0.0001659083755299955,90.39769282750785
5045,5826,0.003486863742727714,0.0018276072762260982,0.0,0.00016592564665016162,90.41426719632
5046,5828,0.003486835384419946,0.0018271976538039216,0.0,0.00016596377306160243,90.43828014843166
5047,5829,0.0034867600282143564,0.0018273697454778799,0.0,0.00016593902827364768,90.45505831670016
5048,5831,0.0034867431788275735,0.0018276018796540392,0.0,0.00016591412991735343,90.47899767477065
5049,5832,0.003486672676699208,0.0018284536515420806,0.0,0.00016582190251571274,90.49563760776073
5050,5833,0.0034865133932415414,0.0018294821771376343,0.0,0.0001657031216103907,90.51239930279553
5051,5835,0.0034862721322796745,0.0018309307813964804,0.0,0.0001655341350883194,90.5365332737565
5052,5836,0.0034859797779225503,0.0018322488120530837,0.0,0.00016537309658694668,90.55343218054622
5053,5837,0.003485735772461786,0.0018326531681231348,0.0,0.00016530826043386514,90.57019000127912
5054,5838,0.003485501209462248,0.0018330380140210657,0.0,0.0001652463195441182,90.58727196510881
5055,5839,0.0034851846850032725,0.0018325910479743248,0.0,0.0001652593637028948,90.60416688676924
5056,5840,0.0034848878861165663,0.0018318873666701208,0.0,0.00016530005194464456,90.62094630859792
5057,5841,0.0034845112794136416,0.0018314620077656066,0.0,0.0001653049271648035,90.63769282028079
5058,5842,0.003484285814103127,0.00182739670351471,0.0,0.0001656889110588417,90.6553329732269
5059,5843,0.00348405249406218,0.0018273666113827586,0.0,0.00016566858826794214,90.67313550505787
5060,5844,0.003483958463566064,0.0018270234030351078,0.0,0.00016569350605309563,90.68989671953022
5061,5845,0.0034838628142611324,0.0018260275675311677,0.0,0.00016578352467299645,90.70663688704371
5062,5846,0.0034838037915425643,0.0018247563717885167,0.0,0.00016590474197540476,90.72337519843131
5063,5847,0.0034837613840290353,0.0018239437658989664,0.0,0.00016598176181300688,90.74056682176888
5064,5848,0.0034837167668682334,0.0018240433976811424,0.0,0.00016596733691870912,90.75733225885779
5065,5849,0.003483653850418423,0.0018236955209619985,0.0,0.00016599583294564242,90.77415810059756
5066,5850,0.003483585068416154,0.0018232387775940564,0.0,0.0001660346290822097,90.7908901385963
5067,5851,0.0034834860312593268,0.0018220350793788508,0.0,0.00016614509518804758,90.8077604919672
5068,5852,0.003483396245822146,0.0018207993560489003,0.0,0.0001662596889773246,90.82476555462927
5069,5853,0.0034833465182040977,0.0018192335581616115,0.0,0.0001664112960042486,90.84146076999605
5070,5854,0.003483232851445445,0.0018187827991381984,0.0,0.00016644500523072466,90.85824827011675
5071,5855,0.003483116284033393,0.0018181304686686994,0.0,0.00016649858153646932,90.87502333149314
5072,5856,0.0034829464273266894,0.001817017455346091,0.0,0.00016659289719805984,90.89167930465192
5073,5858,0.003482858110713271,0.0018154584293805967,0.0,0.00016673996813326746,90.91571006085724
5074,5859,0.0034826734859702115,0.0018147153020857006,0.0,0.0001667958183884511,90.9324003746733
5075,5861,0.0034825306858126165,0.0018119714977036052,0.0,0.00016705591881090113,90.9562945542857
5076,5862,0.0034824369011228753,0.0018111761817163716,0.0,0.0001671260719406504,90.97297832556069
5077,5863,0.00348239856404553,0.0018110362623252182,0.0,0.00016713623017203122,90.98972924146801
5078,5864,0.0034823420818218985,0.0018096246648671,0.0,0.0001672717416954798,91.00718855205923
5079,5865,0.0034822022422424676,0.001809202577481619,0.0,0.00016729996647608486,91.02385243214667
5080,5866,0.0034820124922262776,0.001808533128691086,0.0,0.00016734793635351917,91.04058940149844
5081,5867,0.0034818859843699125,0.0018081757187683506,0.0,0.0001673710265601562,91.05734989512712
5082,5869,0.0034817922030701996,0.0018071241270471478,0.0,0.0001674668076023052,91.08141252584755
5083,5870,0.003481657903501886,0.001807157890007091,0.0,0.00016745000134947948,91.09815113898367
5084,5873,0.003481568565214524,0.0018060515461613244,0.0,0.00016755170190531997,91.13012359291315
5085,5874,0.003481408075131766,0.0018047437597397398,0.0,0.0001676664315392026,91.14693039190024
5086,5875,0.0034810703293618782,0.001802911008625415,0.0,0.00016781593207364632,91.16369580850005
5087,5877,0.0034809704513182244,0.0018019539264149044,0.0,0.000167901652490332,91.18806776963174
5088,5878,0.0034806881130147486,0.0018022416525268232,0.0,0.00016784464604879253,91.2053200500086
5089,5879,0.0034805622107033952,0.0018033180307441819,0.0,0.00016772441799592136,91.2225530790165
5090,5881,0.0034804003268920783,0.0018034440250687788,0.0,0.00016769563018232997,91.24665107857436
5091,5883,0.0034802492678638027,0.0018039352470613427,0.0,0.00016763140208024598,91.27077909000218
5092,5884,0.003480154108133169,0.0018034673795839385,0.0,0.00016766867285492306,91.28766726981848
5093,5885,0.003479982591458545,0.0018043100786144439,0.0,0.00016756725128441009,91.30435964930803
5094,5887,0.0034798315640471806,0.0018044690849597124,0.0,0.00016753624790874684,91.32861846406013
5095,5888,0.0034795184177236075,0.0018051357323942893,0.0,0.00016743826853293184,91.34530718624592
5096,5889,0.0034792543616877112,0.0018070903505536366,0.0,0.0001672164011134075,91.36204481311142
5097,5891,0.00347906844311892,0.001807507448828365,0.0,0.0001671560994290555,91.38649877626449
5098,5892,0.003478869465059284,0.001809162240134934,0.0,0.00016697072249243497,91.40373804513365
5099,5894,0.003478748626530759,0.0018103482954434829,0.0,0.00016684003310872761,91.42787826992571
5100,5895,0.003478383808814191,0.0018117667202714465,0.0,0.00016666170885427443,91.44460201915354
5101,5896,0.003477850847574772,0.0018130779452608604,0.0,0.0001664772902313911,91.46125994250178
5102,5898,0.0034774056498849994,0.001812627182916711,0.0,0.0001664778466968288,91.48557746317238
5103,5900,0.0034769931000450845,0.001813922720609864,0.0,0.00016630703794352205,91.51039852388203
5104,5901,0.003476341232452807,0.001814845255421676,0.0,0.0001661495977031131,91.52719393651932
5105,5903,0.0034761407109886178,0.0018139151501765517,0.0,0.0001662225560812066,91.55135969165713
5106,5904,0.003475831132889382,0.0018143825341655092,0.0,0.00016614485987238728,91.56811602506787
5107,5905,0.0034757587346434353,0.0018164394924097098,0.0,0.00016593192422337255,91.58490126207471
5108,5906,0.0034754032317785687,0.001815074915271286,0.0,0.0001660328316507283,91.60167390014976
5109,5907,0.0034752213549533615,0.0018141561509911603,0.0,0.0001661065203962201,91.6183722447604
5110,5908,0.0034749498329469065,0.0018137985672774394,0.0,0.00016611512656694672,91.63516530860215
5111,5910,0.003474865205689119,0.0018147053290352355,0.0,0.00016601598766538835,91.65937806013972
5112,5912,0.003474525754122853,0.0018149231303760882,0.0,0.0001659602623746765,91.68352466728538
5113,5913,0.003474362339898823,0.0018152503019559264,0.0,0.00016591120379428966,91.7001966489479
5114,5914,0.0034741474368977852,0.0018163628906291292,0.0,0.0001657784546268656,91.71695018466562
5115,5915,0.003474012495956241,0.0018163126636147756,0.0,0.00016576998323414657,91.73374473117292
5116,5916,0.0034739193266902692,0.0018161171335314074,0.0,0.00016578021931588617,91.75047353096306
5117,5917,0.0034738611169798407,0.0018153563386280255,0.0,0.00016585047783518152,91.76724508963525
5118,5918,0.0034737883551758508,0.001815530678965309,0.0,0.00016582576762105418,91.78404237143695
5119,5919,0.003473710051182407,0.0018158688514226281,0.0,0.00016578411997597787,91.80095673166215
5120,5920,0.003473605936074946,0.001818423851460545,0.0,0.0001655182084614401,91.81778417155147
5121,5921,0.0034734761466019403,0.0018187643295282576,0.0,0.00016547118170736827,91.83462876360863
5122,5922,0.003473373954797027,0.0018197994525325845,0.0,0.00016535745022644427,91.85140915215015
5123,5923,0.003473265952865813,0.001821042467322138,0.0,0.0001652223485543675,91.86815375089645
5124,5924,0.0034731870430413344,0.0018221519979154215,0.0,0.00016510350451259129,91.88572374917567
5125,5925,0.003473126430281672,0.0018230039982216695,0.0,0.00016501224320600023,91.90297847241163
5126,5927,0.003473094655324557,0.0018229255457941256,0.0,0.00016501691095304318,91.92714233417064
5127,5928,0.003472954616637031,0.001824042221100926,0.0,0.0001648912395536105,91.94381913077086
5128,5929,0.003472816089370089,0.0018240806848412107,0.0,0.00016487354045288785,91.96067172475159
5129,5930,0.0034727033950407334,0.0018234903408140591,0.0,0.00016492130542266744,91.97847200371325
5130,5931,0.0034726335364713987,0.0018220009766298031,0.0,0.00016506325598415958,91.99508063774556
5131,5932,0.0034725161931607592,0.0018224588323847192,0.0,0.000165005736077604,92.01185746770352
5132,5933,0.0034724602145391583,0.001822016480536129,0.0,0.0001650443734003029,92.02865490317345
5133,5934,0.003472377236112635,0.001821699632117493,0.0,0.0001650677603995142,92.0457101687789
5134,5935,0.0034722879133636158,0.0018215768411505425,0.0,0.0001650711072213073,92.06243969779462
5135,5936,0.003472193825569496,0.001822165896765348,0.0,0.00016500279288041484,92.07922565191984
5136,5937,0.003472102977342535,0.0018220305131563016,0.0,0.00016500724641862333,92.09596750419587
5137,5938,0.0034719914493004803,0.0018229481624208986,0.0,0.00016490432868795815,92.11275579966605
5138,5939,0.0034719093448290017,0.0018237310146690315,0.0,0.00016481783301599705,92.12990332581103
5139,5940,0.0034718829727947405,0.0018249805377958416,0.0,0.0001646902434998899,92.1466801399365
5140,5942,0.003471835278456248,0.0018261221882325592,0.0,0.00016457130902236886,92.17094504926354
5141,5943,0.0034717773534224464,0.0018256887170486744,0.0,0.00016460886363737722,92.18772083055228
5142,5944,0.0034716724683448545,0.0018252310457464215,0.0,0.00016464414225984331,92.20459016598761
5143,5946,0.003471638674535443,0.0018254364330849413,0.0,0.00016462022414505018,92.22909499984235
5144,5947,0.0034715631628811482,0.0018254235379238743,0.0,0.0001646139624957274,92.24588467460126
5145,5948,0.003471509718402093,0.0018258788934811324,0.0,0.00016456308249209606,92.26301782485098
5146,5949,0.0034714581720439834,0.0018251405535731865,0.0,0.00016463176184707972,92.27974692545831
5147,5950,0.0034713957839926026,0.0018254394243532221,0.0,0.00016459563596393805,92.29669065959752
5148,5951,0.0034713481986549857,0.0018259659478782177,0.0,0.00016453822507767678,92.31399513222277
5149,5953,0.003471282365083422,0.001826299078791997,0.0,0.00016449832862914246,92.33817066065967
5150,5954,0.003471218959011573,0.0018269856793757106,0.0,0.00016442332796358627,92.35498456098139
5151,5955,0.003471124412165491,0.0018284169976741454,0.0,0.00016427074144913456,92.37179948948324
5152,5957,0.0034710263508395006,0.0018295145275167215,0.0,0.0001641511823322779,92.39608484786004
5153,5958,0.0034709062186694967,0.0018297097073256532,0.0,0.00016411965113438437,92.4130506310612
5154,5959,0.003470841607394164,0.001830143217677921,0.0,0.00016406983897162433,92.42992653883994
5155,5960,0.003470726390861592,0.0018307802869010552,0.0,0.0001639946103960537,92.44659951888025
5156,5962,0.003470674212308562,0.0018306578045800806,0.0,0.00016400164077284813,92.47157895565033
5157,5963,0.0034706148792897325,0.0018315154580324533,0.0,0.00016390994212572791,92.48824391700327
5158,5964,0.003470514579258811,0.0018319290602015399,0.0,0.0001638585519057271,92.50499148759991
5159,5965,0.0034704521543193097,0.0018325342824430117,0.0,0.00016379178718762982,92.52178238332272
5160,5966,0.0034704102842497845,0.00183359853689068,0.0,0.00016368117473591047,92.53886892553419
5161,5967,0.0034703399409532452,0.0018333560260811272,0.0,0.00016369839148721178,92.55570157058537
5162,5968,0.0034702995079602264,0.0018336504923591444,0.0,0.0001636649015601082,92.5723967840895
5163,5969,0.003470250212217508,0.001833869968661395,0.0,0.00016363802435561133,92.58920982293785
5164,5971,0.0034702161943337023,0.0018342595516432848,0.0,0.00016359566426904173,92.61331290379167
5165,5973,0.003470171641250611,0.0018344270625012557,0.0,0.00016357445787493555,92.63737174123526
5166,5974,0.0034700433593891516,0.0018350678130101645,0.0,0.0001634975546378987,92.65406459756196
5167,5975,0.003469959995659244,0.0018358060328024647,0.0,0.00016341539628567792,92.67081532906741
5168,5977,0.0034699146796536755,0.0018364527391337342,0.0,0.00016334619405199415,92.69484960101545
5169,5979,0.0034698259466758013,0.0018369091937255903,0.0,0.0001632916752950211,92.71910296194255
5170,5980,0.0034697502727829748,0.0018373581846770164,0.0,0.00016323920881059582,92.7358124544844
5171,5981,0.0034696111379701536,0.0018389850099497747,0.0,0.00016306261280203785,92.75243830028921
5172,5983,0.0034695498709347706,0.0018393777262373746,0.0,0.0001630172144697396,92.7763797705993
5173,5984,0.0034694641382313667,0.001840051959320985,0.0,0.0001629412178910382,92.79303510393947
5174,5985,0.003469367423902161,0.0018416432708814202,0.0,0.00016277241530207408,92.80982437450439
5175,5986,0.0034693222563853083,0.0018427208039413167,0.0,0.00016266014524439915,92.82653674390167
5176,5987,0.003469235135854793,0.0018430229428065012,0.0,0.00016262121930482918,92.84320267383009
5177,5988,0.0034691362663789712,0.001843087045180236,0.0,0.0001626049221198735,92.859802772291
5178,5989,0.003469018830273366,0.0018434531988986448,0.0,0.00016255656313747213,92.87643105629832
5179,5990,0.0034688901924277275,0.001844646698988644,0.0,0.00016242434934390834,92.89308281801641
5180,5991,0.003468742777828426,0.0018466655941038967,0.0,0.00016220771837245295,92.90998910367489
5181,5993,0.0034686238284626922,0.0018481018148049687,0.0,0.00016205220136577235,92.93395527545363
5182,5994,0.0034685171546178072,0.001848849953170945,0.0,0.00016196672014468622,92.95067494083196
5183,5995,0.0034684068524484003,0.0018500077779316317,0.0,0.00016183990745167686,92.96760614123195
5184,5997,0.0034682817130252718,0.0018518852088747594,0.0,0.00016163965041505123,92.99176997318864
5185,5998,0.003468184018564872,0.0018538827978335703,0.0,0.00016143012207313015,93.00860799755901
5186,5999,0.003468055108139562,0.0018555688747963876,0.0,0.00016124862333431744,93.02525089029223
5187,6000,0.00346791721481825,0.001855734083734856,0.0,0.0001612183131083394,93.04204678442329
5188,6002,0.003467808389262213,0.00185538020882063,0.0,0.00016124281804415826,93.06684045959264
5189,6003,0.003467612979955137,0.0018543254460079927,0.0,0.00016132875339471442,93.08388157561421
5190,6004,0.0034674580887855844,0.001854440887089236,0.0,0.00016130172016963484,93.10093468055129
5191,6005,0.003467180084480931,0.0018558520708461075,0.0,0.00016113280136348238,93.1176961157471
5192,6006,0.0034670916030302887,0.0018564335974673458,0.0,0.0001610658005562943,93.13436578121036
5193,6008,0.003466727105338945,0.0018548172705917375,0.0,0.00016119098347472074,93.15848454274237
5194,6009,0.003466378154231728,0.0018536968480829064,0.0,0.00016126813061488217,93.17519010789692
5195,6010,0.0034662379121653533,0.0018534057307285782,0.0,0.00016128321814367749,93.19230914581567
5196,6011,0.0034659662729435953,0.0018506209918400995,0.0,0.00016153452811034958,93.20918972417712
5197,6012,0.0034658445269541358,0.001853036576142896,0.0,0.00016128079508112396,93.22591607645154
5198,6013,0.0034655515667985554,0.001852926604362779,0.0,0.00016126249624357766,93.24333714786917
5199,6014,0.0034652182779810452,0.0018498838759477615,0.0,0.00016153344020332838,93.26052595768124
5200,6015,0.0034645916957369944,0.0018514437557194268,0.0,0.00016131479400175675,93.27714459318668
5201,6017,0.0034639692081371303,0.001851405929958984,0.0,0.00016125632781781464,93.3013785192743
5202,6018,0.003463400071003042,0.0018510500204787647,0.0,0.00016123500505242774,93.31808514799923
5203,6019,0.003463018540165921,0.0018502853943841357,0.0,0.00016127331457817853,93.33485802169889
5204,6021,0.0034629093245977342,0.001851172064784023,0.0,0.0001611737259813711,93.35915165860206
5205,6022,0.003462664304057691,0.0018484048646348538,0.0,0.00016142594394228372,93.3758850581944
5206,6023,0.0034624992461677363,0.0018481781848989417,0.0,0.00016143210612687948,93.3926466787234
5207,6024,0.0034623827478612434,0.0018483622558958161,0.0,0.00016140204919654275,93.4094167035073
5208,6025,0.0034623064832944653,0.0018474240004339808,0.0,0.00016148824828604843,93.42620565090328
5209,6026,0.0034622322871646115,0.0018464277433289265,0.0,0.00016158045438356849,93.44312903471291
5210,6027,0.0034621399519573015,0.0018455021890766486,0.0,0.0001616637762880653,93.46006742026657
5211,6028,0.0034620175153448384,0.0018445111701256183,0.0,0.000161750634521922,93.47680351044983
5212,6029,0.0034617695033673174,0.0018426999935964193,0.0,0.0001619069509770898,93.49341775476933
5213,6031,0.003461648433288245,0.0018418154593222778,0.0,0.00016198329739659673,93.51740882825106
5214,6032,0.0034612898520926154,0.0018408197670645738,0.0,0.00016204700850280416,93.53405862674117
5215,6033,0.003460972034428335,0.0018389792984734225,0.0,0.0001621992735954912,93.55073927901685
5216,6034,0.0034606208569726957,0.0018401964818738118,0.0,0.0001620424375098884,93.56755138747394
5217,6035,0.0034605336060659605,0.0018373689441703702,0.0,0.00016231646618955904,93.58426817506552
5218,6036,0.0034599959301448366,0.0018380013889251886,0.0,0.0001621994541219648,93.60100188758224
5219,6037,0.0034597298658210277,0.0018377287998461757,0.0,0.00016220010659748522,93.61772418115288
5220,6038,0.00345938149248897,0.0018364137338132394,0.0,0.00016229677586757308,93.63442003261298
5221,6040,0.003459200652820151,0.0018352045809877267,0.0,0.00016239960718324246,93.65875094663352
5222,6041,0.0034590210242733043,0.0018317039020979736,0.0,0.00016273171221753305,93.67541939206421
5223,6042,0.0034588779628433675,0.001830602356741199,0.0,0.00016282756061021688,93.69227376766503
5224,6043,0.003458499844423985,0.0018300840986601205,0.0,0.00016284157457638644,93.70896799862385
5225,6044,0.0034583337084610837,0.0018272433694911288,0.0,0.0001631090338969955,93.72563976980746
5226,6045,0.003458138259676051,0.0018265366946070315,0.0,0.00016316015650690198,93.74272455647588
5227,6046,0.00345796398836498,0.0018247883748085815,0.0,0.00016331756135563982,93.75963954813778
5228,6047,0.0034578570093355267,0.001823454378980492,0.0,0.00016344026303550347,93.77632214408368
5229,6048,0.0034577640857094663,0.0018226000425449387,0.0,0.00016351640431645277,93.79343285504729
5230,6049,0.0034577054323515722,0.001822637961297309,0.0,0.00016350674710542633,93.81047442182899
5231,6050,0.0034576543576045914,0.0018228852737716323,0.0,0.0001634769083832959,93.827157410793
5232,6051,0.0034575759482220036,0.00182380925570537,0.0,0.00016337666925166333,93.84381398744881
5233,6052,0.0034575478657589203,0.0018230547527792848,0.0,0.00016344931129796354,93.86082063615322
5234,6053,0.0034575152581630426,0.0018230243556410228,0.0,0.00016344909025220195,93.87757454160601
5235,6054,0.0034574922507459075,0.001822563194020467,0.0,0.00016349290567254407,93.89431487675756
5236,6055,0.0034574756927526276,0.0018223707299299251,0.0,0.00016351049628227023,93.91097361128777
5237,6056,0.0034574354980387266,0.0018219138978196549,0.0,0.00016355216002190715,93.92803713865578
5238,6057,0.0034573805920422272,0.0018214298611111685,0.0,0.0001635950730931059,93.94479850772768
5239,6058,0.0034572822205697156,0.0018210884916490145,0.0,0.0001636193728920701,93.9615491591394
5240,6059,0.0034570863200991814,0.00182065751852557,0.0,0.00016364288015736111,93.9782506423071
5241,6060,0.003456735031148017,0.0018194725125343972,0.0,0.000163726251861362,93.99503821879625
5242,6061,0.003456328432127783,0.0018147040150192518,0.0,0.00016416244171085315,94.01169187575579
5243,6063,0.003456026048643415,0.001814823424990591,0.0,0.0001641202623652824,94.0355814518407
5244,6065,0.0034555922147304144,0.0018122381615743525,0.0,0.00016433540531560616,94.06043305248022
5245,6067,0.003455060747153047,0.001811297483512916,0.0,0.00016437632636401308,94.08523636125028
5246,6068,0.003454110373080347,0.0018049529327025728,0.0,0.00016491574403777742,94.10203004721552
5247,6070,0.003453781729148464,0.001802410642166487,0.0,0.00016513710869819773,94.12631916813552
5248,6071,0.0034535897510956726,0.001803151974270076,0.0,0.00016504377768255968,94.14306545443833
5249,6073,0.0034532830194265473,0.0018010400304927757,0.0,0.00016522429889337717,94.16774536762387
5250,6074,0.003453099478553454,0.0017983487758834237,0.0,0.00016547507026700304,94.1844099285081
5251,6075,0.0034528751249543223,0.0017982743087142097,0.0,0.00016546008162401127,94.2010095436126
5252,6076,0.003452600890959025,0.0017967593289946416,0.0,0.00016558415619643833,94.2178596649319
5253,6077,0.003452178430994304,0.0017940517910007526,0.0,0.0001658126639993551,94.23453286569566
5254,6078,0.003451867582362307,0.0017879489410315952,0.0,0.0001663918641330712,94.25175453722477
5255,6079,0.003451384425065534,0.001790086079187032,0.0,0.00016612983458785019,94.26843488402665
5256,6080,0.0034508805421492902,0.0017906281734487782,0.0,0.0001660252368700512,94.28516865707934
5257,6081,0.0034492732391343526,0.0017918128329607323,0.0,0.00016574604061736202,94.30185510776937
5258,6082,0.0034483977382955425,0.001793081520558767,0.0,0.00016553162177367753,94.31867972854525
5259,6084,0.003447801031576894,0.0017945996995489002,0.0,0.00016532013320279943,94.34308767225593
5260,6086,0.003447286700652935,0.0017982177700962716,0.0,0.0001649068930556663,94.36729552969337
5261,6087,0.0034467676327862478,0.0017962006003629607,0.0,0.00016505670324232872,94.38400314096361
5262,6088,0.0034459675227211392,0.0017972166986520125,0.0,0.00016487508240691266,94.4012638926506
5263,6089,0.003445465963085555,0.0017981200070280822,0.0,0.00016473459560574727,94.41804663743824
5264,6090,0.003444722817461011,0.001798728910606843,0.0,0.0001645993906854168,94.43488912284374
5265,6091,0.0034443717085439044,0.0017993306283980394,0.0,0.0001645041080145865,94.45182216633111
5266,6092,0.003443959645223316,0.001798796578496702,0.0,0.0001645163066726614,94.46871107816696
5267,6093,0.0034433528383287487,0.0017975900800060284,0.0,0.000164576275832272,94.48541943915188
5268,6094,0.003442404678591982,0.001797308557224115,0.0,0.0001645096121367867,94.50220487825572
5269,6095,0.003440980608577916,0.00179695100005814,0.0,0.0001644029608519776,94.51900072488934
5270,6096,0.0034390341241745045,0.0017960747336575981,0.0,0.00016429593905169064,94.53574017621577
5271,6098,0.003436886548501229,0.0017980835301100704,0.0,0.00016388030183911583,94.56031040009111
5272,6100,0.003434747820115992,0.0018013480737066323,0.0,0.000163339974640936,94.58432629611343
5273,6102,0.003433783739511927,0.0018006125955992392,0.0,0.0001633171143912688,94.60883237794042
5274,6103,0.0034317959727877393,0.0018087312254779539,0.0,0.00016230647473097854,94.62551416363567
5275,6105,0.003429408063284736,0.0018079615973949402,0.0,0.0001621446465889796,94.64950691815466
5276,6106,0.0034275632851628077,0.0018039251043180196,0.0,0.0001623638180844788,94.66623120568693
5277,6107,0.003425051206358729,0.0018048503273419422,0.0,0.0001620200879016787,94.68295337725431
5278,6108,0.003422824723434815,0.0018061293066154633,0.0,0.0001616695416819352,94.69998897984624
5279,6110,0.0034203760798258735,0.0018082257029596721,0.0,0.0001612150376866201,94.724115380086
5280,6112,0.003417912722307693,0.0018094274115591682,0.0,0.00016084853107485247,94.7491144919768
5281,6114,0.0034168202359652253,0.001807029846325956,0.0,0.00016097903896392692,94.77326482813805
5282,6116,0.0034153791386440976,0.0018080090809929686,0.0,0.00016073700576511288,94.79733714368194
5283,6117,0.0034142650030440378,0.0018097967338474984,0.0,0.00016044682691965397,94.81408151146024
5284,6118,0.0034132470731882674,0.0018189945099262787,0.0,0.00015942525632619889,94.83083476964384
5285,6119,0.0034114362017645707,0.0018157869391275552,0.0,0.00015956492626370154,94.84768351819366
5286,6120,0.003410835908215614,0.0018162362068396209,0.0,0.00015945997013759933,94.8643744289875
5287,6121,0.0034091777311035984,0.0018221818036584458,0.0,0.00015869959274451527,94.88112287130207
5288,6123,0.003408416098004754,0.0018271184867163963,0.0,0.00015812976112883578,94.90532629564404
5289,6124,0.0034078840475096055,0.0018303272445277532,0.0,0.00015775568029818523,94.92206312622875
5290,6125,0.003407525369777313,0.0018315730507052375,0.0,0.00015759523190720756,94.93884568661451
5291,6126,0.003407344856006558,0.0018341231749244532,0.0,0.00015732216810821048,94.9563254872337
5292,6127,0.003407227866258706,0.001834843386922219,0.0,0.0001572384479336487,94.97300147358328
5293,6128,0.003407089858151009,0.0018357712051098967,0.0,0.0001571318653041112,94.98977276496589
5294,6129,0.0034069446274096965,0.001837109058396321,0.0,0.00015698355690133757,95.00735904183239
5295,6130,0.0034068162959149054,0.0018367762857357953,0.0,0.00015700400101791102,95.02408933732659
5296,6131,0.0034066030483246336,0.0018373222333157996,0.0,0.0001569280815008834,95.04080518055707
5297,6132,0.003406378117810531,0.0018377643181796527,0.0,0.00015686137996308785,95.05770605057478
5298,6133,0.003406162458165526,0.0018369947571174323,0.0,0.00015691677010480935,95.07440543267876
5299,6134,0.003405902992932514,0.0018353226898550525,0.0,0.00015705803030774615,95.09117271285504
5300,6135,0.0034056181317513737,0.001835388082392782,0.0,0.0001570230049358592,95.10800948366523
5301,6136,0.003405374130109111,0.0018360755825958203,0.0,0.00015692985475132908,95.12473299354315
5302,6137,0.0034050505940258656,0.0018368101775498124,0.0,0.0001568240416476053,95.14142408873886
5303,6139,0.0034049108849648797,0.0018375165766119385,0.0,0.00015673943083529412,95.16562300175428
5304,6140,0.003404248297562934,0.0018380024919706088,0.0,0.0001566245805592325,95.18241197057068
5305,6141,0.0034039739059674194,0.0018398775846388041,0.0,0.0001564096321328615,95.19909701589495
5306,6142,0.003403689199785082,0.0018408755000206758,0.0,0.0001562813699764406,95.21585277747363
5307,6144,0.00340355913023143,0.001839508698429487,0.0,0.00015640504318019426,95.2399593256414
5308,6145,0.0034033932783020986,0.0018409026873128763,0.0,0.00015624905909892222,95.25701855309308
5309,6146,0.003403207169026676,0.0018410059588533155,0.0,0.00015622012101733606,95.27386488486081
5310,6147,0.003403041122635949,0.0018420371008208032,0.0,0.00015610040218151455,95.29065835289657
5311,6148,0.003402794234318192,0.0018432161631667526,0.0,0.00015595780711514392,95.30731599964201
5312,6149,0.003402486943347695,0.0018459800178008054,0.0,0.0001556506925546889,95.32443091552705
5313,6150,0.003402246643695111,0.0018491229515957424,0.0,0.00015531236920993685,95.34131000563502
5314,6151,0.003402160017419288,0.001850304621856093,0.0,0.0001551855395563195,95.35808611288667
5315,6152,0.003402005540912546,0.0018509992370416698,0.0,0.0001551006303870876,95.37487477622926
5316,6153,0.0034017492387158482,0.0018517997548359718,0.0,0.00015499494838798762,95.39150715991855
5317,6154,0.0034013596448655634,0.0018514430932843452,0.0,0.00015499165515812179,95.40819125249982
5318,6155,0.0034009327720598437,0.001850427392265317,0.0,0.00015505053797945265,95.42485077958554
5319,6157,0.0034006542490432087,0.0018495432680435124,0.0,0.00015511109809996962,95.44891939871013
5320,6158,0.0033998945752613157,0.0018475624971156302,0.0,0.00015523320781456854,95.4664333704859
5321,6159,0.003399190388181709,0.0018453682090860157,0.0,0.0001553822179095693,95.4838093277067
5322,6160,0.003398406774763415,0.001841922974428551,0.0,0.00015564838003348638,95.5005688406527
5323,6162,0.0033980028307676407,0.0018381904790440713,0.0,0.00015598123517235693,95.52464237157255
5324,6164,0.003397708173842195,0.0018377086780726002,0.0,0.0001559999495769595,95.54913067352027
5325,6165,0.0033971678309317873,0.0018336747553439163,0.0,0.00015634930755878713,95.56590251810849
5326,6166,0.00339679652766255,0.001831036234090673,0.0,0.0001565760293571877,95.58255148120224
5327,6167,0.003396298763153743,0.0018286165043034676,0.0,0.0001567682258850276,95.59920346364379
5328,6169,0.003396144367308096,0.001826322891228659,0.0,0.0001569821476079437,95.62325304932892
5329,6170,0.0033958490370210657,0.0018263109770394275,0.0,0.0001569538059981638,95.64002552442253
5330,6171,0.00339558728086355,0.001825164567111806,0.0,0.0001570422713751744,95.65729077998549
5331,6172,0.0033951894604015587,0.0018232454867373013,0.0,0.00015719439736642572,95.67401409242302
5332,6173,0.0033947739597211266,0.0018189815705485519,0.0,0.00015757923891725746,95.69079691078514
5333,6175,0.0033944741247081077,0.001819750492851486,0.0,0.00015747236318566218,95.71517789550126
5334,6176,0.003394132982967259,0.0018160937170417536,0.0,0.00015780392659255055,95.73202983941883
5335,6177,0.003393741560781544,0.0018146143369632375,0.0,0.00015791272238183064,95.74885094352067
5336,6179,0.003393189753486461,0.0018117617914727548,0.0,0.00015814279620137063,95.77348046097904
5337,6180,0.003392530354484803,0.0018135757900280506,0.0,0.00015789545644567525,95.79110051505268
5338,6181,0.0033914910196874773,0.0018118595085223435,0.0,0.00015796315111651338,95.80798223614693
5339,6182,0.003390846834760623,0.0018184745269096197,0.0,0.0001572372307851003,95.82469218503684
5340,6183,0.0033895528344684675,0.0018181535208040562,0.0,0.00015713993136644112,95.84142998512834
5341,6184,0.003388015604573583,0.001811950359150019,0.0,0.00015760652454235638,95.85822629090399
5342,6185,0.003387079451185187,0.0018152223733972016,0.0,0.00015718570777879855,95.87505726329982
5343,6187,0.0033854733105750643,0.0018159580968957305,0.0,0.00015695152136793337,95.89917552284896
5344,6188,0.003385047772671121,0.0018145796458106393,0.0,0.00015704681268604816,95.91586506832391
5345,6189,0.003383902004844631,0.001818004056192432,0.0,0.00015658979486521992,95.9326721932739
5346,6191,0.0033834575785731524,0.0018199627255224573,0.0,0.0001563494853050695,95.95676459092647
5347,6192,0.0033827274483369954,0.001819703989897912,0.0,0.00015630234584390834,95.97366520389915
5348,6194,0.003381849296213414,0.0018193184833675499,0.0,0.00015625308128458645,95.99833003245294
5349,6196,0.0033815300208643586,0.0018190807365551858,0.0,0.00015624492843091731,96.0224560694769
5350,6197,0.003380616091588134,0.001819330203508859,0.0,0.0001561285888079275,96.03921768069267
5351,6198,0.00338006369567718,0.0018183844045169175,0.0,0.00015616792911602622,96.05594462994486
5352,6199,0.0033794082468189763,0.001818023598234449,0.0,0.00015613846485845273,96.07273460365832
5353,6200,0.0033787850732669472,0.0018159736498615335,0.0,0.00015628114234054138,96.08939969167113
5354,6201,0.0033781094945253046,0.0018154840352394297,0.0,0.0001562625459285875,96.1061619175598
5355,6202,0.003376978805782092,0.0018131511218347537,0.0,0.00015638276839473385,96.12291769124568
5356,6203,0.003374762919154736,0.001805449655329959,0.0,0.00015693132638247773,96.13964136689901
5357,6205,0.0033740974960326394,0.0018057162629685677,0.0,0.00015683812330640718,96.16420649085194
5358,6207,0.003373610978238264,0.001807056769474675,0.0,0.0001566554208763589,96.18831228278577
5359,6208,0.003372840920609162,0.001806260292192732,0.0,0.000156658062841643,96.20505699515343
5360,6209,0.0033726642801109666,0.0018035069038534073,0.0,0.0001569157376257559,96.22173000779003
5361,6210,0.003372166490661562,0.0018039236797814122,0.0,0.000156824281088015,96.23857092857361
5362,6211,0.0033719215008228614,0.0018046593464673638,0.0,0.00015672621543554976,96.2552449638024
5363,6212,0.0033715539489685455,0.0018043809510562383,0.0,0.00015671729979123075,96.27201103884727
5364,6213,0.003371096172354729,0.0018044522111972192,0.0,0.000156664396115751,96.28892733622342
5365,6214,0.0033707969508670376,0.001806199461732269,0.0,0.00015645974891347687,96.30564055405557
5366,6215,0.003370649777315283,0.001809045913732324,0.0,0.00015616038635829594,96.32233789004385
5367,6217,0.0033705360824793596,0.0018097592699082025,0.0,0.00015607768125711573,96.3464608117938
5368,6218,0.003370406770709735,0.0018091470743507177,0.0,0.00015612596963590175,96.36326095275581
5369,6219,0.00337007074931277,0.0018078650168662843,0.0,0.00015622057324464855,96.38132284488529
5370,6220,0.003369819844636335,0.0018076152530331763,0.0,0.00015622045916031585,96.3983043115586
5371,6221,0.0033695234695598746,0.0018069223047118897,0.0,0.00015626011648479848,96.41551782656461
5372,6222,0.0033691069724408503,0.001806211323348093,0.0,0.00015628956490927574,96.43233891669661
5373,6224,0.003368878188500237,0.0018060823392638235,0.0,0.00015627958492364137,96.4564516749233
5374,6225,0.003368495845156695,0.0018053822155079417,0.0,0.00015631136296487535,96.4732065917924
5375,6226,0.0033680788372860444,0.0018061372867487523,0.0,0.00015619415505372923,96.48994287941605
5376,6227,0.0033674482946575734,0.0018065992887754722,0.0,0.00015608490058821012,96.50681489426643
5377,6228,0.0033666547168267266,0.0018073951171750603,0.0,0.0001559259599651666,96.52390309330076
5378,6229,0.0033657862189874635,0.0018056818743971597,0.0,0.0001560104344590304,96.54080744367093
5379,6230,0.003365535502763896,0.0018018703284570026,0.0,0.00015636651743068932,96.55758651066571
5380,6231,0.003364667909040309,0.0018011875967083506,0.0,0.00015634803123319588,96.57440534420311
5381,6232,0.003364316679619809,0.001799068107202054,0.0,0.00015652485724177548,96.5915397061035
5382,6233,0.003364015946661778,0.0017988185991589223,0.0,0.00015651973475028558,96.60833456832916
5383,6234,0.0033631860187272227,0.0017965218205817158,0.0,0.0001566664198145507,96.62515907920897
5384,6235,0.003362177568369167,0.0017931961098958283,0.0,0.00015689814584733387,96.6420167600736
5385,6236,0.003360774964493233,0.0017910350533729164,0.0,0.00015697399111203164,96.65880078449845
5386,6237,0.0033594937955412005,0.0017888801209861563,0.0,0.00015706136745550445,96.67551286891103
5387,6239,0.003358784505657083,0.0017879739445186206,0.0,0.00015708105611384626,96.69948919210583
5388,6240,0.0033578749038241703,0.0017899213927508025,0.0,0.00015679535110733677,96.71615144610405
5389,6241,0.003357351870527687,0.0017896408739449508,0.0,0.0001567710996582736,96.73351698648185
5390,6242,0.003357012716725475,0.001790252625741502,0.0,0.0001566760090983973,96.75036151800305
5391,6243,0.00335685080384727,0.0017904285776450494,0.0,0.00015664222262022208,96.76718351710588
5392,6244,0.0033565189342342483,0.0017904106023277138,0.0,0.00015661083319065347,96.78380121756345
5393,6245,0.003356314853581711,0.0017904382597287083,0.0,0.00015658765938530026,96.80043761245906
5394,6246,0.0033560234901507317,0.0017912101413076675,0.0,0.0001564813348843064,96.81712245661765
5395,6247,0.003355516947353883,0.0017919929541350946,0.0,0.00015635239932187882,96.83394234906882
5396,6248,0.003355016725593158,0.0017918860927341972,0.0,0.0001563130632858961,96.85095978528261
5397,6249,0.0033545461718641483,0.001787236049694222,0.0,0.00015673101221699262,96.86773246247321
5398,6250,0.0033533515409197535,0.001791277784345225,0.0,0.00015620737565745282,96.8843836626038
5399,6251,0.003352609563326477,0.0017913523196837152,0.0,0.00015612572436427615,96.90119039360434
5400,6252,0.003351834129470166,0.0017890420203939387,0.0,0.00015627921090762275,96.91787432599813
5401,6254,0.00335143705068993,0.0017891522815393908,0.0,0.00015622847691505393,96.94208550546318
5402,6255,0.0033510962515343372,0.001788890189121627,0.0,0.000156220606241271,96.95902142673731
5403,6256,0.0033509516718778784,0.0017890267163142143,0.0,0.0001561924955563664,96.97579405363649
5404,6257,0.0033506691481657554,0.001789245833440621,0.0,0.00015614233147251346,96.99242392275482
5405,6258,0.0033503043422753445,0.0017905406305483147,0.0,0.00015597637117270295,97.00955434888601
5406,6259,0.00334980735160026,0.001790656826507563,0.0,0.00015591505250926968,97.02625055331737
5407,6260,0.0033492786399242484,0.001791890185357473,0.0,0.00015573884545667753,97.04328199010342
5408,6262,0.003349126707081932,0.0017920855637744745,0.0,0.00015570411433074577,97.06823051627725
5409,6263,0.0033486926162570067,0.0017924692890256238,0.0,0.00015562233272313827,97.084935804829
5410,6264,0.003348214277179208,0.0017943158637148016,0.0,0.00015538984134644065,97.10161994304508
5411,6265,0.00334764195384698,0.0017961299362785417,0.0,0.0001551512017568438,97.11829101480544
5412,6266,0.0033471196736434006,0.0017979131025053885,0.0,0.0001549206571138012,97.1351744486019
5413,6267,0.003346631903140054,0.001799450622152804,0.0,0.00015471812809872502,97.15274375025183
5414,6269,0.0033464262201725447,0.0018000605592305913,0.0,0.00015463656609419533,97.17670198250562
5415,6270,0.003346019936820317,0.0018001985719471782,0.0,0.00015458213648731386,97.19333088304847
5416,6271,0.003345473396157796,0.0018006637226119057,0.0,0.00015448096735458904,97.21012407168746
5417,6272,0.0033447816654426973,0.0018004208084586295,0.0,0.00015443608569840677,97.22687296755612
5418,6273,0.003344130248763655,0.0018010998045196475,0.0,0.00015430304442440074,97.2436581319198
5419,6274,0.003343856147415782,0.0018021234041396771,0.0,0.00015417327432761048,97.260413762182
5420,6275,0.0033429037458685713,0.0018008444699442769,0.0,0.00015420592759242944,97.27723156567663
5421,6276,0.003342147435598382,0.0018017281145883087,0.0,0.00015404193210100735,97.29406493809074
5422,6277,0.003341717260493399,0.0018035695854880284,0.0,0.00015381476750053708,97.31086972542107
5423,6278,0.0033411002830210723,0.0018027859558307614,0.0,0.00015383143271903112,97.32805256173015
5424,6279,0.0033406465818287593,0.001802753376473351,0.0,0.00015378932053554083,97.34491650760174
5425,6280,0.003339328101500628,0.0018051328068344555,0.0,0.00015341952946661727,97.36166842095554
5426,6281,0.0033380644729795097,0.0018073117445876643,0.0,0.0001530752728391845,97.37829211354256
5427,6283,0.0033370375125433257,0.0018070154437119913,0.0,0.0001530022068831334,97.40233226679265
5428,6285,0.003335939908498619,0.001806719764072444,0.0,0.0001529220144426175,97.42640198208392
5429,6287,0.003335118737741823,0.001808931370482895,0.0,0.0001526187367258928,97.45036890823394
5430,6288,0.0033329913679634327,0.0018064818943815748,0.0,0.00015265094735818577,97.46715926844627
5431,6290,0.003331580242963228,0.001805720951975425,0.0,0.00015258592909878028,97.49127909261733
5432,6292,0.0033300932208073838,0.001809945924458314,0.0,0.00015201472963490698,97.51535400282592
5433,6293,0.0033293976589106717,0.0018108273932048882,0.0,0.00015185702657057834,97.53252394404262
5434,6294,0.003328997906564418,0.0018108125112851852,0.0,0.00015181853952792328,97.54945532791317
5435,6295,0.0033287409344693658,0.0018122433506527708,0.0,0.0001516497583816595,97.56621014885604
5436,6296,0.0033282593991452564,0.0018121787788659457,0.0,0.00015160806202793107,97.5830233246088
5437,6297,0.0033278226366998584,0.0018105468156875725,0.0,0.0001517275821012286,97.59974813926965
5438,6298,0.003326839109312412,0.0018103149297016804,0.0,0.00015165241796107314,97.61643651872873
5439,6299,0.003325936785401968,0.0018118102204992652,0.0,0.00015141265649027031,97.63352865166962
5440,6300,0.00332508261776253,0.0018137635886997863,0.0,0.00015113190290627436,97.65020517259836
5441,6302,0.003324898840895556,0.001813910056087496,0.0,0.00015109887848080604,97.67430963832885
5442,6303,0.0033244978835621905,0.001816348080420367,0.0,0.00015081498031418235,97.6910323612392
5443,6304,0.0033243461761726253,0.0018166165157228425,0.0,0.00015077296604497828,97.7081457125023
5444,6306,0.003324274504884738,0.001817001689542692,0.0,0.0001507272815342046,97.73219619691372
5445,6307,0.00332404855954204,0.0018170034905555985,0.0,0.0001507045068986441,97.74886272475123
5446,6308,0.003323831316333985,0.0018168181408163729,0.0,0.0001507013175517612,97.76614894811064
5447,6310,0.003323614141134597,0.0018178144622891762,0.0,0.00015057996788454207,97.79028342664242
5448,6311,0.0033233832792004016,0.0018183387128834815,0.0,0.00015050445663169202,97.80700170528144
5449,6312,0.003323175646014323,0.0018180884640665548,0.0,0.00015050871819477686,97.82384730316699
5450,6313,0.003322867311635314,0.0018185886627928517,0.0,0.00015042786488424624,97.84061631374061
5451,6314,0.0033224825198617516,0.001819421867513251,0.0,0.00015030606523485003,97.85734072420746
5452,6315,0.003322046271006029,0.0018184397511479618,0.0,0.00015036065198580675,97.87446571048349
5453,6316,0.003321534642269229,0.0018199813247038992,0.0,0.00015015533175653296,97.89117048401386
5454,6317,0.003320823804596862,0.0018193762639601137,0.0,0.0001501447540636748,97.90792059805244
5455,6318,0.003319969155803273,0.001819386808598161,0.0,0.0001500582347205112,97.92466708831489
5456,6319,0.003319395805875958,0.001821130289987819,0.0,0.00014982655158881392,97.94141701143235
5457,6320,0.0033192187390145176,0.001820460448128676,0.0,0.00014987582908858416,97.9581546317786
5458,6321,0.0033187222730011456,0.001824392639840524,0.0,0.00014943296331606213,97.97502976469696
5459,6322,0.003318232078825235,0.0018216516174105232,0.0,0.00014965804614147117,97.99187987670302
5460,6323,0.0033178433978455256,0.0018218825196293503,0.0,0.00014959608782161754,98.00866521708667
5461,6324,0.003317466494436013,0.0018226102940286238,0.0,0.00014948562004073892,98.02532129082829
5462,6325,0.0033171174289119603,0.0018230925480307975,0.0,0.00014940248808811626,98.04208078421652
5463,6327,0.003317100304802454,0.0018228465083955348,0.0,0.00014942537964069192,98.066337316297
5464,6329,0.003316947017980799,0.0018219223883633485,0.0,0.00014950246296174504,98.0904979268089
5465,6330,0.0033168123853883034,0.0018220981969511276,0.0,0.00014947141884371758,98.10727883689106
5466,6331,0.0033166783425221846,0.0018223997602395217,0.0,0.0001494278582282663,98.12396347709
5467,6332,0.0033165928784082994,0.00182235830744386,0.0,0.00014942345709644396,98.14107690565288
5468,6333,0.0033163900100229254,0.0018236297365151802,0.0,0.00014927602735077453,98.15822689887136
5469,6334,0.0033162270999263672,0.0018237657378486747,0.0,0.00014924613620776925,98.1748973513022
5470,6335,0.0033159866538226774,0.0018248082854908966,0.0,0.0001491178368331781,98.19161428045481
5471,6336,0.0033157555594942635,0.0018252640377053272,0.0,0.00014904915217889365,98.2083601821214
5472,6337,0.003315450473030899,0.0018260862463064834,0.0,0.00014893642267244155,98.22537307720631
5473,6338,0.003315190840336128,0.0018249087392191226,0.0,0.00014902821011170055,98.24219985958189
5474,6340,0.003315061946410189,0.0018254579595052254,0.0,0.00014896039869049634,98.26715426519513
5475,6341,0.00331491998531273,0.0018261458665962706,0.0,0.00014887741187164598,98.28475699573755
5476,6342,0.003314686432339659,0.0018266171812401112,0.0,0.00014880692510995479,98.30200034473091
5477,6343,0.003314410686891038,0.0018280286490650881,0.0,0.00014863820378259497,98.31864316388965
5478,6344,0.003313895182109683,0.0018299649956371046,0.0,0.00014839301864725784,98.33551052957773
5479,6345,0.003313029144076441,0.001831528226477396,0.0,0.0001481500917599045,98.35219782218337
5480,6346,0.0033119654016725555,0.0018304239804568633,0.0,0.00014815414212156924,98.36895012948662
5481,6347,0.0033112350914791724,0.001829517607355037,0.0,0.00014817174841241353,98.38577461894602
5482,6349,0.003310785535208631,0.001828473246688795,0.0,0.0001482312288519836,98.40991558600217
5483,6350,0.0033096917366576967,0.0018271634351174578,0.0,0.0001482528301540239,98.42673768848181
5484,6351,0.00330904834153661,0.0018199656086621517,0.0,0.00014890827328744585,98.44340968783945
5485,6353,0.003307641821287426,0.0018200896456256755,0.0,0.00014875521756617507,98.46748206857592
5486,6354,0.0033070214287942486,0.0018172001812360743,0.0,0.00014898212475581744,98.48415741324425
5487,6356,0.0033058250439665644,0.0018171545770635732,0.0,0.00014886704669029912,98.50825899280608
5488,6357,0.003304613418941785,0.0018133616310747524,0.0,0.00014912517878670325,98.52508088480681
5489,6358,0.0033030878031424255,0.0018055861313327121,0.0,0.00014975016718097136,98.54270937014371
5490,6359,0.003301698118353627,0.001804576913600715,0.0,0.00014971212047529118,98.55996782984585
5491,6360,0.0033006154998416696,0.0017980549542133783,0.0,0.00015025605456282911,98.57683992572129
5492,6361,0.0032990573758149705,0.0017955561613724762,0.0,0.0001503501214442494,98.59443135559559
5493,6362,0.0032976277497623894,0.001786114846086583,0.0,0.00015115129036758065,98.61138384509832
5494,6363,0.0032965964929538545,0.0017847028956949232,0.0,0.00015118935972589312,98.62876957561821
5495,6364,0.0032948784826416664,0.0017823560499773696,0.0,0.00015125224326642967,98.6459054639563
5496,6365,0.003293991814735082,0.0017776192768186301,0.0,0.0001516372537916452,98.66295688226819
5497,6367,0.003293621699061314,0.0017762222267607652,0.0,0.00015173994723005488,98.68753860611469
5498,6368,0.0032926409814183913,0.001773413877321045,0.0,0.00015192271040973462,98.70510672871023
5499,6370,0.0032922205327151474,0.0017734808773879247,0.0,0.00015187396553272226,98.72973394673318
5500,6371,0.0032919771102544134,0.0017683444820419524,0.0,0.0001523632628212461,98.74663710594177
5501,6372,0.003291562566173695,0.0017686281254126034,0.0,0.00015229344407610915,98.76344479154795
5502,6373,0.0032914550576898433,0.0017696631976421805,0.0,0.00015217918600476628,98.7803403865546
5503,6374,0.0032912824018594498,0.0017682544715932136,0.0,0.0001523027930266236,98.7972234589979
5504,6375,0.00329109299882126,0.001766321683044743,0.0,0.00015247713157765173,98.81398675963283
5505,6376,0.0032908187026546715,0.0017648453542864334,0.0,0.00015259733483682382,98.83084154780954
5506,6377,0.0032902743265675865,0.0017634654710316205,0.0,0.0001526808855535966,98.84767775144428
5507,6379,0.0032901578011009115,0.0017633349820552328,0.0,0.00015268228190456787,98.87187589146197
5508,6380,0.0032899675734789115,0.001764073601290975,0.0,0.00015258939721879362,98.88946397788823
5509,6381,0.00328976174726584,0.0017643217576193907,0.0,0.0001525439989646449,98.90629874262959
5510,6382,0.0032896089696951786,0.001765773719364142,0.0,0.00015238352503310366,98.92296268604696
5511,6383,0.003289483728391284,0.0017651881949520979,0.0,0.0001524295533439186,98.93981123995036
5512,6384,0.00328936138806634,0.0017643899846265143,0.0,0.00015249714034398258,98.95665905065835
5513,6386,0.0032892960599063973,0.001764265815873948,0.0,0.00015250302440324495,98.98126204498112
5514,6387,0.0032892282843075835,0.0017641583434454182,0.0,0.0001525069940862165,98.9979790225625
5515,6388,0.003289158716716238,0.001763554756620955,0.0,0.00015256039600952827,99.01475553493947
5516,6389,0.0032891039844865928,0.0017634155926928732,0.0,0.00015256883917937194,99.03154748305678
5517,6390,0.00328899053594994,0.0017621506966603246,0.0,0.00015268398392896158,99.04828108660877
5518,6391,0.003288757782634568,0.001759814267877848,0.0,0.00015289435147567202,99.06500567123294
5519,6393,0.0032886496871209064,0.0017584817483712251,0.0,0.00015301679387496816,99.09036867320538
5520,6394,0.0032883167922289846,0.0017556308149309786,0.0,0.0001532685977298006,99.10717936325818
5521,6396,0.003287942391406617,0.0017556350012212104,0.0,0.00015323073901854067,99.13171122502536
5522,6397,0.003287477628600542,0.001753644611125496,0.0,0.00015338330174750458,99.14893451146781
5523,6399,0.003287236788048785,0.0017515055783948242,0.0,0.00015357312096539607,99.17298511695117
5524,6400,0.0032869789493873524,0.0017523649601583237,0.0,0.00015346139892290288,99.18977928161621
5525,6401,0.003286671579260757,0.0017513375870863387,0.0,0.00015353339921744184,99.20665823854506
5526,6402,0.0032864626405382426,0.0017509189795811666,0.0,0.00015355436609570762,99.22337695397437
5527,6404,0.003286285169857809,0.0017498950310328501,0.0,0.0001536390138824959,99.24763089604676
5528,6405,0.003285954433111991,0.0017509952082141792,0.0,0.00015349592248978117,99.2643994288519
5529,6406,0.003285476393117121,0.0017490104673292533,0.0,0.00015364659257878678,99.281510184519
5530,6407,0.0032849926451932188,0.0017483260014461038,0.0,0.0001536666643747115,99.29832701943815
5531,6408,0.003284549649058654,0.0017494609225103177,0.0,0.00015350887265483363,99.31509198155254
5532,6410,0.0032842568389700637,0.00174898548269337,0.0,0.0001535271356276694,99.33931149728596
5533,6411,0.0032838205011204063,0.0017495802306311458,0.0,0.00015342402704892602,99.35610134061426
5534,6412,0.00328346541534956,0.0017499049242767346,0.0,0.00015335604910728253,99.37368481047451
5535,6413,0.003283426819409698,0.0017514639775399932,0.0,0.00015319628418697048,99.39041642285883
5536,6414,0.0032832308526214386,0.0017500530539815674,0.0,0.0001533177798639871,99.40716548170894
5537,6415,0.0032831293153989687,0.0017497626318939393,0.0,0.00015333666835050294,99.42387917544693
5538,6416,0.0032829223717312696,0.0017494905821602601,0.0,0.00015334317895710094,99.44079913012683
5539,6417,0.0032826031839793208,0.0017494589066895938,0.0,0.00015331442772897267,99.45769365970045
5540,6419,0.0032824795649373534,0.0017496557700101328,0.0,0.00015328237949272205,99.48189576528966
5541,6420,0.003282311508543462,0.0017509390913090807,0.0,0.0001531372417234381,99.49868787731975
5542,6421,0.003282055007823705,0.0017509748993571781,0.0,0.00015310801084665273,99.51538462843746
5543,6422,0.0032818550344139337,0.0017514173808880447,0.0,0.00015304376535258887,99.53222121950239
5544,6423,0.0032815990142132465,0.0017520934707964569,0.0,0.00015295055434167896,99.548963627778
5545,6424,0.0032811469066036385,0.0017519059702971276,0.0,0.00015292409363065109,99.56584680080414
5546,6425,0.0032805719632422988,0.001751018812861179,0.0,0.00015295531503811197,99.58256089128554
5547,6426,0.003280312619646096,0.0017500199692043283,0.0,0.00015302926504417674,99.59928329009563
5548,6428,0.003280039813808223,0.0017482919390120189,0.0,0.0001531747874796204,99.62326792720705
5549,6429,0.0032798200614144847,0.0017482779710707795,0.0,0.00015315420903437056,99.6400473723188
5550,6430,0.0032796582043840483,0.0017483137398665856,0.0,0.00015313444645174626,99.65687964577228
5551,6431,0.003279526978140235,0.0017478834532582961,0.0,0.00015316435248819392,99.67356233112514
5552,6432,0.0032793507815845986,0.001747785677678203,0.0,0.00015315651039063955,99.69034868944436
5553,6433,0.003279130203411134,0.00174730517953621,0.0,0.00015318250238749242,99.70711329113692
5554,6434,0.0032789046698384044,0.0017473838216163276,0.0,0.00015315208482220765,99.72390915174037
5555,6435,0.0032786493707918016,0.00174675821798252,0.0,0.00015318911528092814,99.7408650573343
5556,6436,0.0032784882035629447,0.0017465837288817053,0.0,0.00015319044746812396,99.75774590112269
5557,6437,0.00327834746928144,0.0017460330966661637,0.0,0.00015323143726152767,99.77444334607571
5558,6438,0.003278134984052922,0.0017456811203956457,0.0,0.00015324538636572765,99.79121448658407
5559,6440,0.003277984460690118,0.0017459452938686122,0.0,0.00015320391668215057,99.81618058308959
5560,6441,0.003277688452630121,0.001745310774206136,0.0,0.00015323776784239847,99.83297351002693
5561,6442,0.003277451487774398,0.0017466307463948855,0.0,0.00015308207413795123,99.8501318404451
5562,6444,0.003277209450560625,0.001745464121764043,0.0,0.00015317453287965816,99.87416996341199
5563,6445,0.003276741560781158,0.0017442604183973396,0.0,0.00015324811423838184,99.89100339543074
5564,6446,0.0032761576430442954,0.0017433497640320977,0.0,0.00015328078790121977,99.90779475681484
5565,6447,0.0032755324966269083,0.0017399655538732292,0.0,0.00015355669427536791,99.92495237290859
5566,6448,0.0032749289858886987,0.0017375323498382484,0.0,0.000153739663605045,99.9421035638079
5567,6449,0.0032746436495531992,0.0017339367933133902,0.0,0.00015407068562398092,99.9588847225532
5568,6450,0.0032744923640577713,0.0017344818138125943,0.0,0.00015400105502451773,99.97599015198648
5569,6451,0.0032742767946267754,0.0017351962721841691,0.0,0.00015390805224426064,99.99276925902814
5570,6452,0.003274097468566396,0.0017336605723575489,0.0,0.00015404368962088473,100.00951607432216
5571,6453,0.0032739502092429817,0.001733287531266229,0.0,0.00015406626779767527,100.02622225694358
5572,6454,0.0032737499167193873,0.001732064656151128,0.0,0.0001541685260568259,100.04305551759899
5573,6455,0.0032735735416927958,0.0017315286341709614,0.0,0.00015420449075218343,100.0597725128755
5574,6457,0.003273499859238485,0.0017309295380908423,0.0,0.00015425703211476425,100.08468173444271
5575,6458,0.0032732829857294527,0.0017306541789726233,0.0,0.00015426288067568297,100.10138904768974
5576,6459,0.003273010565184511,0.0017294966542594121,0.0,0.0001543513910925099,100.11811329983175
5577,6460,0.0032727465527189565,0.0017279914368757328,0.0,0.00015447551158432238,100.13488244824111
5578,6461,0.00327236012495269,0.001726571071980698,0.0,0.00015457890529719918,100.15162415243685
5579,6463,0.0032722176030331503,0.0017250253522461624,0.0,0.00015471922507869878,100.17559535056353
5580,6464,0.003272001603364513,0.0017246906244091054,0.0,0.00015473109789554076,100.1923170266673
5581,6465,0.0032718569351585227,0.0017259293143721663,0.0,0.00015459276207863563,100.20914389751852
5582,6466,0.003271689752862415,0.0017250109808393858,0.0,0.00015466787720230292,100.22582457121462
5583,6467,0.003271619260518673,0.001724398005135389,0.0,0.00015472212553832842,100.24251031782478
5584,6468,0.0032715061616180353,0.0017246446290837209,0.0,0.00015468615325343142,100.25923363864422
5585,6469,0.0032714412716601943,0.001724623199347155,0.0,0.0001546818072313039,100.27601646073163
5586,6470,0.003271396293803866,0.0017244191139290674,0.0,0.00015469771798747983,100.29294811654836
5587,6471,0.003271324051013059,0.0017241448249390857,0.0,0.00015471792260739737,100.30967601761222
5588,6472,0.0032712507495311566,0.0017234802862843704,0.0,0.00015477704632467864,100.32645292859524
5589,6473,0.0032711876680450998,0.0017237761624855456,0.0,0.0001547411505559554,100.3432254800573
5590,6474,0.003271120926166142,0.0017238336008150675,0.0,0.00015472873253510742,100.36016651894897
5591,6475,0.0032710490267835683,0.0017243325153514356,0.0,0.00015467165114321324,100.37684221472591
5592,6476,0.0032709513693166773,0.001725158690952649,0.0,0.00015457926783640286,100.39401465002447
5593,6477,0.0032707343103957195,0.0017265518875057217,0.0,0.00015441824228899981,100.41074384283274
5594,6478,0.0032702291831465196,0.0017288929130558116,0.0,0.00015413362700907079,100.42740064952523
5595,6480,0.0032695401810842314,0.001734489352348318,0.0,0.00015350508287359136,100.45134108606726
5596,6482,0.003269121554823857,0.0017349514910143292,0.0,0.00015341700638095277,100.4762466410175
5597,6483,0.003268257778662972,0.0017401266326922964,0.0,0.00015281311459706753,100.4929315391928
5598,6485,0.003266953040787316,0.0017449798503771123,0.0,0.0001521973190410204,100.51740328408778
5599,6487,0.003266319706536884,0.001743337433993783,0.0,0.00015229822725431008,100.54238190222532
5600,6489,0.0032656051794881444,0.0017441835225807118,0.0,0.00015214216569074327,100.56666657887399
5601,6490,0.0032647876807191814,0.0017466752667922429,0.0,0.00015181124139269385,100.58339378517121
5602,6492,0.003264485342436051,0.0017463369143045342,0.0,0.0001518148428131517,100.60743889212608
5603,6493,0.003264089837799794,0.001751630511599171,0.0,0.0001512459326200623,100.62451500445604
5604,6494,0.003263820019766957,0.001752733289196028,0.0,0.00015110867305709286,100.6412672875449
5605,6495,0.003263193220694188,0.0017536316262810692,0.0,0.00015095615944131187,100.65893585793674
5606,6496,0.0032629537507277164,0.0017558165171450166,0.0,0.00015071372335826998,100.67566212173551
5607,6497,0.0032626295203574884,0.0017571100580115386,0.0,0.00015055194623459498,100.69363893289119
5608,6498,0.0032624207032857996,0.001755587872840756,0.0,0.00015068328304450437,100.71034291107208
5609,6499,0.0032622275813600386,0.0017581000566113808,0.0,0.00015041275247486578,100.72711232118309
5610,6500,0.003262012698658518,0.0017593080967385304,0.0,0.00015027046019199875,100.74416293296963
5611,6501,0.0032617375306282534,0.0017606927875312792,0.0,0.00015010447430969742,100.76086168456823
5612,6502,0.0032614278819016523,0.0017634165061658437,0.0,0.00014980113757358086,100.77754481974989
5613,6503,0.0032611936206126827,0.0017659295563955619,0.0,0.00014952640642171207,100.79426402132958
5614,6505,0.0032610181822445026,0.0017690271917568906,0.0,0.00014919909904876117,100.81838138215244
5615,6506,0.0032605898769478368,0.0017713158380278707,0.0,0.00014892740389199662,100.83599087968469
5616,6507,0.003260185472571521,0.0017750131779186902,0.0,0.0001485172294652831,100.85267190169543
5617,6508,0.003259895803491059,0.0017767822864766557,0.0,0.0001483113517014403,100.8694450929761
5618,6509,0.003259681164264872,0.0017741839346360868,0.0,0.00014854972296287855,100.88619602099061
5619,6510,0.0032594264074944095,0.001776902514525395,0.0,0.00014825238929690144,100.90295361820608
5620,6511,0.003259081617239149,0.001776590662828361,0.0,0.0001482490954410788,100.91967648267746
5621,6512,0.003258762754316039,0.0017754992622222988,0.0,0.000148326349209374,100.93637173622847
5622,6514,0.0032585198393267644,0.001775457217225893,0.0,0.00014830626221008715,100.96074749995023
5623,6515,0.003258209544785828,0.0017748383329598185,0.0,0.000148337121182601,100.97739370260388
5624,6516,0.0032579434547388895,0.0017735776641275998,0.0,0.00014843657906112896,100.99415371567011
5625,6517,0.003257699532523782,0.001772445823504135,0.0,0.0001485253709019647,101.0108303045854
5626,6518,0.0032573749968286513,0.0017706066230000408,0.0,0.00014867683738286106,101.02766112145036
5627,6519,0.0032571478083543697,0.0017677669612388286,0.0,0.00014893808471155414,101.04438291117549
5628,6520,0.0032569737045629018,0.0017660547501706586,0.0,0.0001490918954392243,101.06110056303442
5629,6522,0.0032568465858318603,0.0017651256703561115,0.0,0.0001491720915475749,101.0852988390252
5630,6523,0.00325672910876363,0.001763359261013856,0.0,0.00014933698477497735,101.10209580976516
5631,6524,0.003256559570480583,0.0017642767237453312,0.0,0.00014922828467352518,101.11887138709426
5632,6525,0.0032563776014224747,0.001764651303677789,0.0,0.0001491726297744686,101.13561535999179
5633,6526,0.003256180459977028,0.0017648691633013048,0.0,0.00014913112966757233,101.15228486061096
5634,6527,0.0032559119849302825,0.0017649259860972254,0.0,0.00014909859988330572,101.16978122480214
5635,6528,0.003255635827465868,0.001765453480251618,0.0,0.000149018234721425,101.18643430992961
5636,6529,0.0032553192503227074,0.0017655996355582758,0.0,0.00014897196147644316,101.20309878792614
5637,6530,0.003254939612565821,0.0017677504135411028,0.0,0.00014871891990247185,101.21992813702673
5638,6531,0.0032546851753245923,0.0017669954540033344,0.0,0.0001487689721321258,101.23665281105787
5639,6532,0.003254492465712195,0.00176749045283126,0.0,0.0001487002012880935,101.25377317797393
5640,6533,0.0032542795740134363,0.0017685955427011889,0.0,0.00014856840313122476,101.27056627906859
5641,6534,0.003254085145136242,0.001769617862360936,0.0,0.00014844672827753062,101.28733871225268
5642,6535,0.0032538815622537394,0.001769674211649059,0.0,0.00014842073506046802,101.30413035862148
5643,6536,0.003253625113197817,0.0017681085168770928,0.0,0.00014855165963207243,101.32090323418379
5644,6537,0.003253482798305589,0.0017684403904593192,0.0,0.00014850424078462698,101.33768565300852
5645,6538,0.003253004674658611,0.0017685717503336962,0.0,0.00014844329243249147,101.35466877743602
5646,6539,0.003252847372429542,0.0017681861217784414,0.0,0.00014846612506511008,101.37152528762817
5647,6540,0.0032526110174661187,0.0017694845050481808,0.0,0.00014831265124179378,101.38823815062642
5648,6541,0.003252084607425718,0.0017679536971191667,0.0,0.00014841309103065512,101.40496078692377
5649,6542,0.0032517384111729517,0.0017669511699930627,0.0,0.0001484787241179889,101.4217455079779
5650,6543,0.003251408995105372,0.0017661221815207353,0.0,0.0001485286813584637,101.43862591311336
5651,6544,0.0032512696116837134,0.0017673738983188189,0.0,0.00014838957133648948,101.45530673954636
5652,6546,0.00325076227361016,0.0017655904981428267,0.0,0.00014851717754673334,101.47932821512222
5653,6547,0.0032507345780996193,0.001763723788419598,0.0,0.0001487010789680021,101.49610722996294
5654,6548,0.0032504850441563305,0.0017648040954257314,0.0,0.00014856809487305995,101.51286549773067
5655,6549,0.003250387222478825,0.0017645821389552759,0.0,0.0001485805083523549,101.52948887925595
5656,6550,0.0032502511446902546,0.0017646757433356407,0.0,0.0001485575401354614,101.54623614158481
5657,6551,0.003250056717288414,0.0017633162792602835,0.0,0.00014867404380281303,101.56278656050563
5658,6552,0.0032500058420583946,0.0017639828574520303,0.0,0.00014860229846063645,101.57960312440991
5659,6553,0.003249945528673601,0.001763154385794008,0.0,0.00014867911428795934,101.59692498296499
5660,6554,0.0032498726495789492,0.001762715385674625,0.0,0.00014871572639043242,101.61372279096395
5661,6555,0.0032497758460586085,0.001762496917723072,0.0,0.00014872789283355365,101.63031381368637
5662,6556,0.0032496908209760987,0.0017619767279835083,0.0,0.00014877140929925905,101.64712510351092
5663,6558,0.003249665204952853,0.0017618399624175444,0.0,0.00014878252425353086,101.67109535913914
5664,6559,0.003249527421068161,0.0017611711308165405,0.0,0.00014883562902516206,101.68783520720899
5665,6560,0.0032494176754321747,0.0017594981325946934,0.0,0.00014899195428374812,101.70473783742636
5666,6561,0.003249163843688831,0.001759234231927406,0.0,0.00014899296117614247,101.72128312569112
5667,6562,0.0032486934869465447,0.0017578226442634638,0.0,0.0001490870842683081,101.73933402914554
5668,6563,0.0032483602685532413,0.001756626387643815,0.0,0.00014917338809094263,101.75604196358472
5669,6564,0.003247929108521121,0.001753442181993432,0.0,0.0001494486926527689,101.77320665866137
5670,6566,0.0032477214991647263,0.0017533367753522046,0.0,0.00014943847238125217,101.79732533264905
5671,6567,0.0032473485773713753,0.0017523627393190328,0.0,0.00014949858380523427,101.81398423574865
5672,6568,0.0032467752276889384,0.0017492427050994936,0.0,0.0001497532522589445,101.83070990722626
5673,6569,0.003246381646806913,0.0017473977999300865,0.0,0.00014989838468768265,101.84738608077168
5674,6570,0.003245973260024639,0.0017454126772238486,0.0,0.00015005605828007903,101.8641431350261
5675,6571,0.0032455128162220603,0.0017427081862662905,0.0,0.00015028046299557697,101.88073377031833
5676,6572,0.0032451041510733643,0.0017385194100952132,0.0,0.00015065847409781512,101.89729056879878
5677,6574,0.003244641919215245,0.0017378435067098878,0.0,0.00015067984125053573,101.92127952259034
5678,6575,0.0032440417767581786,0.001735651161068942,0.0,0.00015083906156892368,101.93809252791107
5679,6577,0.003243578893651216,0.0017333547515811067,0.0,0.00015102241420701095,101.96219212841243
5680,6579,0.003242922458395472,0.0017298229072703303,0.0,0.00015130995511251417,101.98715401161462
5681,6580,0.0032422884442566777,0.0017287509758710398,0.0,0.0001513537468385638,102.00376765150577
5682,6581,0.003241668565600282,0.0017237719685362842,0.0,0.00015178965970639977,102.02040437050164
5683,6582,0.0032413002740675732,0.0017174961072773727,0.0,0.00015238041667902007,102.03717605024576
5684,6583,0.0032405521349123815,0.0017209126489836563,0.0,0.00015196394859287254,102.05382684804499
5685,6584,0.0032401852970739987,0.0017186537302474505,0.0,0.00015215315668265478,102.0709506906569
5686,6585,0.0032396751510013265,0.0017162611319556404,0.0,0.0001523414019045686,102.08761609066278
5687,6587,0.0032390706187044533,0.0017106404272542142,0.0,0.00015284301914502392,102.11151463352144
5688,6588,0.003238108867891743,0.0017077636472952208,0.0,0.00015303452205965218,102.12816029693931
5689,6589,0.0032376184112322924,0.0017044165974006945,0.0,0.00015332018138315982,102.14476231485605
5690,6591,0.0032372667728654816,0.0017043532637812662,0.0,0.00015329135090842158,102.16875904798508
5691,6593,0.0032371406928370094,0.001703706618146787,0.0,0.00015334340746902224,102.19269841071218
5692,6594,0.003236976204385781,0.0017014068583729083,0.0,0.00015355693460128724,102.20932488422841
5693,6595,0.003236700875336283,0.001702230907258224,0.0,0.0001534469968078059,102.22592608258128
5694,6596,0.003236534612860181,0.0017025252787637823,0.0,0.00015340093340963988,102.24268709588796
5695,6597,0.0032363657537130518,0.001701500340559121,0.0,0.00015348654131539308,102.26018386241049
5696,6598,0.003236149425192213,0.0016993574555602114,0.0,0.00015367919696320013,102.27690346632153
5697,6599,0.003235929165441104,0.0016961107364269706,0.0,0.00015398184290141336,102.29374676663429
5698,6600,0.003235771946732291,0.0016947376055767044,0.0,0.00015410343411555866,102.31044347397983
5699,6601,0.00323566455046763,0.00169380934776923,0.0,0.00015418552026984,102.32762312423438
5700,6602,0.0032356405666501336,0.0016921412600208255,0.0,0.0001543499306629308,102.34423642512411
5701,6603,0.0032355223938210346,0.001693422978638087,0.0,0.00015420994151829477,102.36089726164937
5702,6604,0.003235404718255855,0.0016944056615885606,0.0,0.00015409990566672945,102.37767905648798
5703,6605,0.0032351158397630683,0.0016962340686047567,0.0,0.00015388817711583114,102.39446087367833
5704,6606,0.003234557136227413,0.0017048147311443612,0.0,0.0001529742405083052,102.41117755975574
5705,6607,0.003233926401990029,0.0017021008328634737,0.0,0.00015318255691265556,102.42786605004221
5706,6608,0.0032336362925767747,0.0016974146256176208,0.0,0.00015362216669591539,102.44443293195218
5707,6609,0.003233290768854165,0.0017029693594324804,0.0,0.00015303214094216844,102.46095989644527
5708,6611,0.0032328361609114667,0.0017035698617866863,0.0,0.000152926629912478,102.48532324377447
5709,6612,0.0032324849426934037,0.0017010563660526886,0.0,0.0001531428576640715,102.50211744662374
5710,6613,0.0032321702883486864,0.0017020782554480842,0.0,0.0001530092032900602,102.51917288452387
5711,6615,0.003231966653114552,0.0017039059435284092,0.0,0.00015280607095861432,102.54330305475742
5712,6616,0.0032316911384394804,0.0017054153667506288,0.0,0.00015262757716888518,102.56010844558477
5713,6617,0.0032314578774053334,0.0017053213343759942,0.0,0.00015261365430293395,102.57676162291318
5714,6618,0.0032311053905741184,0.001707922616245912,0.0,0.00015231827743282064,102.59337825793773
5715,6619,0.003230582516593309,0.001711541507586075,0.0,0.00015190410090072342,102.61033849511296
5716,6621,0.0032303566703815643,0.0017158948196687493,0.0,0.0001514461850712815,102.63432435505092
5717,6622,0.003229890222991325,0.0017193422648049126,0.0,0.00015105479581864123,102.65139678213745
5718,6623,0.0032296841740451524,0.0017212565970881665,0.0,0.00015084275769569863,102.66807429492474
5719,6624,0.0032291428775052524,0.0017233289996253704,0.0,0.0001505813877879882,102.68479169998318
5720,6626,0.0032289613991008173,0.001721923125279479,0.0,0.00015070382738213386,102.70967350807041
5721,6627,0.003228757244171517,0.0017217309112044542,0.0,0.00015070263329670626,102.72637117374688
5722,6628,0.003228629808276348,0.001724675426014227,0.0,0.0001503954382262121,102.74310952518135
5723,6629,0.003228430245099052,0.001722368288905479,0.0,0.00015060619561935732,102.75993737392128
5724,6630,0.0032282799694280506,0.0017217587210157617,0.0,0.00015065212484122886,102.77669299673289
5725,6631,0.0032280459540928496,0.0017208619866341099,0.0,0.00015071839674587396,102.79380859062076
5726,6632,0.0032279273225896605,0.0017207052773208402,0.0,0.00015072220452688203,102.81056042201817
5727,6633,0.0032278007620130077,0.0017202245482914188,0.0,0.00015075762137215892,102.8272073213011
5728,6634,0.0032276393484789775,0.0017197666790603296,0.0,0.0001507872669418648,102.84392028488219
5729,6635,0.0032273805508326652,0.001718280102812125,0.0,0.00015091004480205402,102.86062425747514
5730,6636,0.003226989218842526,0.0017168057799309046,0.0,0.00015101834389116215,102.877282618545
5731,6637,0.003226330732153426,0.0017134464784145235,0.0,0.00015128842537389024,102.8940469706431
5732,6638,0.0032252625233682715,0.0017129026172705089,0.0,0.00015123599060977625,102.9107675915584
5733,6641,0.003224782037115001,0.001710909596335542,0.0,0.0001513872440779459,102.94280735589564
5734,6642,0.003224169894997999,0.0017104064025317625,0.0,0.00015137634924662364,102.95957391988486
5735,6644,0.0032230772275784955,0.0017140917575930415,0.0,0.00015089854699854537,102.98435091320425
5736,6646,0.003222667392435035,0.001713064351756866,0.0,0.00015096030406781688,103.00880527403206
5737,6647,0.0032224863095711336,0.001712823030293433,0.0,0.00015096632792777008,103.02542673610151
5738,6648,0.003221878116813984,0.0017125474075545006,0.0,0.00015093307092594834,103.04213004466146
5739,6650,0.0032216489238276504,0.0017115928328518075,0.0,0.00015100560909758425,103.06661339942366
5740,6651,0.003221335299281535,0.001712113225118376,0.0,0.00015092220741631592,103.08321463316679
5741,6652,0.0032209053852115576,0.0017096728428822126,0.0,0.0001511232542329345,103.0998962521553
5742,6654,0.0032206701093173994,0.0017109019066030434,0.0,0.0001509768202714356,103.12398313824087
5743,6655,0.003220429345679428,0.0017100771449727458,0.0,0.00015103522007066822,103.14076234959066
5744,6656,0.0032202321378309697,0.0017096664012107806,0.0,0.00015105657366201893,103.15760476328433
5745,6657,0.003219983849465945,0.0017105552017055458,0.0,0.00015094286477603994,103.17430455610156
5746,6658,0.0032198038559318395,0.0017110611529551612,0.0,0.00015087427029766783,103.19100425112993
5747,6659,0.0032195839587539103,0.0017118597756810155,0.0,0.0001507724183072895,103.20770437922329
5748,6660,0.003219315715649598,0.001713242287532842,0.0,0.00015060734281167564,103.22428371198475
5749,6661,0.0032191490047979287,0.0017143186134055272,0.0,0.00015048303913924016,103.24097022879869
5750,6662,0.003218991554639444,0.001714359991746866,0.0,0.00015046315628925775,103.25795665290207
5751,6663,0.0032187659486125784,0.0017142975290525984,0.0,0.00015044684195599802,103.27465869951993
5752,6664,0.0032184280858421144,0.0017150096257736343,0.0,0.00015034184600684803,103.29181819595397
5753,6665,0.003217847947283625,0.0017136150118151423,0.0,0.0001504232935468483,103.30851490516216
5754,6666,0.0032173458222073776,0.0017128376189519464,0.0,0.00015045082032554314,103.325290880166
5755,6667,0.003216583757558902,0.0017105338921447884,0.0,0.0001506049865414114,103.34208185505122
5756,6668,0.0032157842432931957,0.001711660368520639,0.0,0.00015041238747725565,103.35890609771013
5757,6669,0.0032152850058478734,0.001712466513823203,0.0,0.00015028184920246707,103.37567640468478
5758,6670,0.0032150500094166763,0.001713877309032728,0.0,0.00015011727003839484,103.39239221718162
5759,6672,0.003214663605904662,0.001714385722525869,0.0,0.00015002778833787928,103.41661457065493
5760,6674,0.003214181587206486,0.0017132880908167316,0.0,0.00015008934963897544,103.44069212116301
5761,6675,0.003213517526281123,0.0017132713165150355,0.0,0.00015002462097660872,103.45752124115825
5762,6676,0.0032123497756574556,0.0017145325647633042,0.0,0.00014978172108941516,103.47465297672898
5763,6678,0.0032106677922382606,0.0017166622442176213,0.0,0.0001494005548020639,103.49959616176784
5764,6680,0.0032094701462144935,0.0017146261162335479,0.0,0.00014948440299809455,103.52363646496087
5765,6682,0.0032085974273188757,0.0017158713461178942,0.0,0.00014927260812009816,103.54784905351698
5766,6683,0.0032076694123083587,0.00171510787077298,0.0,0.00014925615415353787,103.5654667057097
5767,6685,0.0032052317700506493,0.001712608575958929,0.0,0.00014926231940917204,103.5896208519116
5768,6687,0.0032034434826766025,0.00171164551397643,0.0,0.00014917979687001725,103.61370708420873
5769,6689,0.0032023806121110575,0.0017094227552064546,0.0,0.00014929578569046028,103.63790733274072
5770,6691,0.0032017395283266362,0.0017106890336207573,0.0,0.0001491050494705879,103.66204139403999
5771,6692,0.0032004041110249653,0.0017085627484937807,0.0,0.00014918413625311845,103.67882317490876
5772,6694,0.003197914835530078,0.0017079247919417025,0.0,0.00014899900435883756,103.70302876178175
5773,6696,0.003196957691716195,0.0017064605130340175,0.0,0.00014904971786821773,103.72792991809547
5774,6697,0.003194990885231963,0.001705804275516371,0.0,0.00014891866097155917,103.74505909625441
5775,6698,0.0031933213045926747,0.0017051966051184495,0.0,0.0001488124699474225,103.76188621483743
5776,6699,0.003192434415232931,0.0017070256787743497,0.0,0.00014854087364585814,103.77867579553276
5777,6700,0.0031922128080542345,0.0017073008818835219,0.0,0.00014849119261707124,103.79564891755581
5778,6702,0.0031898393563891533,0.0017103455440570833,0.0,0.00014794938123320698,103.81990094855428
5779,6704,0.00318781074365112,0.0017079731523693764,0.0,0.00014798375912817433,103.8443016698584
5780,6706,0.003186522226095506,0.0017091886965095989,0.0,0.0001477333529585907,103.86833590362221
5781,6707,0.0031847098946689656,0.0017097099902808062,0.0,0.00014749999043881591,103.88512498978525
5782,6709,0.0031830822029705456,0.0017097796508202517,0.0,0.00014733025521502938,103.90923241525888
5783,6710,0.0031812341290254065,0.0017129334725585108,0.0,0.00014683006564668956,103.92597187776119
5784,6712,0.0031799727959606625,0.0017151698555311161,0.0,0.00014648029404295466,103.95015119109303
5785,6714,0.0031792616828834183,0.0017148932216765516,0.0,0.00014643684612068665,103.97427580226213
5786,6716,0.0031785469837792594,0.0017158931439230376,0.0,0.0001462653839856222,103.9992460059002
5787,6718,0.003178063789680399,0.0017152627718142685,0.0,0.00014628010178661304,104.02333343680948
5788,6720,0.0031774532612812434,0.0017154128981217893,0.0,0.0001462040363159454,104.04746073205024
5789,6721,0.003177013517138675,0.00171582502399159,0.0,0.00014611884931470847,104.06421434227377
5790,6722,0.0031754421345387383,0.0017162785351145858,0.0,0.00014591635994241523,104.08090958278626
5791,6724,0.0031750418917851813,0.001716350953426147,0.0,0.00014586909383590343,104.10503232106566
5792,6725,0.003174319100370066,0.0017179915393235805,0.0,0.00014563275610464857,104.12184814643115
5793,6726,0.0031736131169237437,0.0017178752924085913,0.0,0.00014557378245151525,104.13883539289236
5794,6727,0.003172618924815083,0.0017195787784701788,0.0,0.00014530401463449041,104.15609481371939
5795,6728,0.0031717364439625487,0.0017206568605346523,0.0,0.00014510795834278965,104.1728641455993
5796,6729,0.0031706736425167106,0.0017221481558724915,0.0,0.00014485254866442192,104.190072003752
5797,6731,0.003169995572059548,0.0017232312143122919,0.0,0.0001446764357747256,104.21404230874032
5798,6733,0.0031691724312923253,0.0017236498733010919,0.0,0.00014455225579912336,104.238190731965
5799,6734,0.003168424357807907,0.001728778410619485,0.0,0.00014396459471884219,104.25497280340642
5800,6736,0.0031674595923012446,0.001727842401441044,0.0,0.00014396171908602004,104.27920579910278
5801,6737,0.0031664498543299115,0.001726307066846743,0.0,0.00014401427874831684,104.29606776777655
5802,6738,0.003165094956687979,0.001725781522548542,0.0,0.00014393134341394369,104.3127538189292
5803,6739,0.00316316873305991,0.001729375845296601,0.0,0.00014337928877633093,104.32963545341045
5804,6741,0.0031622151689154544,0.0017306789419097848,0.0,0.00014315362270056698,104.35387184843421
5805,6742,0.0031601074611923028,0.0017307644793110924,0.0,0.00014293429818812103,104.37060721870512
5806,6743,0.003158940108107379,0.001733061557390666,0.0,0.00014258785507167125,104.38731321040541
5807,6744,0.0031578831187947013,0.0017333401193298965,0.0,0.00014245429994648047,104.4040895504877
5808,6745,0.0031569661260671972,0.0017333833672015812,0.0,0.00014235827588656157,104.42091791331768
5809,6747,0.0031562288291754337,0.0017349884107065005,0.0,0.00014212404184689328,104.445232572034
5810,6748,0.003155372849348874,0.0017313297562918139,0.0,0.000142404309305706,104.46198002249002
5811,6749,0.003154201894787796,0.0017313385025538302,0.0,0.0001422863392233966,104.4787218272686
5812,6750,0.003152258675569394,0.001731584282074707,0.0,0.0001420674393494687,104.49554330389947
5813,6751,0.0031506869439268705,0.0017296585740945924,0.0,0.0001421028369832278,104.5122480140999
5814,6752,0.003148945762886767,0.0017302852310526109,0.0,0.00014186605318341564,104.52891431376338
5815,6753,0.003147307679470963,0.0017267081845302292,0.0,0.00014205994949407336,104.54582651332021
5816,6754,0.003145449691082946,0.0017288794161654955,0.0,0.00014165702749174505,104.56258797086775
5817,6755,0.003143746571714041,0.0017296534681110524,0.0,0.00014140931036029888,104.57925885170698
5818,6756,0.0031429054907917454,0.0017269314998456862,0.0,0.0001415973990946059,104.59598743822426
5819,6757,0.0031406509908849735,0.0017286246690692648,0.0,0.00014120263218157087,104.61269698943943
5820,6758,0.0031402045914185545,0.0017280060288026524,0.0,0.00014121985626159021,104.62946373224258
5821,6759,0.0031392396073452594,0.0017302007070915347,0.0,0.0001409038900253725,104.6462349742651
5822,6760,0.003138204715557929,0.0017307836506851321,0.0,0.00014074210648727968,104.66372364386916
5823,6761,0.0031370778287760992,0.0017330326188347927,0.0,0.00014040452099413063,104.68086915370077
5824,6762,0.003136014123227516,0.001733957248106251,0.0,0.00014020568751212654,104.69779889471829
5825,6764,0.0031347668406209008,0.0017359945725013318,0.0,0.0001398772268119569,104.72178132459521
5826,6765,0.0031335381303456383,0.0017357460092102958,0.0,0.00013977921211353426,104.73907333891839
5827,6767,0.0031327516619891298,0.001734362049420654,0.0,0.0001398389612568476,104.76326121762395
5828,6768,0.0031320847752844463,0.001733158917584143,0.0,0.00013989258577003035,104.77995573543012
5829,6769,0.003131478298430312,0.001734728148914192,0.0,0.00013967501495161202,104.79687567893416
5830,6770,0.003130601038409792,0.0017359864263016094,0.0,0.00013946146121081827,104.8135636607185
5831,6771,0.0031294398168026927,0.0017364788668326704,0.0,0.00013929609499700225,104.83023949433118
5832,6772,0.0031286217233519823,0.001736495388486496,0.0,0.00013921263348654864,104.84698934201151
5833,6773,0.00312844662403509,0.0017361602546533035,0.0,0.00013922863693817863,104.86375158745795
5834,6774,0.0031283332356332695,0.0017375163374088864,0.0,0.00013908168982243829,104.88041325565428
5835,6775,0.0031279284162067057,0.0017368995515135283,0.0,0.0001391028864693177,104.89716257993132
5836,6776,0.003127357726025462,0.001736462394982724,0.0,0.0001390895331042738,104.91384470276535
5837,6777,0.003126568888037644,0.0017367873759549458,0.0,0.00013897815120826983,104.93137992266566
5838,6778,0.003125961961523676,0.001737431319076783,0.0,0.0001388530642446893,104.94806106761098
5839,6780,0.0031256228541527834,0.0017390957732479576,0.0,0.00013865270809048258,104.97205424681306
5840,6781,0.0031252246028648898,0.0017403049680145813,0.0,0.00013849196348503085,104.98882221151143
5841,6782,0.003124806436432028,0.0017408166708548153,0.0,0.00013839897655772127,105.00572144798934
5842,6783,0.0031239175125466305,0.0017425674305454751,0.0,0.00013813500820011553,105.02288110461086
5843,6784,0.0031229625798776363,0.0017440583892549503,0.0,0.00013789041906226858,105.04006480332464
5844,6786,0.0031221148657681235,0.001744838865385839,0.0,0.00013772760003822847,105.06420051399618
5845,6787,0.003120700777028357,0.001745539750334218,0.0,0.00013751610266941392,105.08131845202297
5846,6788,0.0031192345257867273,0.0017459061080462913,0.0,0.0001373328417740436,105.09806696046144
5847,6789,0.0031181939739098243,0.0017447230092037349,0.0,0.0001373470964706089,105.11472343187779
5848,6791,0.0031171944179373056,0.001745796942806171,0.0,0.0001371397475131135,105.13867296092212
5849,6792,0.003116546178356625,0.001749820998086241,0.0,0.00013667251802703837,105.15639917273074
5850,6794,0.0031158202553138734,0.001747906623736293,0.0,0.00013679136315775806,105.18065810296685
5851,6796,0.0031145323430221044,0.0017477666549568,0.0,0.00013667656880653046,105.20482934359461
5852,6797,0.0031140109666026082,0.0017491076144613123,0.0,0.00013649033521412958,105.22147029824555
5853,6798,0.0031134626007820482,0.001750067718057367,0.0,0.0001363394882724681,105.23824504669756
5854,6799,0.0031129318864995844,0.0017514519706414212,0.0,0.00013614799158581631,105.25501648522913
5855,6800,0.003112893495459119,0.001748760260609057,0.0,0.0001364133234850062,105.27188858296722
5856,6801,0.003112543819654722,0.0017491333334168145,0.0,0.00013634104862379073,105.28862560819834
5857,6802,0.0031124057950590598,0.0017503058024460566,0.0,0.00013620999926130034,105.30535126291215
5858,6803,0.003112246765984528,0.0017496200872223336,0.0,0.00013626266787621942,105.3220850136131
5859,6804,0.003112020439598637,0.0017494625278686637,0.0,0.00013625579117299732,105.33898060116917
5860,6805,0.003111678286600747,0.0017487406892218367,0.0,0.00013629375973789104,105.35579147841781
5861,6806,0.0031114965608411834,0.0017499560436556314,0.0,0.0001361540517185552,105.37244529090822
5862,6807,0.003111411099091535,0.0017488884839369685,0.0,0.00013625226151545668,105.38923595007509
5863,6808,0.0031113286794332683,0.0017490670563012026,0.0,0.00013622616231320656,105.40610639192164
5864,6809,0.0031111836542899573,0.0017490223763885707,0.0,0.00013621612779013864,105.42274859268218
5865,6810,0.0031110878282569225,0.0017489639262027012,0.0,0.00013621239020542215,105.43947565741837
5866,6811,0.0031108115797664248,0.0017482602594709842,0.0,0.0001362551320295441,105.45628337282687
5867,6812,0.0031103470624928176,0.001747619570230545,0.0,0.00013627274922622723,105.47313515748829
5868,6813,0.0031098628905281574,0.0017446069687736794,0.0,0.0001365255921754478,105.48996120505035
5869,6815,0.00310952037633254,0.0017445919977266792,0.0,0.00013649283786058608,105.51412497926503
5870,6816,0.0031092667078193056,0.0017441515917178338,0.0,0.00013651151161014717,105.53090154286474
5871,6817,0.0031091528161424076,0.0017437750664270294,0.0,0.00013653777497153779,105.54760229960084
5872,6818,0.003108968653713573,0.0017426904550389185,0.0,0.00013662781986746548,105.5642508007586
5873,6819,0.0031087159676557864,0.001743044852857354,0.0,0.00013656711147984324,105.58134702779353
5874,6820,0.003108411610020262,0.001743489901001382,0.0,0.000136492170901888,105.59807581920177
5875,6821,0.0031078366609949646,0.0017429415696480675,0.0,0.0001364895091346897,105.61480538453907
5876,6822,0.0031068150081265053,0.0017401407761535952,0.0,0.000136667423197291,105.63145126961172
5877,6823,0.00310582590690765,0.001739718427265908,0.0,0.00013661074796417422,105.64820191264153
5878,6825,0.0031049702041543344,0.0017366166630995534,0.0,0.0001368353541054781,105.67222624830902
5879,6826,0.0031035871957100737,0.001737410041948797,0.0,0.00013661771537612765,105.6890322547406
5880,6828,0.003103073856940696,0.0017360464601696745,0.0,0.00013670273967710217,105.71312074363232
5881,6829,0.00310248892105041,0.0017369995184202639,0.0,0.0001365489402630146,105.7306077517569
5882,6831,0.0031017051313255066,0.0017374893119300266,0.0,0.000136421581939548,105.75458610244095
5883,6832,0.0031010053357883975,0.0017401230382058646,0.0,0.00013608822975825328,105.77135367318988
5884,6834,0.0031007405395092266,0.0017389081575242202,0.0,0.00013618323819850064,105.79545376170427
5885,6835,0.0031005359685749388,0.001738383660157626,0.0,0.00013621523084173128,105.81218475382775
5886,6836,0.0031004151927250517,0.0017385993593286321,0.0,0.00013618158333964195,105.8288356307894
5887,6837,0.003100232517940371,0.0017392439955861132,0.0,0.00013609885223542575,105.8456106716767
5888,6839,0.003100009540586806,0.0017402513839151782,0.0,0.00013597581566716278,105.8695517545566
5889,6840,0.003099498920891873,0.0017408062324263895,0.0,0.0001358692688465484,105.88673242554069
5890,6841,0.0030982792744813593,0.0017413576774202156,0.0,0.00013569215970611436,105.90338914841413
5891,6842,0.0030970062796541347,0.001742340034335061,0.0,0.00013546662453190736,105.92010911926627
5892,6844,0.0030960416322025805,0.0017423300001941783,0.0,0.00013537116320084023,105.94449069816619
5893,6845,0.003095078041928858,0.00173972389625416,0.0,0.0001355354145674698,105.96118929050863
5894,6847,0.0030937468459455416,0.0017404230597548513,0.0,0.00013533237861906904,105.985510321334
5895,6849,0.0030927766386364903,0.0017411352513211503,0.0,0.00013516413873153397,106.00970246549696
5896,6850,0.0030923221832253743,0.001742178235958927,0.0,0.00013501439472664474,106.02642630506307
5897,6851,0.0030906720075936332,0.001740780371320584,0.0,0.00013498916362730495,106.04429804254323
5898,6852,0.003089942161145987,0.001738996333660743,0.0,0.0001350945827485244,106.06103350967169
5899,6853,0.0030890547810459323,0.0017396745104172112,0.0,0.0001349380270628721,106.07782743498683
5900,6854,0.0030884674040252856,0.0017390624707813598,0.0,0.0001349404933243926,106.09456464555115
5901,6855,0.0030873798980833892,0.0017395200896636169,0.0,0.00013478598084197722,106.11122539453208
5902,6856,0.0030868926372400064,0.0017384431898398189,0.0,0.00013484494474001876,106.1280358992517
5903,6857,0.0030854528155190783,0.0017384781504513687,0.0,0.00013469746650677096,106.14495400618762
5904,6858,0.003084389791416009,0.001736267418954332,0.0,0.00013481223724616772,106.16160767991096
5905,6859,0.0030839946966104725,0.001737268534718839,0.0,0.00013467261618916335,106.17835630569607
5906,6861,0.0030807880058980066,0.0017367070305827161,0.0,0.00013440809753152905,106.20238638110459
5907,6863,0.003080082945291821,0.0017352116854636378,0.0,0.00013448712598281834,106.2262764768675
5908,6864,0.0030787242907857355,0.0017357690330133708,0.0,0.0001342955257772365,106.24353248160332
5909,6865,0.003076768346214371,0.0017353905462342246,0.0,0.00013413777999801468,106.26032214332372
5910,6866,0.0030744740712704533,0.0017341598079819898,0.0,0.00013403142632884636,106.27718228846788
5911,6867,0.0030731673809466188,0.0017372912237704596,0.0,0.00013358761571761595,106.29414268117398
5912,6869,0.003071816986294257,0.0017357462466374711,0.0,0.0001336070739656786,106.31829954124987
5913,6871,0.003070997532682045,0.001735622402565761,0.0,0.00013353751301162838,106.34310723748058
5914,6872,0.0030703195655324934,0.0017370310097289793,0.0,0.00013332885558035138,106.35994191188365
5915,6873,0.0030690471150269646,0.001736463889112089,0.0,0.00013325832259148754,106.37702173367143
5916,6874,0.003067670926544584,0.0017366530986930961,0.0,0.0001331017827851488,106.39378316514194
5917,6876,0.003066839618021268,0.0017363185342456086,0.0,0.0001330521083775659,106.41824079770595
5918,6878,0.00306602160748984,0.0017381875058615685,0.0,0.00013278341016282713,106.44235581811517
5919,6879,0.0030653175434884458,0.0017379215621350526,0.0,0.0001327395981353393,106.45939609501511
5920,6880,0.0030635214533479144,0.0017365108469341258,0.0,0.00013270106064137887,106.47641531471163
5921,6881,0.003062394803159691,0.0017376247846186787,0.0,0.00013247700185410125,106.49348767660558
5922,6883,0.0030616598518989793,0.0017353322295272954,0.0,0.0001326327622371684,106.51756028085947
5923,6885,0.003060796723764555,0.00173474450269319,0.0,0.0001326052221071365,106.5417998880148
5924,6887,0.0030599554678469192,0.0017335986737886564,0.0,0.00013263567940582628,106.56653588730842
5925,6888,0.0030592010498427065,0.0017354248882413218,0.0,0.00013237761616013847,106.58332895115018
5926,6889,0.003058617071019492,0.0017367336793594,0.0,0.00013218833916600923,106.60008500050753
5927,6890,0.0030576554357335532,0.0017361758866221598,0.0,0.00013214795491113936,106.61759451404214
5928,6891,0.0030566139997860527,0.0017367398226343263,0.0,0.00013198741771517264,106.63422294519842
5929,6893,0.003056372290697929,0.0017365147756193463,0.0,0.0001319857515078583,106.65878820233047
5930,6894,0.0030558027825883763,0.0017378852019619842,0.0,0.00013179175806263922,106.67552070971578
5931,6895,0.0030555882489722067,0.0017373717150908374,0.0,0.00013182165338813693,106.69236015342176
5932,6896,0.0030554131801676467,0.001736692543817337,0.0,0.00013187206363503097,106.7091473499313
5933,6897,0.0030549680235076085,0.0017371995161585,0.0,0.00013177685073491086,106.72586498875171
5934,6898,0.003054624239320719,0.0017373555643773251,0.0,0.0001317268674943394,106.74319021683186
5935,6899,0.003054083369109906,0.0017373349417645011,0.0,0.0001316748427345405,106.76002640929073
5936,6900,0.0030535512860226212,0.0017374149258062202,0.0,0.00013161363602164007,106.77717994712293
5937,6901,0.003052815318530408,0.0017359419934489602,0.0,0.00013168733250814479,106.79403344262391
5938,6902,0.003052070068017745,0.00173607711116291,0.0,0.00013159929568548352,106.81130248494446
5939,6903,0.003050991360581134,0.0017361414934608003,0.0,0.00013148498671203339,106.82799183763564
5940,6905,0.0030495734428342353,0.0017350274967082413,0.0,0.00013145459461259943,106.85211039893329
5941,6906,0.0030482312207850614,0.001734267672634064,0.0,0.00013139635481509976,106.86920780315995
5942,6908,0.003047212895747214,0.0017344052083784285,0.0,0.00013128076873687852,106.89391144644469
5943,6909,0.0030448628431765236,0.001732579831269868,0.0,0.00013122830119066556,106.91061957366765
5944,6911,0.0030429425886217354,0.001733740807576777,0.0,0.0001309201781044958,106.9345403732732
5945,6912,0.003040720643309525,0.0017296668724592513,0.0,0.0001311053770850274,106.95126023422927
5946,6914,0.003039775434052425,0.001728293561702496,0.0,0.00013114818723499288,106.97570733167231
5947,6916,0.003038680903152383,0.0017271450195486485,0.0,0.00013115358836037345,107.00107405986637
5948,6917,0.003037913244620504,0.001727061157339951,0.0,0.0001310852087280553,107.01795309968293
5949,6918,0.0030370682813316654,0.0017257259455416504,0.0,0.0001311342335790015,107.03464255761355
5950,6920,0.0030366581043408244,0.001726618247656749,0.0,0.00013100398566840755,107.05878782086074
5951,6921,0.0030359813387963205,0.0017254178153968333,0.0,0.00013105635233994872,107.07587089389563
5952,6922,0.0030350346441461425,0.0017233563123224983,0.0,0.00013116783318236442,107.09265938028693
5953,6924,0.003034487748920449,0.0017239365166229425,0.0,0.00013105512322975066,107.11669427156448
5954,6925,0.003034035306966027,0.0017218677080700201,0.0,0.00013121675988960068,107.13332989159971
5955,6926,0.0030331902090719033,0.0017223213038642352,0.0,0.0001310868905207668,107.15002368763089
5956,6927,0.003032549160799156,0.0017219205825653213,0.0,0.00013106285782338344,107.16678920667619
5957,6928,0.0030317577640734897,0.001722707381522077,0.0,0.0001309050382551413,107.1835800409317
5958,6929,0.003030300770760251,0.0017214705798303614,0.0,0.00013088301909298895,107.2002606280148
5959,6930,0.0030286519017464868,0.0017203754068989966,0.0,0.00013082764948474905,107.21691886801273
5960,6931,0.0030267899034076787,0.0017177767317557706,0.0,0.00013090131716519078,107.23365106619895
5961,6933,0.003026301829890047,0.0017191275591927143,0.0,0.00013071742706973329,107.25784251000732
5962,6934,0.0030255559615008105,0.0017193834742580544,0.0,0.00013061724872427563,107.27450568880886
5963,6935,0.003024476383360268,0.0017169019831510483,0.0,0.00013075744002092197,107.2912714490667
5964,6936,0.003023053514684663,0.0017174532485060897,0.0,0.00013056002661785733,107.30815236829221
5965,6937,0.003021844082060688,0.00171547897467986,0.0,0.00013063651073808285,107.3253879873082
5966,6939,0.0030211824333014814,0.0017162563697306278,0.0,0.00013049260635708537,107.3503730436787
5967,6940,0.0030200012614171115,0.0017152775627050066,0.0,0.00013047236987121048,107.36708602122962
5968,6941,0.0030185206996733993,0.0017131418604298357,0.0,0.00013053788392435633,107.38379800319672
5969,6942,0.0030166544062356603,0.0017140559525026663,0.0,0.00013025984537329939,107.40129410754889
5970,6943,0.0030162106729834646,0.0017101941744354495,0.0,0.0001306016498548015,107.41840901132673
5971,6945,0.0030148310693506484,0.0017115397526095782,0.0,0.00013032913167410705,107.44351808167994
5972,6947,0.0030137277006385636,0.0017119344267453728,0.0,0.00013017932738931907,107.46749097201973
5973,6948,0.0030130944044837044,0.0017109829996998648,0.0,0.00013021114047838395,107.48419221956283
5974,6949,0.003012263975136297,0.0017103240213729386,0.0,0.00013019399537633584,107.5009180335328
5975,6950,0.003011280155644433,0.001709621015105713,0.0,0.00013016591405387196,107.51848200988024
5976,6951,0.0030111567596792094,0.0017057508717415741,0.0,0.0001305405887937635,107.53519962448627
5977,6952,0.003009045509767271,0.0017071094909772194,0.0,0.00013019360187900515,107.55217842105776
5978,6953,0.0030083638325526327,0.0017083564880842495,0.0,0.00013000073444683832,107.56885522790253
5979,6954,0.003007421386263082,0.0017064704638212196,0.0,0.00013009509224418627,107.58566221687943
5980,6955,0.003005944818251268,0.0017048210830799407,0.0,0.0001301123735171327,107.6027190759778
5981,6957,0.003004955391954318,0.001704571118701316,0.0,0.0001300384273253002,107.6267027342692
5982,6958,0.0030035584187308494,0.0017022566569053553,0.0,0.0001301301761825494,107.64341030549258
5983,6959,0.0030006715584682477,0.0016995488767365687,0.0,0.0001301122681731679,107.66028462350368
5984,6960,0.0029973349667412916,0.0016944828193916882,0.0,0.00013028521473496034,107.67710786312819
5985,6962,0.002996213707861767,0.0016953327130877667,0.0,0.00013008809947740005,107.70157817658037
5986,6964,0.0029953079616869887,0.0016941215657570203,0.0,0.00013011863959299687,107.72568031586707
5987,6965,0.0029938068109617057,0.0016930857795656932,0.0,0.00013007210313960123,107.74251311458647
5988,6966,0.0029921903825275865,0.0016905641343800337,0.0,0.0001301626248147553,107.75940932612866
5989,6967,0.0029908296234105874,0.0016906209116083594,0.0,0.00013002087118022283,107.77620312198997
5990,6969,0.00298968457397779,0.0016873000517609496,0.0,0.00013023845222168406,107.80039297882468
5991,6970,0.0029880110151124855,0.0016864597538397968,0.0,0.00013015512612726886,107.8172490382567
5992,6971,0.0029860310406637507,0.001683701807834531,0.0,0.00013023292328292197,107.83442107029259
5993,6973,0.0029840772429650117,0.001681520292855972,0.0,0.00013025569501090394,107.85851642582566
5994,6974,0.0029820566414070545,0.0016741324312917142,0.0,0.00013079242101153403,107.87520790472627
5995,6975,0.0029802625504447853,0.0016766107535967185,0.0,0.0001303651796848067,107.89201774355024
5996,6976,0.002979579201234342,0.0016738145822649555,0.0,0.00013057646189693867,107.90878493804485
5997,6977,0.0029770585614928803,0.0016729989835506992,0.0,0.0001304059577942181,107.92560655251145
5998,6978,0.0029751811135877246,0.0016693526983741532,0.0,0.00013058284152135712,107.94236695021391
5999,6979,0.0029729861319835824,0.0016684203399200096,0.0,0.0001304565792063573,107.95921720657498
6000,6980,0.002969538125926975,0.0016635939972523507,0.0,0.00013059441286746243,107.9759003194049
6001,6981,0.0029648314370157402,0.0016545732079557222,0.0,0.0001310258229060018,107.99284642189741
6002,6983,0.0029625541977769095,0.001653776621136642,0.0,0.00013087775766402673,108.01708309073001
6003,6984,0.002960375495129894,0.0016465398091853182,0.0,0.0001313835685944576,108.03382664080709
6004,6985,0.0029589965085936136,0.0016477228803265392,0.0,0.0001311273628267074,108.05073770787567
6005,6986,0.002957146485959421,0.0016417307479284367,0.0,0.00013154157380309845,108.06788744404912
6006,6987,0.0029557437984432658,0.0016405227232498506,0.0,0.0001315221075193415,108.08472023624927
6007,6988,0.0029545679966114084,0.0016379749060956052,0.0,0.00013165930905158031,108.1014847541228
6008,6989,0.002952889903435536,0.0016341656460415043,0.0,0.00013187242573940312,108.1181987542659
6009,6991,0.002950886991328454,0.0016279063169870808,0.0,0.00013229806743413733,108.14236463513225
6010,6992,0.0029494439828364454,0.0016186904015681157,0.0,0.00013307535812683295,108.15912823006511
6011,6993,0.0029472911680458475,0.0016207981559485031,0.0,0.00013264930120973444,108.17592590395361
6012,6994,0.002945160441208343,0.0016136450139841078,0.0,0.0001331515427224235,108.19272272847593
6013,6996,0.0029438059858607904,0.0016115417359255676,0.0,0.00013322642499352227,108.21733035426587
6014,6998,0.0029418993753374135,0.0016110711205037515,0.0,0.00013308282548336618,108.24149850010872
6015,6999,0.002940240837083629,0.001607792567692489,0.0,0.000133244826939114,108.25823120586574
6016,7000,0.0029382745030988276,0.0016022725167673096,0.0,0.00013360019863315183,108.27508374210447
6017,7002,0.0029374811117742865,0.0016001923532450927,0.0,0.00013372887585291938,108.29983233381063
6018,7003,0.0029365951083748423,0.0015961245893904533,0.0,0.00013404705189843887,108.31666308175772
6019,7005,0.002935779968796914,0.0015940615513782624,0.0,0.00013417184174186516,108.34126256778836
6020,7006,0.002935079364955117,0.001592278643662982,0.0,0.0001342800721292135,108.35816719196737
6021,7007,0.0029346012279551706,0.0015848765937667207,0.0,0.00013497246341884496,108.37537454348058
6022,7008,0.0029341814155032534,0.0015850028497175817,0.0,0.0001349178565785672,108.3922345712781
6023,7009,0.002933963590121859,0.0015852303104486138,0.0,0.00013487332796732448,108.40913776215166
6024,7010,0.002933783281654695,0.0015839972536875547,0.0,0.00013497860279671403,108.42580871190876
6025,7011,0.0029335621422340767,0.0015831093298929548,0.0,0.0001350452812341122,108.44279919844121
6026,7012,0.002933246316877356,0.0015812626598075941,0.0,0.00013519836570697618,108.459557662718
6027,7013,0.00293291374399655,0.0015797170636162382,0.0,0.00013531966803803115,108.47628432232887
6028,7014,0.0029325026287356777,0.0015780619597542192,0.0,0.00013544406689814585,108.49334902875125
6029,7015,0.002932378287676409,0.0015766782185042542,0.0,0.00013557000691721545,108.51003374904394
6030,7016,0.002932069846109677,0.0015771230207194506,0.0,0.00013549468253902264,108.52674655616283
6031,7017,0.0029319106799021053,0.0015768550483041361,0.0,0.0001355055631597969,108.54349037073553
6032,7018,0.0029316456542252886,0.0015765019829526354,0.0,0.00013551436712726535,108.56020442396402
6033,7019,0.002931304098244036,0.0015760125090437057,0.0,0.00013552915892003307,108.57690127380192
6034,7020,0.002930789734307368,0.001576484364123205,0.0,0.0001354305370184163,108.59362372010946
6035,7021,0.0029302431435337156,0.0015760493548019321,0.0,0.00013541937887317834,108.61053927149624
6036,7022,0.0029297663755869195,0.0015766677013088336,0.0,0.0001353098674278086,108.62730085663497
6037,7023,0.002929424126916504,0.0015760465876118893,0.0,0.00013533775393046149,108.64399186521769
6038,7024,0.002929193627137486,0.001575863832958666,0.0,0.00013533297941788197,108.66075798496604
6039,7025,0.0029288522443107912,0.0015748379196014735,0.0,0.0001354014324709318,108.67752533219755
6040,7026,0.002928396906675114,0.0015738962829354487,0.0,0.00013545006237396655,108.69417301658541
6041,7027,0.0029276574608087533,0.0015719085928008877,0.0,0.00013557488680078657,108.71089774463326
6042,7028,0.0029267103657265496,0.0015690020062930632,0.0,0.00013577083594334862,108.7277304455638
6043,7030,0.0029262555174856923,0.0015688745948175102,0.0,0.0001357380922668182,108.75255890469998
6044,7031,0.002924911596175671,0.001565953999869521,0.0,0.000135895759630615,108.76925330609083
6045,7032,0.0029242434391593833,0.00156405274801117,0.0,0.00013601906911482132,108.78651075344533
6046,7033,0.002923178576381276,0.001563380530006635,0.0,0.00013597980463746407,108.8032122431323
6047,7035,0.002922160762972005,0.0015645667217909969,0.0,0.00013575940411810083,108.82777582947165
6048,7036,0.0029207124985654175,0.0015641978548019155,0.0,0.0001356514643763502,108.84496060293168
6049,7037,0.002918424210821771,0.0015624060001143598,0.0,0.00013560182107074108,108.86163905262947
6050,7038,0.002914942010104123,0.0015580378955994299,0.0,0.00013569041145046931,108.8783258125186
6051,7040,0.002914423641438066,0.0015593328297304322,0.0,0.00013550908117076338,108.90244686603546
6052,7041,0.0029112638124454892,0.0015570596026759382,0.0,0.0001354204209769551,108.91991598531604
6053,7042,0.0029094620754374786,0.0015542638185600697,0.0,0.00013551982568774088,108.93664566706866
6054,7044,0.002908956563157028,0.0015552314683151863,0.0,0.00013537250948418412,108.96109456941485
6055,7045,0.002908218478950409,0.0015548082666018582,0.0,0.00013534102123485508,108.97799845505506
6056,7046,0.0029065655961577025,0.0015541126389986483,0.0,0.00013524529571590541,108.99484854005277
6057,7047,0.0029053869173215545,0.0015527460576294921,0.0,0.00013526408596920624,109.01160263828933
6058,7048,0.002904135520016557,0.0015516745295298673,0.0,0.000135246099048669,109.02842267602682
6059,7050,0.0029037097558088287,0.001552586039805647,0.0,0.00013511237160031817,109.05264415219426
6060,7052,0.0029031476273009764,0.0015509470346925596,0.0,0.00013522005926084167,109.07671981304884
6061,7053,0.0029029063370490187,0.0015508766107709918,0.0,0.0001352029726278027,109.09369845222682
6062,7054,0.002902346776811275,0.0015505444130486134,0.0,0.00013518023637626618,109.11065673083067
6063,7055,0.0029017465941330745,0.0015496310568242633,0.0,0.00013521155373088112,109.12748617026955
6064,7056,0.0029003650592873747,0.0015492865114979074,0.0,0.00013510785477894674,109.14433013275266
6065,7057,0.0028976913734516706,0.0015436330690842706,0.0,0.00013540583043674,109.16115094721317
6066,7059,0.0028963267523398773,0.0015440011811736118,0.0,0.00013523255711662654,109.1853135926649
6067,7060,0.0028933200280241134,0.0015411221050899554,0.0,0.0001352197922934158,109.20213928446174
6068,7061,0.002890883305511947,0.0015383239231704766,0.0,0.00013525593823414704,109.21881536394358
6069,7062,0.0028892048235169667,0.0015377572184375968,0.0,0.00013514476050793697,109.23551124986261
6070,7063,0.0028884381384319553,0.0015339464410621137,0.0,0.00013544916973698412,109.25220635347068
6071,7065,0.002886549562966688,0.0015341342590272202,0.0,0.00013524153039394678,109.2762838229537
6072,7066,0.002885167807220728,0.0015331605447530998,0.0,0.0001352007262467628,109.29318057652563
6073,7067,0.0028842363150633947,0.001530754856060327,0.0,0.00013534814590030673,109.31001435499638
6074,7068,0.0028833386127788117,0.0015315126052369123,0.0,0.00013518260075418993,109.32681830506772
6075,7069,0.0028831561051863245,0.0015308798746019316,0.0,0.00013522762305843929,109.34381019044667
6076,7070,0.002882316635001235,0.0015301352631903846,0.0,0.00013521813718108503,109.36060379818082
6077,7071,0.002882089452232302,0.0015297002483810821,0.0,0.000135238920385122,109.37718373723328
6078,7072,0.0028817927508494974,0.0015287123198649173,0.0,0.000135308043098458,109.39378715027124
6079,7073,0.0028814577283003927,0.0015278835228309802,0.0,0.00013535742054694122,109.41043686214834
6080,7075,0.0028811742878791296,0.0015270820679306844,0.0,0.0001354092219948445,109.43437369912863
6081,7076,0.002880714320635523,0.00152507059959066,0.0,0.0001355643721044863,109.45111727248877
6082,7078,0.0028804640382145475,0.0015245415336974102,0.0,0.00013559225045171373,109.47512815706432
6083,7079,0.002880012674651846,0.0015230502229672401,0.0,0.00013569624516846058,109.49194020126015
6084,7080,0.0028790348930018876,0.0015191629508969067,0.0,0.00013598719421049812,109.5086574582383
6085,7081,0.0028783384820779945,0.0015143246685892532,0.0,0.00013640138134887413,109.52531147003174
6086,7083,0.0028779994160369653,0.0015133337644353043,0.0,0.00013646656516016613,109.54945320263505
6087,7084,0.002877448267132692,0.0015131382580259572,0.0,0.0001364310009106735,109.5661669112742
6088,7085,0.0028771534776961937,0.0015115283375619695,0.0,0.00013656251401342244,109.58291938807815
6089,7086,0.0028769697333449803,0.0015095124454858307,0.0,0.00013674572878591494,109.59958756063133
6090,7088,0.0028768528357220697,0.001508434458203224,0.0,0.0001368418377518846,109.6233856221661
6091,7089,0.0028767194407460055,0.001507719171545487,0.0,0.00013690002692005187,109.64024257846177
6092,7090,0.0028765038051615788,0.0015058816262354298,0.0,0.00013706221789261492,109.65694177150726
6093,7092,0.0028764401560161155,0.0015051552869596201,0.0,0.00013712848690564954,109.68097057472914
6094,7093,0.002876362915159634,0.0015047508346706527,0.0,0.00013716120804889816,109.69782726094127
6095,7094,0.0028762978363973176,0.001504367493949364,0.0,0.00013719303424479534,109.71445851866156
6096,7095,0.002876263779978695,0.0015040547929564536,0.0,0.00013722089870222415,109.73117720056325
6097,7096,0.0028761656737512726,0.0015034203630670722,0.0,0.00013727453106842006,109.7479124488309
6098,7097,0.002875990819667388,0.0015028777709707349,0.0,0.00013731130486966528,109.76462824642658
6099,7099,0.0028758795873046064,0.0015024362633286176,0.0,0.0001373443323975989,109.78995353076607
6100,7100,0.0028755990085675034,0.0015016564916348067,0.0,0.00013739425169326968,109.80675282608718
6101,7101,0.0028750279387896346,0.001500773197297689,0.0,0.00013742547414919456,109.82345339097083
6102,7103,0.00287474042987766,0.0014994367950790228,0.0,0.00013753036347986374,109.84738678764552
6103,7104,0.002873915851222935,0.0014974375034476376,0.0,0.00013764783477752973,109.86400270741433
6104,7105,0.002871367119864597,0.0014908213939599478,0.0,0.0001380545725904649,109.8807822689414
6105,7106,0.002870755563539664,0.0014884089541456708,0.0,0.00013823466093939934,109.89755432121456
6106,7109,0.002869213151532735,0.0014809714913939943,0.0,0.00013882416601387405,109.92895675264299
6107,7111,0.0028690035934081076,0.0014802180317784084,0.0,0.0001388785561629699,109.95318236015737
6108,7112,0.002867972632587967,0.0014810105846082917,0.0,0.00013869620479796754,109.9705112669617
6109,7113,0.002866626795269062,0.0014781195108704462,0.0,0.00013885072843986159,109.98769366648048
6110,7114,0.0028658140212988875,0.0014738002266966581,0.0,0.00013920137946022294,110.00441365689039
6111,7115,0.0028646005197111466,0.0014721630610294873,0.0,0.00013924374586816592,110.02115728054196
6112,7116,0.0028628964008158508,0.0014676141050027742,0.0,0.00013952822958130767,110.03778619877994
6113,7117,0.002861627543637878,0.001467969726925916,0.0,0.00013936578167119619,110.05460864398628
6114,7119,0.00286075571658814,0.001465384627857898,0.0,0.00013953710887302416,110.07849573623389
6115,7120,0.0028596118601601763,0.0014661317252934352,0.0,0.00013934801348667415,110.09516214672476
6116,7121,0.002859283334141605,0.001466686125441632,0.0,0.0001392597208699973,110.11196669563651
6117,7122,0.0028590531223513602,0.0014642530026303887,0.0,0.00013948001197209713,110.12883547414094
6118,7123,0.002858829371941748,0.0014657195445293484,0.0,0.00013931098274123997,110.14564565941691
6119,7124,0.0028587179365381944,0.0014647351452141849,0.0,0.00013939827913240095,110.162293872796
6120,7125,0.0028587011663684207,0.0014648569792012466,0.0,0.00013938441871671743,110.17899486701936
6121,7126,0.002858660700228852,0.0014644430812763318,0.0,0.00013942176189525203,110.19568559527397
6122,7127,0.002858629780418065,0.0014641222994052096,0.0,0.00013945074810128556,110.21243609674275
6123,7128,0.002858588824478932,0.0014636122898012902,0.0,0.0001394976534677642,110.22905649617314
6124,7129,0.0028585558553381437,0.0014631443943497258,0.0,0.00013954114609884176,110.24590186215937
6125,7131,0.002858544536198296,0.0014628648277206727,0.0,0.00013956797084776232,110.26992316078395
6126,7132,0.002858525112568201,0.0014625641623128333,0.0,0.00013959609502553675,110.28669665846974
6127,7133,0.0028585174614413553,0.001462414677622725,0.0,0.000139610278381863,110.30341660883278
6128,7134,0.0028585046390303846,0.001462220720803891,0.0,0.0001396283918226494,110.32027282007039
6129,7135,0.002858480206443986,0.0014618684597706366,0.0,0.00013966117466733495,110.33712942525744
6130,7136,0.002858445866107097,0.0014615515359904534,0.0,0.00013968943301166434,110.35397176351398
6131,7137,0.0028583292025418823,0.0014606425376588925,0.0,0.00013976866648829898,110.37088073976338
6132,7138,0.002858174598429176,0.0014594730283657685,0.0,0.00013987015700634076,110.38762285001576
6133,7139,0.002857904153354056,0.0014579685187529447,0.0,0.00013999356346011113,110.4044882627204
6134,7140,0.0028575881940693837,0.0014557508491014545,0.0,0.00014018373449679292,110.42112546786666
6135,7142,0.0028573678909661077,0.0014546570222368452,0.0,0.00014027108687292628,110.44516485743225
6136,7144,0.002857112601688897,0.0014543842746155943,0.0,0.00014027283270733024,110.46963963471353
6137,7145,0.00285667291165016,0.0014513806459583868,0.0,0.00014052922656917734,110.48634736146778
6138,7146,0.002856576166930026,0.001451379022132994,0.0,0.00014051971447970319,110.50306853652
6139,7147,0.0028562765858910428,0.001451307783280561,0.0,0.00014049688026104818,110.5197786912322
6140,7148,0.0028561260984672565,0.0014490645258965179,0.0,0.0001407061572570739,110.53765099402517
6141,7149,0.0028559895400983564,0.0014486164563710603,0.0,0.00014073730837272963,110.55446052458137
6142,7150,0.002855848929893101,0.0014477188772737432,0.0,0.00014081300526193582,110.57122608367354
6143,7151,0.002855713826282121,0.0014463071697296051,0.0,0.0001409406656552516,110.58793861046433
6144,7152,0.0028555539835880338,0.0014449569226044733,0.0,0.00014105970609835605,110.60476498864591
6145,7153,0.0028554563213836156,0.001444435975741638,0.0,0.00014110203456419774,110.6213778378442
6146,7155,0.0028554098507482,0.001443600101644325,0.0,0.0001411809749103875,110.64605531841516
6147,7156,0.002855343896858816,0.0014435266580593903,0.0,0.00014118172387994258,110.66285505332053
6148,7157,0.0028552096694870977,0.0014426720758545018,0.0,0.0001412537593632596,110.67948578577489
6149,7158,0.0028551044017905702,0.0014416857716618681,0.0,0.00014134186301287022,110.69620017241687
6150,7159,0.0028549499321408765,0.0014400581459625566,0.0,0.000141489178617832,110.71296959277242
6151,7160,0.002854767611049658,0.0014377250468285815,0.0,0.00014170425642210768,110.72970273625106
6152,7161,0.002854603207804281,0.0014364383528955526,0.0,0.00014181648549087283,110.74647569283843
6153,7162,0.0028544662527622746,0.0014348017276785716,0.0,0.00014196645250837028,110.76318561471999
6154,7163,0.0028543340031058364,0.0014344101894794507,0.0,0.00014199238136263856,110.7802228666842
6155,7164,0.002854236459353547,0.0014335581245538925,0.0,0.00014206783347996545,110.79703093413264
6156,7165,0.0028541933896157343,0.0014326653532699216,0.0,0.00014215280363458126,110.81447009928524
6157,7166,0.0028541594134564837,0.0014321099753204466,0.0,0.0001422049438136037,110.83118518069386
6158,7167,0.002854130919595228,0.001431208450153797,0.0,0.00014229224694414306,110.84790930431336
6159,7168,0.002854110719055656,0.0014310335555308316,0.0,0.00014230771635248248,110.86466592270881
6160,7169,0.002854081581988698,0.0014304775411441595,0.0,0.00014236040408445387,110.88138612546027
6161,7170,0.0028540465842624195,0.0014299622670346191,0.0,0.00014240843172278004,110.89822150859982
6162,7171,0.002854016936006922,0.0014292024327190297,0.0,0.00014248145032878925,110.91481118742377
6163,7172,0.0028539791819988548,0.0014290660436077662,0.0,0.00014249131383910885,110.93144799303263
6164,7173,0.00285391192179512,0.001429211747649966,0.0,0.00014247001741451542,110.94824927765876
6165,7174,0.002853854651546208,0.0014295490567653112,0.0,0.00014243055947808965,110.96498845610768
6166,7175,0.002853812273421492,0.0014302414541686689,0.0,0.0001423570819252823,110.98209841176867
6167,7176,0.0028537842316318394,0.00143064758726932,0.0,0.00014231366443625195,110.99882037844509
6168,7177,0.002853764985118289,0.001431284000682179,0.0,0.000142248098443611,111.0154682258144
6169,7178,0.0028537376704837205,0.001431935284918444,0.0,0.00014218023855652767,111.03217655513436
6170,7179,0.0028537122647477407,0.0014325458857863266,0.0,0.00014211663789614142,111.04890880081803
6171,7180,0.002853691328380319,0.0014328939089367173,0.0,0.00014207974194436012,111.065639635548
6172,7182,0.002853681405863277,0.0014329689646024354,0.0,0.00014207124412608414,111.08981997799128
6173,7183,0.00285364575705346,0.0014333828186165732,0.0,0.0001420262938436887,111.10660878568888
6174,7184,0.002853609662815529,0.0014329325037447207,0.0,0.00014206771590708083,111.12322452384979
6175,7185,0.002853540329744886,0.0014336261656310325,0.0,0.0001419914164113853,111.13988695293665
6176,7186,0.0028534514357516595,0.0014334137175027256,0.0,0.0001420037718248934,111.15724832750857
6177,7187,0.0028533581740788167,0.0014357775113542795,0.0,0.00014175806627245375,111.17396365385503
6178,7188,0.0028532002440833115,0.0014354011265230698,0.0,0.00014177991175602417,111.19078900199383
6179,7189,0.0028531387242121385,0.001436406599720847,0.0,0.00014167321244912913,111.20756999775767
6180,7190,0.002853116641572204,0.0014365811404386483,0.0,0.00014165355011335558,111.22419506125152
6181,7191,0.0028531027297983404,0.00143669777756878,0.0,0.00014164049522295605,111.24079785030335
6182,7192,0.002853091391830917,0.0014375703672291538,0.0,0.0001415521024601763,111.25762789044529
6183,7193,0.002853080350452511,0.0014376856546379207,0.0,0.000141539469581459,111.27434027101845
6184,7194,0.002853073689941852,0.0014379179828269675,0.0,0.00014151557071148847,111.2912119962275
6185,7195,0.0028530655444280405,0.001438389011298869,0.0,0.00014146765331291716,111.3080267496407
6186,7196,0.002853061310926085,0.0014386173085436996,0.0,0.00014144440023823853,111.32488273922354
6187,7197,0.002853057090954846,0.0014387555449052371,0.0,0.00014143015460496092,111.3416474238038
6188,7199,0.002853054538000748,0.0014388045180241575,0.0,0.00014142500199765902,111.3657361511141
6189,7200,0.0028530495662734533,0.0014387586205998949,0.0,0.00014142909456735586,111.38237702194601
6190,7201,0.002853036775673224,0.0014384789910227842,0.0,0.00014145577846504402,111.39901424665004
6191,7202,0.002853027507168744,0.0014381737116661577,0.0,0.00014148537955025858,111.41579671949148
6192,7203,0.0028530232763193395,0.0014376684189940806,0.0,0.00014153548573252588,111.43247178383172
6193,7204,0.0028530181252836772,0.0014377825420823244,0.0,0.0001415235583201353,111.44919993076473
6194,7205,0.002853016987103853,0.0014377858125168418,0.0,0.0001415231174587011,111.46587860118598
6195,7206,0.002853014833629696,0.0014377921700524186,0.0,0.00014152226635772775,111.48368497844785
6196,7207,0.0028530109488937986,0.001437756346309556,0.0,0.00014152546025842427,111.500367811881
6197,7208,0.0028529979802656962,0.0014376392204328307,0.0,0.00014153587598328657,111.51791111845523
6198,7209,0.0028529656273868836,0.001437290611926502,0.0,0.00014156750154603815,111.53468542452902
6199,7210,0.002852899951481138,0.0014366332591310225,0.0,0.00014162666923501157,111.55137776397169
6200,7212,0.002852876417865663,0.0014361966671709002,0.0,0.0001416679750694763,111.57541531231254
6201,7214,0.002852758569375027,0.0014350295847236566,0.0,0.00014177289846513706,111.59987993072718
6202,7215,0.0028526027048231288,0.0014337682822535914,0.0,0.00014188344225695373,111.61656116321683
6203,7217,0.0028524992515369793,0.0014331621258615009,0.0,0.00014193371256754787,111.64063556492329
6204,7218,0.0028523677094687916,0.0014316382942206538,0.0,0.0001420729415248138,111.65752124227583
6205,7220,0.0028523218186794303,0.0014311601447023477,0.0,0.00014211616739770826,111.68148872628808
6206,7222,0.0028522889125421657,0.0014314673088268847,0.0,0.0001420821603715281,111.70547246653587
6207,7224,0.002852261064115477,0.0014311078033653107,0.0,0.0001421153260750166,111.73057808820158
6208,7225,0.002852202856022673,0.0014302711944545977,0.0,0.00014219316615680754,111.74742547050118
6209,7226,0.002852150579063582,0.0014290346035992878,0.0,0.00014231159754642944,111.76413685828447
6210,7227,0.0028521137600821403,0.0014287974703366885,0.0,0.0001423316289745452,111.78095317166299
6211,7228,0.002852061900953791,0.0014266514027081718,0.0,0.00014254104982456195,111.79770278558135
6212,7229,0.002851980680210421,0.0014272702736165348,0.0,0.00014247104065938861,111.81466216780245
6213,7230,0.0028518683730260263,0.0014263156445800135,0.0,0.00014255527284460126,111.83141624182463
6214,7233,0.0028517692297468492,0.0014249609938584722,0.0,0.0001426808235888377,111.86440681573004
6215,7234,0.002851696056314607,0.001424115546575679,0.0,0.0001427580509738928,111.881088193506
6216,7236,0.0028515798063514074,0.0014245530855741615,0.0,0.00014270267207772456,111.90524808131158
6217,7237,0.0028514941809573598,0.0014225991352888403,0.0,0.00014288950456685192,111.92269807588309
6218,7238,0.0028513465508150284,0.00142268691985626,0.0,0.00014286596309587683,111.93939820677042
6219,7240,0.002851189082929336,0.001421777135241322,0.0,0.00014294119476880143,111.96338314190507
6220,7241,0.002850923760564916,0.0014207765928576572,0.0,0.0001430147167707259,111.98040672298521
6221,7242,0.002850658873774525,0.0014174894424918527,0.0,0.0001433169431282672,111.99714842811227
6222,7244,0.002850506374928256,0.0014177318801710764,0.0,0.00014327744947571796,112.02229661308229
6223,7246,0.0028504301016133667,0.0014175406000065172,0.0,0.00014328895016068496,112.0463509997353
6224,7247,0.0028503239679952544,0.001417296093433051,0.0,0.00014330278745622034,112.06306825671345
6225,7248,0.0028502773724888297,0.0014166930601895741,0.0,0.00014335843122992553,112.07975008245558
6226,7249,0.0028502526989971997,0.0014169416491210955,0.0,0.00014333110498761044,112.09647568874061
6227,7250,0.0028502343139603127,0.0014167348994232702,0.0,0.00014334994145370427,112.11316341999918
6228,7251,0.002850203865098349,0.0014169853692442356,0.0,0.00014332184958541132,112.12985312007368
6229,7252,0.002850167402435127,0.001417281204851392,0.0,0.00014328861975837351,112.1466293092817
6230,7253,0.0028501254288331116,0.0014179109797615884,0.0,0.00014322144490715234,112.1633073957637
6231,7254,0.002850081765705628,0.0014185216904699387,0.0,0.00014315600752356892,112.18024570215493
6232,7255,0.002850036935429149,0.0014190900774214447,0.0,0.00014309468580077042,112.19695202354342
6233,7256,0.002850017688766992,0.0014192002661215632,0.0,0.0001430817422645429,112.21368224173784
6234,7257,0.0028499696894082735,0.00141921955826123,0.0,0.00014307501311470433,112.2303385604173
6235,7258,0.0028499370326232278,0.001419384990523638,0.0,0.00014305520420995898,112.24722397048026
6236,7259,0.002849903588887854,0.0014190904262129738,0.0,0.000143081316267488,112.26392122916877
6237,7260,0.002849860553346717,0.0014193718738989883,0.0,0.00014304886794477286,112.28071817103773
6238,7261,0.0028497914504066755,0.001419939311666843,0.0,0.00014298521387398324,112.2976316800341
6239,7262,0.00284973644255992,0.0014204268667839222,0.0,0.00014293095757759978,112.31441183201969
6240,7263,0.002849711491726218,0.0014204356002329053,0.0,0.00014292758914933126,112.33115675672889
6241,7264,0.002849678070114262,0.0014207678020689318,0.0,0.00014289102680453306,112.34803118556738
6242,7265,0.002849668798859104,0.0014207048213552564,0.0,0.00014289639775038476,112.36483502481133
6243,7266,0.002849658784261042,0.0014205162733241154,0.0,0.00014291425109369264,112.38204346317798
6244,7267,0.0028496476838893005,0.0014205384216864595,0.0,0.0001429109262202841,112.39889322128147
6245,7268,0.002849616917634015,0.0014204144331810896,0.0,0.00014292024844529252,112.41610401682556
6246,7269,0.0028495583159508743,0.0014203860297755217,0.0,0.00014291722861753525,112.43288097251207
6247,7270,0.002849464468264125,0.001420016315115873,0.0,0.0001429448153148252,112.450046537444
6248,7271,0.0028492905991666824,0.0014193938993484053,0.0,0.00014298966998182772,112.46725899260491
6249,7273,0.00284923927751882,0.0014179042989180398,0.0,0.00014313349786007802,112.49167020246387
6250,7274,0.0028489404616557747,0.0014167882036932654,0.0,0.00014321522579625092,112.50840074103326
6251,7275,0.002848520427297673,0.0014141600486691638,0.0,0.00014343603786285092,112.52504660561681
6252,7277,0.002848447412074721,0.0014128744520605096,0.0,0.00014355729600142115,112.54962267912924
6253,7279,0.0028483063281811542,0.0014129311291909217,0.0,0.00014353751989902325,112.57365210261196
6254,7280,0.0028481078621929636,0.0014112629088144648,0.0,0.00014368449533784988,112.591343970038
6255,7281,0.002848029362155659,0.001410362751501238,0.0,0.00014376666106544208,112.60810502711684
6256,7283,0.0028479768514329557,0.0014096089462894668,0.0,0.00014383679051434886,112.63212372269481
6257,7284,0.0028479303021597775,0.001409710181079911,0.0,0.00014382201210798664,112.64970974717289
6258,7285,0.0028478806562299568,0.0014078431331261735,0.0,0.00014400375231037832,112.66640205308795
6259,7286,0.0028478312788204375,0.001408651729847962,0.0,0.0001439179548972476,112.68303061369807
6260,7287,0.0028478045139473064,0.001408475929586973,0.0,0.00014393285843603335,112.69969308190048
6261,7288,0.0028477562183720296,0.0014076990844507323,0.0,0.00014400571339212974,112.71680454816669
6262,7289,0.002847713147682819,0.0014066857912613357,0.0,0.00014410273564214834,112.73349005822092
6263,7290,0.0028476819942227466,0.0014065459850572774,0.0,0.0001441136009165469,112.75026874151081
6264,7291,0.00284760815217248,0.0014049579336965726,0.0,0.00014426502184759074,112.7670922614634
6265,7292,0.002847489272215403,0.0014049342470911668,0.0,0.00014425550251242363,112.78366756811738
6266,7293,0.002847350031748302,0.001402158429375585,0.0,0.0001445191602372717,112.80026089772582
6267,7294,0.0028471153381343056,0.0014024148836403888,0.0,0.00014447004544939168,112.8169472431764
6268,7295,0.0028470195294596485,0.0013993380350548915,0.0,0.0001447681494404757,112.83372278790921
6269,7296,0.002846886381299017,0.0014005958103033133,0.0,0.00014462905709957037,112.85041868593544
6270,7297,0.0028467900755603914,0.00139998139049917,0.0,0.00014468086850612217,112.86714470852166
6271,7299,0.0028465441618444713,0.001396671345288721,0.0,0.00014498728165557504,112.89131576009095
6272,7300,0.002846401337495446,0.0013953719772842282,0.0,0.00014510293602112176,112.9080575183034
6273,7301,0.002846037295784273,0.0013936869595383837,0.0,0.0001452350336245889,112.92482550442219
6274,7302,0.0028459160718402026,0.001389739442764178,0.0,0.00014561766290760244,112.9414837025106
6275,7303,0.0028455736808140385,0.0013888527647862227,0.0,0.0001456720916027816,112.95921653229743
6276,7304,0.0028454931970998553,0.0013869690300096057,0.0,0.00014585241670902495,112.97586590610445
6277,7305,0.002845370805444877,0.0013866258651816497,0.0,0.00014587449402632272,112.99267156794667
6278,7306,0.0028452716862604277,0.0013856766371867697,0.0,0.00014595950490736578,113.00952174048871
6279,7307,0.00284516261650483,0.0013846491512554536,0.0,0.00014605134652493764,113.02616370655596
6280,7308,0.002845071031586833,0.0013823372614400675,0.0,0.00014627337701467657,113.04288226552308
6281,7310,0.002845010891459746,0.0013828705098177796,0.0,0.00014621403816419666,113.06707909982651
6282,7311,0.0028449935245558767,0.001382580321681018,0.0,0.00014624132028748585,113.08387130964547
6283,7312,0.00284496587116065,0.0013827320723666164,0.0,0.0001462233798794034,113.10067403130233
6284,7313,0.0028449342222594915,0.0013827699752882382,0.0,0.0001462164246971253,113.11731222365052
6285,7314,0.002844905736074953,0.0013831380433674376,0.0,0.00014617676927075157,113.13390365801752
6286,7315,0.002844888222871855,0.001383400858282651,0.0,0.0001461487364589204,113.15109569113702
6287,7316,0.002844871624701622,0.0013835441761659612,0.0,0.0001461327448535661,113.1678928155452
6288,7317,0.0028448492712227595,0.0013836118466596795,0.0,0.00014612374245630803,113.18497056979686
6289,7319,0.0028448097292343376,0.0013834493576367402,0.0,0.00014613603715975975,113.21010667271912
6290,7320,0.0028447142088280186,0.001384647105495605,0.0,0.00014600671033324135,113.2267604926601
6291,7321,0.002844550522804319,0.0013846645649698817,0.0,0.0001459885957834437,113.24364336766303
6292,7322,0.0028438904109889963,0.0013855884119751123,0.0,0.00014583019990138842,113.26044061873108
6293,7324,0.002843765346322152,0.0013857137665903602,0.0,0.00014580515797317923,113.28522907290608
6294,7325,0.002843461226262229,0.00139125558165757,0.0,0.00014522056446046586,113.30201782751828
6295,7327,0.0028430797073508056,0.0013894050758530864,0.0,0.00014536746314977193,113.32613712269813
6296,7329,0.002842901585722609,0.0013888422649475367,0.0,0.00014540593207750723,113.3502323711291
6297,7330,0.002842689871804312,0.0013890447824692171,0.0,0.0001453645089335095,113.36704294476658
6298,7331,0.0028424755966471238,0.0013907129027787225,0.0,0.00014517626938684013,113.38369675911963
6299,7332,0.0028422574976086617,0.0013924185934360163,0.0,0.00014498389041726456,113.4005081858486
6300,7333,0.002842042359816452,0.0013936519611252329,0.0,0.00014483903986912193,113.41725095268339
6301,7334,0.0028419072156176542,0.001395081385655297,0.0,0.00014468258299623574,113.43393026757985
6302,7335,0.0028416755779783797,0.0013935693455922641,0.0,0.00014481062323861153,113.45073168445379
6303,7337,0.002841540334576465,0.0013933827692634497,0.0,0.00014481575653130154,113.47463884577155
6304,7338,0.002841259255879608,0.0013922897022958544,0.0,0.00014489695535837535,113.4913827450946
6305,7339,0.002840984471038037,0.0013925076903482437,0.0,0.00014484767806897936,113.50809205602854
6306,7340,0.002840701213340302,0.0013902976430042668,0.0,0.00014504035703360356,113.5249150339514
6307,7341,0.002840496385680097,0.0013895053733602477,0.0,0.00014509910123198489,113.5416276184842
6308,7343,0.002840157016532505,0.001388924860899127,0.0,0.00014512321556333778,113.56566368043423
6309,7344,0.002839756634821456,0.001389056373722779,0.0,0.0001450700261098677,113.58267982304096
6310,7345,0.0028394394998059263,0.0013875626399705411,0.0,0.00014518768598353852,113.59933507721871
6311,7347,0.0028391089980488275,0.001388305786146573,0.0,0.00014508032119022547,113.62342538498342
6312,7348,0.0028389604652131065,0.001385852772073922,0.0,0.00014531076931391845,113.64022653084248
6313,7349,0.002838347607248992,0.0013841172822940306,0.0,0.00014542303249549617,113.65688597876579
6314,7350,0.0028380231849102515,0.0013863570628739913,0.0,0.000145166612203626,113.67408947087824
6315,7351,0.0028376689497839006,0.001383194803153253,0.0,0.00014544741466306475,113.6908374838531
6316,7352,0.0028372870354208277,0.0013824603504643527,0.0,0.0001454826684956475,113.7076310319826
6317,7354,0.0028369280047832904,0.0013808122256939084,0.0,0.0001456115779089382,113.7317718397826
6318,7355,0.0028365590195686048,0.0013807572639028625,0.0,0.00014558017556657422,113.74844967201352
6319,7357,0.002836284022252458,0.0013788109255482828,0.0,0.0001457473096704175,113.77289615478367
6320,7358,0.0028359786783529453,0.0013781153267493553,0.0,0.00014578633516035898,113.7897329730913
6321,7359,0.002835759894709436,0.00137611987123837,0.0,0.0001459640023471066,113.80642169713974
6322,7361,0.0028356458155506105,0.0013766892148323535,0.0,0.0001458956600718257,113.8304671831429
6323,7362,0.0028355554995586336,0.001376175041668648,0.0,0.00014593804578899857,113.84718665666878
6324,7363,0.0028354677959959293,0.0013760472708283335,0.0,0.00014594205251675958,113.86397925112396
6325,7364,0.0028354002872578443,0.0013748881186047702,0.0,0.00014605121686530744,113.88070374075323
6326,7365,0.0028353323337586694,0.0013747648234312371,0.0,0.00014605675103274325,113.89739169273525
6327,7366,0.002835263868578065,0.0013743417240704356,0.0,0.00014609221445076296,113.91420043911785
6328,7367,0.002835205114384653,0.0013740741445398689,0.0,0.00014611309698447843,113.93090382125229
6329,7369,0.002835185062495733,0.0013739669734331693,0.0,0.0001461218089062564,113.95507850218564
6330,7370,0.00283513302526315,0.00137402235968816,0.0,0.000146111066557499,113.97183006815612
6331,7371,0.0028350796231284914,0.0013739772434516921,0.0,0.00014611023796767993,113.98856032732874
6332,7372,0.002835003222532349,0.0013740095950922518,0.0,0.0001460993627440097,114.00517885480076
6333,7373,0.0028349215576445094,0.001373858223091726,0.0,0.00014610633345527832,114.0217917021364
6334,7374,0.002834818064919485,0.0013735749865272098,0.0,0.00014612430783922755,114.03860774543136
6335,7375,0.00283467427854248,0.0013730969380284222,0.0,0.0001461577340514058,114.05528140254319
6336,7376,0.002834487883733263,0.001372982761799916,0.0,0.00014615051219333468,114.07200247514993
6337,7377,0.0028343013908988385,0.0013724953796928692,0.0,0.00014618060112059694,114.0887394901365
6338,7378,0.002834187369751424,0.0013719741675766114,0.0,0.00014622132021748128,114.10538297053427
6339,7379,0.002834053939669021,0.0013718492746992769,0.0,0.00014622046649697442,114.12203694041818
6340,7380,0.002833970790404281,0.0013716843576640958,0.0,0.0001462286432740185,114.13885190244764
6341,7381,0.002833823866427417,0.001370985259525313,0.0,0.00014628386069021038,114.15559570491314
6342,7382,0.0028336800682806284,0.0013705700271306588,0.0,0.000146311004114997,114.17241614777595
6343,7383,0.0028335005207226014,0.0013698163720211366,0.0,0.00014636841487014645,114.1895366916433
6344,7384,0.002833408371227909,0.0013700202473364796,0.0,0.00014633881238914294,114.20618691667914
6345,7385,0.0028331421045386784,0.0013698491309918597,0.0,0.00014632929735468184,114.22304279357195
6346,7386,0.0028330186940129882,0.0013699329355273218,0.0,0.00014630857584856663,114.23984343744814
6347,7387,0.0028329647403325465,0.0013709761118254095,0.0,0.00014619886285071367,114.25656155869365
6348,7388,0.002832956585142353,0.0013703595558527942,0.0,0.0001462597029289559,114.27326083928347
6349,7389,0.002832900622635048,0.0013703578571504932,0.0,0.00014625427654845545,114.2900109430775
6350,7390,0.0028327799078969196,0.001370238839041652,0.0,0.00014625410688552673,114.30683558806777
6351,7391,0.002832700558854372,0.0013704072190027813,0.0,0.00014622933398515908,114.32357390597463
6352,7392,0.0028325761421096247,0.0013704776110893301,0.0,0.00014620985310202946,114.34078108891845
6353,7394,0.0028322949079811538,0.0013708864710980744,0.0,0.00014614084368830797,114.3649959731847
6354,7395,0.002831770599564572,0.001370971781589321,0.0,0.0001460798817975251,114.38246640656143
6355,7396,0.0028316899249554474,0.0013696844015854478,0.0,0.00014620055233699995,114.39930273592472
6356,7398,0.002831216095209293,0.0013707628403997172,0.0,0.00014604532548095756,114.42340664099902
6357,7400,0.002831091335961557,0.0013711052925716007,0.0,0.00014599860433899564,114.44735487084836
6358,7402,0.0028309043438749476,0.0013721492179842422,0.0,0.00014587551258907054,114.47141593694687
6359,7403,0.002830530232961584,0.001371485620390829,0.0,0.0001459044612570755,114.48814473394305
6360,7404,0.0028300403717912174,0.0013724847449268114,0.0,0.0001457555626864406,114.50500939879566
6361,7405,0.0028296114889186704,0.001371522346799252,0.0,0.00014580891421194184,114.5217021331191
6362,7406,0.002829152824031677,0.001372670088001204,0.0,0.00014564827360304724,114.53841901756823
6363,7408,0.002828928278361986,0.0013736690852449761,0.0,0.00014552591931170096,114.56252945307642
6364,7409,0.002828568379751876,0.0013729801981688299,0.0,0.00014555881815830456,114.57909985724837
6365,7410,0.0028282858204371677,0.0013741331634197203,0.0,0.0001454152657017447,114.59596239496022
6366,7411,0.002827696645860864,0.0013726073148643814,0.0,0.00014550893309964828,114.61264382768422
6367,7412,0.0028274667674306974,0.0013710676195261959,0.0,0.00014563991479045016,114.62940559349954
6368,7414,0.002827261161353733,0.0013719331566825605,0.0,0.00014553280046711726,114.65382527187467
6369,7415,0.0028271181726962904,0.0013730432902302585,0.0,0.0001454074882466032,114.67050117161125
6370,7416,0.0028269066352281645,0.0013722711850412627,0.0,0.00014546354501869017,114.68716359883547
6371,7417,0.0028268086018987818,0.0013721176076954562,0.0,0.00014546909942033255,114.70392795652151
6372,7418,0.0028267292319730194,0.0013722680588385025,0.0,0.00014544611731345168,114.72058757580817
6373,7419,0.002826660804154448,0.001372673526943645,0.0,0.00014539872772108026,114.73722995352
6374,7420,0.0028265822007813757,0.0013727444109331527,0.0,0.0001453837789848223,114.7539783520624
6375,7422,0.002826552515520062,0.0013725265314981532,0.0,0.00014540259840219088,114.77883758302778
6376,7423,0.002826451152934107,0.0013728203860247778,0.0,0.00014536307669093295,114.79556172620505
6377,7424,0.0028263266057312495,0.0013727913734415003,0.0,0.00014535352322897493,114.81227599270642
6378,7425,0.0028262438455807404,0.001373511261770501,0.0,0.00014527325838102395,114.82902470976114
6379,7426,0.0028261167845370925,0.0013733429909248088,0.0,0.00014527737936122838,114.84576185047626
6380,7427,0.002825938675987957,0.0013740445718941046,0.0,0.00014518941040938524,114.86243129707873
6381,7428,0.002825862579824109,0.0013737345581677815,0.0,0.00014521280216563278,114.87911589071155
6382,7429,0.0028257197740896457,0.001374492006649353,0.0,0.00014512277674402926,114.89594118576497
6383,7430,0.002825668509884846,0.0013747375832419341,0.0,0.00014509309266429123,114.91263569705188
6384,7431,0.0028256090437418805,0.001375475407898844,0.0,0.00014501336358430363,114.92933346703649
6385,7432,0.002825555713857161,0.001375563946441438,0.0,0.0001449991767415723,114.94606890901923
6386,7433,0.002825505084349154,0.0013756029839841007,0.0,0.0001449902100365053,114.96286931727082
6387,7434,0.0028254333851264676,0.001375706504955992,0.0,0.00014497268801704754,114.97951664496213
6388,7435,0.00282538247117461,0.0013755551843297293,0.0,0.00014498272868448806,114.99622053280473
6389,7436,0.002825323549060184,0.0013756737903032812,0.0,0.00014496497587569026,115.01288122776896
6390,7437,0.002825262334265964,0.0013755159077637172,0.0,0.00014497464265022473,115.029654674232
6391,7438,0.002825184419491575,0.001375451077748613,0.0,0.00014497333417429615,115.046252226457
6392,7439,0.0028250643710516646,0.0013752816135572648,0.0,0.00014497827574944,115.06303016282618
6393,7440,0.0028249113028236557,0.0013753809220860436,0.0,0.0001449530380737612,115.07966133579612
6394,7441,0.002824663773839664,0.0013754505909770942,0.0,0.000144921318286257,115.09619748406112
6395,7442,0.0028244649452987833,0.0013748612672183633,0.0,0.000144960367808042,115.11339995078743
6396,7443,0.0028244219394468785,0.0013728915969325013,0.0,0.00014515303425143776,115.13005738705397
6397,7444,0.0028242431962768443,0.0013739868573690273,0.0,0.00014502563389078168,115.14671031851321
6398,7445,0.0028239703602750527,0.0013743316429665705,0.0,0.00014496387173084822,115.16348051745445
6399,7446,0.002823874875106891,0.0013734885763664413,0.0,0.00014503862987404496,115.18005461152643
6400,7447,0.0028237710507849857,0.0013733496265602217,0.0,0.00014504214242247638,115.19657155964524
6401,7448,0.0028236807916697283,0.0013732255391510609,0.0,0.00014504552525186677,115.21321663632989
6402,7449,0.0028235927031060627,0.0013728717342272934,0.0,0.00014507209688787692,115.22991850785911
6403,7450,0.00282357059866361,0.0013719797145150658,0.0,0.00014515908841485441,115.2465771427378
6404,7451,0.002823474691206944,0.0013716921251278,0.0,0.0001451782566079144,115.2631543725729
6405,7452,0.0028234363636523542,0.001371557144493177,0.0,0.0001451879219159177,115.2800924796611
6406,7453,0.0028234075190688287,0.001371280422947386,0.0,0.00014521270961214428,115.29682462662458
6407,7454,0.002823383239325257,0.0013707311990267055,0.0,0.00014526520402985516,115.31387750711292
6408,7455,0.002823377767726593,0.0013708482511190162,0.0,0.00014525295166075767,115.33116201404482
6409,7456,0.0028233522144392887,0.0013705447615762261,0.0,0.00014528074528630627,115.34787561744452
6410,7457,0.0028233225023057596,0.0013703541871958338,0.0,0.00014529683151099257,115.36452387552708
6411,7458,0.002823267254930587,0.0013700111873039388,0.0,0.0001453256067626648,115.38117271196097
6412,7459,0.0028231537191288104,0.0013698274505586617,0.0,0.00014533262685701486,115.39856390375644
6413,7460,0.0028230564541424363,0.0013686009871627445,0.0,0.00014544554669796916,115.41584942769259
6414,7462,0.0028229726793571304,0.0013688962043037867,0.0,0.00014540764750533436,115.43981292843819
6415,7463,0.0028228139450568964,0.0013679293693394114,0.0,0.0001454884575717485,115.4564617453143
6416,7464,0.0028227233244283853,0.001366616899038378,0.0,0.00014561064253900075,115.47343935724348
6417,7466,0.002822682273379931,0.001366288629427017,0.0,0.0001456393643952914,115.49744348041713
6418,7467,0.002822651453425514,0.0013655247167866367,0.0,0.00014571267366388774,115.51469809748232
6419,7468,0.00282262773338717,0.0013658684003823485,0.0,0.00014567593330048212,115.53171073272824
6420,7469,0.0028226114042295023,0.0013657904598375614,0.0,0.00014568209443919407,115.5490359030664
6421,7470,0.002822602973102682,0.0013657088087565999,0.0,0.00014568941643460824,115.5663762902841
6422,7471,0.0028225910221693976,0.001365755791308906,0.0,0.0001456835230860492,115.58302903920412
6423,7472,0.0028225718031167756,0.001365915502377617,0.0,0.00014566563007391585,115.59969833027571
6424,7473,0.00282255956067736,0.0013656651270260692,0.0,0.00014568944336512907,115.61637743655592
6425,7474,0.002822535815323406,0.0013656473292717125,0.0,0.0001456888486051694,115.63308333326131
6426,7475,0.0028225042787473537,0.0013652363556844543,0.0,0.00014572679230628996,115.65048274304718
6427,7476,0.002822479212293536,0.0013644150520088936,0.0,0.00014580641602846426,115.66714625246823
6428,7477,0.002822453512059618,0.0013641445645768608,0.0,0.00014583089474827575,115.68368943408132
6429,7478,0.0028224171701714995,0.001363782732121039,0.0,0.00014586344380504605,115.70033126790076
6430,7479,0.0028224042030692213,0.0013631730266232594,0.0,0.0001459231176445962,115.7169881099835
6431,7480,0.0028223366489793632,0.001362595787634855,0.0,0.0001459740861344508,115.73369418922812
6432,7481,0.0028222833056749134,0.0013618727766036523,0.0,0.00014604105290712613,115.75037754047662
6433,7482,0.0028221990204889092,0.0013597490514292519,0.0,0.00014624499690596573,115.76716895680875
6434,7484,0.0028221508981913024,0.001359220901382662,0.0,0.000146292999680864,115.79133225232363
6435,7485,0.0028221328932523902,0.001357455051106391,0.0,0.00014646778421459992,115.80818071309477
6436,7487,0.0028221132740230536,0.0013573299115185314,0.0,0.00014647833625045225,115.83231141697615
6437,7488,0.0028221013124034603,0.0013578361789256493,0.0,0.00014642651334778112,115.84908704366535
6438,7489,0.0028220906693466707,0.001357534633503247,0.0,0.00014645560358434237,115.86627415567636
6439,7490,0.0028220708344960776,0.001356341944208785,0.0,0.00014657288902872927,115.88288155850023
6440,7491,0.0028220595130851265,0.0013561596167218283,0.0,0.00014658998963632978,115.89943165518343
6441,7492,0.0028220368897405763,0.0013550131685662365,0.0,0.000146702372117434,115.91656319517642
6442,7493,0.002822032395816937,0.0013537266616816066,0.0,0.00014683057341353305,115.93330839183182
6443,7494,0.002822004742357182,0.0013529649296662985,0.0,0.00014690398126908835,115.95010052621365
6444,7495,0.0028219927750974677,0.0013528850007380772,0.0,0.00014691077743593907,115.96678382251412
6445,7496,0.002821976709390786,0.0013517002301659724,0.0,0.0001470276479224814,115.98351067956537
6446,7497,0.002821936702914274,0.0013508768176861584,0.0,0.00014710598852281153,116.00018706079572
6447,7498,0.0028218934289733853,0.0013495469578001969,0.0,0.00014723464711731882,116.01705837249756
6448,7499,0.002821839545013279,0.0013495050318003171,0.0,0.0001472334513212962,116.03369041532278
6449,7501,0.0028218041103491714,0.0013508397261061157,0.0,0.00014709643842430558,116.05807566642761
6450,7502,0.0028217601613719882,0.0013515539832452909,0.0,0.00014702061781266974,116.07480906229466
6451,7503,0.002821734142388046,0.0013522416667515384,0.0,0.00014694924756365074,116.09181271214038
6452,7504,0.0028217223509043998,0.0013522254121457204,0.0,0.0001469496938758679,116.10860599577427
6453,7505,0.0028217086897230235,0.0013520325515905278,0.0,0.00014696761381324954,116.12525464594364
6454,7506,0.002821696080559099,0.0013517863641159145,0.0,0.00014699097164431847,116.14202971104532
6455,7507,0.002821674876571627,0.0013516171563796536,0.0,0.00014700577201919734,116.15868308022618
6456,7509,0.0028216516481006744,0.0013511593501630195,0.0,0.0001470492297937655,116.18253159988672
6457,7511,0.0028216237465444128,0.0013511892749320969,0.0,0.00014704344716123157,116.20648141391575
6458,7512,0.0028215712905699576,0.0013509498424998981,0.0,0.00014706214480700595,116.2232066206634
6459,7513,0.002821500137757342,0.0013507375741097238,0.0,0.00014707625636476186,116.239796099253
6460,7515,0.002821468069165017,0.0013503747899240093,0.0,0.0001471093279241008,116.26392123196274
6461,7516,0.0028214371314588074,0.0013505155689845115,0.0,0.00014709215624742958,116.28078009095043
6462,7517,0.0028213729885648727,0.0013512136863088932,0.0,0.00014701593022559795,116.29743001889437
6463,7518,0.002821346540329575,0.0013511706307691989,0.0,0.0001470175909560376,116.31415829993784
6464,7519,0.0028213052333268826,0.001351670838068694,0.0,0.00014696343952581885,116.33093234803528
6465,7520,0.002821259465661109,0.001352146683580065,0.0,0.00014691127820810443,116.34775425493717
6466,7521,0.0028212287215821532,0.0013523974255432634,0.0,0.00014688312960388898,116.36443731468171
6467,7522,0.002821179772819059,0.001353403312800385,0.0,0.00014677764600186738,116.38116051908582
6468,7523,0.002821106836545636,0.0013544080154965041,0.0,0.00014666988210491322,116.3982758866623
6469,7524,0.0028210515601004753,0.001355104442241411,0.0,0.00014659471178590645,116.41507592611015
6470,7525,0.002821024543428653,0.0013549938130728344,0.0,0.00014660307303558182,116.43170187529176
6471,7527,0.0028209865541356416,0.0013554028780011311,0.0,0.00014655836761345105,116.45567479822785
6472,7528,0.002820951238133932,0.001355157645064409,0.0,0.00014657935930695234,116.47243444249034
6473,7529,0.0028209144006867103,0.0013549812680851354,0.0,0.00014659331326015746,116.4890482230112
6474,7530,0.002820828284746134,0.0013541975569658872,0.0,0.00014666307277802468,116.50579649861902
6475,7532,0.002820792338168935,0.0013539486238322216,0.0,0.00014668437143367134,116.53060612641275
6476,7533,0.002820715730216943,0.0013541544364114744,0.0,0.00014665612938054686,116.54721056763083
6477,7534,0.0028206309423546728,0.0013522756415217873,0.0,0.00014683553008328857,116.56394974514842
6478,7535,0.0028205372218038163,0.0013512704581474082,0.0,0.00014692667636564085,116.58114215172827
6479,7536,0.0028203434102577274,0.0013515811427164265,0.0,0.00014687622675413012,116.59794087987393
6480,7538,0.002820254076007397,0.0013504652614946494,0.0,0.00014697888145127476,116.62224785611033
6481,7539,0.0028200990646753505,0.0013504632093850248,0.0,0.0001469635855290326,116.63883244432509
6482,7540,0.0028199774363312654,0.001349330046258489,0.0,0.00014706473900727765,116.65568744577467
6483,7541,0.0028198577273165592,0.0013494506297544717,0.0,0.00014704070975620875,116.67234554048628
6484,7542,0.00281973848301936,0.0013485232343332014,0.0,0.0001471215248686159,116.68903742916882
6485,7544,0.0028195913490539556,0.0013489032006882558,0.0,0.00014706881483656997,116.71300670132041
6486,7546,0.002819372231053016,0.0013494576859383006,0.0,0.00014699145451147153,116.73700967244804
6487,7547,0.002818900089346689,0.0013478824936346892,0.0,0.00014710175957119995,116.75362356100231
6488,7549,0.0028181224412789346,0.0013487300202058912,0.0,0.00014693924210730435,116.77822995278984
6489,7550,0.0028168921420390794,0.0013471112697756265,0.0,0.0001469780872263453,116.79497422557324
6490,7553,0.002816399447297194,0.001345419384155564,0.0,0.00014709800631416303,116.82635965105146
6491,7555,0.0028158259950160896,0.001346037512425445,0.0,0.00014697884825906447,116.85048724804074
6492,7558,0.0028151424745931986,0.0013457144820888376,0.0,0.0001469427992504361,116.88198612257838
6493,7560,0.0028142160438969863,0.0013439622190444922,0.0,0.00014702538248524943,116.90599770471454
6494,7562,0.002813108562110864,0.0013410644628180073,0.0,0.00014720440992928567,116.93002021685243
6495,7564,0.0028124545964569375,0.0013414822705284971,0.0,0.00014709723259284405,116.95399971399456
6496,7565,0.0028117165137035768,0.0013413935212886452,0.0,0.00014703229924149314,116.97084547765553
6497,7567,0.0028111991630926153,0.0013404772833616023,0.0,0.0001470721879731013,116.99507924541831
6498,7569,0.002810700580427564,0.001338531352476827,0.0,0.0001472169227950737,117.01925091166049
6499,7570,0.0028101042854712195,0.0013374226858743165,0.0,0.0001472681599596903,117.0359482942149
6500,7572,0.002809688586554237,0.0013372779132641147,0.0,0.00014724106732901223,117.06022366508842
6501,7573,0.0028089030294588223,0.0013348149553614914,0.0,0.00014740880740973306,117.07700310368091
6502,7574,0.0028079224271876707,0.0013322073019937156,0.0,0.00014757151251939548,117.09376527555287
6503,7575,0.002807333690044307,0.0013299869723522198,0.0,0.00014773467176920868,117.11060899402946
6504,7577,0.002806347257862372,0.001327801876378985,0.0,0.00014785453814833871,117.13476577214897
6505,7579,0.0028057656669453804,0.0013262603615590584,0.0,0.0001479505305386322,117.15899630077183
6506,7581,0.002805588156067588,0.0013261553458510764,0.0,0.00014794328102165117,117.18301305454224
6507,7582,0.002804821736221045,0.0013239195779283118,0.0,0.00014809021582927334,117.20025077555329
6508,7584,0.002804476277026894,0.0013211914489000293,0.0,0.00014832848281268646,117.22442460432649
6509,7585,0.002804400296456116,0.0013197706931508944,0.0,0.0001484629603305222,117.24128316808492
6510,7586,0.0028039988752883204,0.0013168237666532378,0.0,0.00014871751086350827,117.25800883211195
6511,7587,0.0028039520829949314,0.0013183479826505264,0.0,0.00014856041003444048,117.27474740054458
6512,7588,0.0028037359279148117,0.0013178371021590023,0.0,0.00014858988257558092,117.29161530174315
6513,7589,0.0028033056296033884,0.001316668845182799,0.0,0.00014866367844205893,117.30841354466975
6514,7590,0.0028032272359592644,0.0013158423168145395,0.0,0.00014873849191447246,117.32519049104303
6515,7591,0.0028029648826715,0.0013157501194749409,0.0,0.0001487214763196559,117.34206834994256
6516,7592,0.0028026687126714175,0.0013153967678164748,0.0,0.00014872719448549425,117.35895534884185
6517,7593,0.0028022945068048727,0.0013137730751600508,0.0,0.0001488521431644822,117.37571888323873
6518,7594,0.002801893493498045,0.001313939220436279,0.0,0.00014879542730617662,117.39283231087029
6519,7595,0.0028014748859751326,0.001312301196055311,0.0,0.0001489173689919822,117.40967552550137
6520,7596,0.002801214755273145,0.0013119640886928164,0.0,0.00014892506665803288,117.42635682970285
6521,7597,0.002801014278447344,0.0013110264755988668,0.0,0.0001489987802848477,117.44309424981475
6522,7598,0.002800931044696763,0.0013103585480535047,0.0,0.00014905724966432585,117.459866582416
6523,7599,0.0028003794079425872,0.001309508001610549,0.0,0.00014908714063320384,117.47660732548684
6524,7601,0.0028000860825538026,0.0013090105092139572,0.0,0.0001491075573339845,117.50208837352693
6525,7602,0.0027998462781979767,0.0013082251540576342,0.0,0.0001491621124140343,117.51880799327046
6526,7603,0.0027995393172470543,0.0013076435713226735,0.0,0.00014918957459243807,117.53537709079683
6527,7605,0.0027993280517542686,0.0013064718520049547,0.0,0.0001492856199749314,117.5594524461776
6528,7606,0.0027990051323913416,0.001306261480656938,0.0,0.00014927436517344036,117.57601867057383
6529,7607,0.0027987427319704924,0.00130703669435281,0.0,0.00014917060376176824,117.59281727299094
6530,7608,0.0027982971992591733,0.0013065344705083172,0.0,0.0001491762728750856,117.6095749232918
6531,7610,0.0027981904852368215,0.001306513643385911,0.0,0.00014916768418509106,117.6334598204121
6532,7612,0.0027980425832854943,0.0013066104018506167,0.0,0.00014914321814348778,117.65754465200007
6533,7613,0.002797882997089662,0.0013065009826095208,0.0,0.0001491382014480141,117.67420919146389
6534,7614,0.0027977295664596957,0.0013063328576034103,0.0,0.00014913967088562853,117.69084408320487
6535,7615,0.0027976039092076624,0.0013063551786158761,0.0,0.0001491248730591786,117.70766066201031
6536,7617,0.002797546573366978,0.0013063805374799251,0.0,0.0001491166035887053,117.73205793276429
6537,7618,0.0027973844569100723,0.0013063075335718862,0.0,0.00014910769233381863,117.74869819823653
6538,7620,0.00279723468675337,0.0013067995926171832,0.0,0.00014904350941361867,117.77357904054224
6539,7621,0.0027968759167714304,0.0013072833269663182,0.0,0.00014895925898051124,117.79029118642211
6540,7622,0.002796773614893268,0.0013087578459754132,0.0,0.00014880157689178548,117.80705247446895
6541,7623,0.002796723654273871,0.0013076982730897669,0.0,0.0001489025381184104,117.82375051733106
6542,7624,0.002796457887672202,0.00130838660942898,0.0,0.00014880712782432216,117.84056647587568
6543,7625,0.002796385589856244,0.0013088343230839526,0.0,0.00014875512667722913,117.85723926126957
6544,7626,0.0027962660460671513,0.0013093768444688086,0.0,0.00014868892015983424,117.87405417393893
6545,7627,0.0027960569352748765,0.0013105118891985244,0.0,0.0001485545046076352,117.89088098052889
6546,7628,0.0027959690936472503,0.0013110772486590817,0.0,0.00014848918449881685,117.90767208021134
6547,7629,0.0027958976568450145,0.0013125900264681152,0.0,0.00014833076303768993,117.92433489207178
6548,7630,0.0027958509106425647,0.0013118321235515065,0.0,0.00014840187870910585,117.94107556529343
6549,7631,0.00279574418249542,0.0013120161964091954,0.0,0.00014837279860862248,117.95784481149167
6550,7632,0.002795619054115227,0.0013123831937827382,0.0,0.00014832358603324887,117.97451629769057
6551,7633,0.0027953770374442204,0.0013133121521637255,0.0,0.0001482064885280495,117.99212642107159
6552,7634,0.0027950823923159375,0.0013133738504284458,0.0,0.00014817085418874915,118.00903234351426
6553,7635,0.002794519724009841,0.001314379131448988,0.0,0.00014801405925608528,118.02569573093206
6554,7637,0.0027943350842075908,0.0013154276869881325,0.0,0.00014789073972194583,118.04979515541345
6555,7638,0.0027937889499275335,0.0013157641965130518,0.0,0.00014780247534144816,118.06657020188868
6556,7639,0.002793215148705866,0.0013210166681072518,0.0,0.00014721984805986143,118.08330254070461
6557,7640,0.0027925138661365418,0.0013192200641514527,0.0,0.00014732938019850893,118.10008708853275
6558,7641,0.002791953165226546,0.0013217638261115445,0.0,0.00014701893391150017,118.11717935651541
6559,7643,0.0027916814495043884,0.0013239798776984344,0.0,0.00014677015718059537,118.14126160368323
6560,7644,0.0027914626502968734,0.0013268377919640533,0.0,0.00014646248583328203,118.15848902147263
6561,7645,0.002791102257233004,0.0013268588178305895,0.0,0.00014642434394024145,118.17555133625865
6562,7646,0.002790873606750526,0.0013261754678469007,0.0,0.0001464698138903625,118.19230372086167
6563,7647,0.002790601675681479,0.0013279973297778463,0.0,0.00014626043459036323,118.20900407806039
6564,7648,0.002790349587649889,0.0013301387938517027,0.0,0.0001460210793798186,118.22567570302635
6565,7649,0.0027901994537158827,0.001331785230080818,0.0,0.0001458414223635065,118.2424041396007
6566,7650,0.0027899037111068815,0.0013334484025813189,0.0,0.00014564553085255627,118.25915334559977
6567,7651,0.0027895947431576893,0.0013377172998599069,0.0,0.00014518774432977822,118.27590810228139
6568,7652,0.0027890503516284026,0.0013375686366861594,0.0,0.0001451481714942243,118.29270408768207
6569,7653,0.0027884751923260647,0.001338315806975082,0.0,0.00014501593853509826,118.30953885801136
6570,7655,0.0027881896327188144,0.0013410946342070989,0.0,0.00014470949985117155,118.33384660817683
6571,7656,0.002788016378280786,0.0013414368750334284,0.0,0.00014465795032473576,118.35066115111113
6572,7657,0.002787560025272936,0.0013429258592788287,0.0,0.00014446341659941076,118.3674070648849
6573,7658,0.0027874441484315665,0.0013441597167588647,0.0,0.0001443284431672702,118.38442102726549
6574,7659,0.0027872896897201127,0.001344153690397558,0.0,0.00014431359993225546,118.40108924079686
6575,7660,0.0027871050171475605,0.0013450634209090607,0.0,0.00014420415962385,118.41782728862017
6576,7661,0.0027869252081718188,0.0013447648782420434,0.0,0.00014421603299297753,118.43511322978884
6577,7662,0.002786810841649189,0.0013464540256444943,0.0,0.00014403568160046946,118.45190357696265
6578,7663,0.0027866492650791353,0.0013452127376837656,0.0,0.00014414365273953696,118.46874476131052
6579,7664,0.002786482715545024,0.0013441336162629085,0.0,0.00014423490992821153,118.48550682794303
6580,7665,0.0027862668278025773,0.0013448492736420055,0.0,0.0001441417554160572,118.50217159744352
6581,7666,0.0027860339052512076,0.0013451013085305035,0.0,0.0001440932596720704,118.51901222206652
6582,7667,0.002785600521177261,0.0013439146922643343,0.0,0.0001441685828912927,118.53578596562147
6583,7668,0.0027852209381759854,0.0013423189275491207,0.0,0.00014429020106268645,118.55266995448619
6584,7669,0.00278488991638422,0.0013412120659160446,0.0,0.0001443677850468175,118.56947108078748
6585,7670,0.0027846115738689773,0.001341915907977298,0.0,0.00014426956658916793,118.58616750501096
6586,7671,0.0027844189337785665,0.0013416053039855505,0.0,0.0001442813629793016,118.60297104623169
6587,7672,0.0027843976146318004,0.0013408132716311721,0.0,0.00014435843430006285,118.62008805666119
6588,7673,0.0027840803558829485,0.0013406533797278542,0.0,0.00014434269761550944,118.6368611594662
6589,7674,0.0027836929862177263,0.0013397140032093125,0.0,0.00014439789830084142,118.6539864661172
6590,7675,0.002783490504747489,0.0013392319302403901,0.0,0.0001444258574507099,118.67152538709342
6591,7677,0.0027831603687399125,0.0013384007697341458,0.0,0.00014447595990057667,118.69568019453436
6592,7678,0.002783087421591262,0.0013351829174233802,0.0,0.00014479045041678818,118.7124230870977
6593,7679,0.002782314730355343,0.0013359597199101869,0.0,0.00014463550104451564,118.72986710630357
6594,7680,0.0027818905169154297,0.0013364973626419957,0.0,0.0001445393154273434,118.74662801623344
6595,7681,0.0027812932081637213,0.0013358282440207813,0.0,0.00014454649641429398,118.76325518358499
6596,7682,0.0027798893014966074,0.001334722236577363,0.0,0.00014451670649192445,118.77989784628153
6597,7684,0.0027790720158627265,0.0013343430901112806,0.0,0.00014447289257514458,118.80435700062662
6598,7686,0.0027787334168567325,0.0013331955045039114,0.0,0.00014455379123528208,118.82841267250478
6599,7687,0.0027781168283860453,0.0013341806101326477,0.0,0.00014439362182533974,118.84513594210148
6600,7688,0.0027776909775008704,0.0013347839372263657,0.0,0.00014429070402745045,118.86185976769775
6601,7689,0.002777480846850224,0.0013357772392531611,0.0,0.00014417036075970628,118.87845396250486
6602,7690,0.0027770937482944997,0.001335237563119637,0.0,0.00014418561851748624,118.8952418146655
6603,7691,0.0027766227520081323,0.0013367986660276184,0.0,0.00014398240859805138,118.9120893664658
6604,7692,0.002775917855177849,0.0013337604799632892,0.0,0.000144215737521456,118.92882451508194
6605,7693,0.0027746650373532454,0.0013335531844723672,0.0,0.00014411118528808784,118.94560976419598
6606,7695,0.0027740993449548255,0.0013338141701065777,0.0,0.00014402851748482475,118.96974874008447
6607,7696,0.0027727289479625022,0.0013295568775555146,0.0,0.0001443172070406988,118.98638131748885
6608,7697,0.002771450895163936,0.0013298088205641325,0.0,0.00014416420745998036,119.00315921474248
6609,7699,0.002770927957230384,0.0013295395327682306,0.0,0.0001441388424462153,119.02731140330434
6610,7700,0.0027700683714018725,0.0013278252778342924,0.0,0.000144224309356758,119.04402480926365
6611,7702,0.0027695091655476622,0.0013283697727896728,0.0,0.00014411393927579895,119.06861889082938
6612,7703,0.002768691754075233,0.0013269730722904576,0.0,0.00014417186817847753,119.08529779314995
6613,7704,0.002767870849796919,0.0013256605341442922,0.0,0.00014422103156526268,119.10222813207656
6614,7705,0.002767535803095688,0.0013230905479319792,0.0,0.00014444452551637085,119.11908001359552
6615,7707,0.0027669057928442937,0.0013237037289269057,0.0,0.00014432020639173882,119.14438854344189
6616,7708,0.0027664503710472434,0.0013244020172163604,0.0,0.00014420483538308832,119.16118686366826
6617,7709,0.0027662498762877044,0.001324082538827609,0.0,0.00014421673374600955,119.17802106961608
6618,7710,0.0027658103981817498,0.001324555043100616,0.0,0.00014412553550811338,119.19522862695158
6619,7711,0.0027656443031919683,0.0013240987447242505,0.0,0.0001441545558467718,119.21204989776015
6620,7712,0.002765598592622742,0.0013241686955398786,0.0,0.00014414298970828632,119.22872337233275
6621,7713,0.0027655450744318005,0.001324346550468926,0.0,0.00014411985239628746,119.24547115992755
6622,7714,0.0027655130334667986,0.001324501265773118,0.0,0.00014410117676936805,119.2622247543186
6623,7715,0.0027654621221086745,0.0013248134207102405,0.0,0.00014406487013984338,119.27891033608466
6624,7716,0.0027653949407473338,0.001325136918270056,0.0,0.0001440258022477278,119.29575867485255
6625,7718,0.0027653095675871085,0.001325667542774487,0.0,0.00014396420248126215,119.32039605174214
6626,7720,0.002765229705281669,0.0013262171341539108,0.0,0.0001439012571127758,119.34444300550967
6627,7721,0.00276508875146193,0.0013264727229230263,0.0,0.00014386160285389038,119.36210625153035
6628,7722,0.0027649543031957793,0.0013270225559004695,0.0,0.000143793174729531,119.37892073206604
6629,7723,0.0027648902095969343,0.0013275689947250763,0.0,0.0001437321214871858,119.39557734783739
6630,7724,0.0027648525645632012,0.001327995389034959,0.0,0.00014368571755282424,119.4122575270012
6631,7725,0.0027648243044700203,0.0013282814110676538,0.0,0.00014365428934023662,119.42884400859475
6632,7726,0.002764797384638416,0.0013291793101790131,0.0,0.0001435618074459403,119.44560743216425
6633,7727,0.002764698970779759,0.0013294731463067693,0.0,0.00014352258244729895,119.46224071271718
6634,7728,0.0027645708446988318,0.0013301365404597195,0.0,0.00014344343042391124,119.47903351206332
6635,7729,0.002764413883326591,0.0013312742835689302,0.0,0.0001433139599757661,119.49570773355663
6636,7730,0.0027642419857068622,0.0013325467145133773,0.0,0.0001431695271193485,119.5123954070732
6637,7732,0.002764202738682706,0.0013327893788551003,0.0,0.00014314133598276058,119.53631589747965
6638,7733,0.0027640643874280316,0.0013332940656677493,0.0,0.0001430770321760282,119.55313423741609
6639,7734,0.0027639937549233263,0.0013332900007787351,0.0,0.00014307037541445912,119.56991633959115
6640,7736,0.002763967268201848,0.001333347835418327,0.0,0.0001430619432783521,119.59438451845199
6641,7737,0.00276388053158993,0.0013323608782676692,0.0,0.00014315196533222607,119.61120933294296
6642,7738,0.002763793930256519,0.001333515657520751,0.0,0.00014302782727357682,119.62788021191955
6643,7739,0.002763720931317184,0.0013331352187561708,0.0,0.0001430585712561013,119.64468587655574
6644,7740,0.002763679760610105,0.0013332604808128437,0.0,0.00014304192797972613,119.66144693363458
6645,7741,0.0027636285074703034,0.0013339742035377764,0.0,0.0001429654303932527,119.67817592155188
6646,7742,0.002763597626427706,0.0013342326315252285,0.0,0.00014293649949024775,119.69488215073943
6647,7743,0.0027635715684404755,0.0013345968456919789,0.0,0.00014289747227484966,119.7117710430175
6648,7744,0.0027635674290456434,0.00133462466344153,0.0,0.00014289427656041136,119.7285024812445
6649,7745,0.002763563295997842,0.0013346898381106868,0.0,0.0001428873457887155,119.74568676482886
6650,7746,0.0027635585193472416,0.0013346040238587245,0.0,0.0001428954495488517,119.76330984197557
6651,7748,0.002763553894721097,0.0013346112533159165,0.0,0.00014289426414051807,119.78740798030049
6652,7749,0.0027635427195254504,0.0013346621810873596,0.0,0.00014288805384380908,119.80430226679891
6653,7750,0.0027635164435037248,0.0013346601169261197,0.0,0.00014288563265776053,119.82096556667238
6654,7751,0.002763480436420881,0.0013347895991880682,0.0,0.0001428690837232813,119.83771065343171
6655,7752,0.0027634341875514183,0.0013351035784068316,0.0,0.00014283306091445865,119.85492491256446
6656,7753,0.0027633723473583665,0.0013358802844463987,0.0,0.00014274920629119678,119.87157806474715
6657,7754,0.002763308022124381,0.0013367402468802037,0.0,0.00014265677752441772,119.88825858570635
6658,7755,0.002763244468408232,0.0013379764279443538,0.0,0.00014252680404638782,119.90499171987176
6659,7756,0.002763185724303072,0.0013390015033144817,0.0,0.00014241842209885904,119.92180251982063
6660,7757,0.0027630734712279573,0.0013390655607871994,0.0,0.00014240079104407578,119.93860033340752
6661,7758,0.002763019927861673,0.0013391911036205772,0.0,0.00014238288242410957,119.9552824338898
6662,7760,0.002762994309905584,0.0013396045382197436,0.0,0.00014233897716858402,119.97929172497243
6663,7761,0.0027629586138994662,0.0013395164208055805,0.0,0.00014234421930938855,119.99602995906025
6664,7762,0.0027629209162040296,0.0013412032792905404,0.0,0.00014217176369134895,120.01282347086817
6665,7763,0.0027628930649637408,0.001341115725370001,0.0,0.00014217773395937397,120.02990959770977
6666,7764,0.0027628478173089034,0.001341583760436437,0.0,0.00014212640568724664,120.04718227684498
6667,7766,0.002762754617542983,0.0013433080447940251,0.0,0.0001419446572748958,120.07125666923821
6668,7767,0.0027626853358855195,0.0013434953670188726,0.0,0.00014191899688666468,120.08800326194614
6669,7768,0.0027626232574734255,0.0013436354947140405,0.0,0.0001418987762759385,120.1048319330439
6670,7769,0.002762578883891813,0.001343538163011719,0.0,0.00014190407208800943,120.12166810967028
6671,7770,0.0027625016931726405,0.0013435313393350382,0.0,0.00014189703538376025,120.13831864669919
6672,7771,0.0027623818226416375,0.0013428127649941443,0.0,0.0001419569057647493,120.15498712658882
6673,7773,0.0027623255468138368,0.0013434847737971475,0.0,0.00014188407730166892,120.17901907209307
6674,7774,0.0027622515537012405,0.0013423413384918924,0.0,0.00014199102152093483,120.19583638012409
6675,7775,0.0027621247430896327,0.0013434911338634976,0.0,0.00014186336092261349,120.21265750285238
6676,7776,0.0027620996346002912,0.0013437559558316437,0.0,0.00014183436787686476,120.22929743863642
6677,7777,0.0027620717616270154,0.001344458570805863,0.0,0.00014176131908211526,120.24601110070944
6678,7778,0.0027620447953135754,0.0013446736318005713,0.0,0.00014173711635130038,120.26285813283175
6679,7779,0.002761991540614221,0.0013452948912190171,0.0,0.0001416696649395204,120.27950921468437
6680,7780,0.002761889647395295,0.001346035189516609,0.0,0.0001415854457878686,120.29628477990627
6681,7781,0.002761745982770322,0.0013471304969437368,0.0,0.00014146154858265853,120.3130370406434
6682,7782,0.002761473127662418,0.0013475718074752216,0.0,0.00014139013201871963,120.32991342712194
6683,7784,0.002761382313632303,0.0013484094234241311,0.0,0.0001412972890208172,120.35407736431807
6684,7785,0.0027611238822204598,0.0013479555645828105,0.0,0.0001413168317637649,120.37069503962994
6685,7787,0.0027610227094477255,0.001347767978338397,0.0,0.00014132547311093284,120.39474793151021
6686,7788,0.0027609799094371465,0.0013484230618694489,0.0,0.00014125568475676975,120.41142674908042
6687,7789,0.0027608061095378885,0.0013499850072699517,0.0,0.0001410821102267937,120.42810648586601
6688,7790,0.002760630232666501,0.0013486608659340708,0.0,0.00014119693667324305,120.44490397628397
6689,7791,0.002760417563029682,0.0013495389927740916,0.0,0.00014108785702555905,120.46165137831122
6690,7793,0.0027600122156588498,0.0013526637153376735,0.0,0.00014073485003211764,120.48570166528225
6691,7795,0.0027597936993526096,0.001353447532251843,0.0,0.00014063461671007667,120.50984446890652
6692,7796,0.002759279627540579,0.0013554141681684302,0.0,0.00014038654593721486,120.52661015372723
6693,7797,0.0027589154292018687,0.0013566163371759243,0.0,0.00014022990920259444,120.54374384041876
6694,7798,0.0027587333897849454,0.0013593424846383708,0.0,0.00013993909051465746,120.56060635950416
6695,7800,0.0027585231719165436,0.0013588160917863872,0.0,0.00013997070801301565,120.58474352583289
6696,7802,0.0027581851422908295,0.0013605750542932703,0.0,0.00013976100879975592,120.60885273199528
6697,7803,0.0027580385014460184,0.0013604292481243473,0.0,0.00013976092533216712,120.62635596841574
6698,7805,0.0027579551337508002,0.0013602758365068792,0.0,0.0001397679297243921,120.65036649350077
6699,7806,0.002757783051299539,0.0013610895366342592,0.0,0.00013966935146652795,120.66706772707403
6700,7807,0.0027576448255252992,0.0013604280623890537,0.0,0.00013972167631362453,120.68384145013988
6701,7808,0.002757461891963804,0.0013608422626925595,0.0,0.00013966196292712445,120.7004804899916
6702,7809,0.0027572666684591947,0.00136033980135203,0.0,0.00013969268671071644,120.71716222073883
6703,7810,0.0027570891779606643,0.0013606584133077184,0.0,0.00013964307646529458,120.73383411485702
6704,7812,0.002757027151299401,0.001360037966446982,0.0,0.00013969891848524189,120.75859676580876
6705,7813,0.0027569771987272446,0.00135990582862734,0.0,0.00013970713700999044,120.77531117666513
6706,7814,0.0027568583636155973,0.001358977713431091,0.0,0.00013978806501845062,120.79206897225231
6707,7815,0.0027567150075781728,0.0013585820555583256,0.0,0.0001398132952019847,120.80879396665841
6708,7816,0.0027566108804219147,0.0013584267697796454,0.0,0.00013981841106422692,120.82544910814613
6709,7817,0.0027564941215766133,0.0013578955278302043,0.0,0.00013985985937464094,120.84208238869905
6710,7818,0.0027563971038678616,0.0013576585610985618,0.0,0.00013987385427692998,120.85899091232568
6711,7819,0.00275627341460067,0.0013571734477935981,0.0,0.0001399099966807072,120.87576244398952
6712,7820,0.0027561249216713473,0.0013563470727547594,0.0,0.0001399777848916588,120.89237698167562
6713,7822,0.002756002567747824,0.0013559368109537595,0.0,0.00014000657567940646,120.91738421563059
6714,7823,0.0027557345565560575,0.0013546107057150491,0.0,0.0001401123850841008,120.93406035378575
6715,7825,0.002755632574459479,0.0013539896290327813,0.0,0.00014016429454266976,120.95833839755505
6716,7826,0.002755438670124101,0.0013524210342192125,0.0,0.00014030176359048884,120.97501261159778
6717,7827,0.0027552658784942346,0.0013502567492738014,0.0,0.00014050091292204335,120.99182739667594
6718,7828,0.002755102096678913,0.001348962322599581,0.0,0.00014061397740793323,121.00856707803905
6719,7830,0.002754985036078586,0.0013474632117983034,0.0,0.0001407521824280283,121.0330122159794
6720,7832,0.0027549343584922278,0.00134675213075174,0.0,0.00014081822277404874,121.05716138798743
6721,7833,0.0027548458992282645,0.0013453237867463797,0.0,0.00014095221124818847,121.07400234043598
6722,7834,0.0027548005000248127,0.0013446141724388172,0.0,0.00014101863275859956,121.0907390108332
6723,7835,0.002754699652612563,0.001344368430250883,0.0,0.000141033122236168,121.10747199412435
6724,7836,0.0027546050285153826,0.001344047413418124,0.0,0.00014105576150972584,121.12409570813179
6725,7837,0.002754487356252598,0.0013420823202710396,0.0,0.00014124050359815585,121.14110517408699
6726,7838,0.0027541921896501714,0.0013417874038333575,0.0,0.00014124047858168136,121.15787980519235
6727,7839,0.002753947447323062,0.0013412212988238282,0.0,0.0001412726148499234,121.17447553295642
6728,7840,0.002753819725574341,0.0013386468589455464,0.0,0.00014151728666287944,121.1911747707054
6729,7841,0.002753679314154678,0.0013392532279969506,0.0,0.00014144260861577275,121.20867467019707
6730,7843,0.002753639693188181,0.0013395844886275852,0.0,0.00014140552045605954,121.23319485224783
6731,7844,0.002753569087419312,0.0013387565792370771,0.0,0.00014148125081822347,121.25095129292458
6732,7845,0.0027535221316212,0.0013371337476384372,0.0,0.0001416388383982763,121.2681505009532
6733,7846,0.0027534134271909225,0.0013373481141170378,0.0,0.00014160653130738848,121.28546234127134
6734,7847,0.0027533528433255766,0.0013379245905295754,0.0,0.00014154282527960015,121.30231045093387
6735,7848,0.0027532450004632055,0.0013389307375414698,0.0,0.0001414314262921736,121.31909815967083
6736,7849,0.0027530777349282914,0.0013401904319835776,0.0,0.00014128873029447137,121.33596734981984
6737,7850,0.0027529676453721193,0.001341724893747444,0.0,0.00014112427516246753,121.35277210362256
6738,7851,0.002752944495069039,0.0013412282004076183,0.0,0.00014117162946614207,121.36952155455947
6739,7852,0.0027527294312647784,0.0013432247836232718,0.0,0.00014095046476415065,121.386314147152
6740,7853,0.002752592062669156,0.001342495548932333,0.0,0.00014100965137368233,121.40310270525515
6741,7854,0.002752312310799647,0.001342966165923084,0.0,0.00014093461448765632,121.41986063495278
6742,7855,0.002751801438407458,0.0013440424706801268,0.0,0.0001407758967727331,121.43655202630907
6743,7856,0.0027511312900588896,0.001344846075633421,0.0,0.00014062852144254684,121.45321159157902
6744,7858,0.0027508822964361643,0.001346661036063258,0.0,0.00014042212603729065,121.4772316319868
6745,7860,0.0027499079331366983,0.001347075616781896,0.0,0.00014028323163548025,121.5013239365071
6746,7862,0.002749428735768104,0.0013481253898518632,0.0,0.00014013033459162408,121.52532889321446
6747,7864,0.0027489047420807176,0.0013465351093711942,0.0,0.00014023696327095233,121.54934648424387
6748,7865,0.0027481489043819037,0.0013487933718962127,0.0,0.0001399355532485691,121.56610583513975
6749,7866,0.0027467785615948046,0.001346822372011882,0.0,0.00013999561895829227,121.58333761431277
6750,7867,0.002745697202503684,0.0013474016937497194,0.0,0.0001398295508753965,121.60068912804127
6751,7869,0.002745025280933312,0.0013464275166693125,0.0,0.00013985977642639997,121.62569694127887
6752,7871,0.002743921990390236,0.001347775984837846,0.0,0.00013961460055523896,121.6511333398521
6753,7872,0.0027434785729921656,0.0013478007853007427,0.0,0.00013956777876914227,121.6679033562541
6754,7873,0.00274307137375424,0.0013481840447985298,0.0,0.000139488732895571,121.68581341486424
6755,7875,0.002742889278057813,0.0013481383780878664,0.0,0.00013947508999699465,121.71009960584342
6756,7876,0.002742654327612927,0.0013471175898691677,0.0,0.00013955367377437592,121.72682167030871
6757,7878,0.0027422963777869744,0.0013476135471981383,0.0,0.00013946828305888358,121.75102213677019
6758,7879,0.0027420273061215025,0.0013473943886325415,0.0,0.0001394632917488961,121.7676346777007
6759,7880,0.0027417864948063126,0.0013467261825596255,0.0,0.0001395060312246687,121.78460499458015
6760,7881,0.0027414816181863277,0.0013459633389421273,0.0,0.00013955182792442004,121.80133766494691
6761,7882,0.002741075163283293,0.0013454209986353963,0.0,0.00013956541646478968,121.81846210174263
6762,7883,0.0027406602304421513,0.0013436732276624252,0.0,0.00013969870027797263,121.83523617684841
6763,7884,0.0027401861811413783,0.0013436701342011048,0.0,0.00013965160469402732,121.85204713046551
6764,7885,0.002739506769822638,0.0013428895322277262,0.0,0.00013966172375949119,121.86874879803509
6765,7887,0.002739036232649057,0.0013428824880599018,0.0,0.0001396153744589155,121.89304036926478
6766,7888,0.0027385097046949995,0.001341948822444351,0.0,0.00013965608822506483,121.90983818192035
6767,7890,0.0027383329159512714,0.0013417666315209118,0.0,0.00013965662844303597,121.93394279945642
6768,7891,0.002738082100396139,0.001342158430979734,0.0,0.0001395923669416405,121.95058252196759
6769,7892,0.002737909945736795,0.001341888828504994,0.0,0.0001396021117231801,121.96727868169546
6770,7893,0.0027377297088323096,0.0013417154826096188,0.0,0.0001396014226222691,121.98454175051302
6771,7894,0.0027374791347251288,0.001341866674216964,0.0,0.00013956124605081648,122.00120772048831
6772,7895,0.002737257529180855,0.0013418912253556207,0.0,0.00013953663038252342,122.0179272564128
6773,7896,0.0027370457655807685,0.0013422578147308489,0.0,0.00013947879508499197,122.03487508092076
6774,7897,0.0027367705277256908,0.0013424452607139357,0.0,0.00013943252670117553,122.05157632660121
6775,7898,0.0027363237576445384,0.0013422832656920312,0.0,0.00013940404919525072,122.0682777510956
6776,7899,0.0027359480781591703,0.0013422420682614256,0.0,0.00013937060098977446,122.0849990202114
6777,7900,0.0027354807797833787,0.00134135256996447,0.0,0.0001394128209818909,122.10194281674922
6778,7901,0.0027352083052198653,0.0013391495971515673,0.0,0.00013960587080682978,122.1185995908454
6779,7902,0.00273495032957354,0.0013384376350835843,0.0,0.00013965126944899558,122.13529104925692
6780,7903,0.0027348092357300747,0.0013394875047448294,0.0,0.00013953217309852455,122.15209591481835
6781,7904,0.0027346119624470245,0.0013388655130343915,0.0,0.00013957464494126327,122.16903183516115
6782,7905,0.002734437604402957,0.0013382446167582783,0.0,0.00013961929876446787,122.18576297629625
6783,7906,0.0027341853186068424,0.0013371307980756485,0.0,0.00013970545205311936,122.20239640213549
6784,7907,0.002734064010623165,0.0013375822691038565,0.0,0.0001396481741519309,122.2190579501912
6785,7908,0.0027338524370951805,0.0013372940652132037,0.0,0.0001396558371881977,122.23588398750871
6786,7909,0.002733530455663267,0.0013367217157474862,0.0,0.00013968087399157813,122.25263190176338
6787,7910,0.0027329961453702294,0.0013358700005981674,0.0,0.0001397126144772062,122.26931217778474
6788,7911,0.0027324248328892513,0.0013348339583922895,0.0,0.00013975908744969618,122.28603705391288
6789,7913,0.002732042337173209,0.0013335366024094504,0.0,0.00013985057347637588,122.31029646005481
6790,7914,0.0027313727547508193,0.0013324678402734924,0.0,0.00013989049144773265,122.3271375624463
6791,7915,0.0027309954536737496,0.0013317998294508978,0.0,0.0001399195624222852,122.34437301568687
6792,7916,0.002730781750285209,0.001331398582060562,0.0,0.00013993831682246468,122.36118922475725
6793,7917,0.0027304756012313854,0.001331302604670647,0.0,0.00013991729965607386,122.37793546076864
6794,7919,0.0027304201902832066,0.001329892723629921,0.0,0.00014005274666532854,122.40213497076184
6795,7920,0.002729941144534706,0.0013308971818218247,0.0,0.00013990439627128813,122.41891335416585
6796,7921,0.002729902748386919,0.0013309838651050891,0.0,0.000139891888328183,122.43566437996924
6797,7922,0.0027295117062071904,0.0013300439063747588,0.0,0.00013994677998324317,122.4522893410176
6798,7923,0.0027293026364019002,0.0013295500490753856,0.0,0.00013997525873265143,122.46901851054281
6799,7924,0.0027291175281827897,0.0013285977992944344,0.0,0.00014005197288883552,122.4857303565368
6800,7925,0.0027289120262893184,0.0013278546699416714,0.0,0.0001401057356347647,122.502402510494
6801,7926,0.0027287388554900196,0.0013271706296831504,0.0,0.00014015682258068695,122.5191402155906
6802,7927,0.002728326036008242,0.001325404358357857,0.0,0.0001402921677650385,122.53585691470653
6803,7928,0.0027277849420980866,0.001323471100840199,0.0,0.00014043138412578874,122.55260951444507
6804,7929,0.0027272365572765314,0.0013201773359498,0.0,0.00014070592213267315,122.56933293212205
6805,7931,0.0027268925589815692,0.0013189610545175448,0.0,0.0001407931504464024,122.593465029262
6806,7932,0.0027267320346206427,0.0013190251051112673,0.0,0.00014077069295093754,122.6102125775069
6807,7933,0.0027266406572817076,0.0013177633111446068,0.0,0.00014088773461371008,122.62687043379992
6808,7934,0.0027265231345912706,0.0013178116542021745,0.0,0.00014087114803890962,122.64364064112306
6809,7935,0.0027264869568129546,0.0013175396222446832,0.0,0.00014089473345682714,122.66043864842504
6810,7936,0.0027264432123801086,0.0013173184701700158,0.0,0.00014091247422100929,122.67715779785067
6811,7937,0.0027263813961412036,0.0013164901074430569,0.0,0.00014098912886981467,122.69437886588275
6812,7938,0.002726327677714564,0.0013163705362276873,0.0,0.00014099571414868766,122.71123177185655
6813,7939,0.002726238716559127,0.0013160509489666807,0.0,0.0001410187767592446,122.72789209708571
6814,7940,0.0027261014382270786,0.0013154955135635607,0.0,0.0001410605924663518,122.74456666223705
6815,7941,0.0027258555206695102,0.0013149421170411972,0.0,0.0001410913403628313,122.76128635648638
6816,7942,0.0027255596032723945,0.0013149516067699418,0.0,0.00014106079965024528,122.77804918494076
6817,7943,0.00272521991758671,0.001314438469028533,0.0,0.0001410781448558177,122.79485312197357
6818,7944,0.0027250044033168006,0.001314523789509491,0.0,0.00014104806138073096,122.81168683245778
6819,7945,0.0027248462847037714,0.0013139473857338964,0.0,0.00014108988989698748,122.82830998767167
6820,7946,0.0027246998310008954,0.0013152137515698408,0.0,0.00014094860794310542,122.84515588358045
6821,7948,0.002724448409277459,0.0013149132019121548,0.0,0.00014095352073653045,122.86927600763738
6822,7949,0.0027239267706205697,0.0013143727029956065,0.0,0.0001409554067624963,122.88596929516643
6823,7950,0.002723428812219346,0.0013146986535286583,0.0,0.00014087301586906877,122.90275040175766
6824,7951,0.002722758111009101,0.0013157949528159794,0.0,0.0001406963158193121,122.9194164602086
6825,7952,0.002722135414501011,0.0013161765179861408,0.0,0.000140595889651487,122.93664340581745
6826,7954,0.002721649932738728,0.001316843564016774,0.0,0.0001404806368721954,122.96084065083414
6827,7956,0.002721362404813483,0.0013176411588949597,0.0,0.00014037212459185231,122.98490131553262
6828,7958,0.0027210712290899183,0.0013182146806810227,0.0,0.00014028565484088955,123.00949842110276
6829,7959,0.0027206475947634395,0.0013183585763830517,0.0,0.00014022890183803876,123.0261505972594
6830,7960,0.002720486213682172,0.0013188293073036362,0.0,0.00014016569063785358,123.04287414066494
6831,7961,0.0027202879968955323,0.001319338047603557,0.0,0.00014009499492919755,123.05967713240534
6832,7962,0.0027200152436366648,0.001318704037180606,0.0,0.00014013112064560585,123.07647648733109
6833,7963,0.0027198832750788223,0.00131860099320756,0.0,0.00014012822818712623,123.09330580476671
6834,7964,0.002719582474795523,0.0013179159865550555,0.0,0.00014016664882404673,123.11015509441495
6835,7965,0.0027193007494849325,0.001317436052183739,0.0,0.00014018646973011932,123.42195496149361
6836,7966,0.00271900239530654,0.0013164476649825834,0.0,0.00014025547303239563,123.43957177828997
6837,7967,0.0027186431554727503,0.0013159923293601873,0.0,0.0001402650826112563,123.4563709134236
6838,7968,0.0027181628821077667,0.0013142934723046557,0.0,0.00014038694098031108,123.47314032167196
6839,7969,0.002717753870672485,0.001314872317008895,0.0,0.000140288155366359,123.49009284656495
6840,7970,0.002717370060034084,0.0013151189820068587,0.0,0.00014022510780272248,123.50704656075686
6841,7971,0.0027170598717938996,0.0013152466130053448,0.0,0.0001401813258788555,123.52391257602721
6842,7972,0.0027168923347491627,0.001315598588385524,0.0,0.00014012937463636386,123.54080197494477
6843,7973,0.0027166082583152083,0.001316220105185587,0.0,0.00014003881531296215,123.55782549921423
6844,7974,0.0027165314415345055,0.0013153567654597448,0.0,0.00014011746760747606,123.57462769933045
6845,7975,0.002716459856911227,0.001315351446094052,0.0,0.0001401108410817175,123.59143585991114
6846,7976,0.0027163790136126124,0.0013156085561717844,0.0,0.0001400770457440828,123.60836160928011
6847,7977,0.0027163214745617036,0.0013152930534904481,0.0,0.00014010284210712554,123.62520155590028
6848,7978,0.002716247320319353,0.001315092218546411,0.0,0.0001401155101772942,123.64203005563468
6849,7979,0.0027161808887987884,0.0013147865246923443,0.0,0.0001401394364106444,123.6588769890368
6850,7980,0.0027161026642679937,0.001314447005272084,0.0,0.00014016556589959095,123.67558041308075
6851,7981,0.0027159647232559633,0.001313964795117364,0.0,0.0001401999928138599,123.69221834186465
6852,7982,0.002715801883955716,0.001313310566905263,0.0,0.00014024913170504529,123.70899758394808
6853,7983,0.002715662853546184,0.00131280906622297,0.0,0.00014028537873232139,123.7257672548294
6854,7984,0.002715529707498816,0.0013122447106067461,0.0,0.000140328499689207,123.74256833549589
6855,7985,0.0027153965942012925,0.0013116791103047578,0.0,0.00014037174838965345,123.75938073731959
6856,7986,0.0027151548050373103,0.0013102558333389395,0.0,0.00014048989716983708,123.77618309855461
6857,7987,0.0027149337667623638,0.0013095710216737139,0.0,0.000140536274508865,123.79310645256191
6858,7988,0.002714466393424657,0.001306609889954502,0.0,0.00014078565034701549,123.81046789698303
6859,7989,0.0027142851900499917,0.0013054698869217848,0.0,0.0001408815303128207,123.82713035866618
6860,7990,0.0027140184495618265,0.0013052375951313085,0.0,0.00014087808544305182,123.84396248031408
6861,7991,0.0027136437509386996,0.0013025045824695339,0.0,0.0001411139168469166,123.86070420313627
6862,7992,0.0027134260801919335,0.001302434196943387,0.0,0.00014109918832485462,123.87733159121126
6863,7993,0.0027132398977988362,0.001302645320659031,0.0,0.0001410594577139805,123.8940561292693
6864,7994,0.002713090474563848,0.001301806478879184,0.0,0.00014112839956846636,123.91076355054975
6865,7995,0.002712874736614505,0.0013009404063473973,0.0,0.0001411934330267108,123.92738701868802
6866,7996,0.00271263124706158,0.001300644096326123,0.0,0.00014119871507354572,123.94409910403192
6867,7998,0.0027124997950313673,0.0013002288357906403,0.0,0.00014122709592407268,123.96977147646248
6868,7999,0.002712270189697624,0.0012999271876887124,0.0,0.00014123430020089117,123.98643600102514
6869,8000,0.002711965780293049,0.0013007672099914853,0.0,0.00014111985703015639,124.00311684794724
6870,8001,0.002711693370952842,0.0013014934537186394,0.0,0.00014101999172342028,124.01975442655385
6871,8002,0.0027116452647399777,0.0013007213365329193,0.0,0.00014109239282070586,124.03642098233104
6872,8004,0.002711525009074457,0.0013010768078007705,0.0,0.00014104482012736866,124.06032305117697
6873,8005,0.002711422991058107,0.0013015696433070522,0.0,0.00014098533477510547,124.0770461158827
6874,8006,0.0027113818122886423,0.0013013275590360212,0.0,0.00014100542532526213,124.09379070345312
6875,8007,0.002711307184563678,0.0013011515954860498,0.0,0.00014101555890776285,124.11056142486632
6876,8008,0.0027111729815916088,0.0013003881237015319,0.0,0.00014107848578900767,124.12718487158418
6877,8009,0.0027110378772888582,0.0012993505911687592,0.0,0.00014116872861200992,124.1440685428679
6878,8010,0.002710874528678229,0.0012973308475542685,0.0,0.00014135436811239604,124.16081380657852
6879,8011,0.0027108297924092837,0.001296343697814289,0.0,0.0001414486094594995,124.17745853960514
6880,8012,0.002710777726443306,0.0012958873100766047,0.0,0.0001414890416366701,124.1941871009767
6881,8013,0.0027106982968305255,0.00129618542837341,0.0,0.00014145128684571156,124.21168355830014
6882,8014,0.0027105480075125836,0.0012957528039868505,0.0,0.00014147952035257333,124.22838604729623
6883,8015,0.0027103985533610602,0.0012953453105727692,0.0,0.0001415053242788291,124.24508756026626
6884,8016,0.002710174944373937,0.0012941049894069233,0.0,0.0001416069954967014,124.26181156095117
6885,8017,0.0027099269362031615,0.0012933344078898267,0.0,0.00014165925283133346,124.27844360098243
6886,8018,0.002709562002067679,0.0012925849161856205,0.0,0.00014169770858820586,124.29584146570414
6887,8019,0.002709373193884401,0.0012907234522781313,0.0,0.00014186497416062693,124.31257339566946
6888,8020,0.0027091983934501938,0.001290838444166243,0.0,0.0001418359949283951,124.32998417131603
6889,8021,0.002708915267483148,0.0012895599212576281,0.0,0.000141935534622552,124.34669233392924
6890,8023,0.0027088093722998697,0.001289323756814451,0.0,0.00014194856154854188,124.37072269059718
6891,8024,0.0027086583486724686,0.0012877393246359268,0.0,0.0001420919024036542,124.38738998305053
6892,8025,0.002708498030292748,0.001287385865137061,0.0,0.0001421112165155687,124.40436130668968
6893,8026,0.0027083990559542775,0.0012865024226377216,0.0,0.00014218966333165558,124.42103814706206
6894,8027,0.0027083007987938838,0.0012860721848661609,0.0,0.0001422228613927723,124.43773949798197
6895,8028,0.0027081562926039773,0.0012842252326173496,0.0,0.0001423931059986628,124.4544240264222
6896,8029,0.0027079687505995806,0.001283221190660941,0.0,0.000142474755993864,124.47198222763836
6897,8030,0.0027077233530814165,0.0012815549085223475,0.0,0.0001426168444559069,124.48872253950685
6898,8031,0.002707546610775137,0.0012797074050232922,0.0,0.0001427839205751845,124.50545982457697
6899,8032,0.002707436460468756,0.0012800667347965299,0.0,0.00014273697256722264,124.52215318754315
6900,8034,0.002707364060512028,0.0012789360038763986,0.0,0.00014284280566356295,124.54629918560386
6901,8035,0.002707282652634654,0.0012775155729172244,0.0,0.00014297670797174292,124.56314934324473
6902,8037,0.002707246773811253,0.0012774695107065225,0.0,0.00014297772631047305,124.58726352732629
6903,8038,0.0027072236711688145,0.0012781787822959423,0.0,0.00014290448888728722,124.60400149133056
6904,8039,0.002707131839436803,0.001278032210248541,0.0,0.0001429099629188262,124.62101611215621
6905,8040,0.0027070833095539223,0.001277267086526195,0.0,0.00014298162230277274,124.63775352016091
6906,8041,0.0027070099444062553,0.0012772410223662674,0.0,0.0001429768922039988,124.65471951290965
6907,8042,0.002706861768872539,0.001276933964283681,0.0,0.00014299278045888582,124.67137653008103
6908,8043,0.0027067395884686814,0.001276953896351919,0.0,0.0001429785692116762,124.68808525055647
6909,8045,0.0027066673954037257,0.0012760107976661874,0.0,0.00014306565977375383,124.71224719006568
6910,8046,0.002706603578482846,0.0012749557742955172,0.0,0.00014316478041873285,124.72894501779228
6911,8048,0.0027064685977548886,0.001274997711761805,0.0,0.00014314708859930835,124.75309081282467
6912,8050,0.0027063811232808793,0.0012749598697208678,0.0,0.00014314212535600115,124.77712194994092
6913,8051,0.0027063078312762057,0.001275385749539,0.0,0.00014309220817372055,124.79386038519442
6914,8052,0.0027062371711957505,0.001275059825858687,0.0,0.00014311773453370633,124.81061525084078
6915,8053,0.002706214652212671,0.0012752560648393503,0.0,0.0001430958587373321,124.82723741326481
6916,8054,0.002706125116268544,0.0012747199521739696,0.0,0.00014314051640945745,124.84393808152527
6917,8055,0.0027060836123173485,0.001274735303980259,0.0,0.00014313483083370894,124.86069586221129
6918,8056,0.00270602538092838,0.0012753899215256167,0.0,0.00014306354594027633,124.87730305083096
6919,8057,0.002705984967606169,0.001275223822791216,0.0,0.0001430761144814953,124.89412049204111
6920,8058,0.002705945197486602,0.0012751201556156666,0.0,0.00014308250418709357,124.91089127026498
6921,8059,0.0027058546550290173,0.0012753712570651398,0.0,0.00014304833979638775,124.92760628182441
6922,8060,0.002705772988745191,0.0012757850431942793,0.0,0.00014299879455509118,124.94510897248983
6923,8061,0.0027057156641714314,0.0012760065083994654,0.0,0.0001429709155771966,124.96190090477467
6924,8063,0.0027056855161450913,0.00127633670398883,0.0,0.00014293488121562616,124.98594869300723
6925,8064,0.0027056408264113803,0.0012762101814888418,0.0,0.00014294306449225385,125.00266652926803
6926,8065,0.0027055709883251644,0.001276008303202012,0.0,0.00014295626851231524,125.01930274814367
6927,8066,0.0027055139914512185,0.0012759378722361284,0.0,0.00014295761192150902,125.03598287515342
6928,8067,0.0027054080827297626,0.0012756763282519546,0.0,0.00014297317544778078,125.05268770363182
6929,8069,0.0027053408697938156,0.0012759260076991579,0.0,0.00014294148620946575,125.07684115227312
6930,8071,0.002705262935927032,0.0012756440592322806,0.0,0.00014296188766947513,125.10127983801067
6931,8072,0.0027051581101317683,0.0012758628664975024,0.0,0.00014292952436342657,125.11788450460881
6932,8073,0.00270507970504779,0.0012757272871823792,0.0,0.0001429352417865411,125.1346148122102
6933,8074,0.0027049761308322344,0.0012753196104352204,0.0,0.00014296565203970136,125.1512645445764
6934,8075,0.002704808452751929,0.0012745100180234594,0.0,0.000143029843472847,125.16808129660785
6935,8076,0.0027045924407735266,0.0012731983932883974,0.0,0.00014313940474851294,125.1851044781506
6936,8078,0.002704408080734872,0.001272187527019435,0.0,0.0001432220553715437,125.20922574587166
6937,8079,0.0027041572806946424,0.0012700713151535363,0.0,0.00014340859655411061,125.22606371995062
6938,8080,0.002703929395521036,0.0012703929718164582,0.0,0.00014335364237045775,125.24290537647903
6939,8081,0.002703717497282405,0.0012704103956889575,0.0,0.00014333071015934474,125.2597042825073
6940,8082,0.002703569022293495,0.001270139651880713,0.0,0.0001433429370412782,125.27639836072922
6941,8083,0.0027034316344277808,0.0012694437602415228,0.0,0.00014339878741862578,125.29325879830867
6942,8084,0.0027033558949298327,0.001269206064489461,0.0,0.0001434149830440372,125.30998498946428
6943,8085,0.002703201805095436,0.0012689400143265995,0.0,0.00014342617907688366,125.32683194801211
6944,8086,0.002702981928596645,0.0012680213556041408,0.0,0.00014349605729925045,125.34441386163235
6945,8087,0.002702615410592142,0.001266059145396245,0.0,0.00014365562651958967,125.36123756878078
6946,8088,0.002702079696498564,0.0012643307502960511,0.0,0.00014377489462025127,125.37798797152936
6947,8090,0.002701849440948129,0.0012638617660783243,0.0,0.00014379876748698043,125.40206170547754
6948,8092,0.0027014668206737946,0.0012616419875134404,0.0,0.00014398248331603543,125.42618617601693
6949,8093,0.0027012635324381905,0.001262006773931887,0.0,0.00014392567585063033,125.4430531449616
6950,8095,0.0027008446095255862,0.0012603267352492855,0.0,0.00014405178742763007,125.46718218829483
6951,8096,0.0027002255803285874,0.0012599981219447423,0.0,0.0001440227458383845,125.48433599807322
6952,8098,0.0026999322975244603,0.001257973952576546,0.0,0.00014419583449479145,125.50880402047187
6953,8099,0.0026990885373516823,0.0012576664492761009,0.0,0.00014414220880755815,125.52562861982733
6954,8100,0.002698130061680442,0.0012582348981374954,0.0,0.00014398951635429468,125.54231758229434
6955,8102,0.002697119138028564,0.0012582588052927207,0.0,0.00014388603327358432,125.56721964944154
6956,8104,0.00269594308031913,0.001259615423204017,0.0,0.0001436327657115113,125.59128670021892
6957,8106,0.00269535550241396,0.0012609452815140383,0.0,0.00014344102208999215,125.61540034040809
6958,8109,0.0026944925906518796,0.0012589536733317024,0.0,0.0001435538917320177,125.64702070318162
6959,8110,0.0026935252453965993,0.0012560989237198564,0.0,0.0001437426321676743,125.66368465684354
6960,8112,0.0026921290343343584,0.0012574638357482789,0.0,0.00014346651985860796,125.68769707717001
6961,8113,0.0026912960153681106,0.0012590876620843597,0.0,0.0001432208353283751,125.70443491730839
6962,8114,0.002690584598482522,0.001257359894895984,0.0,0.0001433224703586538,125.72105894982815
6963,8115,0.0026897643925024653,0.0012576690684093542,0.0,0.00014320953240931113,125.73773044161499
6964,8117,0.002689415438947716,0.0012588260773539373,0.0,0.00014305893615937788,125.76184733770788
6965,8118,0.0026887470050096767,0.001258663458056695,0.0,0.0001430083546952982,125.77853605430573
6966,8119,0.0026882403053433666,0.0012552331268075435,0.0,0.0001433007178535823,125.79564207326621
6967,8120,0.0026878274373195185,0.0012566496772342401,0.0,0.00014311777600852781,125.81235128082335
6968,8122,0.0026876649353925986,0.0012567201877953821,0.0,0.00014309447475972163,125.83625560346991
6969,8123,0.0026874395232142534,0.001256250007646742,0.0,0.00014311895155675114,125.85293535515666
6970,8124,0.0026871356435303304,0.0012548852261851842,0.0,0.00014322504173451463,125.8706238027662
6971,8125,0.0026867787009241446,0.0012544514120491732,0.0,0.00014323272888749715,125.88736011832952
6972,8126,0.0026866182258152536,0.0012531431082376699,0.0,0.00014334751175775834,125.90410259924829
6973,8127,0.002686029730261074,0.001253114512797857,0.0,0.00014329152174632175,125.92102519329637
6974,8128,0.0026851298980643547,0.0012504459505832287,0.0,0.00014346839474811262,125.9381802175194
6975,8130,0.002684216472887222,0.0012485202576074928,0.0,0.0001435696215279729,125.96233754977584
6976,8131,0.002683417568245688,0.0012424589394514213,0.0,0.00014409586287942664,125.97906894795597
6977,8132,0.0026821762120369306,0.0012431386478864322,0.0,0.00014390375641504984,125.99664715956897
6978,8134,0.002681948711421382,0.0012416142927601365,0.0,0.00014403344186612456,126.02081019524485
6979,8135,0.0026816404928694886,0.0012399026850702607,0.0,0.0001441737807799228,126.03749239910394
6980,8136,0.0026808237607265865,0.00123811389107079,0.0,0.00014427098696557963,126.05418434459716
6981,8138,0.002680513835174359,0.0012357346579378343,0.0,0.0001444779177236525,126.07874368876219
6982,8139,0.0026802434081310052,0.0012336388672761537,0.0,0.00014466045408548518,126.095574461855
6983,8140,0.002680040155282409,0.0012329345223181735,0.0,0.0001447105632964236,126.1123322006315
6984,8141,0.002679858241388544,0.0012320314085304141,0.0,0.00014478268328581298,126.12895723618567
6985,8142,0.0026796975026199695,0.0012317162286712602,0.0,0.00014479812739487093,126.14578701648861
6986,8143,0.00267949431426219,0.0012289086341655178,0.0,0.00014505856800966723,126.16256198752671
6987,8144,0.002679324797029572,0.0012290267422679457,0.0,0.00014502980547616263,126.17916133999825
6988,8145,0.0026791574613502676,0.00122736438652602,0.0,0.00014517930748242478,126.19606174062937
6989,8146,0.0026790196247469915,0.0012265737752153365,0.0,0.00014524458495316552,126.21289612073451
6990,8147,0.0026789351866279834,0.0012258620701495406,0.0,0.0001453073116478443,126.22955178003758
6991,8148,0.0026788455159980737,0.0012259336934067708,0.0,0.0001452911822591303,126.24627221003175
6992,8149,0.00267868179722444,0.0012254606334908891,0.0,0.0001453221163733551,126.26303960662335
6993,8150,0.0026784904022952747,0.0012258342128145955,0.0,0.00014526561894806796,126.2797886421904
6994,8151,0.002678413230236423,0.0012236407160126895,0.0,0.00014547725142237338,126.29664956312627
6995,8152,0.002678210566685455,0.0012248961376610872,0.0,0.00014533144290243674,126.31339759193361
6996,8153,0.0026781514279352664,0.0012253087414390092,0.0,0.00014528426864962574,126.33029074873775
6997,8154,0.0026779730688710713,0.0012243301140381533,0.0,0.00014536429548329182,126.34715340100229
6998,8155,0.0026777813132968465,0.0012234986732561268,0.0,0.00014542826400407199,126.36392273474485
6999,8156,0.002677427606337729,0.0012225382423085352,0.0,0.00014548893640291938,126.38070472329855
7000,8158,0.002677192282549391,0.0012228173410461754,0.0,0.0001454374941503216,126.40510486159474
7001,8159,0.0026768510523482282,0.0012227017820279965,0.0,0.00014541492703202318,126.42181443050504
7002,8160,0.0026765986348459368,0.0012244020218182968,0.0,0.000145219661302764,126.4386054025963
7003,8161,0.002676129898432799,0.0012235420656118176,0.0,0.00014525878328209814,126.45530564151704
7004,8162,0.0026757020300287575,0.001222853354553149,0.0,0.00014528486754756084,126.47206540685147
7005,8163,0.002675345910860584,0.0012235247905624247,0.0,0.00014518211202981592,126.4887892222032
7006,8164,0.0026748216710962038,0.0012223329018772463,0.0,0.00014524887692189578,126.5059512052685
7007,8165,0.002673828858704666,0.001219678383345107,0.0,0.0001454150475359559,126.52273854892701
7008,8166,0.0026734916846040155,0.0012197287745728028,0.0,0.00014537629100312127,126.53936180565506
7009,8167,0.0026730669450685867,0.00121933083643875,0.0,0.00014537361086298364,126.55603969749063
7010,8168,0.002672984696437406,0.0012170824971032591,0.0,0.00014559021993341468,126.57277977094054
7011,8169,0.0026727192990141776,0.0012180626284738654,0.0,0.0001454656670540312,126.58942200243473
7012,8170,0.0026726099699984508,0.0012176496927874855,0.0,0.00014549602772109655,126.60606016032398
7013,8171,0.0026724279512207348,0.0012166616033127953,0.0,0.00014557663479079398,126.62273759488016
7014,8172,0.0026721976440540647,0.0012154795503641171,0.0,0.00014567180936899473,126.63941656146199
7015,8173,0.002671931220682197,0.0012138793692030821,0.0,0.0001458051851479115,126.65728273522109
7016,8174,0.002671313049070675,0.0012112927883164652,0.0,0.00014600202607542096,126.67400900553912
7017,8175,0.0026706376096509296,0.0012083876483838882,0.0,0.00014622499612670413,126.6906467275694
7018,8176,0.0026701584491487067,0.0012069193771571131,0.0,0.00014632390719915934,126.70732416957617
7019,8178,0.0026696932210820323,0.0012057891608742537,0.0,0.00014639040602077786,126.73131555505097
7020,8179,0.0026695170631620036,0.0012051082385395031,0.0,0.00014644088246225004,126.74803767446429
7021,8180,0.0026693346681833227,0.0012050437988832326,0.0,0.00014642908693000898,126.76476099714637
7022,8181,0.0026692778235765597,0.0012058230194666834,0.0,0.0001463454804109876,126.78134743869305
7023,8182,0.0026690647792264356,0.0012048224510481677,0.0,0.00014642423281782676,126.79801107663661
7024,8183,0.0026688299187307956,0.0012047109797245303,0.0,0.00014641189390062653,126.81481026671827
7025,8184,0.0026685422270211687,0.00120506688737307,0.0,0.00014634753396480988,126.83139412011951
7026,8185,0.00266813167057311,0.0012056960439220622,0.0,0.00014624356266510478,126.84820752590895
7027,8186,0.0026679020049336557,0.0012066509748489419,0.0,0.00014612510300847137,126.86491448897868
7028,8187,0.0026678177528497516,0.0012070782634612694,0.0,0.00014607394893884822,126.88160403072834
7029,8188,0.002667786278492585,0.001207186665937711,0.0,0.0001460599612554874,126.89839635696262
7030,8189,0.0026677747910247825,0.0012073123685259546,0.0,0.00014604624224988277,126.91512006893754
7031,8190,0.0026677639879958705,0.0012074049399934885,0.0,0.0001460359048002382,126.93175494018942
7032,8191,0.0026677551339050775,0.0012075007631655549,0.0,0.00014602543707395227,126.94917493127286
7033,8193,0.0026677412249688772,0.0012077007814076134,0.0,0.00014600404435612636,126.97310677170753
7034,8195,0.0026677111980990182,0.0012084867437316205,0.0,0.00014592244543673978,126.99809931311756
7035,8196,0.0026676869141444293,0.0012086724766675846,0.0,0.00014590144374768444,127.01520065590739
7036,8197,0.002667670124666153,0.0012090171299388034,0.0,0.00014586529947273493,127.03188098222017
7037,8198,0.0026676638351667906,0.0012091578830513866,0.0,0.00014585059521154042,127.04855445958674
7038,8199,0.002667656281458735,0.0012093108238651576,0.0,0.00014583454575935775,127.06519676744938
7039,8200,0.002667645255268216,0.0012094895371057455,0.0,0.00014581557181624706,127.08176958095282
7040,8201,0.002667627592834983,0.0012097496313546105,0.0,0.00014578779614803726,127.09872366208583
7041,8202,0.0026675994088568938,0.0012101017408047811,0.0,0.00014574976680521126,127.1153818871826
7042,8203,0.0026675540037469207,0.0012105769973447436,0.0,0.00014569770064021772,127.13207077421248
7043,8204,0.0026674897515838636,0.0012110448858460273,0.0,0.00014564448657378363,127.1487744115293
7044,8205,0.0026674110699385144,0.0012115756299360106,0.0,0.00014558354400025038,127.16543637216091
7045,8206,0.0026673407255485065,0.0012118469271543747,0.0,0.00014554937983941318,127.18206486664712
7046,8207,0.002667257915296418,0.001211789689258898,0.0,0.00014554682260375197,127.1997818686068
7047,8208,0.0026671094992896213,0.0012109471442690743,0.0,0.0001456162355020547,127.21681967191398
7048,8209,0.002666929426906112,0.0012103452368332846,0.0,0.00014565841900728273,127.23341789003462
7049,8211,0.0026668235002231485,0.0012099005916609469,0.0,0.00014569229085622016,127.25736912991852
7050,8212,0.0026665867952898256,0.0012098052494133654,0.0,0.00014567815458764604,127.27409035526216
7051,8213,0.0026664927061249184,0.0012099847084736698,0.0,0.00014565079976512488,127.29072102811188
7052,8214,0.0026664046270167135,0.0012103022381650718,0.0,0.00014561023888516416,127.30761012248695
7053,8215,0.0026662941375944988,0.001210145720184915,0.0,0.00014561484174095837,127.32427216228098
7054,8216,0.002666185340857407,0.001209945391383834,0.0,0.0001456239949473573,127.34167728666216
7055,8217,0.0026660636413619477,0.0012089334447492389,0.0,0.00014571301966127085,127.35911856032908
7056,8218,0.002665846781266884,0.001207950195636361,0.0,0.00014578965856305233,127.37581774499267
7057,8219,0.002665715595959084,0.0012070361179957352,0.0,0.00014586794779633487,127.39396045450121
7058,8220,0.0026655311656547205,0.001207066921006857,0.0,0.00014584642446478636,127.41064977180213
7059,8222,0.002665401980443542,0.001206718348563324,0.0,0.00014586836318802176,127.43470914848149
7060,8223,0.0026652334656586344,0.0012062244994963188,0.0,0.00014590089661623153,127.45122401043773
7061,8224,0.002664990831872733,0.0012061302817808622,0.0,0.00014588605500918706,127.46817331854254
7062,8226,0.0026649185748763475,0.0012062054163948163,0.0,0.00014587131584815313,127.49219053704292
7063,8227,0.002664807193909033,0.0012063229909413374,0.0,0.00014584842029676957,127.50899596326053
7064,8228,0.002664753391852944,0.0012063267268203873,0.0,0.0001458426665032557,127.52559681143612
7065,8229,0.00266473369321717,0.001206598817044677,0.0,0.0001458134876172493,127.54266524128616
7066,8230,0.002664716429884519,0.0012066726844072366,0.0,0.00014580437454772826,127.55950337648392
7067,8231,0.002664693681934065,0.0012065407695673017,0.0,0.00014581529123667634,127.57623521052301
7068,8232,0.002664646197078582,0.001206474967152159,0.0,0.0001458171229926423,127.5929381325841
7069,8233,0.0026645502948294372,0.0012062195685201278,0.0,0.00014583307263093094,127.60959870740771
7070,8234,0.002664508402901257,0.0012061170654149792,0.0,0.0001458391337486278,127.62624541856349
7071,8235,0.0026644076896579208,0.00120508521325479,0.0,0.00014593224764031308,127.6430178200826
7072,8236,0.0026643030228252406,0.0012053974409242437,0.0,0.00014589055819009967,127.65973950829357
7073,8237,0.0026642129118481205,0.001205308850888639,0.0,0.00014589040609594816,127.67635620292276
7074,8238,0.002664100803155574,0.0012047549328029882,0.0,0.00014593458703525858,127.69298248272389
7075,8239,0.0026639619623096667,0.001203457479241202,0.0,0.00014605044830684645,127.7098009120673
7076,8240,0.002663879355760875,0.0012027521589402666,0.0,0.00014611271968206085,127.72655360028148
7077,8241,0.0026637818765855425,0.0012001533733691312,0.0,0.00014636285032164112,127.74476792383939
7078,8242,0.0026635880665934245,0.0012009537785605904,0.0,0.0001462634288032834,127.76161974016577
7079,8243,0.0026634725426548708,0.0012005348256570202,0.0,0.00014629377169978502,127.77839870098978
7080,8244,0.002663302362285925,0.0012002328163569051,0.0,0.00014630695459290198,127.79519042279571
7081,8245,0.0026630821045939756,0.0011991395411937314,0.0,0.0001463942563400244,127.8121916372329
7082,8246,0.0026627835483246623,0.00119737022819247,0.0,0.00014654133201321922,127.82893712166697
7083,8248,0.0026626241373981503,0.0011962945197488328,0.0,0.00014663296176493175,127.85352669563144
7084,8250,0.0026624921625467302,0.0011955645052942818,0.0,0.00014669276572524482,127.87780946772546
7085,8251,0.0026622761234486084,0.001195554622614333,0.0,0.00014667215008342755,127.89441805053502
7086,8252,0.002662046330154245,0.0011959147990531758,0.0,0.00014661315311010692,127.9112035408616
7087,8253,0.0026616400934157194,0.0011970086852174954,0.0,0.00014646314081982238,127.92798525188118
7088,8254,0.0026611525101617336,0.001196629253807456,0.0,0.00014645232563542776,127.94468418229371
7089,8255,0.0026607703456283235,0.0011971274649756442,0.0,0.0001463642880652679,127.96164199989289
7090,8257,0.0026601483078934106,0.0011968922391894718,0.0,0.0001463256068703939,127.98577549308538
7091,8259,0.002659793965121177,0.001196681935721766,0.0,0.00014631120293994113,128.0101953232661
7092,8261,0.0026594062655473996,0.0011957953912283055,0.0,0.00014636108743190944,128.03504912368953
7093,8262,0.0026592659432902194,0.001196799793362934,0.0,0.00014624661499272856,128.0516450451687
7094,8263,0.0026589893117328167,0.00119604886973435,0.0,0.00014629404419984668,128.06867571547627
7095,8265,0.0026589075971478558,0.001196084131518307,0.0,0.0001462823465629549,128.09315859898925
7096,8266,0.002658753513928157,0.0011953194083064824,0.0,0.00014634341056216747,128.10988418385386
7097,8267,0.0026585725533968046,0.0011950344585416072,0.0,0.00014635380948551974,128.12667428702116
7098,8268,0.002658333255313684,0.0011945687195930568,0.0,0.0001463764535720627,128.1433780938387
7099,8269,0.002658083289347187,0.0011939465636336029,0.0,0.00014641367257135844,128.1600443450734
7100,8270,0.0026578786195293053,0.0011932683259379385,0.0,0.00014646102935913667,128.17669468279928
7101,8271,0.0026575982293725433,0.001191080284063852,0.0,0.00014665179453086913,128.1933770896867
7102,8272,0.0026569973826538118,0.0011908107984952344,0.0,0.00014661865841585775,128.21003319323063
7103,8274,0.002656421655891265,0.00119065161081632,0.0,0.00014657700450749445,128.23488006554544
7104,8275,0.0026556682066479253,0.0011874444017933368,0.0,0.00014682238048545882,128.2516085645184
7105,8277,0.002655105318569451,0.0011849258977476964,0.0,0.00014701794208217542,128.27554575446993
7106,8279,0.0026547223443265716,0.0011853676451513723,0.0,0.00014693546991751994,128.2997215790674
7107,8281,0.002654543214876786,0.0011851956016474747,0.0,0.00014693476132293112,128.32367232069373
7108,8282,0.0026541912444513994,0.0011846602336047089,0.0,0.00014695310108466905,128.3403257355094
7109,8283,0.0026539305839480996,0.001184164065829527,0.0,0.00014697665181185725,128.35712264012545
7110,8284,0.0026535630240298053,0.0011833610354573829,0.0,0.00014702019885724226,128.37380568217486
7111,8285,0.0026533463698087765,0.0011844120314650484,0.0,0.00014689343383437282,128.39048248156905
7112,8286,0.00265307117959309,0.0011842577638837737,0.0,0.0001468813415709316,128.40716225560755
7113,8287,0.0026529200568427913,0.0011838944153403825,0.0,0.0001469025641502409,128.4239522498101
7114,8288,0.002652806585516649,0.0011847665379021318,0.0,0.0001468040047614517,128.44143244810402
7115,8289,0.002652600501687823,0.0011848799889461806,0.0,0.00014677205127416426,128.4581186901778
7116,8290,0.002652417497729479,0.0011845769082798727,0.0,0.00014678405894496063,128.47479525767267
7117,8291,0.002652175305580665,0.0011857434836867325,0.0,0.00014664318218939325,128.49151180218905
7118,8292,0.00265193372724896,0.0011875975792092256,0.0,0.00014643361480397342,128.50824626069516
7119,8294,0.0026517771220676296,0.0011873954479293674,0.0,0.00014643816741382622,128.53300604596734
7120,8295,0.0026516532321507243,0.0011874216495173756,0.0,0.0001464231582633349,128.5497820172459
7121,8296,0.0026515602439542065,0.0011872910126442847,0.0,0.00014642692313099218,128.5666065076366
7122,8297,0.0026514957970721455,0.0011881837989211627,0.0,0.00014633119981509828,128.58329908177257
7123,8298,0.0026513899643122066,0.0011879813064818415,0.0,0.0001463408657830365,128.60001534502953
7124,8299,0.0026513012630628033,0.0011880864415992974,0.0,0.00014632148214635058,128.61697359848768
7125,8300,0.002651287005221544,0.0011877293323106538,0.0,0.00014635576729108904,128.63375648483634
7126,8301,0.0026512156695022706,0.0011881917732496105,0.0,0.000146302389625266,128.6504037519917
7127,8302,0.0026511874164227194,0.0011881191124673391,0.0,0.00014630683039553805,128.66715834103525
7128,8303,0.0026511589440271913,0.0011880524054991885,0.0,0.00014631065385280027,128.68386602029204
7129,8304,0.0026511406411176353,0.0011880322210685943,0.0,0.00014631084200490411,128.70070742908865
7130,8305,0.002651128319957996,0.0011880109671656737,0.0,0.00014631173527923224,128.7174070822075
7131,8306,0.002651119074678713,0.0011880940388062965,0.0,0.00014630250358724163,128.73420456703752
7132,8307,0.0026511121224396736,0.0011881123043561577,0.0,0.0001462999818083516,128.75100970640779
7133,8308,0.0026511029293791433,0.0011882645199100556,0.0,0.00014628384094690877,128.76775777246803
7134,8310,0.002651095278324623,0.0011883478272962512,0.0,0.00014627474510283718,128.79264867398888
7135,8312,0.0026510843978305053,0.001188521521271688,0.0,0.00014625628765588172,128.8171884706244
7136,8313,0.0026510734320446703,0.001188589706095006,0.0,0.0001462483725949664,128.83382903505117
7137,8314,0.002651060260438742,0.0011885938335872703,0.0,0.00014624664268514718,128.85044951364398
7138,8315,0.002651040141014617,0.0011884977458492241,0.0,0.00014625423951653926,128.86713056452572
7139,8316,0.002651026480721821,0.0011885199079434876,0.0,0.00014625065727783335,128.88396520353854
7140,8317,0.002651010846314635,0.0011885345196132793,0.0,0.0001462476326701356,128.9007471492514
7141,8318,0.002651003413065944,0.0011886083405259105,0.0,0.00014623950725400333,128.91741361282766
7142,8319,0.002651000223328032,0.0011886931526696775,0.0,0.00014623070706583547,128.93406778760254
7143,8320,0.002650996659878402,0.0011887054257682286,0.0,0.00014622912341101735,128.95093728601933
7144,8321,0.002650991365210153,0.0011887417310773969,0.0,0.00014622496341327562,128.9676651302725
7145,8322,0.0026509831557938713,0.0011888008476938796,0.0,0.00014621823080999917,128.9842629628256
7146,8323,0.0026509708925096,0.00118887851143025,0.0,0.00014620923810793502,129.00096348673105
7147,8324,0.0026509578219797918,0.001188992178705465,0.0,0.00014619656432743268,129.0177332656458
7148,8325,0.002650947178038577,0.0011890943330696976,0.0,0.00014618528449688792,129.03435478266329
7149,8326,0.002650935301065733,0.001189192379583997,0.0,0.0001461742921481736,129.051097067073
7150,8327,0.0026509217926205097,0.0011893601728422906,0.0,0.00014615616197782193,129.06785301398486
7151,8328,0.0026508995627474033,0.0011895880430511075,0.0,0.00014613115196962956,129.0846050530672
7152,8329,0.00265088258562999,0.0011902296564578333,0.0,0.00014606529291721565,129.10117298178375
7153,8330,0.0026508613239606908,0.001190287741868224,0.0,0.00014605735820924666,129.11788059584796
7154,8331,0.002650844914800137,0.0011904277248976334,0.0,0.00014604171899025033,129.1345199784264
7155,8332,0.0026508269819818736,0.0011905344875559809,0.0,0.00014602924944258927,129.1512196995318
7156,8333,0.0026508121006799607,0.0011906375298993406,0.0,0.000146017457078062,129.1678898455575
7157,8334,0.0026507703976421824,0.0011905692816513306,0.0,0.00014602011159908519,129.18460535258055
7158,8335,0.0026507166883953633,0.0011905320780164358,0.0,0.00014601846103789274,129.2012606486678
7159,8336,0.0026506418545558727,0.0011898004795826249,0.0,0.00014608413749732477,129.2180936038494
7160,8338,0.0026505895518932664,0.0011901064996120898,0.0,0.00014604830522811765,129.24222469329834
7161,8339,0.002650512354430694,0.0011898701625194924,0.0,0.00014606421919112012,129.2589511498809
7162,8340,0.0026504302390850444,0.0011895538167515055,0.0,0.00014608764223335389,129.27651110384613
7163,8341,0.0026503775926731052,0.0011894189791086835,0.0,0.00014609586135644218,129.29318969976157
7164,8342,0.002650292118181772,0.0011894592773335638,0.0,0.0001460832840848208,129.30999243073165
7165,8343,0.0026501429205511877,0.0011891511168732403,0.0,0.00014609918036779477,129.32676600199193
7166,8344,0.002649916605963814,0.0011893410882586651,0.0,0.00014605755177051486,129.3434489350766
7167,8346,0.0026493762010008255,0.001189563471296079,0.0,0.00014598127297047462,129.3675608979538
7168,8348,0.002649093175660957,0.0011886349106960791,0.0,0.00014604582649648776,129.3919927617535
7169,8350,0.002648960496732942,0.0011888823434486851,0.0,0.00014600781532842568,129.4159959917888
7170,8351,0.00264841407561012,0.0011879815897719898,0.0,0.00014604324858381304,129.43255371041596
7171,8353,0.0026482302516937332,0.0011880653960499063,0.0,0.0001460164855643827,129.45645527075976
7172,8354,0.0026481390841962263,0.0011882378812950614,0.0,0.00014599012029011647,129.47314886189997
7173,8355,0.0026480104227914595,0.0011885466743721913,0.0,0.00014594637484192683,129.48974622692913
7174,8357,0.0026479476962058763,0.0011883008785920784,0.0,0.0001459646817613798,129.51367557328194
7175,8358,0.0026478494324823944,0.0011884108323316062,0.0,0.00014594386001507881,129.53022088110447
7176,8359,0.0026476917306585395,0.0011890848195219611,0.0,0.00014586069111365783,129.546829206869
7177,8360,0.0026476305595144294,0.0011894817856040094,0.0,0.00014581487739104198,129.56364410277456
7178,8362,0.0026475836703704755,0.0011902479983497431,0.0,0.00014573356720207326,129.58832529000938
7179,8363,0.0026475446748569233,0.001190943519327902,0.0,0.00014566011555290214,129.60499520227313
7180,8364,0.0026474718653602377,0.0011912768717986097,0.0,0.0001456194993561628,129.62152997590601
7181,8365,0.002647443355928128,0.001191686029721346,0.0,0.00014557573262067818,129.63848352991045
7182,8366,0.0026474244480392027,0.0011917922816048992,0.0,0.00014556321664343036,129.65503367595375
7183,8367,0.0026473991987161554,0.0011915975426964195,0.0,0.0001455801656019736,129.67159281671047
7184,8368,0.002647341336134464,0.0011917171821161324,0.0,0.00014556241540183314,129.68821958824992
7185,8369,0.002647188385204511,0.0011933524944798125,0.0,0.00014538358907246985,129.7048589643091
7186,8370,0.0026469584734025667,0.0011921819347540943,0.0,0.00014547765386484725,129.72142882365733
7187,8371,0.0026466419293925446,0.0011926657505824236,0.0,0.00014539761788101208,129.7381009189412
7188,8373,0.002646427851940793,0.0011942277952386102,0.0,0.00014522000567021825,129.76228031422943
7189,8374,0.0026461207512283895,0.0011939338615404112,0.0,0.00014521868896879783,129.7788395481184
7190,8375,0.0026458468513813537,0.0011941159205024908,0.0,0.0001451730930878863,129.79545486345887
7191,8377,0.0026455739117134695,0.0011942493674674567,0.0,0.00014513245442460127,129.81930427718908
7192,8378,0.0026453877453804994,0.0011934475750810774,0.0,0.0001451940170299422,129.83674398995936
7193,8379,0.0026450719526058034,0.001194578948735422,0.0,0.00014504930038703815,129.8533791275695
7194,8380,0.002644917511582384,0.0011949911075523974,0.0,0.00014499264040299868,129.8699077675119
7195,8381,0.0026446560182058973,0.0011964916690879036,0.0,0.0001448164349117994,129.88650619704276
7196,8383,0.002644305128799672,0.0011956050693937748,0.0,0.0001448700059405897,129.91049980279058
7197,8384,0.0026440351206988085,0.001195525004182217,0.0,0.00014485101165165914,129.92719528544694
7198,8385,0.0026435443215971693,0.0011955769270536507,0.0,0.00014479673945435188,129.94428900443017
7199,8387,0.002643272600547822,0.0011964917992516111,0.0,0.00014467808012962106,129.97000421676785
7200,8388,0.0026429963556960476,0.0011972207847248915,0.0,0.0001445775570971156,129.98705832660198
7201,8389,0.00264271961812183,0.0011961562157441134,0.0,0.00014465634023777166,130.00381371099502
7202,8390,0.002642325759949456,0.001196556222708431,0.0,0.0001445769537241025,130.02045073825866
7203,8391,0.0026419995505096282,0.0011974386250617193,0.0,0.0001444560925447909,130.0370826087892
7204,8393,0.0026417997964532005,0.0011973819078255484,0.0,0.00014444178886276524,130.0611167959869
7205,8394,0.002641357129356929,0.001197652950918527,0.0,0.00014437041784384018,130.07840924430639
7206,8395,0.002640890027906238,0.0011983278795602201,0.0,0.0001442562148346018,130.09510154277086
7207,8396,0.0026407266000298764,0.0011999101448479255,0.0,0.00014408164551819508,130.11188053991646
7208,8398,0.0026404903387416676,0.001199160541011691,0.0,0.00014413297977299765,130.1359061282128
7209,8400,0.0026400838315661515,0.0011995836160424345,0.0,0.0001440500215523717,130.16008952446282
7210,8402,0.002639967551467722,0.0012000607639938963,0.0,0.0001439906787473826,130.18397776875645
7211,8404,0.00263965907636302,0.001201633625918796,0.0,0.00014380254504442239,130.2083558831364
7212,8405,0.002639239517599768,0.0012019445876032542,0.0,0.00014372949299965138,130.2250650767237
7213,8406,0.0026389637897960023,0.0012022113084742356,0.0,0.00014367524813217665,130.24170598946512
7214,8407,0.002638936189230805,0.0012024934506488086,0.0,0.00014364427385819964,130.2582975756377
7215,8408,0.0026388740790494274,0.0012022131921505194,0.0,0.0001436660886898908,130.27487375680357
7216,8409,0.0026388329685177545,0.00120243873804311,0.0,0.00014363942304746448,130.29196237027645
7217,8410,0.0026387907906276617,0.0012026302990720344,0.0,0.0001436160491555627,130.3090630127117
7218,8411,0.0026387213922822736,0.0012022450928562117,0.0,0.00014364762994260622,130.32570767775178
7219,8413,0.0026386950338573374,0.0012025459412202653,0.0,0.0001436149092637072,130.34969661664218
7220,8414,0.0026386108339280408,0.0012021695638821377,0.0,0.00014364412700459034,130.3663012329489
7221,8415,0.0026384429253137514,0.0012013192881196997,0.0,0.00014371236371940518,130.38324405252934
7222,8416,0.0026382724586086034,0.0012001257469010282,0.0,0.0001438146711707575,130.39993559382856
7223,8417,0.002638076590344262,0.0011990715905563253,0.0,0.00014390049997879364,130.41670442558825
7224,8418,0.002637897302079495,0.0011984457045714095,0.0,0.00014394515975080853,130.43331051245332
7225,8419,0.002637711445700093,0.0011977704972735773,0.0,0.0001439940948426516,130.45038438681513
7226,8420,0.0026374415033597384,0.0011983896159922934,0.0,0.0001439051887367445,130.46711931284517
7227,8422,0.002637155009542904,0.0011977229533660534,0.0,0.0001439432056176851,130.4911745665595
7228,8423,0.002636923613612687,0.001197389248252811,0.0,0.00014395343653598758,130.50783083308488
7229,8424,0.0026368058964765526,0.0011969415923555164,0.0,0.0001439864304121036,130.5244721006602
7230,8425,0.002636540547685821,0.0011961478161668375,0.0,0.00014403927315189834,130.54120094701648
7231,8426,0.002636265533719673,0.0011946726032399323,0.0,0.00014415929304797408,130.55889948178083
7232,8428,0.002635868595491672,0.0011919638876371457,0.0,0.0001443904707854526,130.58337053097785
7233,8429,0.00263573620913772,0.0011915139778559012,0.0,0.00014442222312818185,130.60006516147405
7234,8430,0.002635639437740291,0.0011913004388016926,0.0,0.00014443389989385983,130.6176503226161
7235,8431,0.0026355918996059293,0.0011915282865606993,0.0,0.000144406361304523,130.6343090645969
7236,8432,0.002635537823097086,0.0011915373139099387,0.0,0.00014440005091871473,130.6509377732873
7237,8433,0.0026355033891255412,0.0011911831457560723,0.0,0.0001444320243369469,130.66767069976777
7238,8434,0.0026354633849564133,0.0011914101419961923,0.0,0.00014440532429602207,130.68419618625194
7239,8435,0.0026354229169105736,0.001191061814322059,0.0,0.00014443611025885143,130.70168331917375
7240,8436,0.0026353804151891588,0.0011906844950037977,0.0,0.00014446959201853607,130.7183793950826
7241,8437,0.002635350212047342,0.0011902960425935925,0.0,0.000144505416945375,130.7349638780579
7242,8439,0.002635337186850448,0.0011902582037507038,0.0,0.00014450789830997444,130.75928054749966
7243,8440,0.0026352983367411535,0.0011902413871584692,0.0,0.00014450569495826844,130.7760308822617
7244,8441,0.0026352469710151354,0.001190004955398158,0.0,0.0001445242015616977,130.7926230058074
7245,8442,0.0026351788390584032,0.0011899840717304593,0.0,0.0001445194767327944,130.8094332423061
7246,8443,0.0026351449512085788,0.0011895633112987377,0.0,0.00014455816399098413,130.8260081289336
7247,8444,0.0026350885486100435,0.001189677471712253,0.0,0.00014454110768977906,130.84273696970195
7248,8445,0.0026350232077637734,0.0011897224517910972,0.0,0.00014453007559726762,130.85925958212465
7249,8446,0.002635001804205721,0.0011892687270380876,0.0,0.00014457330771676337,130.8760229498148
7250,8447,0.002634968862911635,0.0011894248907201375,0.0,0.00014455439721914974,130.89270082022995
7251,8448,0.0026349379146510497,0.0011894606862591593,0.0,0.00014454772283918903,130.90934966504574
7252,8449,0.0026348803551731,0.001189425710566278,0.0,0.00014454546446068226,130.92636779416353
7253,8450,0.0026348283371675505,0.001189253074847344,0.0,0.00014455752623202068,130.94314392562956
7254,8451,0.0026348133799148506,0.0011888607782484407,0.0,0.000144595260166641,130.9598254673183
7255,8453,0.002634794882294212,0.0011889257877755607,0.0,0.0001445869094518651,130.98370610456914
7256,8454,0.002634786497161567,0.0011889091262563272,0.0,0.000144587737090524,131.00032344460487
7257,8455,0.0026347766464799452,0.0011888576045831361,0.0,0.0001445919041896809,131.01696250028908
7258,8456,0.00263476856297882,0.001188908546370514,0.0,0.00014458600166083056,131.03370324987918
7259,8457,0.0026347585385949226,0.0011888544115839902,0.0,0.00014459041270109324,131.05033245123923
7260,8458,0.0026347491311734294,0.0011888102154054003,0.0,0.00014459389157680288,131.06709214486182
7261,8459,0.002634745013632956,0.0011887650532679548,0.0,0.00014459799603650013,131.08456062618643
7262,8460,0.0026347398869624667,0.0011887789363912743,0.0,0.00014459609505711922,131.10121735744178
7263,8461,0.00263473837209041,0.0011888656133642872,0.0,0.00014458727587261225,131.11878425627947
7264,8462,0.002634733755975791,0.0011889229132071519,0.0,0.00014458108427686393,131.1353688603267
7265,8463,0.0026347289566375845,0.001189005121710668,0.0,0.00014457238349269163,131.152019652538
7266,8464,0.002634721716583583,0.0011892232744797101,0.0,0.0001445498442103873,131.16920010652393
7267,8465,0.0026347090779532756,0.0011895809715554847,0.0,0.0001445128106397791,131.18584342487156
7268,8466,0.002634694235427697,0.0011899787722287852,0.0,0.00014447154631989115,131.20264038443565
7269,8467,0.00263467884136536,0.0011902714849137456,0.0,0.00014444073564516142,131.2193807438016
7270,8468,0.0026346567309924636,0.0011905484126475648,0.0,0.0001444108318344899,131.23690498061478
7271,8469,0.002634634794304706,0.0011907085101252842,0.0,0.0001443926284179422,131.2536171367392
7272,8470,0.0026346276028885642,0.001191017850680691,0.0,0.0001443609752207873,131.2710783034563
7273,8471,0.0026346021214886917,0.001190836423738148,0.0,0.00014437656977505436,131.287748971954
7274,8472,0.002634589194020891,0.0011908446598683081,0.0,0.0001443744534152583,131.30460659228265
7275,8473,0.0026345712843448147,0.0011909332127511762,0.0,0.00014436380715936382,131.32144672889262
7276,8475,0.002634567671007325,0.0011910292877923324,0.0,0.0001443538383214993,131.34678435046226
7277,8476,0.002634559914528859,0.0011909899382292041,0.0,0.0001443569976299655,131.3634884878993
7278,8477,0.0026345551359960753,0.0011910348370950717,0.0,0.00014435202989010037,131.38007483631372
7279,8478,0.00263455296392816,0.0011910167895574151,0.0,0.00014435361743707448,131.3968945806846
7280,8479,0.002634549783698776,0.001191033428912365,0.0,0.0001443516354786411,131.4136144509539
7281,8480,0.0026345452100770494,0.0011910625140630247,0.0,0.00014434826960140246,131.43065039161593
7282,8481,0.002634539964741159,0.0011910973271382205,0.0,0.00014434426376029385,131.44732193648815
7283,8483,0.002634536966058737,0.0011914735746262803,0.0,0.00014430633914324568,131.4717565458268
7284,8485,0.002634530304069873,0.0011916798345375477,0.0,0.0001442850469532325,131.495857947506
7285,8486,0.0026345163527779166,0.0011916358276912234,0.0,0.00014428805250866933,131.51264963578433
7286,8487,0.00263449159108624,0.0011919960500374597,0.0,0.00014424955410487805,131.52935685031116
7287,8488,0.002634466272593856,0.001192326842872231,0.0,0.0001442139429721625,131.54616835154593
7288,8489,0.0026344409790319103,0.0011929797986782735,0.0,0.00014414611803536365,131.5638190889731
7289,8491,0.0026344216811406526,0.0011934666679446209,0.0,0.0001440955013196032,131.58831293601543
7290,8493,0.002634390011205646,0.0011936608705344987,0.0,0.00014407291406711475,131.61257970985025
7291,8494,0.002634337576862734,0.001194071029914931,0.0,0.00014402665469478027,131.62924202997237
7292,8495,0.002634308049703588,0.0011945053373013772,0.0,0.0001439802712402211,131.6460207849741
7293,8496,0.002634288828702948,0.0011940832484779351,0.0,0.0001440205580225013,131.6627965355292
7294,8497,0.0026342509777877057,0.0011942426861139925,0.0,0.00014400082916737132,131.6795559776947
7295,8498,0.002634237733319443,0.0011945876378093498,0.0,0.00014396500955100934,131.69621497392654
7296,8499,0.0026342078718880036,0.0011945730089423894,0.0,0.0001439634862945614,131.7130094897002
7297,8500,0.0026341929676279175,0.0011943473408290793,0.0,0.00014398456267988383,131.72984312009066
7298,8501,0.0026341667392218602,0.0011946190275047835,0.0,0.0001439547711717077,131.7466637501493
7299,8503,0.0026341494669708566,0.0011950546473311356,0.0,0.0001439094819639721,131.77087782230228
7300,8504,0.002634133082505019,0.0011952208990555723,0.0,0.00014389121834494469,131.78760815225542
7301,8505,0.0026341066012208906,0.0011956391176005205,0.0,0.00014384674836203702,131.80447887256742
7302,8506,0.0026340967048670005,0.0011959901349792995,0.0,0.0001438106569887701,131.82137551624328
7303,8508,0.0026340853953366913,0.001195859872196829,0.0,0.00014382255231398623,131.84573187865317
7304,8509,0.00263407983437435,0.0011960586994638736,0.0,0.00014380211349104762,131.86256895493716
7305,8510,0.0026340685159699836,0.001195946670241251,0.0,0.00014381218457287326,131.87964145466685
7306,8511,0.0026340628628926254,0.0011958892243736615,0.0,0.0001438173638518964,131.8964372491464
7307,8512,0.0026340569173677127,0.001195860218311274,0.0,0.00014381966990564387,131.91318613197654
7308,8513,0.0026340531104962887,0.0011957252691239715,0.0,0.00014383278413723172,131.92992856446654
7309,8514,0.0026340516799658173,0.0011956976363509109,0.0,0.00014383540436149067,131.9466901049018
7310,8515,0.0026340497657826962,0.001195625097144142,0.0,0.0001438424668638554,131.96340458281338
7311,8516,0.0026340472285869294,0.001195562176680607,0.0,0.00014384850519063224,131.98012216761708
7312,8517,0.002634042651953783,0.0011954472549471832,0.0,0.00014385953970066,131.9968714620918
7313,8518,0.0026340351628629847,0.0011952724280287058,0.0,0.00014387627348342788,132.01368491351604
7314,8519,0.002634027822565205,0.0011948587192520646,0.0,0.00014391691033131403,132.03040467575192
7315,8520,0.0026340172283262162,0.0011948872243872691,0.0,0.0001439130003938947,132.04719505365938
7316,8521,0.0026340138069020852,0.0011946557799839964,0.0,0.00014393580269180886,132.06399615574628
7317,8522,0.0026340042594879803,0.0011947090910694013,0.0,0.00014392951684185788,132.08073880989105
7318,8523,0.002634001239351302,0.0011945919264561105,0.0,0.00014394093128951917,132.0975120421499
7319,8524,0.0026339974592128126,0.0011944298198476,0.0,0.00014395676393652126,132.11416115332395
7320,8525,0.0026339907470953865,0.0011942447489912177,0.0,0.0001439745998104169,132.13088040053844
7321,8527,0.0026339874955144268,0.001193987962123891,0.0,0.00014399995333905358,132.155088073574
7322,8528,0.0026339788522026846,0.0011938713720711415,0.0,0.00014401074801315432,132.17190831620246
7323,8529,0.0026339617805543583,0.0011935861374225629,0.0,0.00014403756431317954,132.18860446754843
7324,8530,0.0026339316789406276,0.0011931772806209715,0.0,0.00014407543983196563,132.20544406119734
7325,8532,0.0026339107239226386,0.001192472518012744,0.0,0.00014414382059098948,132.22942581307143
7326,8534,0.0026338260342225585,0.001191671275474206,0.0,0.00014421547587483525,132.2535096295178
7327,8536,0.002633749004222221,0.0011919666086063173,0.0,0.00014417823956159036,132.27839149348438
7328,8538,0.002633658385954,0.0011912303322400186,0.0,0.00014424280537139814,132.3025819743052
7329,8539,0.0026334875238815635,0.0011916552373104781,0.0,0.00014418322865710856,132.31931007560343
7330,8541,0.0026334451665399553,0.0011918092465795498,0.0,0.00014416359199604054,132.3435108838603
7331,8543,0.0026333776804513525,0.0011915381982082213,0.0,0.00014418394822431313,132.36768508143723
7332,8544,0.0026333480150028893,0.0011921238148608383,0.0,0.0001441224200142051,132.38433186803013
7333,8545,0.00263326276449591,0.0011919831084233627,0.0,0.00014412796560725477,132.4010941516608
7334,8546,0.0026332119579258835,0.0011920901337358755,0.0,0.00014411218241900078,132.4177755890414
7335,8547,0.0026331780050742938,0.0011926252342075432,0.0,0.00014405527708667506,132.43448846414685
7336,8548,0.002633145916117763,0.0011925366555961328,0.0,0.000144060926052163,132.45118132419884
7337,8549,0.0026331296270486297,0.0011921903157440254,0.0,0.00014409393113046045,132.4678890844807
7338,8550,0.002633106024782421,0.0011923130277291883,0.0,0.00014407929970532328,132.48459271341562
7339,8551,0.0026330802077506885,0.0011924702820623229,0.0,0.00014406099256883656,132.5014251600951
7340,8552,0.0026330568277701015,0.0011922358984245507,0.0,0.0001440820929345551,132.5181957501918
7341,8553,0.0026330106976190496,0.0011916722272590796,0.0,0.00014413384703599702,132.53489712718874
7342,8554,0.0026329667796365364,0.001191298312115765,0.0,0.00014416684675207713,132.5516127422452
7343,8556,0.0026329458679777715,0.001191000955504135,0.0,0.00014419449124736364,132.575667059049
7344,8557,0.0026329044632818683,0.0011907433995540367,0.0,0.00014421610637278316,132.59241206478328
7345,8558,0.0026328528970735424,0.0011907110168289606,0.0,0.00014421418802445818,132.60922778584063
7346,8559,0.0026328078812937997,0.0011907409209087343,0.0,0.00014420669603850653,132.62597065325826
7347,8560,0.00263275713778575,0.0011908683459099666,0.0,0.00014418887918757833,132.64273942168802
7348,8561,0.002632712565672888,0.0011904753691583073,0.0,0.00014422371965145807,132.6596097042784
7349,8563,0.002632677807670997,0.0011905189187443983,0.0,0.0001442158888926599,132.68355800863355
7350,8564,0.00263263667838613,0.0011902412457246135,0.0,0.00014423954326615165,132.70061871781945
7351,8565,0.0026325852972128158,0.0011899712996744553,0.0,0.00014426139975383606,132.71787182148546
7352,8566,0.0026325312914911954,0.0011899121350444177,0.0,0.00014426191564467778,132.7345025241375
7353,8567,0.002632462839488587,0.0011896999504535702,0.0,0.0001442762889035017,132.75118716899306
7354,8569,0.002632436312936933,0.0011896420057687844,0.0,0.00014427943071681487,132.77529304102063
7355,8571,0.002632420178761841,0.0011895838264917853,0.0,0.0001442836352270056,132.79936388973147
7356,8573,0.002632378245751398,0.0011895841077608873,0.0,0.00014427941379905107,132.8236637096852
7357,8574,0.0026322975162217472,0.0011887507803304731,0.0,0.00014435467358912742,132.84033644385636
7358,8576,0.0026322206485548333,0.0011882390995371637,0.0,0.00014439815490176693,132.8648927686736
7359,8577,0.002632189762608445,0.0011869731212940482,0.0,0.0001445216641314397,132.88144575897604
7360,8578,0.002632114368653304,0.0011877314718683487,0.0,0.00014443828967849553,132.89902472682297
7361,8579,0.0026320661578132904,0.0011875577397990706,0.0,0.000144450841801422,132.91573842428625
7362,8580,0.0026320049467777667,0.0011867502775877378,0.0,0.00014452546691900287,132.93252926971763
7363,8581,0.002631986196506133,0.0011863519917861484,0.0,0.00014456342047199848,132.94914305768907
7364,8582,0.002631973193577197,0.0011869476970013165,0.0,0.00014450254965758807,132.96623411215842
7365,8584,0.002631965089004958,0.0011870159617493286,0.0,0.0001444949127255629,132.99029679596424
7366,8585,0.0026319537950524087,0.0011864043237002238,0.0,0.0001445549471352185,133.00698604248464
7367,8586,0.0026319223303641376,0.0011865781792172248,0.0,0.00014453441511469127,133.02385763730854
7368,8587,0.0026318938366051738,0.0011865378158387562,0.0,0.00014453560207664174,133.04060104116797
7369,8588,0.002631834372584069,0.0011862194577135308,0.0,0.00014456149148705383,133.05729146301746
7370,8589,0.002631813177106114,0.0011853969122986375,0.0,0.00014464162648074766,133.07407813891768
7371,8590,0.0026317796254444713,0.0011858878081208379,0.0,0.00014458918173236335,133.09072027821094
7372,8591,0.0026317587321168937,0.0011857529507231254,0.0,0.00014460057813937686,133.1077979914844
7373,8592,0.0026317387705463253,0.001185461326754491,0.0,0.00014462774437918347,133.12538588047028
7374,8593,0.0026317281099639857,0.00118535908845746,0.0,0.00014463690215065256,133.142084303312
7375,8595,0.0026317182487656616,0.0011851565566566727,0.0,0.00014465616921089888,133.16691565327346
7376,8596,0.0026317117416319096,0.0011852417915050016,0.0,0.0001446469950126908,133.18368299212307
7377,8597,0.0026317038946579935,0.0011852674590056747,0.0,0.00014464364356523186,133.20036597643048
7378,8598,0.0026316960243288746,0.0011852872561624384,0.0,0.00014464087681664362,133.21712045371532
7379,8599,0.0026316891199327152,0.001185181789746664,0.0,0.00014465073301860514,133.2339129121974
7380,8600,0.002631681747856331,0.001185065939191472,0.0,0.00014466158086648594,133.25066447351128
7381,8601,0.0026316721587706033,0.0011848792039933552,0.0,0.0001446792954777248,133.26735567860305
7382,8602,0.0026316664289103343,0.0011846531906491722,0.0,0.0001447013238261162,133.28410861920565
7383,8603,0.002631661746742775,0.001184626035875309,0.0,0.00014470357108674656,133.3009532559663
7384,8604,0.0026316571444550485,0.0011844769790737598,0.0,0.0001447180165381289,133.31808138359338
7385,8605,0.0026316526987892773,0.0011844610158301134,0.0,0.00014471916829591637,133.33487736154348
7386,8606,0.0026316487831637156,0.0011844260699039359,0.0,0.00014472227132597795,133.35159963741899
7387,8607,0.0026316451084687706,0.001184438805439623,0.0,0.00014472063030291474,133.36834949906915
7388,8608,0.0026316415385936476,0.0011843449359734573,0.0,0.000144729660262019,133.3854339774698
7389,8609,0.002631637382610732,0.0011842217269467969,0.0,0.00014474156556639357,133.40208743605763
7390,8610,0.002631635428283327,0.0011841389607330857,0.0,0.00014474964675502414,133.41878026071936
7391,8611,0.0026316329123644393,0.0011841462823210965,0.0,0.00014474866300433429,133.4354336336255
7392,8612,0.002631628634172931,0.001184190993847896,0.0,0.00014474376403250352,133.45203983411193
7393,8613,0.0026316253879484727,0.0011842521389105105,0.0,0.00014473732490379623,133.4686828078702
7394,8615,0.002631624860361931,0.0011842902955351978,0.0,0.00014473345648267333,133.49349548574537
7395,8616,0.002631621055579232,0.0011843338973196503,0.0,0.0001447287158259582,133.51028243545443
7396,8618,0.0026316191758874044,0.0011844323771060701,0.0,0.00014471867987813345,133.53419512230903
7397,8619,0.0026316151296167586,0.0011844298461609042,0.0,0.00014471852834558541,133.55103737674654
7398,8620,0.0026316090711442737,0.00118445803382638,0.0,0.0001447151037317894,133.568200327456
7399,8621,0.0026316054762316457,0.0011844507232805562,0.0,0.00014471547529510892,133.58492229040712
7400,8622,0.0026316028611283074,0.0011845242634168415,0.0,0.00014470785977114658,133.60156403295696
7401,8623,0.002631601674153768,0.0011844777472314544,0.0,0.00014471239269223135,133.6182512436062
7402,8624,0.002631600031388022,0.0011844846431717311,0.0,0.0001447115388216291,133.6348779089749
7403,8625,0.002631598687823588,0.0011845039279020286,0.0,0.00014470947599215596,133.6519286101684
7404,8626,0.0026315966184511765,0.0011844854559763674,0.0,0.0001447111162474809,133.66905839554965
7405,8627,0.0026315951688362757,0.001184456237774554,0.0,0.00014471389310617217,133.68565539084375
7406,8628,0.0026315934371994995,0.001184419344385786,0.0,0.00014471740928137137,133.70229219924659
7407,8629,0.002631591343671262,0.0011843278128638622,0.0,0.00014472635308074,133.7189938146621
7408,8631,0.002631588263641324,0.0011843037775787085,0.0,0.00014472844860626157,133.74338701926172
7409,8632,0.002631582259679623,0.0011842631206367869,0.0,0.00014473191390428362,133.7602229900658
7410,8633,0.002631574499344898,0.0011841776279823276,0.0,0.00014473968713625708,133.77775635942817
7411,8634,0.0026315704378781094,0.0011842193835276491,0.0,0.000144735105435046,133.7944302270189
7412,8635,0.0026315673177915258,0.0011841327716875906,0.0,0.0001447434546103935,133.8111627716571
7413,8636,0.0026315654749868088,0.0011841390002090494,0.0,0.00014474264747777593,133.82780636381358
7414,8637,0.002631563000154192,0.0011840864454464623,0.0,0.00014474765547077298,133.84441643208265
7415,8638,0.002631559024633272,0.0011839569408677263,0.0,0.00014476020837655455,133.86109893023968
7416,8639,0.0026315540196184947,0.0011838115825532605,0.0,0.00014477424370652343,133.8778093792498
7417,8640,0.002631550670636751,0.0011837173028871235,0.0,0.00014478333677496273,133.8945294013247
7418,8642,0.0026315485259153426,0.001183731454687907,0.0,0.00014478170712274357,133.91870772186667
7419,8644,0.002631546375708869,0.0011836525612842494,0.0,0.00014478938144246197,133.9425000604242
7420,8645,0.002631545044118822,0.0011836458696883763,0.0,0.0001447899174430446,133.95921249501407
7421,8646,0.00263154393959026,0.0011835994695883084,0.0,0.00014479444700019517,133.97592262458056
7422,8647,0.002631543489126712,0.001183547779229334,0.0,0.00014479957098973779,133.99264634493738
7423,8648,0.002631542864944429,0.0011834767577672749,0.0,0.00014480661071771542,134.0093167182058
7424,8649,0.00263154179136169,0.001183305564366437,0.0,0.00014482362269952533,134.02613472845405
7425,8650,0.002631541289839622,0.0011832279212582793,0.0,0.00014483133685813432,134.04277624376118
7426,8651,0.0026315406266537184,0.0011831292387957987,0.0,0.00014484113878579199,134.05965655110776
7427,8652,0.0026315397917101415,0.0011830594186911924,0.0,0.0001448480373018949,134.07631460949779
7428,8653,0.002631538472870976,0.001182930146736748,0.0,0.0001448608326134228,134.0930961575359
7429,8654,0.002631536738574352,0.0011828578607289912,0.0,0.00014486788778453606,134.11066502146423
7430,8655,0.002631535546058425,0.0011828377192611855,0.0,0.00014486978267972398,134.1273087291047
7431,8656,0.002631534726097706,0.0011828479971507878,0.0,0.00014486867289469177,134.14489310979843
7432,8657,0.0026315337409785105,0.0011828112743217472,0.0,0.00014487224666567635,134.1616440443322
7433,8658,0.0026315323898280308,0.0011827580111619992,0.0,0.00014487743786660318,134.1783381262794
7434,8659,0.002631531621809108,0.0011827647336508289,0.0,0.00014487668881582792,134.19573855400085
7435,8660,0.00263153120982605,0.001182718571497499,0.0,0.0001448812638328551,134.2124143578112
7436,8661,0.0026315307971970037,0.0011827150332629573,0.0,0.00014488157639340466,134.22901430446655
7437,8662,0.0026315304959837202,0.0011827315099128036,0.0,0.00014487989860709167,134.2457440122962
7438,8663,0.002631530304080916,0.0011827442113984516,0.0,0.00014487860926824643,134.2624287335202
7439,8664,0.002631529889169943,0.001182768126713311,0.0,0.0001448761762456632,134.2791834725067
7440,8666,0.0026315295116621806,0.0011828282104898395,0.0,0.0001448701301172341,134.30370118282735
7441,8668,0.0026315284466023846,0.0011828325310082814,0.0,0.00014486959155941031,134.32848546095192
7442,8669,0.0026315269361209636,0.0011828186320727533,0.0,0.00014487083040482104,134.34519214369357
7443,8670,0.0026315232982699896,0.0011826610921323757,0.0,0.0001448862206137614,134.36202511191368
7444,8672,0.0026315206735612476,0.0011825860429504828,0.0,0.00014489346306107646,134.3860402358696
7445,8673,0.0026315197393209444,0.0011825422220691436,0.0,0.00014489775172518005,134.40275420527905
7446,8674,0.002631518301799036,0.0011824385142014723,0.0,0.00014490797875975638,134.41938244272023
7447,8675,0.0026315163337161116,0.0011823746133800266,0.0,0.00014491417203360847,134.4360337201506
7448,8677,0.0026315149093309523,0.0011822581059437779,0.0,0.00014492568033871745,134.46009333897382
7449,8678,0.002631512099964938,0.001182227667784125,0.0,0.00014492844321808133,134.47680821362883
7450,8679,0.002631506340065045,0.0011823827444780966,0.0,0.00014491235955869485,134.4938614713028
7451,8680,0.0026315058796302915,0.0011824072215084285,0.0,0.00014490986581218633,134.51112402882427
7452,8681,0.002631503694943046,0.001182352883561899,0.0,0.00014491508113811475,134.5278145801276
7453,8682,0.0026315029824937487,0.001182368730723199,0.0,0.00014491342517705498,134.5444509042427
7454,8683,0.0026315013571158825,0.0011823786220592233,0.0,0.0001449122735056659,134.56118330173194
7455,8684,0.002631498425153561,0.0011824044344913268,0.0,0.00014490939906622343,134.57791578862816
7456,8685,0.002631493255672327,0.0011824299356488607,0.0,0.00014490633200234663,134.59458389692008
7457,8687,0.002631489028608555,0.0011825443415901461,0.0,0.0001448944687018409,134.61848026700318
7458,8688,0.0026314748162782403,0.0011827312456666246,0.0,0.00014487435706116153,134.6351868333295
7459,8690,0.0026314675744730474,0.0011829439915003463,0.0,0.00014485235829727008,134.65970333199948
7460,8691,0.0026314459224684667,0.001183104735091253,0.0,0.00014483411873772139,134.6764346808195
7461,8692,0.002631432503322764,0.0011832358364119763,0.0,0.00014481966669107878,134.69348139315844
7462,8694,0.002631424256485138,0.0011835851061926038,0.0,0.00014478391502925343,134.71746594645083
7463,8695,0.0026314175397859968,0.001183749431859907,0.0,0.00014476681079260897,134.73459421191365
7464,8696,0.0026314166082873095,0.0011838484374140689,0.0,0.00014475681708732405,134.7512781638652
7465,8697,0.002631408704579846,0.0011839729851416878,0.0,0.00014474357194381581,134.76800217851996
7466,8698,0.0026314054826594296,0.0011841253207806328,0.0,0.0001447280161878797,134.7846609596163
7467,8699,0.0026314011521477217,0.0011841044753031593,0.0,0.00014472966768445627,134.80133900605142
7468,8701,0.002631399200630855,0.0011842676526089134,0.0,0.00014471315480219413,134.82589201070368
7469,8702,0.0026313953718544404,0.0011843211752701134,0.0,0.00014470741965843267,134.8424866432324
7470,8703,0.002631393613385438,0.0011844599389216606,0.0,0.00014469336744637773,134.8591907089576
7471,8704,0.002631392342235892,0.0011843098998773629,0.0,0.00014470824423585293,134.87586223054677
7472,8705,0.0026313912341141376,0.0011843418295954702,0.0,0.00014470494045186675,134.89345612656325
7473,8706,0.0026313906518637357,0.0011844249934572825,0.0,0.00014469656584064532,134.91008309740573
7474,8707,0.0026313902715874096,0.0011844371892152528,0.0,0.00014469530823721567,134.92686151247472
7475,8708,0.002631389930951192,0.0011844563839572457,0.0,0.00014469335469939463,134.94352175295353
7476,8709,0.0026313897959174817,0.0011844728452879995,0.0,0.0001446916950629482,134.96024109888822
7477,8710,0.002631389656623988,0.0011844834903053125,0.0,0.00014469061663186753,134.97685748245567
7478,8711,0.0026313895381268777,0.001184499322751996,0.0,0.0001446890215374882,134.993631567806
7479,8712,0.0026313894743022624,0.0011845036224159755,0.0,0.0001446885851886287,135.01027147099376
7480,8713,0.002631389426607169,0.0011845116965227332,0.0,0.00014468777300844356,135.02712317928672
7481,8715,0.002631389219156316,0.0011845516412209412,0.0,0.00014468375779353747,135.0509291542694
7482,8716,0.0026313891709877557,0.0011845734485377004,0.0,0.0001446815722450055,135.0675672767684
7483,8717,0.0026313891285559255,0.0011845550013635398,0.0,0.00014468341271923856,135.08424078766257
7484,8718,0.0026313890871256804,0.0011845700953332348,0.0,0.0001446818991792446,135.10081892833114
7485,8719,0.0026313890474199,0.001184555594916348,0.0,0.0001446833452503552,135.11748088989407
7486,8720,0.0026313890080970487,0.0011845674758194126,0.0,0.00014468215322776363,135.13405149895698
7487,8721,0.0026313889696100074,0.0011845563185321297,0.0,0.00014468326510778777,135.1507853642106
7488,8722,0.002631388931361647,0.0011845656536800739,0.0,0.00014468232776815727,135.16736143548042
7489,8723,0.0026313888935721517,0.0011845570736769833,0.0,0.00014468318198951685,135.1840591887012
7490,8724,0.0026313888559567266,0.001184564363640119,0.0,0.00014468244923166078,135.20065729878843
7491,8725,0.00263138881861146,0.0011845577628363656,0.0,0.0001446831055775094,135.21723167598248
7492,8726,0.0026313887814064297,0.001184563431131857,0.0,0.00014468253502745727,135.23385964892805
7493,8728,0.0026313885360309264,0.0011845139791539473,0.0,0.0001446874556876979,135.25751827470958
7494,8730,0.0026313845836377124,0.0011844105442440163,0.0,0.00014469740393936964,135.28151789680123
7495,8732,0.002631381240967205,0.0011844475632976042,0.0,0.00014469336776696008,135.30570421554148
7496,8734,0.0026313773259694848,0.0011844576848017395,0.0,0.00014469196411677452,135.32983861397952
7497,8736,0.002631374102631392,0.0011846761556314586,0.0,0.0001446697946999933,135.35397189296782
7498,8737,0.002631369687055597,0.0011848155196340577,0.0,0.00014465541674215393,135.3707201993093
7499,8738,0.002631363170084855,0.0011846495076304436,0.0,0.00014467136624544112,135.38732808548957
7500,8739,0.0026313564539292627,0.0011849650716532266,0.0,0.0001446391382276036,135.40415236260742
7501,8740,0.0026313511421238753,0.001184852917244731,0.0,0.00014464982248791442,135.42081389483064
7502,8741,0.0026313433828739634,0.00118493722167219,0.0,0.00014464061612017734,135.437429074198
7503,8742,0.0026313331687014196,0.0011852103492980086,0.0,0.0001446122819403411,135.4541420219466
7504,8743,0.002631326456008337,0.00118501204192648,0.0,0.0001446314414081857,135.47123488597572
7505,8744,0.0026313074335263665,0.0011852159998167707,0.0,0.00014460914337095958,135.48787497822195
7506,8745,0.0026312891553316557,0.0011852494365458322,0.0,0.00014460397187858237,135.50443366356194
7507,8746,0.0026312368112078694,0.001184877921206676,0.0,0.00014463588900011937,135.52104752883315
7508,8749,0.0026312013395430826,0.001185113413527615,0.0,0.00014460879260154677,135.5530902799219
7509,8751,0.002631179956454961,0.0011850338754453471,0.0,0.00014461460810096137,135.57771856989712
7510,8753,0.0026311369766428006,0.0011843997355627316,0.0,0.0001446737241080069,135.60180648881942
7511,8754,0.002631113669586022,0.0011839640793329428,0.0,0.0001447149590253079,135.61846869904548
7512,8756,0.0026310940057833175,0.0011838610340595013,0.0,0.00014472329717238162,135.6424610586837
7513,8758,0.0026310803863534293,0.0011837842104369773,0.0,0.0001447296175916452,135.6666962299496
7514,8760,0.002631058697702001,0.0011832892058421438,0.0,0.00014477694918598572,135.69186822976917
7515,8761,0.00263101151025588,0.0011830180439452243,0.0,0.00014479934663106557,135.70854214578867
7516,8762,0.0026309794407953545,0.00118253888689356,0.0,0.00014484405539017946,135.72531082015485
7517,8764,0.002630953422782009,0.0011821632168311552,0.0,0.00014487902059508536,135.74936822615564
7518,8765,0.002630943567024694,0.0011819496525910386,0.0,0.00014489939144336552,135.7660858919844
7519,8767,0.0026309339526358858,0.001181925946610977,0.0,0.00014490080060249088,135.79031568486243
7520,8768,0.0026309268922370304,0.0011822318150580163,0.0,0.00014486950771790144,135.80719147715718
7521,8769,0.0026309136648508423,0.001182087646403613,0.0,0.00014488260184472292,135.82394347898662
7522,8770,0.0026309001761570337,0.0011818173980266214,0.0,0.00014490827781304125,135.84147634729743
7523,8771,0.002630884940467461,0.0011817131250662428,0.0,0.0001449171815401218,135.85812716931105
7524,8772,0.0026308702185026123,0.0011816073298481682,0.0,0.0001449262888654444,135.87494908086956
7525,8773,0.002630854187810683,0.0011816725757226366,0.0,0.00014491816120880462,135.8916857233271
7526,8774,0.0026308303821140264,0.0011815949973796973,0.0,0.00014492353847343292,135.9083796851337
7527,8775,0.0026307881528066365,0.0011816853987966348,0.0,0.00014491027540100015,135.92522029578686
7528,8777,0.0026307732418518453,0.0011815903893582188,0.0,0.00014491828524936266,135.94967284798622
7529,8778,0.0026307408633940805,0.0011814888434738533,0.0,0.00014492520199202273,135.96691468916833
7530,8780,0.0026307258358189674,0.0011815681688092134,0.0,0.0001449157667009754,135.9912440897897
7531,8782,0.0026307063124293767,0.0011814969759327814,0.0,0.00014492093364965953,136.0152642512694
7532,8783,0.002630691417645737,0.0011813161365569961,0.0,0.0001449375281088741,136.03206563461572
7533,8784,0.0026306609117020766,0.0011810268036511454,0.0,0.00014496341080509314,136.04947023186833
7534,8785,0.0026306376700435375,0.0011809219708216268,0.0,0.00014497156992219107,136.06623847130686
7535,8786,0.0026306152135885594,0.0011807422119987244,0.0,0.0001449873001589835,136.08291954826564
7536,8787,0.0026305926449819847,0.001180697647361137,0.0,0.0001449894997620848,136.10036878474057
7537,8788,0.002630568784628251,0.0011807825228203623,0.0,0.00014497862618078887,136.11720276344568
7538,8790,0.0026305553149928535,0.0011806747644343416,0.0,0.00014498805505585118,136.14129414223135
7539,8791,0.002630534992959728,0.001180637026636597,0.0,0.00014498979663231306,136.15799831598997
7540,8792,0.0026305079252282827,0.001180502407398958,0.0,0.00014500055178293244,136.17480827588588
7541,8793,0.0026304713809859486,0.0011799084348009406,0.0,0.0001450562946185008,136.191534018144
7542,8794,0.0026304423128755026,0.0011800185225243976,0.0,0.0001450423790351105,136.20816927216947
7543,8796,0.0026304180221424843,0.0011800300365300827,0.0,0.00014503879856124017,136.232385170646
7544,8797,0.0026303821465682364,0.001179669995539014,0.0,0.00014507121510292224,136.24916067812592
7545,8798,0.0026303736289114907,0.00117983837443473,0.0,0.00014505352544767603,136.2666957480833
7546,8799,0.002630343372086098,0.0011793213515545078,0.0,0.00014510220205315902,136.2834455994889
7547,8800,0.0026303278392992816,0.0011791330509468676,0.0,0.0001451194788352414,136.300353593193
7548,8801,0.0026303120121501655,0.001179223685742248,0.0,0.00014510883264079173,136.31709728296846
7549,8802,0.002630289408023727,0.0011790784215046607,0.0,0.00014512109865190664,136.33394537772983
7550,8803,0.002630255337391166,0.0011789051611449757,0.0,0.000145135017624619,136.35072211921215
7551,8804,0.002630222594026883,0.0011785795773631223,0.0,0.00014516430166637605,136.36746387463063
7552,8805,0.0026301707371811267,0.001178238448346876,0.0,0.00014519322888342507,136.3841729266569
7553,8807,0.0026301496254559275,0.0011781151252154337,0.0,0.00014520345002404936,136.408233653754
7554,8808,0.0026301293673600167,0.0011779555627474804,0.0,0.0001452173804612536,136.42542984709144
7555,8809,0.0026300874741524063,0.0011779796912617098,0.0,0.00014521077828906964,136.4421860454604
7556,8810,0.0026300376650456227,0.0011780914666847063,0.0,0.00014519461983609165,136.45903949066997
7557,8811,0.002629971357924543,0.0011781926577275306,0.0,0.00014517787001970122,136.47573435027152
7558,8812,0.0026299236966632784,0.0011784786037147843,0.0,0.00014514450929484942,136.49239975772798
7559,8813,0.0026299097768124552,0.0011786836003944284,0.0,0.00014512261764180266,136.5090285828337
7560,8814,0.002629896721636278,0.001178576363057213,0.0,0.0001451320358579065,136.52589135430753
7561,8815,0.0026298920156665627,0.001178493827465503,0.0,0.00014513981882010595,136.5425797328353
7562,8816,0.0026298698359208837,0.0011785799726265142,0.0,0.00014512898632943697,136.55923718307167
7563,8817,0.0026298524839713008,0.0011787792636096099,0.0,0.00014510732203616909,136.57597178500146
7564,8818,0.002629832514567725,0.001178728868447889,0.0,0.00014511036461198362,136.5927526364103
7565,8819,0.002629797359674546,0.0011788059266146158,0.0,0.000145099143305993,136.6093966877088
7566,8820,0.002629773896385141,0.0011788287234545361,0.0,0.0001450945172930605,136.62618841882795
7567,8821,0.0026297405607174362,0.0011788813806198305,0.0,0.00014508591800976059,136.64282512757927
7568,8822,0.0026297110851152983,0.0011787287609617448,0.0,0.00014509823241535535,136.66005328577012
7569,8823,0.0026296830502118883,0.0011787843179836383,0.0,0.000145089873222825,136.67667730059475
7570,8824,0.002629666849719294,0.0011787475906219935,0.0,0.00014509192590973004,136.69333296082914
7571,8826,0.002629640726251963,0.0011787792169900362,0.0,0.00014508615092619266,136.7173619652167
7572,8827,0.0026296229779448396,0.0011787611035700897,0.0,0.000145086187437475,136.73399208579212
7573,8828,0.002629593096225965,0.0011788566315278142,0.0,0.00014507364646981508,136.7507838718593
7574,8829,0.0026295456958641134,0.00117902289424975,0.0,0.00014505228016143635,136.76747392583638
7575,8830,0.0026295240260412415,0.0011792208902467259,0.0,0.00014503031357945156,136.78415803052485
7576,8831,0.0026294824374840458,0.0011794700195199503,0.0,0.00014500124179640954,136.80092311184853
7577,8832,0.00262945364547272,0.001179478739140831,0.0,0.0001449974906331889,136.81812819465995
7578,8833,0.0026294482654583163,0.0011797775695316067,0.0,0.00014496706959267098,136.83475456759334
7579,8834,0.0026294273832323063,0.00117966823054978,0.0,0.00014497591526825261,136.85149656049907
7580,8835,0.002629408580757147,0.0011796478099732313,0.0,0.00014497607707839158,136.8682153839618
7581,8836,0.0026293689770477396,0.0011797531151831208,0.0,0.00014496158618646185,136.8848565844819
7582,8837,0.002629324567318048,0.001180066391336817,0.0,0.00014492581759812311,136.90226786676794
7583,8838,0.0026293111620586057,0.0011802360733068362,0.0,0.00014490750887517697,136.91945668589324
7584,8839,0.0026292908664263346,0.0011802928712655407,0.0,0.0001448997995160794,136.93705865647644
7585,8840,0.002629269728110087,0.0011803349527654324,0.0,0.00014489347753446544,136.95382287632674
7586,8841,0.0026292428399771264,0.0011803813790004997,0.0,0.0001448861460976627,136.97055989131331
7587,8842,0.002629198687144037,0.0011807108170191535,0.0,0.00014484878701248835,136.98724808450788
7588,8844,0.0026291958389833983,0.0011807011085451199,0.0,0.00014484947304382786,137.01122963055968
7589,8845,0.0026291789058134228,0.0011807613836869238,0.0,0.00014484175221264988,137.02796156331897
7590,8846,0.002629157207092913,0.0011809150727520334,0.0,0.000144824213434088,137.04463014472276
7591,8847,0.0026291432462464685,0.0011808949761545145,0.0,0.0001448248270091954,137.06129230372608
7592,8848,0.002629124174351011,0.001180952253172113,0.0,0.00014481719211788984,137.07791879586875
7593,8849,0.0026290822622128816,0.0011810778611051425,0.0,0.0001448004401107739,137.0946942837909
7594,8850,0.0026290553546853817,0.0011811726442474992,0.0,0.00014478827104378824,137.11161198932678
7595,8851,0.0026290205363443944,0.0011813293883988314,0.0,0.0001447691147945563,137.1282937042415
7596,8853,0.0026290167015495295,0.0011813204400936133,0.0,0.00014476962614559162,137.1523464806378
7597,8854,0.002628992257971553,0.0011813518234071937,0.0,0.00014476404345643596,137.16919664293528
7598,8855,0.00262897045508027,0.0011814281206957203,0.0,0.00014475423343845496,137.18616397306323
7599,8856,0.002628959164193343,0.0011811307350897311,0.0,0.0001447828429103612,137.2029609652236
7600,8857,0.0026289351850345343,0.0011811175425672715,0.0,0.00014478176424672626,137.21969369519502
7601,8858,0.002628910056417912,0.0011809198813238003,0.0,0.0001447990175094112,137.2371708061546
7602,8859,0.0026288936293348206,0.0011803894180541469,0.0,0.00014485042112806737,137.2538506006822
7603,8860,0.002628876818386105,0.0011802751010318395,0.0,0.00014486017173542652,137.27057777997106
7604,8861,0.0026288628240740213,0.0011801621065431853,0.0,0.0001448700717530836,137.28724303282797
7605,8862,0.002628811261239916,0.0011798646414976537,0.0,0.0001448946619742262,137.30413828603923
7606,8863,0.002628783160481448,0.0011795620973357273,0.0,0.00014492210631457207,137.32079615164548
7607,8864,0.0026287623841617577,0.0011795166901870707,0.0,0.0001449245693974687,137.33768412470818
7608,8865,0.002628730520989295,0.0011793770036288083,0.0,0.00014493535173604866,137.35521806497127
7609,8866,0.00262871909872238,0.0011792678231724554,0.0,0.00014494512755499245,137.3720457898453
7610,8868,0.002628708380317358,0.001179303676336552,0.0,0.0001449404703980806,137.3961640112102
7611,8869,0.0026286943216592097,0.0011792960998203747,0.0,0.00014493982218388352,137.4133913544938
7612,8870,0.0026286751824060395,0.0011791871238585477,0.0,0.0001449488058547492,137.43011760618538
7613,8871,0.0026286653529412896,0.0011791440266529583,0.0,0.0001449521326288331,137.4468263424933
7614,8872,0.0026286632394840175,0.0011791067856072681,0.0,0.0001449556453876749,137.46365857403725
7615,8873,0.0026286526485609432,0.001179074155270385,0.0,0.0001449578493290558,137.48032435961068
7616,8874,0.0026286434748771003,0.001179096508606109,0.0,0.0001449546966270991,137.49709422979504
7617,8875,0.002628627540895332,0.0011791003397647176,0.0,0.00014495272011306144,137.51384888775647
7618,8876,0.0026285888509940897,0.0011791894115511154,0.0,0.00014493994394429742,137.53065884392709
7619,8877,0.0026285545980791187,0.0011793052653115128,0.0,0.00014492493327676058,137.54731289949268
7620,8878,0.0026285229952961817,0.0011795401082218193,0.0,0.00014489828870743623,137.56417511310428
7621,8880,0.002628495988139334,0.0011796271808007421,0.0,0.00014488688073385916,137.58822465408593
7622,8881,0.002628492994114219,0.0011796190659286458,0.0,0.00014488739281855732,137.60487278271466
7623,8882,0.0026284728397945583,0.0011797459235748842,0.0,0.00014487269162196742,137.62169689778239
7624,8883,0.002628466118642964,0.001179742187210058,0.0,0.0001448723931432906,137.63837719988078
7625,8884,0.0026284593382917875,0.0011797758485986608,0.0,0.00014486834896931266,137.65520346350968
7626,8885,0.002628446686719919,0.0011798885560886888,0.0,0.00014485581306312306,137.67193802818656
7627,8886,0.0026284326579657513,0.0011800482165632647,0.0,0.00014483844414024867,137.68902687262744
7628,8887,0.002628412082195679,0.0011800764467714412,0.0,0.00014483356354242383,137.70568066183478
7629,8888,0.0026283922648164,0.00118040012024133,0.0,0.00014479921445750702,137.7223662538454
7630,8889,0.0026283578167379763,0.0011800928342966222,0.0,0.00014482649824413537,137.73900895472616
7631,8890,0.0026283304904467274,0.0011800344199194178,0.0,0.000144829607052731,137.75569014716893
7632,8891,0.002628296968101632,0.001179835379645203,0.0,0.00014484615884564287,137.77245405875146
7633,8892,0.0026282785145516204,0.0011797398440303542,0.0,0.0001448538670521266,137.78913718182594
7634,8893,0.0026282615208992974,0.001179622617036891,0.0,0.00014486389038624066,137.8058125069365
7635,8894,0.00262824065480288,0.001179502212772798,0.0,0.00014487384420300818,137.822642929852
7636,8895,0.002628207173292164,0.0011792643460709622,0.0,0.0001448942827221202,137.83939801808447
7637,8896,0.0026281684456857827,0.001178795505514963,0.0,0.000144937294017082,137.85606606770307
7638,8897,0.0026281393358015903,0.0011790340781584919,0.0,0.00014491052576430985,137.87277047988027
7639,8898,0.0026281094003956385,0.0011790908125243929,0.0,0.00014490185878712457,137.88945051282644
7640,8899,0.002628078720733337,0.0011791562608237422,0.0,0.0001448922459909595,137.9060164820403
7641,8901,0.0026280700507318342,0.0011792695368816916,0.0,0.00014488005138501425,137.93007268197834
7642,8902,0.0026280544338810573,0.0011794038644818692,0.0,0.0001448650569399188,137.94684776384383
7643,8903,0.002628029459293817,0.001179312049498859,0.0,0.0001448717409794958,137.96374348644167
7644,8904,0.0026280208335354004,0.0011795141145512196,0.0,0.00014485067189841809,137.98038059659302
7645,8905,0.0026280091321612404,0.0011792871123822342,0.0,0.00014487220197790062,137.99705788027495
7646,8906,0.002628001262738506,0.0011791646269993278,0.0,0.0001448836635739178,138.01393427699804
7647,8907,0.0026279925328038965,0.0011790072931216198,0.0,0.00014489852396822766,138.0306051429361
7648,8909,0.0026279863612884854,0.001178963887767956,0.0,0.00014490224735205293,138.0545311467722
7649,8910,0.0026279722894882365,0.0011789387040687456,0.0,0.00014490335854194908,138.07121888548136
7650,8911,0.002627964835601385,0.0011786812689497095,0.0,0.0001449283566651675,138.08786505181342
7651,8912,0.0026279532501071925,0.0011788518544180954,0.0,0.00014491013956890973,138.10481127817184
7652,8913,0.0026279486428884957,0.0011789932949638937,0.0,0.0001448955347924602,138.1215483667329
7653,8914,0.002627940993347487,0.0011788979911660639,0.0,0.00014490430021814235,138.13822105620056
7654,8915,0.0026279269336127254,0.0011787291716963155,0.0,0.000144919776191641,138.1553689148277
7655,8916,0.0026279089780349165,0.0011785951306111059,0.0,0.00014493138474238107,138.17216109205037
7656,8917,0.002627894044159162,0.0011784999107302561,0.0,0.0001449394133428906,138.18883614521474
7657,8918,0.002627889064129014,0.0011783456943207026,0.0,0.0001449543369808312,138.2056026281789
7658,8919,0.0026278844720946343,0.0011784239738404714,0.0,0.00014494604982541627,138.2223519841209
7659,8920,0.0026278826272669166,0.0011784658267863686,0.0,0.0001449416800480548,138.23941916879267
7660,8921,0.002627880712122255,0.0011784841924423202,0.0,0.00014493965196799347,138.25603790394962
7661,8923,0.00262787883612119,0.0011785348644405848,0.0,0.00014493439716806048,138.28010317776352
7662,8924,0.002627872649340981,0.0011785603541315665,0.0,0.00014493122952094145,138.29693464841694
7663,8925,0.002627864756962562,0.0011786123119935132,0.0,0.00014492524449690489,138.31360778491944
7664,8926,0.0026278503651016726,0.0011786687638406892,0.0,0.00014491816012609835,138.33046527579427
7665,8927,0.002627839877426051,0.0011786746844276309,0.0,0.00014491651929984204,138.3473252831027
7666,8928,0.002627826926942278,0.001178721279586376,0.0,0.0001449105647355902,138.36413800902665
7667,8929,0.0026278103422308387,0.0011785064840665806,0.0,0.00014493038581642583,138.38078327383846
7668,8930,0.0026277930481588135,0.0011786113877692809,0.0,0.0001449181660389533,138.39741593878716
7669,8931,0.0026277693032733616,0.0011784665574699643,0.0,0.00014493027458033976,138.414945775643
7670,8932,0.0026277421103227095,0.001178241352421026,0.0,0.00014495007579016836,138.43204754963517
7671,8933,0.0026277095623042568,0.001178101689120196,0.0,0.00014496078731840605,138.44870088342577
7672,8935,0.0026276892105559215,0.001178134268329041,0.0,0.00014495549422268805,138.4727095067501
7673,8936,0.002627644935563148,0.0011775275252605298,0.0,0.0001450117410302618,138.48960355017334
7674,8938,0.002627633478464268,0.0011776918108853587,0.0,0.00014499416675789093,138.51353055797517
7675,8940,0.002627610605499324,0.0011776356671543355,0.0,0.00014499749383449885,138.5374768851325
7676,8941,0.0026276020277803333,0.0011775733727326634,0.0,0.00014500286550476696,138.5544577818364
7677,8942,0.002627576643848939,0.001177369741917339,0.0,0.00014502069019316,138.57124027330428
7678,8943,0.0026275709185055248,0.001177228251803447,0.0,0.00014503426667020777,138.58791931625456
7679,8944,0.002627553310154367,0.0011772240101244097,0.0,0.00014503293000299572,138.60466578043997
7680,8945,0.002627541440540169,0.0011772765704540107,0.0,0.00014502648700861584,138.62231228500605
7681,8946,0.002627516886472481,0.0011773603622726757,0.0,0.0001450156524199805,138.63902129326016
7682,8947,0.002627497825504142,0.0011774726996264077,0.0,0.00014500251258777345,138.65568577684462
7683,8948,0.002627483080534735,0.0011772861033326869,0.0,0.0001450196977202048,138.6733246324584
7684,8949,0.0026274493030116705,0.0011773187717437068,0.0,0.00014501305312679635,138.69049748312682
7685,8950,0.002627428941284469,0.0011770813825726912,0.0,0.0001450347558711778,138.7071790266782
7686,8951,0.0026274126856257593,0.0011766325450190986,0.0,0.00014507801406066608,138.7243718272075
7687,8952,0.002627390247094376,0.0011761943746401281,0.0,0.0001451195872454248,138.74111931025982
7688,8953,0.0026273629716809166,0.0011765401562388385,0.0,0.00014508228154420783,138.75779048074037
7689,8955,0.002627337751968362,0.0011767486748684595,0.0,0.00014505890770999025,138.78236905764788
7690,8956,0.0026272911331637868,0.00117697740033984,0.0,0.00014503137328239466,138.79975232854486
7691,8958,0.002627255583086344,0.0011772974485976106,0.0,0.0001449958134488734,138.82414347212762
7692,8959,0.0026271793831207997,0.0011773683622041966,0.0,0.00014498110209166032,138.84110804647207
7693,8961,0.0026271278347446696,0.0011778071702214497,0.0,0.00014493206645232199,138.86518220975995
7694,8962,0.0026270578929567935,0.0011780707903035858,0.0,0.00014489871026532075,138.88187925796956
7695,8964,0.002627013398505086,0.0011782415087414034,0.0,0.0001448771889763682,138.90593185648322
7696,8966,0.002626990885194634,0.001178637806746152,0.0,0.00014483530784484814,138.93086125981063
7697,8968,0.0026269528816694684,0.001178692940120756,0.0,0.00014482599415487126,138.95498712547123
7698,8969,0.0026269247002836437,0.0011786318415648136,0.0,0.00014482928587188304,138.97172116208822
7699,8970,0.0026269048775637675,0.0011786046342143438,0.0,0.0001448300243349424,138.98853356391191
7700,8971,0.002626892772128869,0.0011783528380407088,0.0,0.00014485399340881605,139.00558978505433
7701,8972,0.0026268419404192273,0.0011788060270090136,0.0,0.00014480359134102136,139.0222923317924
7702,8973,0.0026268042861155565,0.001179190686935564,0.0,0.00014476135991799925,139.03907520789653
7703,8974,0.002626748859061125,0.0011793071513728432,0.0,0.00014474417076882818,139.05581248924136
7704,8975,0.0026266412472630944,0.0011797145068518872,0.0,0.00014469267404112075,139.07254450861365
7705,8977,0.0026266037557399553,0.0011800768315168068,0.0,0.00014465269242231485,139.09678567945957
7706,8979,0.002626546449866651,0.0011797541482543128,0.0,0.0001446792301612338,139.12122464366257
7707,8980,0.002626501149118823,0.0011796891779527296,0.0,0.00014468119711660935,139.13783696759492
7708,8981,0.002626474700217786,0.0011795831144158376,0.0,0.0001446891585801948,139.15451958961785
7709,8982,0.002626425500437605,0.0011800404116214282,0.0,0.00014463850888161766,139.17115495819598
7710,8983,0.002626371221476173,0.001180522713454206,0.0,0.00014458485080219674,139.18783718440682
7711,8984,0.0026263599312789897,0.001180595096327632,0.0,0.00014457648349513574,139.20501354150474
7712,8986,0.002626286308149769,0.001181354562880423,0.0,0.0001444931745269346,139.22934478893876
7713,8987,0.0026262253215515014,0.0011814727398608584,0.0,0.0001444752581690643,139.24688323028386
7714,8988,0.002626170854632213,0.0011811739883920804,0.0,0.00014449968662401323,139.2641122136265
7715,8989,0.0026260707568884307,0.0011818646229951784,0.0,0.00014442061338932526,139.2808259660378
7716,8990,0.0026259374996112084,0.0011816720757683195,0.0,0.00014442654238428887,139.2979768710211
7717,8992,0.0026258284549549246,0.0011818724275401142,0.0,0.00014439560274148106,139.32248634845018
7718,8994,0.0026257547640042636,0.0011816860776067395,0.0,0.00014440686863975238,139.34670349676162
7719,8996,0.0026256589517942783,0.0011827301425720283,0.0,0.000144292880922225,139.3710099067539
7720,8998,0.0026255773714379087,0.001182996672272236,0.0,0.00014425806991656725,139.39519555214792
7721,8999,0.0026254311126927407,0.0011826033634721957,0.0,0.00014428277492205448,139.4119801176712
7722,9001,0.002625286076324655,0.0011833370701508385,0.0,0.00014419490061738164,139.43638436030596
7723,9002,0.002625019678349045,0.0011834047477698511,0.0,0.00014416149305791938,139.45309625845402
7724,9003,0.002624927892580205,0.0011838579679518337,0.0,0.00014410699246283714,139.46982907690108
7725,9005,0.002624865870446404,0.0011838174347185272,0.0,0.00014410484357278767,139.49395797308534
7726,9006,0.002624829687006191,0.0011846024443929045,0.0,0.00014402272426132864,139.51054083555937
7727,9007,0.0026247529356185923,0.0011844245854097431,0.0,0.0001440328350208849,139.5271566035226
7728,9009,0.002624709676729576,0.0011847470856932254,0.0,0.00014399625910363505,139.55125125311315
7729,9010,0.0026245998168927523,0.0011846592407487098,0.0,0.00014399405761440423,139.56802453380078
7730,9012,0.0026244887647287884,0.0011855785795569526,0.0,0.0001438910185171836,139.59209068212658
7731,9013,0.0026243822587713574,0.0011859600698897878,0.0,0.00014384221888815699,139.6088880961761
7732,9014,0.00262424557735715,0.001186158250070642,0.0,0.00014380873272865075,139.62567993812263
7733,9016,0.002624192774865129,0.0011869589444922471,0.0,0.0001437233830372882,139.64972381293774
7734,9017,0.0026241075494185685,0.001187410082825931,0.0,0.00014366974665926376,139.66644456703216
7735,9018,0.0026240376299196356,0.001187834357949877,0.0,0.00014362032719697588,139.68309512361884
7736,9019,0.002623978966083136,0.001187670398150194,0.0,0.0001436308567932942,139.69990329723805
7737,9020,0.0026238995911955676,0.001188260328672338,0.0,0.00014356392625232295,139.71654080878943
7738,9021,0.002623843367057609,0.0011888802225911601,0.0,0.00014349631444664487,139.7332547288388
7739,9022,0.0026237878990883782,0.0011894361461983393,0.0,0.00014343517528900388,139.7500593410805
7740,9024,0.002623759858486118,0.0011894854513934733,0.0,0.00014342744070926445,139.77434425149113
7741,9025,0.0026237071266939794,0.001190861892462108,0.0,0.00014328452342318715,139.791072556749
7742,9026,0.0026236789686959897,0.0011907521885508887,0.0,0.00014329267801451012,139.80789798591286
7743,9027,0.0026236642866173878,0.0011911448777245188,0.0,0.0001432519408892869,139.82460716646165
7744,9028,0.0026236433526379537,0.0011912623270910348,0.0,0.0001432381025546919,139.84133480675519
7745,9029,0.0026236172200260355,0.0011915078611850621,0.0,0.00014321093588409733,139.85807788558304
7746,9030,0.0026235559933273653,0.001191849475104891,0.0,0.0001431706518222474,139.87487703561783
7747,9031,0.002623516709801608,0.0011913882467102684,0.0,0.00014321284630913395,139.8915960388258
7748,9032,0.0026234713877782458,0.0011914976865179867,0.0,0.0001431973701260259,139.90825964603573
7749,9033,0.002623413023073952,0.00119132078027087,0.0,0.00014320922428030818,139.92498317267746
7750,9034,0.002623345249885111,0.0011916357183561976,0.0,0.00014317095315289133,139.9417228968814
7751,9035,0.0026232202004158826,0.0011913834373152524,0.0,0.00014318367631006303,139.95857664197683
7752,9037,0.002623137386099597,0.001192184872881883,0.0,0.00014309525132177138,139.98248282447457
7753,9038,0.0026229444617019574,0.0011923760357293528,0.0,0.00014305684259726043,139.99917161930352
7754,9040,0.0026227813692898806,0.0011926888443828637,0.0,0.0001430092524907017,140.0233023231849
7755,9041,0.0026226609926490066,0.0011930497342205054,0.0,0.00014296112584285013,140.03994863294065
7756,9042,0.0026225878648769903,0.0011926026475802109,0.0,0.00014299852172967796,140.0568590136245
7757,9044,0.0026225059505411053,0.0011933261084909092,0.0,0.00014291798420501962,140.08096104301512
7758,9045,0.002622395106486323,0.0011936264920746169,0.0,0.00014287686144117057,140.09767533652484
7759,9046,0.0026222682803205676,0.001193350492587474,0.0,0.00014289177877330935,140.11435887776315
7760,9047,0.00262218900656738,0.0011933953086467194,0.0,0.00014287936979206603,140.1312866071239
7761,9048,0.002622062743288513,0.0011934758119612912,0.0,0.00014285869313272214,140.14897615555674
7762,9049,0.0026218160820375962,0.0011940902708612539,0.0,0.0001427725811176342,140.16564337722957
7763,9050,0.0026216761898229346,0.0011940979709921108,0.0,0.00014275782188308237,140.1822494668886
7764,9052,0.0026216218968479737,0.0011949007720423602,0.0,0.00014267211248056137,140.2062997156754
7765,9054,0.0026215722292876583,0.0011950916502822592,0.0,0.00014264805790053993,140.23087885417044
7766,9055,0.0026215334237070093,0.001195333993802268,0.0,0.00014261994299047414,140.24760643951595
7767,9056,0.0026214692326788844,0.0011951820590386812,0.0,0.00014262871736402032,140.26435720454901
7768,9057,0.0026214424035622312,0.0011952370030555303,0.0,0.00014262054005067008,140.2809922778979
7769,9058,0.002621408257768982,0.0011953040096011186,0.0,0.00014261042481678631,140.2978357290849
7770,9059,0.002621391008028859,0.0011954081521420115,0.0,0.00014259828558868477,140.31465360708535
7771,9060,0.0026213710219346155,0.0011956255648391428,0.0,0.0001425745457095473,140.3316678069532
7772,9061,0.002621361953302766,0.0011957355650929822,0.0,0.0001425626388209784,140.3485639160499
7773,9062,0.002621354206423819,0.0011956007162680314,0.0,0.00014257534901557874,140.36525637097657
7774,9063,0.0026213473296173824,0.0011956652541919382,0.0,0.00014256820754254444,140.38246569782495
7775,9064,0.0026213421695451596,0.0011955473708647462,0.0,0.00014257947986804134,140.39922729786485
7776,9065,0.002621335161281846,0.0011953769590022025,0.0,0.00014259582022796435,140.4166156873107
7777,9067,0.002621330887716761,0.0011953463778920728,0.0,0.00014259845098246884,140.44091186113656
7778,9068,0.0026213203540180743,0.0011951890362024728,0.0,0.00014261313178156015,140.45757738128304
7779,9069,0.0026213038380764747,0.0011948749584363933,0.0,0.00014264288796400816,140.47424004040658
7780,9070,0.0026212894738682282,0.0011946353294609545,0.0,0.00014266541444072739,140.49202065449208
7781,9071,0.0026212756030901153,0.001194363288557369,0.0,0.00014269123145327462,140.50871994625777
7782,9072,0.0026212668970659455,0.0011943768787619922,0.0,0.00014268900183039536,140.5255179926753
7783,9073,0.002621258960747233,0.001194277580807226,0.0,0.0001426981379940007,140.54222504794598
7784,9074,0.0026212525771032217,0.001194189087278475,0.0,0.00014270634898247466,140.55910130776465
7785,9075,0.0026212425680952316,0.0011940822890689718,0.0,0.000142716027902626,140.57589483819902
7786,9076,0.0026212320441476936,0.001194058281702343,0.0,0.00014271737624453506,140.5926777459681
7787,9077,0.0026212185332261167,0.0011940536269589622,0.0,0.00014271649062671545,140.60939366649836
7788,9078,0.0026211992489269726,0.0011943998575634752,0.0,0.00014267993913634974,140.62616406287998
7789,9079,0.00262116739663215,0.0011946493819045211,0.0,0.0001426518014727629,140.64283188525587
7790,9081,0.002621139226722172,0.001195096162689623,0.0,0.00014260430640325488,140.66677184868604
7791,9082,0.0026210984588500687,0.001195457776530064,0.0,0.00014256406823200048,140.68345315475017
7792,9083,0.002621089028294537,0.0011957305690982788,0.0,0.0001425358459196258,140.700044227764
7793,9084,0.002621081370689049,0.0011956717253840698,0.0,0.0001425409645304979,140.71692679356784
7794,9085,0.0026210758421285046,0.0011963044296825459,0.0,0.00014247714124459584,140.73357565607876
7795,9086,0.002621050194710939,0.0011960068378215958,0.0,0.00014250433568893434,140.75117445364594
7796,9087,0.0026210337167878123,0.0011960808268243145,0.0,0.00014249528899634977,140.76781780365855
7797,9088,0.002620993550411485,0.0011966366103591522,0.0,0.00014243569400523327,140.78460553381592
7798,9090,0.002620983069755759,0.001196792763015722,0.0,0.0001424190306740037,140.80847068317235
7799,9091,0.002620965574709748,0.0011973116739136102,0.0,0.00014236539007961378,140.82554650399834
7800,9092,0.00262095676323252,0.0011974023677507827,0.0,0.00014235543954817373,140.84270199295133
7801,9093,0.002620948038642325,0.0011978162750705603,0.0,0.00014231317635717645,140.85939512494951
7802,9094,0.0026209415206396532,0.0011981376192507643,0.0,0.0001422803901388889,140.8762387521565
7803,9095,0.0026209335901499816,0.001198197939701832,0.0,0.00014227356504481497,140.89293993916363
7804,9096,0.0026209296260394617,0.0011984134332954368,0.0,0.00014225161927440251,140.90955668408424
7805,9097,0.002620925979683846,0.001198593542425723,0.0,0.00014223324372581226,140.92636678554118
7806,9098,0.0026209239832284403,0.0011987212344467338,0.0,0.00014222027487817063,140.94323597848415
7807,9099,0.0026209222957789915,0.0011986609509190304,0.0,0.00014222613448599611,140.95990491192788
7808,9100,0.002620920232591622,0.0011986875706293488,0.0,0.0001422232661962273,140.97680073603988
7809,9101,0.002620917908924573,0.0011987118400802175,0.0,0.00014222060688443556,140.9934738120064
7810,9102,0.00262091534619542,0.001198820272871964,0.0,0.00014220950733234561,141.01024762447923
7811,9103,0.0026209120481352714,0.00119891500763005,0.0,0.00014219970405052212,141.027383194305
7812,9104,0.0026209092278567008,0.0011992837986500395,0.0,0.00014216254292066615,141.0441165883094
7813,9105,0.002620906861353446,0.001199272786994424,0.0,0.0001421634074359022,141.06082949787378
7814,9106,0.002620905424926687,0.0011993540226136828,0.0,0.0001421551402313004,141.07757409010082
7815,9107,0.002620904257467899,0.0011994389878761922,0.0,0.00014214652695917067,141.09435281902552
7816,9108,0.0026209036785888526,0.0011994472536883882,0.0,0.00014214564249004645,141.110953358002
7817,9109,0.00262090270657989,0.0011994774752574929,0.0,0.00014214252313223973,141.12780243903399
7818,9111,0.0026209022962955363,0.0011994872771071653,0.0,0.0001421415019188371,141.15185030456632
7819,9112,0.00262090158646099,0.0011995378041758384,0.0,0.0001421363782285152,141.16850020270795
7820,9113,0.002620900754642343,0.0011995684745963247,0.0,0.00014213322800460184,141.18521434813738
7821,9114,0.0026209000923340126,0.0011996835340118983,0.0,0.00014212165583221144,141.20191135071218
7822,9115,0.0026208989868696424,0.0011996816939828486,0.0,0.00014212172928867935,141.21864937618375
7823,9116,0.002620897435687254,0.0011997844458142446,0.0,0.00014211129898730095,141.23536843247712
7824,9117,0.002620894482286631,0.0011999116812479779,0.0,0.00014209828010386532,141.25209859851748
7825,9118,0.002620893528440885,0.0011996866891381217,0.0,0.0001421206839302763,141.26878160145134
7826,9119,0.0026208908104304388,0.001199762362157227,0.0,0.00014211284482732118,141.28560971096158
7827,9120,0.0026208896535997814,0.0011997969904205474,0.0,0.00014210926631792338,141.3024104544893
7828,9121,0.0026208883075841175,0.0011997117689085794,0.0,0.0001421176538675538,141.31915460899472
7829,9122,0.002620886530563014,0.001199654567752859,0.0,0.0001421231962810155,141.33601931016892
7830,9123,0.002620883450568431,0.0011995133964917664,0.0,0.00014213700540766647,141.3527907440439
7831,9124,0.002620880803683916,0.0011994046353407464,0.0,0.000142147616834317,141.36942128278315
7832,9125,0.002620878488847747,0.0011991154677809689,0.0,0.00014217630210667785,141.38620640709996
7833,9126,0.002620876593326715,0.0011990841208940018,0.0,0.0001421792472432713,141.40283874049783
7834,9127,0.002620873536507434,0.001199143398462876,0.0,0.00014217301380445584,141.4200096456334
7835,9128,0.0026208715528809466,0.0011990851725672412,0.0,0.00014217863803137054,141.43688638322055
7836,9129,0.002620870016383747,0.0011990667271811399,0.0,0.00014218032892026074,141.45366646442562
7837,9130,0.0026208687070138773,0.0011990447498333842,0.0,0.0001421823957180493,141.47031066007912
7838,9131,0.0026208645142612773,0.0011990644076792399,0.0,0.00014218001065820375,141.48717174306512
7839,9132,0.00262085917991073,0.0011991385318858422,0.0,0.00014217206480248877,141.50380120333284
7840,9133,0.0026208525576536983,0.00119928657018092,0.0,0.00014215659874727783,141.5204401286319
7841,9134,0.0026208468665391777,0.0011993302651362502,0.0,0.00014215166014029277,141.53716826159507
7842,9135,0.002620839273619097,0.0011994824090976609,0.0,0.00014213568645214358,141.5539182946086
7843,9136,0.0026208365120730737,0.0011992608330072085,0.0,0.00014215756790658652,141.57056627888232
7844,9137,0.002620835559337376,0.0011994579804113603,0.0,0.00014213775789260157,141.5872730789706
7845,9138,0.0026208316112359287,0.0011993794604178464,0.0,0.00014214521508180825,141.6038520326838
7846,9139,0.002620830842899562,0.0011993328058478544,0.0,0.00014214980370517077,141.62127771787345
7847,9140,0.002620830087955223,0.0011992826222377983,0.0,0.00014215474657174252,141.63809421099722
7848,9142,0.002620830001959881,0.001199275068132725,0.0,0.00014215549338271558,141.6621654201299
7849,9143,0.0026208296069571303,0.001199273372854947,0.0,0.00014215562341021834,141.67894802428782
7850,9144,0.002620828732824851,0.0011992876926842624,0.0,0.00014215410401405886,141.69568430632353
7851,9145,0.0026208275586673477,0.0011993111138506511,0.0,0.00014215164448166964,141.71233633253723
7852,9147,0.0026208269070946725,0.001199292037767286,0.0,0.00014215348693273863,141.73636290617287
7853,9148,0.0026208240569877044,0.0011993067016807192,0.0,0.0001421517355306985,141.75303022097796
7854,9149,0.0026208165636719405,0.0011993009847237218,0.0,0.0001421515578948219,141.76975408941507
7855,9150,0.002620806508543815,0.0011991793027996073,0.0,0.00014216272057442075,141.78640851844102
7856,9151,0.002620788900502204,0.0011991032231725496,0.0,0.0001421685677329654,141.8031128384173
7857,9153,0.0026207822385127325,0.0011988284690654485,0.0,0.00014219537694472838,141.82728883624077
7858,9155,0.0026207539594680683,0.0011987420181955187,0.0,0.00014220119412725496,141.8513242378831
7859,9156,0.002620731586442245,0.00119839278736389,0.0,0.00014223387990783552,141.86799988802522
7860,9158,0.002620714461658078,0.0011985058790350673,0.0,0.0001422208582623011,141.89213389810175
7861,9159,0.0026206900767259756,0.001198142776078245,0.0,0.00014225473006477306,141.9088155888021
7862,9160,0.002620677016481889,0.0011978727909177432,0.0,0.00014228042255641455,141.92541649658233
7863,9161,0.002620673392485967,0.001197863633735543,0.0,0.0001422809758750424,141.9422228615731
7864,9162,0.002620667100976816,0.0011976733048686158,0.0,0.00014229937961082002,141.95884892810136
7865,9163,0.002620660737756635,0.0011976610507225217,0.0,0.00014229996870341135,141.97541570011526
7866,9164,0.002620653607297377,0.001197780622375413,0.0,0.0001422872984921964,141.99213196057826
7867,9165,0.002620643571727626,0.0011977090437782388,0.0,0.00014229345279493874,142.0090311449021
7868,9166,0.00262063290295871,0.001197586929790063,0.0,0.00014230459731686472,142.02575566153973
7869,9167,0.0026206230027594167,0.001197561707693152,0.0,0.00014230612950662648,142.0426100930199
7870,9168,0.002620611078190967,0.0011975239176754329,0.0,0.0001423087160515534,142.05974414665252
7871,9170,0.002620603855248614,0.0011978003565206493,0.0,0.00014228034987279648,142.08364014606923
7872,9171,0.002620583408171047,0.0011977986504367166,0.0,0.00014227847577343304,142.100288069807
7873,9172,0.00262055156948971,0.00119817779177501,0.0,0.00014223737777147003,142.116969444789
7874,9174,0.002620517956563004,0.0011977965303949186,0.0,0.00014227214261680854,142.14183963369578
7875,9175,0.002620473918870684,0.001197763928831409,0.0,0.0001422709990039275,142.1584649439901
7876,9177,0.0026204395808833436,0.00119799014177949,0.0,0.00014224494391038538,142.18240231461823
7877,9179,0.0026203661648355487,0.0011975221373085592,0.0,0.00014228440275269893,142.2072638394311
7878,9180,0.0026203234412306774,0.0011973138592848705,0.0,0.0001423009581945807,142.22387835290283
7879,9181,0.002620268501950282,0.0011967442272121248,0.0,0.00014235242747381573,142.2410460114479
7880,9183,0.0026201996293197818,0.0011971533840638069,0.0,0.0001423046245255975,142.26517988275737
7881,9184,0.002620134338117244,0.001197319850508665,0.0,0.0001422814487608579,142.28185504768044
7882,9186,0.002620099579953525,0.001197255557728433,0.0,0.0001422844022225092,142.3060772009194
7883,9187,0.0026200131252289414,0.0011969877565334993,0.0,0.0001423025368695442,142.32388896029443
7884,9188,0.0026199644150590945,0.0011965417646054677,0.0,0.00014234226504536266,142.34072264377028
7885,9190,0.0026199191237186847,0.0011967770928967007,0.0,0.0001423142030821984,142.3654681108892
7886,9192,0.002619884337466974,0.0011965356368949893,0.0,0.00014233487005719844,142.38945694547147
7887,9194,0.002619869201159793,0.0011966710653989608,0.0,0.00014231981357608326,142.413517691195
7888,9195,0.002619829684969453,0.0011965761008414998,0.0,0.0001423253584127953,142.43021470308304
7889,9196,0.0026198176527341775,0.0011963290631970818,0.0,0.00014234885895370958,142.4469767389819
7890,9197,0.0026197774402079684,0.0011962194250369931,0.0,0.00014235580151709755,142.46365940198302
7891,9198,0.0026197594539514573,0.0011963812489128754,0.0,0.0001423378205038582,142.48043208010495
7892,9199,0.0026197395925062184,0.0011961412579627605,0.0,0.0001423598334543458,142.4970989599824
7893,9201,0.002619730128207081,0.0011961542155489442,0.0,0.0001423575912658137,142.521160710603
7894,9202,0.0026197010314948053,0.0011957808448408492,0.0,0.0001423920186653956,142.53785720374435
7895,9203,0.0026196740298575602,0.0011955827656608387,0.0,0.00014240912641967215,142.5546450736001
7896,9205,0.002619653322585125,0.0011953969463853824,0.0,0.00014242563761997421,142.57913443353027
7897,9207,0.0026196199556129487,0.0011954565360028082,0.0,0.00014241634196101406,142.60319620743394
7898,9208,0.0026196076107757944,0.0011947955416850289,0.0,0.00014248120690907656,142.62072817143053
7899,9209,0.00261959041785143,0.0011949951090438789,0.0,0.0001424595308807551,142.63735070452094
7900,9211,0.0026195533066555813,0.001194752257773913,0.0,0.00014248010488816684,142.6614927984774
7901,9213,0.0026195355756792943,0.0011945984908189218,0.0,0.00014249370848603725,142.68599469959736
7902,9215,0.002619525735695765,0.0011943211031867295,0.0,0.00014252046325090352,142.71017949003726
7903,9216,0.002619509475992789,0.0011940878240331784,0.0,0.00014254216519596106,142.72697785124183
7904,9217,0.0026194951675161124,0.0011936825805616493,0.0,0.00014258125869544633,142.74366105999798
7905,9218,0.002619471870039919,0.0011933426782070784,0.0,0.00014261291918328406,142.76042267680168
7906,9219,0.0026194593990997656,0.0011936004325093271,0.0,0.00014258589665904387,142.77710227295756
7907,9220,0.002619443625292768,0.0011935871744874187,0.0,0.00014258564508053492,142.7939254725352
7908,9221,0.0026194300184447187,0.001193630246866272,0.0,0.00014257997715784465,142.81111990474164
7909,9222,0.0026194200319375367,0.0011934881966383503,0.0,0.00014259318352991866,142.8277766397223
7910,9223,0.0026194131100585115,0.0011934094115780406,0.0,0.0001426003698480471,142.84459099825472
7911,9224,0.002619401531989729,0.0011933542635788042,0.0,0.0001426047268410925,142.86132353078574
7912,9225,0.0026193938830873804,0.0011933382067530532,0.0,0.00014260556763343268,142.87800856679678
7913,9226,0.002619383512888822,0.001193242386769487,0.0,0.00014261411261193348,142.8947693100199
7914,9227,0.0026193751339139326,0.0011930101196594876,0.0,0.0001426365014254445,142.91142220795155
7915,9228,0.002619367419243247,0.0011931033313197956,0.0,0.00014262640879234516,142.92841343861073
7916,9229,0.002619355942019904,0.0011930606471847384,0.0,0.0001426295294835166,142.94522047415376
7917,9230,0.0026193306961050642,0.0011929479920505138,0.0,0.00014263827040545505,142.96189529728144
7918,9231,0.002619309876131839,0.0011930197877994678,0.0,0.00014262900883323714,142.97870658524334
7919,9232,0.0026192964263405403,0.0011928312276563923,0.0,0.00014264651986841483,142.99541073478758
7920,9233,0.0026192736401847343,0.0011930934831449063,0.0,0.00014261801570398283,143.01217396650463
7921,9234,0.002619245795295009,0.0011930161466602875,0.0,0.00014262296486347218,143.0289630582556
7922,9235,0.0026192043570406995,0.0011927995267725755,0.0,0.0001426404830268124,143.0465006744489
7923,9236,0.0026191621367344826,0.0011924846705633912,0.0,0.00014266774661710917,143.0632407516241
7924,9237,0.0026191236998846087,0.001191455752451194,0.0,0.00014276679474334148,143.08009897731245
7925,9238,0.002619084797850361,0.0011915987079702869,0.0,0.00014274860898800742,143.09689369611442
7926,9239,0.002619064233249297,0.0011915525567594482,0.0,0.00014275116764898488,143.11361082457006
7927,9240,0.0026190430218316642,0.0011913919009209066,0.0,0.00014276511209107575,143.13031194359064
7928,9241,0.0026190218338879114,0.001191263161120479,0.0,0.00014277586727674325,143.14783472847193
7929,9242,0.002618993968826068,0.001191112490756842,0.0,0.00014278814780692257,143.16453682724386
7930,9243,0.0026189840107011947,0.0011910841603685897,0.0,0.00014278998503326052,143.1811965284869
7931,9244,0.0026189659189877713,0.0011908015302921325,0.0,0.00014281643886956388,143.19828514382243
7932,9245,0.0026189495856935516,0.0011907820359297809,0.0,0.00014281675497637705,143.2150490647182
7933,9246,0.002618938085985849,0.0011907506092462864,0.0,0.00014281874767395624,143.23184783942997
7934,9247,0.0026189306155916985,0.0011907024309821344,0.0,0.00014282281846095642,143.2486289134249
7935,9248,0.002618921031381811,0.0011907879114465274,0.0,0.00014281331199352833,143.26531767752022
7936,9249,0.0026189090713388302,0.0011906224774879868,0.0,0.00014282865938508436,143.28204400185496
7937,9250,0.002618876748215067,0.0011908518591131638,0.0,0.0001428024889101903,143.29886780120432
7938,9251,0.0026188490029612583,0.0011910029009012159,0.0,0.00014278461020600426,143.31560638267547
7939,9252,0.0026188082186579783,0.001191184934677708,0.0,0.00014276232839802703,143.33247447852045
7940,9254,0.0026187889959122523,0.0011912566552784234,0.0,0.00014275323406338287,143.3568065268919
7941,9255,0.002618733508570571,0.0011912202740397035,0.0,0.00014275132345308673,143.37353208754212
7942,9256,0.0026186978814757844,0.0011909011872170217,0.0,0.00014277966942587627,143.39015104062855
7943,9257,0.0026186765315028655,0.0011903030100551184,0.0,0.0001428373521447747,143.40677647665143
7944,9259,0.0026186557228030753,0.0011902385523486533,0.0,0.00014284171704544217,143.43079897388816
7945,9261,0.0026186390740157474,0.0011903933974320683,0.0,0.0001428245676583679,143.45498645678163
7946,9262,0.002618627542720514,0.0011903596733858148,0.0,0.00014282678693346992,143.4718164941296
7947,9263,0.002618618679128663,0.001190350245250147,0.0,0.0001428268433878516,143.488482715562
7948,9264,0.0026186069993784362,0.0011901686845390213,0.0,0.0001428438314839415,143.5051772389561
7949,9265,0.002618594465039931,0.0011900538570927437,0.0,0.00014285406079471872,143.52190972678363
7950,9267,0.0026185683362763175,0.0011899166913745787,0.0,0.00014286516449017386,143.54603912029415
7951,9268,0.0026185174743263975,0.0011897027810483063,0.0,0.00014288146932780912,143.56291499082
7952,9269,0.0026184874446848905,0.0011892661295756107,0.0,0.000142922131510928,143.57961036916822
7953,9271,0.002618439655135892,0.00118933037827006,0.0,0.0001429109276865832,143.60443468857557
7954,9272,0.0026184202529824373,0.0011894848022965007,0.0,0.00014289354506859367,143.62117815110832
7955,9273,0.0026183750738545558,0.0011893253004361907,0.0,0.00014290497734183652,143.63817202299833
7956,9274,0.0026183405188842353,0.0011892624302962194,0.0,0.0001429078088588016,143.65488735213876
7957,9276,0.002618308740817446,0.0011890236903354988,0.0,0.00014292850504819476,143.68044943362474
7958,9277,0.002618286673913252,0.0011892729500735753,0.0,0.00014290137238396768,143.69712323416024
7959,9278,0.002618249616104606,0.0011889642170945821,0.0,0.00014292853990100242,143.71394291426986
7960,9279,0.002618221323767743,0.0011888841743468046,0.0,0.00014293371494209384,143.73080841451883
7961,9281,0.0026181840026492376,0.0011887730225060968,0.0,0.0001429410980143141,143.75645084679127
7962,9282,0.002618136615129177,0.0011886689374555788,0.0,0.00014294676776735983,143.77333601750433
7963,9283,0.0026181046267763405,0.0011884043458698912,0.0,0.0001429700280906449,143.79011492803693
7964,9284,0.002618077399333131,0.0011882329750462222,0.0,0.0001429844424286909,143.80699648428708
7965,9286,0.0026180608986648146,0.001188068832155534,0.0,0.00014299920665092805,143.8311263360083
7966,9287,0.0026180497428428297,0.0011880172086619484,0.0,0.00014300325341808814,143.84801202453673
7967,9288,0.0026180344360690567,0.0011879615770745836,0.0,0.0001430072858994473,143.86478226911277
7968,9289,0.002618015227944038,0.0011878404080176935,0.0,0.00014301748199263442,143.88199792709202
7969,9290,0.0026179969818151475,0.001187687730312035,0.0,0.00014303092515031122,143.89876348059624
7970,9291,0.0026179881429889765,0.0011876702040575996,0.0,0.0001430317938931377,143.91563576180488
7971,9292,0.0026179663395695493,0.0011875533105139891,0.0,0.00014304130290555603,143.93232518900186
7972,9293,0.0026179562817377415,0.001187534223007427,0.0,0.00014304220587303145,143.94916392769665
7973,9294,0.0026179477151360192,0.0011875732476171175,0.0,0.00014303744675189017,143.96583842486143
7974,9295,0.0026179420959730245,0.001187570365446175,0.0,0.00014303717305268497,143.98266075365245
7975,9296,0.0026179361049167233,0.0011875019577034266,0.0,0.00014304341472132966,143.99935031495988
7976,9297,0.0026179318261194866,0.001187365322804355,0.0,0.00014305665033151316,144.0161319077015
7977,9298,0.002617927926477516,0.0011871967966254904,0.0,0.00014307311298520256,144.03280330449343
7978,9299,0.002617924278080038,0.0011870483283316574,0.0,0.00014308759497483803,144.0494448263198
7979,9300,0.0026179206959002976,0.00118695102723857,0.0,0.00014309696686617274,144.06607203930616
7980,9301,0.0026179154565918903,0.0011868957005949316,0.0,0.0001431019755996959,144.08290227223188
7981,9303,0.00261791363193346,0.001186817092064436,0.0,0.0001431096539869024,144.10755412653089
7982,9304,0.002617900338951036,0.0011868199027545935,0.0,0.00014310804361964422,144.124191573821
7983,9305,0.0026178903416487938,0.0011869378241150328,0.0,0.0001430952517533761,144.1408810839057
7984,9306,0.002617885002431465,0.00118701111948093,0.0,0.00014308738829505355,144.15768169332296
7985,9307,0.0026178789887589754,0.0011869442685848513,0.0,0.00014309347201741241,144.17439322266728
7986,9308,0.002617875695808134,0.001186914415398556,0.0,0.00014309612804095783,144.1911671468988
7987,9309,0.002617862734556265,0.0011867780267747965,0.0,0.00014310847077814685,144.20787383429706
7988,9310,0.002617853977623239,0.001186716609617528,0.0,0.00014311373680057113,144.22460613958538
7989,9311,0.0026178419630781113,0.0011866849399038589,0.0,0.00014311570231742522,144.24151322990656
7990,9312,0.002617828719646678,0.0011866277971962274,0.0,0.00014312009224504507,144.2583783902228
7991,9313,0.002617821893016061,0.0011866978173554555,0.0,0.00014311240756606055,144.2751348633319
7992,9314,0.002617810311412029,0.0011865245478788022,0.0,0.00014312857635332267,144.2919177962467
7993,9315,0.0026178040051349554,0.0011864799659033096,0.0,0.0001431324039231646,144.30864531267434
7994,9316,0.002617788979926944,0.0011863746385806046,0.0,0.00014314143413463395,144.3257060898468
7995,9317,0.0026177794100995778,0.0011862393412777395,0.0,0.00014315400688218383,144.34242841228843
7996,9318,0.0026177717931704213,0.0011861697304313568,0.0,0.00014316020627390643,144.35917927045375
7997,9319,0.002617762298336627,0.0011860329195800502,0.0,0.00014317293787565767,144.37584960926324
7998,9320,0.002617747430165957,0.00118594194579638,0.0,0.0001431805484369577,144.39266142249107
7999,9321,0.0026177263898636083,0.0011858374994142354,0.0,0.00014318888904493726,144.40929551515728
8000,9322,0.00261770822377326,0.0011857444321817375,0.0,0.00014319637915915224,144.42605221830308
8001,9324,0.0026176970147647515,0.0011858167385734827,0.0,0.00014318802761912686,144.45051896106452
8002,9325,0.002617681737750242,0.0011859561428037527,0.0,0.00014317255949464897,144.46715458575636
8003,9326,0.002617671917469827,0.00118595955724203,0.0,0.0001431712360227797,144.48392758797854
8004,9327,0.002617664265207263,0.001186095747925362,0.0,0.0001431568517281901,144.50060113705695
8005,9328,0.0026176554578930364,0.0011860400257108635,0.0,0.00014316154321821728,144.51723583694547
8006,9329,0.0026176486401193163,0.0011861270163788687,0.0,0.00014315216237404478,144.5339900990948
8007,9331,0.0026176468956318846,0.0011860647142577707,0.0,0.0001431582181374114,144.5580970775336
8008,9332,0.002617641413326946,0.0011861292375569057,0.0,0.00014315121757700405,144.57485443912446
8009,9333,0.002617637022443906,0.001186078736136139,0.0,0.00014315582863077671,144.59139269869775
8010,9334,0.0026176340933390693,0.0011861424313823078,0.0,0.00014314916619567617,144.60809241048992
8011,9335,0.0026176288724433982,0.0011860501843305334,0.0,0.00014315786881128646,144.62485449481755
8012,9336,0.002617624758589319,0.0011860748870532113,0.0,0.00014315498715361074,144.6415719166398
8013,9338,0.002617620327817218,0.0011861710663563939,0.0,0.00014314492614608243,144.66559566743672
8014,9339,0.002617615945280908,0.0011861709218528409,0.0,0.00014314450234280673,144.6822877144441
8015,9340,0.0026176135260460565,0.0011862518178459213,0.0,0.00014313617082001352,144.69904637895525
8016,9341,0.0026176095645252754,0.0011863158188213719,0.0,0.00014312937457039033,144.71584300044924
8017,9342,0.0026176071597953272,0.0011863925221074945,0.0,0.00014312146376878326,144.73356451001018
8018,9343,0.0026176041859653646,0.001186386882653317,0.0,0.00014312173033120476,144.75020546466112
8019,9344,0.002617601784085902,0.001186472890762608,0.0,0.00014311288933232936,144.76688665430993
8020,9345,0.0026175990308738425,0.0011863933649662896,0.0,0.00014312056659075532,144.7837852248922
8021,9346,0.0026175955294116104,0.0011862998258061921,0.0,0.00014312957036054184,144.80043503362685
8022,9347,0.0026175914619986007,0.001186207631431767,0.0,0.00014313838305668336,144.81714319065213
8023,9348,0.002617583608744584,0.0011861525681133886,0.0,0.00014314310406311957,144.83382765669376
8024,9349,0.002617572482895662,0.0011859023556651611,0.0,0.0001431670127230501,144.85039241425693
8025,9350,0.0026175598879543405,0.0011860158318766371,0.0,0.00014315440560777034,144.86699627153575
8026,9351,0.002617553134646285,0.00118611939651672,0.0,0.00014314337381295648,144.88386520650238
8027,9353,0.0026175304546565093,0.0011864992590308434,0.0,0.00014310311956256658,144.90826752595603
8028,9354,0.0026175230363804686,0.001186458362748566,0.0,0.00014310646736319024,144.9249059325084
8029,9355,0.002617517701827484,0.0011864352670156492,0.0,0.00014310824348118348,144.94165998045355
8030,9356,0.00261751232754081,0.001186445872439321,0.0,0.00014310664551014888,144.95824140589684
8031,9357,0.0026175074655821343,0.0011865357787176562,0.0,0.00014309716868644783,144.9749558744952
8032,9358,0.0026175047899355567,0.0011865236088387896,0.0,0.00014309811810967672,144.99164117407054
8033,9360,0.002617499195201886,0.001186683653299861,0.0,0.0001430815541902025,145.0160968778655
8034,9361,0.0026174949631770205,0.0011865976214404923,0.0,0.00014308973417365283,145.03284584358335
8035,9362,0.0026174914315415607,0.0011864887176349335,0.0,0.00014310027139066272,145.0501379761845
8036,9363,0.002617489394996139,0.0011864272621590307,0.0,0.00014310621328371078,145.06688891351223
8037,9364,0.0026174867324902373,0.0011864965487606547,0.0,0.00014309901837295826,145.08377809729427
8038,9365,0.0026174840248913774,0.0011864579539609037,0.0,0.00014310260709304737,145.1005262620747
8039,9366,0.002617482088240296,0.0011865124037975293,0.0,0.0001430969684442767,145.1171602224931
8040,9367,0.0026174796083945763,0.0011865732836220176,0.0,0.00014309063247725586,145.13384434301406
8041,9368,0.0026174767957077676,0.0011865965731690875,0.0,0.000143088022253868,145.15067219361663
8042,9370,0.002617476458066472,0.0011865848075490633,0.0,0.00014308916505174088,145.17548864614218
8043,9371,0.002617472772634365,0.0011865942771518137,0.0,0.00014308784954825512,145.19212889205664
8044,9372,0.0026174686742795506,0.001186530456446636,0.0,0.00014309382178329146,145.2093634037301
8045,9373,0.002617464460110281,0.0011865228073097277,0.0,0.00014309416528005532,145.22603051178157
8046,9374,0.0026174584537031757,0.0011863101924002603,0.0,0.00014311482613029155,145.2428111443296
8047,9375,0.002617450184184803,0.001186323800847171,0.0,0.00014311263833376324,145.2595996381715
8048,9376,0.002617436993450027,0.0011862810738284772,0.0,0.000143115591962155,145.27633388340473
8049,9377,0.0026174280954106123,0.0011860482772892967,0.0,0.00014313798181213156,145.29332293849438
8050,9378,0.0026174221367782718,0.0011861396093166342,0.0,0.00014312825274616375,145.3103951960802
8051,9379,0.002617414926417532,0.0011860460477551705,0.0,0.00014313688786623613,145.32714639883488
8052,9380,0.0026174042652750765,0.0011858062389767756,0.0,0.0001431598026298301,145.34391073789448
8053,9381,0.0026173960920531894,0.0011856968812093507,0.0,0.00014316992108438388,145.36065202206373
8054,9382,0.0026173828292799153,0.0011853660599079594,0.0,0.00014320167693719556,145.37731996178627
8055,9383,0.002617374241775309,0.0011852244308528759,0.0,0.00014321498109224332,145.3943827142939
8056,9384,0.002617363452418406,0.0011850192401437903,0.0,0.00014323442122746158,145.41215112805367
8057,9385,0.002617357495321649,0.0011851185125882457,0.0,0.0001432238982733403,145.42886058799922
8058,9386,0.0026173522772913287,0.0011850261366109821,0.0,0.00014323261406803465,145.44561570510268
8059,9387,0.0026173474672709076,0.0011850426465383512,0.0,0.00014323048207325566,145.46287042088807
8060,9388,0.002617342518136497,0.0011849644146561635,0.0,0.00014323781034803338,145.47962962370366
8061,9389,0.0026173378692600224,0.001184784204158919,0.0,0.0001432553665101103,145.4964486490935
8062,9390,0.0026173345923097505,0.0011848049514481985,0.0,0.0001432529640861552,145.51329134590924
8063,9391,0.002617331729474782,0.0011848084721216,0.0,0.00014325232573531818,145.52997895609587
8064,9392,0.0026173298289391784,0.0011847760010751066,0.0,0.00014325538278640718,145.54676889348775
8065,9393,0.002617327242933369,0.0011847350958098955,0.0,0.00014325921471234737,145.56373299006373
8066,9394,0.0026173246520630232,0.0011846765073381027,0.0,0.00014326481447249207,145.58185662608594
8067,9395,0.0026173229853239215,0.0011846439992685624,0.0,0.00014326789860553588,145.59898398444057
8068,9396,0.0026173210281092013,0.0011846062570983619,0.0,0.00014327147710108392,145.61643699929118
8069,9397,0.002617317375224049,0.0011844396490376917,0.0,0.00014328777261863576,145.6330971904099
8070,9399,0.0026173155598232054,0.0011844115452979834,0.0,0.00014329040145252223,145.6573140732944
8071,9400,0.002617312560143587,0.0011843927483922928,0.0,0.0001432919811751294,145.67403769958764
8072,9401,0.002617308435597837,0.001184374777760919,0.0,0.00014329336578369179,145.6907530669123
8073,9402,0.0026173031498379364,0.0011842634923143799,0.0,0.00014330396575235564,145.7073606532067
8074,9404,0.002617299884354058,0.001184220346549058,0.0,0.00014330795378049996,145.73128927033395
8075,9405,0.002617293694159349,0.0011840621723874989,0.0,0.00014332315217718502,145.7479555979371
8076,9406,0.002617286645607046,0.0011839439524235018,0.0,0.00014333426931835444,145.76484914775938
8077,9407,0.0026172759961706218,0.0011838274067596055,0.0,0.00014334485894110162,145.78155506122857
8078,9409,0.002617268309375409,0.001183908875776965,0.0,0.00014333594335984437,145.80641604587436
8079,9410,0.002617241695381107,0.001184079142163281,0.0,0.0001433162553217826,145.82316871825606
8080,9411,0.002617217867137564,0.001184311539429663,0.0,0.0001432906327707901,145.83995776250958
8081,9413,0.0026171976182718763,0.0011843985920828167,0.0,0.00014327990261890598,145.86398565676063
8082,9416,0.0026171614816903523,0.0011848387156831522,0.0,0.00014323227660072,145.8955998327583
8083,9417,0.002617140410566733,0.0011851675720348789,0.0,0.00014319728385318541,145.91227009892464
8084,9418,0.0026170781585647413,0.0011846380273218076,0.0,0.00014324401312429335,145.92892983648926
8085,9419,0.0026170425663728887,0.0011848419803049419,0.0,0.0001432200586067947,145.9457230148837
8086,9420,0.0026170053712173454,0.0011853252225184354,0.0,0.000143168014869891,145.9623501272872
8087,9422,0.002616981474094158,0.0011853493298160818,0.0,0.00014316321442780762,145.9871824355796
8088,9423,0.002616940192411264,0.0011855124895481341,0.0,0.000143142770286313,146.0038699284196
8089,9425,0.002616924739003823,0.0011854625984371598,0.0,0.00014314621405666633,146.02824518363923
8090,9427,0.0026168934024676997,0.0011859008023052105,0.0,0.00014309926001624892,146.05231367982924
8091,9428,0.002616877971502617,0.0011861880779961262,0.0,0.00014306898935064911,146.06896466203034
8092,9429,0.002616841900099123,0.0011862032765553366,0.0,0.0001430638623543786,146.08574632089585
8093,9430,0.002616799059379573,0.001186260292091973,0.0,0.00014305387672876,146.10243276972324
8094,9432,0.0026167790094119847,0.001186697550110685,0.0,0.00014300814593012993,146.126510810107
8095,9433,0.002616727653507552,0.0011876476510964112,0.0,0.0001429080002411141,146.14328791666776
8096,9434,0.0026166987272530796,0.0011870831307407843,0.0,0.0001429615596512295,146.16002309229225
8097,9436,0.002616668834799403,0.0011871966878244451,0.0,0.0001429472146974958,146.18407243862748
8098,9437,0.002616636499575271,0.0011875299073033844,0.0,0.00014291065922718862,146.20080678723752
8099,9438,0.0026166122121613474,0.0011876218383639603,0.0,0.00014289903737973872,146.2173894625157
8100,9439,0.002616574485810975,0.0011882597646613693,0.0,0.0001428314721149606,146.2339439196512
8101,9441,0.002616551687809169,0.0011882833848921351,0.0,0.00014282683029170337,146.25809941347688
8102,9442,0.0026165227074205406,0.0011885327156465606,0.0,0.000142798999177398,146.27480516768992
8103,9443,0.0026164881035431993,0.0011889928231615555,0.0,0.00014274952803816442,146.29175662901253
8104,9444,0.0026164564978808326,0.0011889779321692506,0.0,0.00014274785657115822,146.30861118249595
8105,9445,0.0026164363555352147,0.0011897438539421794,0.0,0.00014266925015930354,146.3252461394295
8106,9446,0.002616409511895345,0.0011894845877812958,0.0,0.00014269249241140493,146.34214834682643
8107,9447,0.002616393523945908,0.0011896977932985603,0.0,0.0001426695730647348,146.35886275954545
8108,9448,0.0026163634226676427,0.00119051964927488,0.0,0.00014258437733927627,146.37560889311135
8109,9449,0.0026163413179976884,0.001191175864674281,0.0,0.00014251654533234076,146.3922915905714
8110,9450,0.002616325426291015,0.0011911640733578061,0.0,0.0001425161352933209,146.40911662951112
8111,9452,0.002616313159415369,0.0011915188630964755,0.0,0.00014247942963188933,146.43325686175376
8112,9453,0.002616295578114778,0.0011916507303564444,0.0,0.00014246448477583338,146.44995861686766
8113,9454,0.002616281526630719,0.0011919828477979925,0.0,0.00014242986788327264,146.4666279722005
8114,9455,0.0026162673444257616,0.0011919403220126757,0.0,0.00014243270224130862,146.4833771288395
8115,9456,0.0026162504969315754,0.0011919956634882968,0.0,0.00014242548334432784,146.50008309818804
8116,9457,0.0026162412881715422,0.0011925611535121025,0.0,0.00014236801346594394,146.5166559573263
8117,9458,0.0026162304809502464,0.0011921912517288385,0.0,0.00014240392292214077,146.53325573261827
8118,9459,0.0026162137685772618,0.0011922762463302582,0.0,0.00014239375222470035,146.54988741129637
8119,9460,0.0026162061536980116,0.0011925968209073818,0.0,0.00014236093327906298,146.566667445004
8120,9461,0.002616201070133249,0.0011925422663160335,0.0,0.00014236588038172155,146.5834212610498
8121,9462,0.002616192184530056,0.0011925506393831717,0.0,0.0001423641545146884,146.60012364201248
8122,9463,0.0026161825964568382,0.0011925806786726501,0.0,0.00014236019177841881,146.61774602066725
8123,9464,0.0026161751733739316,0.0011929014624104757,0.0,0.0001423273710963456,146.6343424571678
8124,9465,0.002616170161208586,0.0011928592682398749,0.0,0.00014233108929687113,146.65107144601643
8125,9466,0.002616164486519277,0.0011928686738601456,0.0,0.00014232958126591313,146.66787493228912
8126,9467,0.002616160535739709,0.0011930049489611216,0.0,0.0001423155586778587,146.68461089394987
8127,9468,0.0026161563397798415,0.0011930447144307369,0.0,0.00014231116253491047,146.70121496543288
8128,9469,0.0026161528833031442,0.0011931448587104891,0.0,0.00014230080245926553,146.71782793290913
8129,9470,0.002616150671853606,0.001193209143991887,0.0,0.00014229415278617187,146.735200044699
8130,9471,0.0026161485574937348,0.0011933165288562034,0.0,0.0001422832028637531,146.75186338089406
8131,9472,0.0026161467641809466,0.0011933453799046745,0.0,0.0001422801384276272,146.76861573569477
8132,9473,0.002616144618354105,0.001193417039470175,0.0,0.00014227275788839298,146.78566838428378
8133,9474,0.002616142464940443,0.0011934835586993313,0.0,0.0001422658906241112,146.8022963721305
8134,9475,0.0026161399051436236,0.0011934563165679351,0.0,0.00014226835885756885,146.81894373707473
8135,9476,0.0026161384380666754,0.0011935552498137994,0.0,0.0001422583188252876,146.8356635477394
8136,9477,0.002616136836983204,0.0011937203288707586,0.0,0.0001422416508112445,146.85342741012573
8137,9478,0.002616135081322888,0.001193850017517907,0.0,0.00014222850638049807,146.87081965059042
8138,9479,0.0026161334636055963,0.0011940027514354442,0.0,0.00014221307121701522,146.88794827088714
8139,9480,0.0026161310852927996,0.001194103357918327,0.0,0.00014220277273744726,146.90467128809541
8140,9481,0.0026161288362651696,0.0011941567224065801,0.0,0.00014219721138585892,146.9216898456216
8141,9482,0.0026161271633579723,0.0011941703509928782,0.0,0.00014219568123650944,146.9388495227322
8142,9483,0.0026161260742551097,0.0011940912254494427,0.0,0.0001422034848805667,146.95561284106225
8143,9484,0.002616125244613858,0.0011940772726118853,0.0,0.00014220479720019726,146.97230886109173
8144,9485,0.0026161247863880845,0.0011940306389282228,0.0,0.00014220941474598616,146.98912105709314
8145,9486,0.0026161243022666306,0.0011940413138417914,0.0,0.0001422082988424839,147.00579046085477
8146,9487,0.002616124018974906,0.001194032386580589,0.0,0.0001422091632394317,147.02291624899954
8147,9488,0.0026161238233188278,0.001194021030355766,0.0,0.00014221027929630614,147.04003167618066
8148,9489,0.0026161236239956548,0.0011939801927417504,0.0,0.00014221434312539045,147.05674628540874
8149,9490,0.002616123458275827,0.0011939361342839753,0.0,0.0001422187323991852,147.07340355683118
8150,9491,0.002616123343638483,0.0011938885780343952,0.0,0.00014222347656040878,147.09008844196796
8151,9493,0.0026161232612584243,0.0011938653199804023,0.0,0.00014222579412780217,147.11404839903116
8152,9494,0.0026161230736255676,0.0011938731851773127,0.0,0.00014222498884482548,147.13070994615555
8153,9495,0.002616122946793876,0.0011938754651713084,0.0,0.0001422247481622568,147.14760810509324
8154,9496,0.002616122849472863,0.001193878387104285,0.0,0.0001422244462368578,147.1642553061247
8155,9498,0.0026161223642888615,0.0011939069692649825,0.0,0.0001422215395023879,147.18808456417173
8156,9500,0.002616122280521491,0.0011939397021308014,0.0,0.00014221825783906894,147.21212785318494
8157,9501,0.0026161220612699893,0.0011939540503820936,0.0,0.00014221680108878956,147.22885841876268
8158,9503,0.00261612083430542,0.001194057695948579,0.0,0.00014220631383568408,147.2528126090765
8159,9504,0.002616120405117248,0.0011940920453641693,0.0,0.00014220283597530785,147.2694599730894
8160,9505,0.002616120195062461,0.0011941974149655365,0.0,0.00014219227800969244,147.28619191143662
8161,9506,0.0026161198585205737,0.0011942022767725607,0.0,0.0001421917581748013,147.30297599732876
8162,9507,0.002616119380678814,0.0011942445034872947,0.0,0.00014218748771915193,147.31992140226066
8163,9508,0.002616119251086765,0.001194242055361286,0.0,0.00014218771957254792,147.33667647093534
8164,9509,0.0026161191808158684,0.0011942395799354464,0.0,0.00014218796008804222,147.35387648642063
8165,9511,0.0026161188668431387,0.0011941689964140312,0.0,0.00014219498704291076,147.37786510866135
8166,9512,0.0026161186533742295,0.0011941739954221687,0.0,0.00014219446579520606,147.3945484822616
8167,9513,0.0026161184726007174,0.0011941617128855874,0.0,0.000142195675971513,147.41123549174517
8168,9514,0.0026161183355721852,0.0011941633224545865,0.0,0.00014219550131175986,147.4279004605487
8169,9516,0.0026161176714295962,0.001194109562630194,0.0,0.00014220081087994025,147.45181818772107
8170,9517,0.0026161170768550903,0.0011941192826006668,0.0,0.00014219977942544234,147.46847487892956
8171,9518,0.0026161164091981475,0.0011940779327971373,0.0,0.00014220384764010105,147.4851490240544
8172,9519,0.0026161148322444688,0.0011940146308528782,0.0,0.00014221002013915904,147.50191835314035
8173,9520,0.0026161129167551465,0.0011938604175530834,0.0,0.0001422252499202063,147.51859370432794
8174,9521,0.002616110243356586,0.0011938116877813604,0.0,0.00014222985555752254,147.53519778326154
8175,9522,0.0026161088972311655,0.0011935384250964262,0.0,0.00014225704721347392,147.55194328073412
8176,9523,0.0026161065488918417,0.0011936782318557554,0.0,0.0001422428317036086,147.56904707849026
8177,9524,0.0026161045162957485,0.001193682013888291,0.0,0.0001422422502407457,147.58581076469272
8178,9525,0.002616096158556842,0.001193556576408666,0.0,0.00014225395821481764,147.60243104957044
8179,9526,0.0026160874230963084,0.0011932971327430918,0.0,0.00014227902903532166,147.61909939255565
8180,9528,0.0026160816458393093,0.0011934407976997678,0.0,0.00014226408481395414,147.64322929177433
8181,9529,0.002616074175261341,0.0011932740018625967,0.0,0.00014228001733987444,147.66002737171948
8182,9530,0.0026160661235082793,0.0011934016271931424,0.0,0.00014226644963151369,147.67666586488485
8183,9531,0.0026160585082247037,0.001193438592230523,0.0,0.00014226199159941805,147.69383534044027
8184,9532,0.0026160513746279835,0.0011935897223814152,0.0,0.00014224616522465683,147.71053842827678
8185,9533,0.0026160416152043965,0.0011935922026877085,0.0,0.0001422449412516688,147.72713489830494
8186,9534,0.002616033074321308,0.0011936534075619935,0.0,0.00014223796667593147,147.7447476265952
8187,9536,0.002616028425123244,0.0011936314759469768,0.0,0.00014223969491762673,147.76884199120104
8188,9537,0.0026160237192441897,0.0011935759572470474,0.0,0.00014224477619971423,147.7859975937754
8189,9538,0.002616019740292104,0.0011936427706671577,0.0,0.00014223769696249464,147.80271739978343
8190,9539,0.002616015454724835,0.0011935774101371303,0.0,0.00014224380445877044,147.8195529896766
8191,9540,0.0026160102417927536,0.0011935750307378488,0.0,0.0001422435211054905,147.83650547545403
8192,9541,0.0026160036618402688,0.0011935058394017927,0.0,0.00014224978224384763,147.8533022115007
8193,9543,0.0026159997704704313,0.0011936039476877244,0.0,0.00014223958227827072,147.87782308459282
8194,9544,0.002615993444372575,0.0011934738433272258,0.0,0.00014225196010453491,147.89456517994404
8195,9545,0.0026159882615941197,0.0011935030468856137,0.0,0.0001422485214708506,147.91122174169868
8196,9546,0.00261598093825831,0.001193478762420086,0.0,0.0001422502175838224,147.92786322254688
8197,9548,0.0026159723471374146,0.0011936101684386711,0.0,0.00014223621786987433,147.95212793163955
8198,9549,0.0026159467590300325,0.0011935436961114808,0.0,0.00014224030629185518,147.96886025648564
8199,9550,0.0026159098478134154,0.0011934112872831932,0.0,0.00014224985605302225,147.9862240338698
8200,9552,0.0026158858320107573,0.0011936873916902023,0.0,0.00014221984403205547,148.01025150995702
8201,9554,0.002615798880835258,0.0011929917823882315,0.0,0.00014228070984470266,148.0344166085124
8202,9555,0.0026157683964725836,0.0011934118320806185,0.0,0.0001422356564391965,148.0515064112842
8203,9556,0.0026157387081539706,0.001192941277571323,0.0,0.00014227974305826475,148.06817272584885
8204,9558,0.0026157075199607525,0.0011929151957102077,0.0,0.0001422792324250545,148.09231004863977
8205,9559,0.0026156799805123663,0.0011931378318283407,0.0,0.00014225421486840255,148.10898186266422
8206,9560,0.0026156408769265,0.0011929702301973653,0.0,0.00014226706467291347,148.12567669618875
8207,9561,0.0026156046523177897,0.001192708846389762,0.0,0.00014228958059280276,148.14224349614233
8208,9562,0.0026155686863984793,0.0011927934174437117,0.0,0.00014227752689547675,148.15889896731824
8209,9564,0.0026155120142003236,0.0011925105952691635,0.0,0.00014230014189311598,148.1832978501916
8210,9566,0.0026154863553107723,0.001192578653180788,0.0,0.00014229077021299846,148.20742852706462
8211,9567,0.0026153894748149227,0.0011930941661532077,0.0,0.00014222953086617148,148.22408032324165
8212,9569,0.00261535524851328,0.0011934528015915828,0.0,0.00014219024469216973,148.2489138720557
8213,9570,0.002615304112928772,0.001193335278837713,0.0,0.00014219688340910594,148.26567698642612
8214,9572,0.0026152744130627983,0.0011933838688729288,0.0,0.00014218905441898695,148.29056337289512
8215,9574,0.002615247576082693,0.00119333311370191,0.0,0.0001421914462380783,148.3147071013227
8216,9576,0.0026152353171490774,0.0011934731887091206,0.0,0.00014217621284399567,148.33892697189003
8217,9578,0.002615218910557336,0.00119357773199634,0.0,0.0001421641178560996,148.36320292484015
8218,9579,0.002615198096280218,0.0011933687320029628,0.0,0.0001421829364277255,148.37992167659104
8219,9580,0.002615170519984629,0.0011934096988954095,0.0,0.00014217608210892195,148.39670762326568
8220,9581,0.0026151140002982905,0.001193387049996955,0.0,0.00014217269503013352,148.41343573480844
8221,9582,0.0026150831666476274,0.0011929520878888222,0.0,0.0001422131078758805,148.43005810119212
8222,9584,0.0026150319454686997,0.0011930020359842107,0.0,0.0001422029909484489,148.4546412480995
8223,9585,0.0026149939691760427,0.0011928634169295776,0.0,0.0001422130552246465,148.4722523074597
8224,9586,0.0026149531246811245,0.0011920128164380948,0.0,0.00014229403082430297,148.48892632313073
8225,9587,0.0026149290758045243,0.0011921962503545652,0.0,0.00014227328254499592,148.5056923404336
8226,9588,0.002614902328799586,0.0011922701464627497,0.0,0.00014226321823368368,148.52237988822162
8227,9589,0.0026148925930679716,0.0011922020915302075,0.0,0.0001422690501537764,148.5390767455101
8228,9590,0.002614887606791062,0.0011918636616563261,0.0,0.0001423023945134736,148.5558651201427
8229,9591,0.0026148401999094104,0.0011921023921249736,0.0,0.0001422737807784437,148.5725942188874
8230,9592,0.0026148077280916554,0.0011920731416018603,0.0,0.0001422734586489795,148.58934801910073
8231,9593,0.002614765116851236,0.0011922403981102403,0.0,0.00014225247187409955,148.60598241258413
8232,9594,0.002614699499364822,0.0011918927772107382,0.0,0.00014228067221540834,148.62298487592489
8233,9595,0.002614617154965461,0.0011919560749877659,0.0,0.00014226610799776955,148.64002703223377
8234,9596,0.002614520527775973,0.00119117487547445,0.0,0.0001423345652301523,148.65689740143716
8235,9598,0.002614452014444665,0.0011907877008548887,0.0,0.00014236643135897762,148.6818137736991
8236,9600,0.002614409893895459,0.0011905447156591521,0.0,0.00014238651782363067,148.706287660636
8237,9602,0.002614326964912991,0.0011896336623914683,0.0,0.00014246933025215223,148.73108797241002
8238,9604,0.0026142575204050906,0.0011895179233174426,0.0,0.00014247395970876477,148.75555942114443
8239,9605,0.002614224519200302,0.001189201354272004,0.0,0.0001425023164928298,148.7722432417795
8240,9607,0.0026141208170144823,0.0011890685426210956,0.0,0.00014250522743933868,148.79641114454716
8241,9609,0.0026140822946163905,0.0011887093857809981,0.0,0.00014253729088353924,148.8203308004886
8242,9610,0.00261403064517554,0.0011887558373904256,0.0,0.00014252748077851144,148.83690042048693
8243,9611,0.0026139694341907735,0.0011886228568214544,0.0,0.00014253465773693188,148.85361196100712
8244,9613,0.002613925375853792,0.0011884285600280667,0.0,0.00014254968158257256,148.87770027387887
8245,9614,0.0026138874791078372,0.0011881567592597743,0.0,0.0001425730719848063,148.8945176228881
8246,9615,0.002613851095936202,0.0011879709794991352,0.0,0.0001425880116437067,148.91123474761844
8247,9616,0.0026138223667598035,0.0011874885879476589,0.0,0.00014263337788121447,148.92791177518666
8248,9617,0.002613779062777503,0.0011873832927814846,0.0,0.00014263957699960184,148.9456005236134
8249,9618,0.002613715988076017,0.0011873502519073713,0.0,0.00014263657361686453,148.96268650330603
8250,9620,0.0026136438472194926,0.0011872037425315607,0.0,0.0001426440104687932,148.98668230883777
8251,9621,0.0026135379980623766,0.0011873146174523632,0.0,0.00014262233806100136,149.00334148667753
8252,9623,0.0026134045138690946,0.0011874466831660385,0.0,0.0001425957830703056,149.0273691965267
8253,9624,0.0026133226057721954,0.0011872447152904443,0.0,0.0001426077890481751,149.0441398397088
8254,9625,0.002613262791524586,0.001187643682824537,0.0,0.0001425619108700049,149.06094746291637
8255,9626,0.002613209494660049,0.0011874484359381647,0.0,0.00014257610587218846,149.07769355084747
8256,9627,0.0026131751304461323,0.001187648518929693,0.0,0.00014255266115164393,149.0943943997845
8257,9628,0.0026131423497192455,0.0011875296491587548,0.0,0.0001425612700560491,149.11115053668618
8258,9629,0.0026131151756941,0.00118759475195492,0.0,0.00014255204237391801,149.12820317596197
8259,9630,0.0026130703231082167,0.0011875863915763874,0.0,0.00014254839315318293,149.1450470322743
8260,9631,0.0026130356352481584,0.0011878015259218846,0.0,0.0001425234109326274,149.16183575056493
8261,9632,0.002613008620515291,0.0011873754499458888,0.0,0.00014256331705694023,149.17860278952867
8262,9633,0.0026129749037400087,0.0011875089798895886,0.0,0.000142546592385042,149.19534942228347
8263,9634,0.002612928223322522,0.001187553763661463,0.0,0.00014253744596610588,149.21214934810996
8264,9635,0.0026128755643951753,0.001187139251047105,0.0,0.00014257363133480703,149.22891714796424
8265,9636,0.002612806708316099,0.0011867192491960394,0.0,0.00014260874591200598,149.24575920496136
8266,9637,0.002612741915801174,0.0011858001367894247,0.0,0.00014269417790117492,149.26247551478446
8267,9638,0.002612695094095273,0.0011848780480690961,0.0,0.00014278170460261773,149.27920672949404
8268,9640,0.0026126515943952415,0.0011851764184058092,0.0,0.00014274751759894323,149.3033525114879
8269,9641,0.0026125355325753922,0.0011849821704561444,0.0,0.00014275533621192478,149.32000238168985
8270,9642,0.0026124372571475468,0.0011846229744943235,0.0,0.00014278142826532235,149.33682745788246
8271,9643,0.0026123292494049455,0.0011839470212810935,0.0,0.00014283822281238522,149.35357897821814
8272,9645,0.0026122603595828834,0.0011834712857187036,0.0,0.00014287890738641797,149.3780499799177
8273,9646,0.0026121690752761275,0.0011834934878764837,0.0,0.00014286755873996437,149.3948960006237
8274,9647,0.002612052181620474,0.00118316701314679,0.0,0.00014288851684736843,149.4115492515266
8275,9648,0.002611940249476653,0.001182858295186187,0.0,0.0001429081954290466,149.42818214558065
8276,9649,0.0026118477602901373,0.0011829636536142168,0.0,0.00014288841066759206,149.44495323952287
8277,9650,0.0026117626024075163,0.0011833886869700254,0.0,0.00014283739154374907,149.46173767372966
8278,9651,0.0026117324209418763,0.0011835080337242324,0.0,0.0001428224387217644,149.4788826443255
8279,9652,0.002611659676817918,0.0011835239752690538,0.0,0.0001428135701548864,149.4957039738074
8280,9653,0.0026115846961341175,0.001183159964576282,0.0,0.00014284247315578353,149.51238065585494
8281,9654,0.002611490573905662,0.0011829069147226159,0.0,0.0001428583659183046,149.5291189700365
8282,9655,0.002611345658046486,0.001182330178423572,0.0,0.0001429015479622914,149.54586250986904
8283,9656,0.0026112409275981796,0.0011823759986190855,0.0,0.0001428864928979094,149.56265770923346
8284,9658,0.0026111240921643537,0.0011816331070978981,0.0,0.00014294909850664557,149.5867382194847
8285,9659,0.002611029020411877,0.0011817204248009412,0.0,0.0001429308595610936,149.6034314399585
8286,9660,0.0026109465190536215,0.0011818633998091465,0.0,0.00014290831192444753,149.6201545484364
8287,9662,0.0026109009007933334,0.0011818693837496216,0.0,0.00014290315170437118,149.64423553273082
8288,9663,0.0026108351602600645,0.0011818340461311402,0.0,0.0001429001114128924,149.66095720604062
8289,9664,0.0026107271200028646,0.0011816451164822482,0.0,0.00014290820035206162,149.67767449095845
8290,9665,0.0026106341178235926,0.0011811951889609596,0.0,0.00014294389288626327,149.69429919030517
8291,9666,0.0026105512078133768,0.0011809409736575486,0.0,0.00014296102341558283,149.71106163598597
8292,9668,0.002610517328539853,0.001180400165472535,0.0,0.00014301171630673183,149.73513288982213
8293,9669,0.002610448129413841,0.0011802002650081992,0.0,0.00014302478644056418,149.75199896655977
8294,9670,0.002610393909378555,0.0011805035376871178,0.0,0.00014298903716914374,149.76875036023557
8295,9671,0.002610326087282704,0.001180331553837039,0.0,0.00014299945334456652,149.78533702064306
8296,9672,0.0026102214545015495,0.0011802455888924124,0.0,0.00014299758656091373,149.80217243358493
8297,9673,0.0026101095036191882,0.0011798369620759101,0.0,0.0001430272541543278,149.81890539545566
8298,9675,0.002610020036041681,0.0011798968610360163,0.0,0.00014301231750056645,149.842968063429
8299,9676,0.0026098926061571617,0.0011796933634784744,0.0,0.00014301992426786876,149.85979047976434
8300,9677,0.002609721691384524,0.001179191983144454,0.0,0.000143052970824007,149.87646918278188
8301,9678,0.0026096337273383108,0.0011791806897584476,0.0,0.00014304530375798633,149.89318655896932
8302,9679,0.0026095135634705293,0.0011788697587983682,0.0,0.0001430643804672161,149.90988729149103
8303,9680,0.0026093960328886804,0.0011793277789743574,0.0,0.00014300682539143233,149.92655265051872
8304,9681,0.0026092277218398305,0.0011789860720584566,0.0,0.00014302416497813738,149.94320305716246
8305,9682,0.0026090856511853926,0.001178827229099343,0.0,0.000143025842208605,149.95996483322233
8306,9683,0.002608862628179456,0.0011786679961976292,0.0,0.00014301946319818267,149.97699167672545
8307,9684,0.002608660966707692,0.0011783951039089373,0.0,0.00014302658627987546,149.99410835281014
8308,9685,0.002608471601470209,0.0011782184708645517,0.0,0.00014302531306056572,150.01078314054757
8309,9687,0.002608382799641526,0.0011784002477739522,0.0,0.00014299825518675736,150.03476453851908
8310,9688,0.0026082806473262674,0.0011775917664178413,0.0,0.00014306888809084258,150.0514645362273
8311,9689,0.00260820906912283,0.0011768510502406788,0.0,0.00014313580188821514,150.0681557925418
8312,9690,0.00260797127252553,0.0011771521063518638,0.0,0.00014308191661736662,150.08490118477494
8313,9691,0.002607850214018919,0.0011774695497292786,0.0,0.00014303806642896406,150.10155226290226
8314,9692,0.0026076505939540526,0.001176997435664002,0.0,0.00014306531582900507,150.118199583143
8315,9693,0.00260727664495144,0.0011765994863558932,0.0,0.00014306771585955464,150.1348407100886
8316,9694,0.0026071078421778145,0.0011766615426241597,0.0,0.00014304462995536548,150.15210896544158
8317,9696,0.0026069713936328186,0.001176563922460767,0.0,0.00014304074711720514,150.1761325839907
8318,9697,0.0026068436876744965,0.0011765195397852363,0.0,0.000143032414788926,150.19283164478838
8319,9698,0.0026067461427070927,0.0011762703289956936,0.0,0.0001430475813711399,150.2096372274682
8320,9699,0.0026066178333757125,0.001176639975487116,0.0,0.00014299778578885967,150.22631805669516
8321,9700,0.0026065110713288245,0.0011767489935771995,0.0,0.00014297620777516248,150.24308289587498
8322,9701,0.002606295865625984,0.0011769685491587866,0.0,0.00014293273164671974,150.25987027864903
8323,9703,0.002606151401962451,0.0011772750359920945,0.0,0.00014288763659703563,150.28401071950793
8324,9704,0.0026058191567423982,0.00117882483689624,0.0,0.00014269943198461584,150.300960813649
8325,9705,0.0026055875301514435,0.0011778778829510215,0.0,0.0001427709647200422,150.31772090308368
8326,9706,0.002605472546292128,0.0011780651180637166,0.0,0.00014274074282284117,150.33460724260658
8327,9707,0.002605380641580745,0.0011774917376217917,0.0,0.00014278889039589534,150.35138109046966
8328,9708,0.0026051558667955924,0.0011774498020857007,0.0,0.00014277060647098914,150.36813030391932
8329,9709,0.0026050481285349657,0.0011777405158334235,0.0,0.0001427307612701542,150.38483840506524
8330,9710,0.0026049275967214604,0.001177663552462232,0.0,0.00014272640442592285,150.40200702287257
8331,9711,0.0026047346941855806,0.0011771584962145113,0.0,0.00014275761979710695,150.4187294356525
8332,9712,0.0026046539320241915,0.001177069854018341,0.0,0.00014275840780058507,150.43538855481893
8333,9713,0.002604570317146955,0.001176825307953193,0.0,0.00014277450091937618,150.45223282277584
8334,9714,0.0026045133202960476,0.0011769775466209706,0.0,0.00014275357736750772,150.46933702379465
8335,9715,0.0026044355363629983,0.001176841337002502,0.0,0.00014275941993604964,150.48602374643087
8336,9716,0.002604354673278948,0.0011770179304049172,0.0,0.00014273367428740307,150.50269166566432
8337,9717,0.0026042322629131233,0.0011770178013036053,0.0,0.0001427214461609518,150.51980641763657
8338,9718,0.002603969174355711,0.0011772029600184296,0.0,0.00014267662143372815,150.53642784431577
8339,9719,0.0026037071646294475,0.001176743758091668,0.0,0.00014269634065377796,150.55350461695343
8340,9721,0.0026034556642732104,0.0011771457428876948,0.0,0.00014263099213855155,150.57740457169712
8341,9722,0.0026030027048237732,0.0011769611492611473,0.0,0.00014260415555626262,150.5941677019
8342,9723,0.002602703885394707,0.0011760664673790891,0.0,0.00014266374180156179,150.61090048216283
8343,9725,0.002602487019820401,0.001176421366533715,0.0,0.00014260656532866857,150.6349783791229
8344,9726,0.0026022120249059293,0.001176880360987031,0.0,0.00014253316639188985,150.65179785341024
8345,9728,0.002601773157216991,0.0011764638655864623,0.0,0.0001425309291630529,150.67631991766393
8346,9729,0.0026011749549531595,0.0011754673732370206,0.0,0.00014257075817161388,150.6930019352585
8347,9731,0.002600750567797217,0.0011759040334554805,0.0,0.00014248465343417367,150.71752763260156
8348,9732,0.002600353693419084,0.0011752558960029106,0.0,0.00014250977974161733,150.73417198378593
8349,9734,0.002599807180367712,0.0011760719947994263,0.0,0.00014237351855682855,150.75995934195817
8350,9736,0.0025994386382026287,0.0011752637571659696,0.0,0.0001424174881036659,150.78405612614006
8351,9737,0.0025992742588439536,0.0011752145436474076,0.0,0.00014240597151965456,150.80088216997683
8352,9738,0.0025990756817904333,0.0011761707006577786,0.0,0.00014229049811326547,150.81767441891134
8353,9739,0.0025986015336332755,0.0011751427473809116,0.0,0.0001423458786252364,150.83437254279852
8354,9740,0.0025983468108748504,0.001175759416802062,0.0,0.00014225873940727882,150.85117078386247
8355,9741,0.002598075517337447,0.0011763537290583538,0.0,0.0001421721788279093,150.86797740869224
8356,9742,0.0025979082048370253,0.0011770224516110127,0.0,0.00014208857532260123,150.88473844900727
8357,9743,0.0025975991098131073,0.0011761100340916069,0.0,0.00014214890757215004,150.90156961604953
8358,9745,0.0025974222090310688,0.0011764377597351134,0.0,0.00014209844492959556,150.92577239125967
8359,9746,0.0025970949744743115,0.0011758340030219232,0.0,0.00014212609714523883,150.9425532212481
8360,9747,0.002596827825144443,0.001175842679295993,0.0,0.000142098514584845,150.95936348848045
8361,9748,0.002596560047074097,0.0011757738705818715,0.0,0.00014207861764922256,150.976093118079
8362,9749,0.002596393696568028,0.0011767858238305301,0.0,0.0001419607872737498,150.99270549230278
8363,9750,0.0025959677709280005,0.0011762754389786664,0.0,0.0001419692331949334,151.0093040112406
8364,9751,0.0025952522491943493,0.0011762617800049888,0.0,0.00014189904691893604,151.02634449768811
8365,9752,0.0025946280796278103,0.0011749878659150208,0.0,0.00014196402137127894,151.04307049512863
8366,9753,0.002594135331598948,0.0011749014425614483,0.0,0.00014192338890374996,151.05992687586695
8367,9754,0.0025938493181103905,0.0011742564008635813,0.0,0.0001419592917246809,151.07669563405216
8368,9755,0.0025934909430405787,0.0011731130649149885,0.0,0.00014203778781255903,151.09331619925797
8369,9756,0.002593021467650319,0.001172019079071063,0.0,0.0001421002388579256,151.11007239390165
8370,9758,0.0025927487806223586,0.0011725648470309923,0.0,0.00014201839335913663,151.13426144327968
8371,9759,0.002592215405984362,0.0011716715035913856,0.0,0.00014205439023929766,151.15106986649334
8372,9760,0.0025917868924134903,0.0011719417996585886,0.0,0.00014198450927549016,151.16768246982247
8373,9762,0.002591454553203769,0.0011728836889507049,0.0,0.0001418570864253064,151.1917458930984
8374,9763,0.0025907654448774934,0.001172604571972985,0.0,0.0001418160872904508,151.20840820018202
8375,9764,0.002590309028308678,0.0011729204992602194,0.0,0.00014173885290484585,151.22513404209167
8376,9765,0.002590114644752962,0.0011725148808536651,0.0,0.00014175997638992972,151.2420429913327
8377,9766,0.002590023964401257,0.0011737219084109061,0.0,0.00014163020559903512,151.2593564093113
8378,9767,0.002589864782055845,0.001173615348269343,0.0,0.00014162494337865018,151.2765902299434
8379,9768,0.00258971966878854,0.0011727216180171993,0.0,0.0001416998050771341,151.29369193222374
8380,9769,0.0025894155302813677,0.0011726743848600354,0.0,0.00014167411454213326,151.31116204801947
8381,9770,0.0025891347892652763,0.0011730231726069906,0.0,0.00014161116166582857,151.3283491982147
8382,9771,0.0025884147644196854,0.0011736158918051458,0.0,0.00014147988726145397,151.34566287510097
8383,9772,0.0025881601907953135,0.0011728815399244133,0.0,0.00014152786508709,151.3635184923187
8384,9774,0.002587783299103823,0.0011734049680505408,0.0,0.00014143783310532825,151.3884642124176
8385,9775,0.0025876729519286115,0.0011737800025811637,0.0,0.00014138929493474477,151.4057692112401
8386,9776,0.0025874381762126296,0.0011737228384706786,0.0,0.00014137153377419512,151.42296585720032
8387,9777,0.0025872536733930647,0.0011737471214599557,0.0,0.00014135065519331087,151.44029683992267
8388,9778,0.002587108495627466,0.0011744871037438682,0.0,0.00014126213918835978,151.45772304479033
8389,9780,0.0025870032309827833,0.0011743359589176986,0.0,0.0001412667272065085,151.48258624225855
8390,9781,0.0025868751942836913,0.0011740612011807649,0.0,0.00014128139931029264,151.49990113824606
8391,9782,0.002586704177905192,0.0011744215868432929,0.0,0.00014122825910618992,151.5172208128497
8392,9783,0.0025865521779316718,0.001174291025406112,0.0,0.00014122611525255597,151.5344967963174
8393,9784,0.0025864712149116726,0.0011745714621778382,0.0,0.00014118997527338343,151.55189254321158
8394,9785,0.0025864083752439077,0.0011748422847757583,0.0,0.00014115660904681494,151.56920034717768
8395,9786,0.002586334865344416,0.001174898841430255,0.0,0.00014114360239141611,151.58635958842933
8396,9788,0.0025862858588268384,0.0011754219376683321,0.0,0.00014108639211585065,151.6113694375381
8397,9789,0.002586103207996916,0.0011753987683939763,0.0,0.00014107044396029393,151.62883037049323
8398,9790,0.0025859114474284443,0.0011747737539474744,0.0,0.000141113769348097,151.64624597970396
8399,9791,0.0025858665564194193,0.0011750750251255443,0.0,0.00014107915312938752,151.66317325644195
8400,9792,0.0025858198049576227,0.0011742018722623723,0.0,0.00014116179326952505,151.68002331163734
8401,9793,0.002585763637121684,0.00117442378792101,0.0,0.00014113398492006737,151.69678616151214
8402,9794,0.0025857182456415313,0.0011745405409443318,0.0,0.00014111777046971996,151.7136048031971
8403,9795,0.0025856382005093265,0.0011746533140294642,0.0,0.0001410984886479862,151.73027308098972
8404,9796,0.0025855500542559936,0.0011744973388290707,0.0,0.00014110527154269231,151.74704202450812
8405,9797,0.002585434366880959,0.0011742816799963462,0.0,0.0001411152686884613,151.76384182460606
8406,9798,0.0025853086352774415,0.0011737647309140733,0.0,0.0001411543904363368,151.7820318089798
8407,9799,0.0025852078694503546,0.0011737634777282293,0.0,0.00014114443917221251,151.79902581311762
8408,9800,0.0025850969710809026,0.0011734781691609911,0.0,0.00014116188019199112,151.81585754454136
8409,9801,0.002585005213982791,0.0011733094032835437,0.0,0.00014116958106992472,151.83258578460664
8410,9802,0.0025849170301502815,0.0011730972046960831,0.0,0.00014118198254541982,151.84939937666059
8411,9803,0.0025848905255548733,0.001172683978908005,0.0,0.00014122065466468683,151.86668385285884
8412,9804,0.0025847990554809658,0.0011729683665447593,0.0,0.00014118306889362067,151.88331035804003
8413,9805,0.002584728120942988,0.0011728083532943992,0.0,0.00014119197676485887,151.90016958396882
8414,9806,0.0025846402112792138,0.0011726925726369024,0.0,0.00014119476386423112,151.91685623582453
8415,9807,0.0025844793464466533,0.0011727236742419685,0.0,0.00014117556722046846,151.93360571190715
8416,9808,0.002584426277367797,0.0011720993075843174,0.0,0.00014123269697834795,151.95077575184405
8417,9809,0.002584357352462642,0.001171952497785561,0.0,0.0001412404854677081,151.96739393658936
8418,9810,0.0025843034635358118,0.0011719243634418582,0.0,0.00014123791000939534,151.98402312863618
8419,9811,0.0025842479444738234,0.001171654467524395,0.0,0.00014125934769494282,152.0008666869253
8420,9812,0.002584174304983369,0.0011713313807453609,0.0,0.00014128429242380082,152.0174927096814
8421,9813,0.002584114535908979,0.0011708534315888076,0.0,0.00014132611043201712,152.03416062053293
8422,9814,0.002584060644976319,0.0011708828117022133,0.0,0.00014131778332741055,152.0508435582742
8423,9815,0.002584017847598756,0.0011708422287055667,0.0,0.00014131756188931894,152.06760489661247
8424,9816,0.00258394565192595,0.001170748739189328,0.0,0.00014131969127366222,152.08477250207216
8425,9817,0.002583884676464536,0.0011711366311277262,0.0,0.00014127480453368098,152.10143261868507
8426,9818,0.0025837971722201354,0.0011711610224369384,0.0,0.0001412636149783197,152.11804257053882
8427,9819,0.0025837184054517794,0.0011714562505475022,0.0,0.00014122621549042774,152.13478399906307
8428,9821,0.0025836949316177843,0.0011715386564247914,0.0,0.00014121562751929928,152.15886981133372
8429,9822,0.002583632983936517,0.0011715873677369008,0.0,0.0001412045616199616,152.17615164909512
8430,9823,0.0025835225140484934,0.0011717171311747372,0.0,0.0001411805382873756,152.19287713989615
8431,9824,0.002583473849186598,0.001171654789482161,0.0,0.00014118190597044373,152.2095998795703
8432,9825,0.002583434846173528,0.0011718585644897301,0.0,0.00014115762816837977,152.2262025307864
8433,9826,0.0025834145487810723,0.001171960540748893,0.0,0.00014114540080321792,152.24285822361708
8434,9827,0.0025834003272358404,0.0011719614389928126,0.0,0.0001411438888243028,152.2596308318898
8435,9828,0.002583376899605235,0.0011722419527850755,0.0,0.00014111349468201595,152.2762621138245
8436,9829,0.002583338756972228,0.0011724193676926776,0.0,0.00014109193892795503,152.29298675153404
8437,9830,0.0025832265989700516,0.0011728035363566436,0.0,0.00014104230626134083,152.3098067138344
8438,9831,0.0025831355929287784,0.0011730501424579232,0.0,0.0001410085450470855,152.32640131749213
8439,9832,0.0025829783222860126,0.0011735132713602086,0.0,0.00014094650509258042,152.3431577011943
8440,9833,0.0025827664228430898,0.0011736150314177205,0.0,0.00014091513914253696,152.35995292570442
8441,9835,0.00258248032629629,0.0011747077925525731,0.0,0.00014077725337437172,152.38403118308634
8442,9837,0.002582060884185333,0.0011757263723286813,0.0,0.0001406334511856652,152.4082165947184
8443,9839,0.0025816035234835035,0.0011754489097021074,0.0,0.0001406154613781396,152.4322037389502
8444,9840,0.0025811898167421247,0.0011773574640924643,0.0,0.00014038323526496604,152.44898666720837
8445,9841,0.002580723749906054,0.0011778224811484922,0.0,0.0001402901268757562,152.46581832505763
8446,9843,0.0025805727720616027,0.0011778061609379585,0.0,0.00014027666111236445,152.48982828855515
8447,9845,0.0025804646724435767,0.0011777053310048039,0.0,0.0001402759341438773,152.51434075646102
8448,9847,0.002580323516045046,0.001178461501263856,0.0,0.000140186201478119,152.53837849199772
8449,9848,0.0025801580348866586,0.0011787311782964604,0.0,0.0001401426856590198,152.55513444915414
8450,9849,0.0025798735962046637,0.0011800620128322138,0.0,0.00013998115833724502,152.57212406396866
8451,9850,0.0025796630652779903,0.0011811162929891766,0.0,0.00013985467722888137,152.58880454674363
8452,9851,0.0025795447705127253,0.0011832679457421565,0.0,0.0001396276824770569,152.60555298719555
8453,9853,0.0025794523775930864,0.0011837348640157453,0.0,0.00013957175135773412,152.63039750233293
8454,9855,0.0025794174989703955,0.0011833939822953605,0.0,0.0001396023516675035,152.65494258888066
8455,9856,0.002579374300494361,0.0011835227143362987,0.0,0.00013958515861580624,152.67166734021157
8456,9857,0.002579332410282454,0.0011835875019405335,0.0,0.00013957449083419203,152.688643832691
8457,9858,0.002579301488639028,0.0011840641405095943,0.0,0.0001395237348129434,152.70538482721895
8458,9859,0.0025792583702808057,0.0011849395429239444,0.0,0.00013943188273568612,152.72210256569088
8459,9861,0.0025791916069573054,0.0011853218242959354,0.0,0.000139386978266137,152.74659244343638
8460,9862,0.0025790991492119233,0.0011860345310008382,0.0,0.0001393064618211085,152.76332685351372
8461,9863,0.0025789403523353285,0.0011864895164253268,0.0,0.0001392450835910002,152.7799894316122
8462,9865,0.002578829192976287,0.0011863592375483984,0.0,0.00013924699554278885,152.80404051020741
8463,9866,0.0025787153018156494,0.001187334462830013,0.0,0.00013913808389856363,152.82081035431474
8464,9867,0.002578470210351543,0.0011855375610518282,0.0,0.00013929326492997148,152.8374630305916
8465,9868,0.002578222939776567,0.0011867072332162937,0.0,0.00013915157065602738,152.85427819006145
8466,9869,0.0025779351953284864,0.001186660180015235,0.0,0.00013912750153132516,152.8709327755496
8467,9870,0.0025775521084100764,0.0011866454885030716,0.0,0.0001390906619907005,152.88773759361356
8468,9872,0.002577429269659041,0.0011874614658977842,0.0,0.0001389967803761257,152.91227227728814
8469,9873,0.002577287938135682,0.0011872889867236434,0.0,0.0001389998951412039,152.92892256658524
8470,9874,0.0025771183091400723,0.0011878317443088167,0.0,0.00013892865648312556,152.9460517084226
8471,9875,0.0025769996207278554,0.0011887464365552011,0.0,0.00013882531841726545,152.9628916978836
8472,9876,0.002576680527396603,0.001188985637417419,0.0,0.0001387694889979184,152.97964296210557
8473,9877,0.0025763770060333578,0.0011895293504458294,0.0,0.00013868476555875284,152.99678221158683
8474,9878,0.0025760331421113922,0.001190067998649272,0.0,0.00013859651434621202,153.01347859110683
8475,9879,0.0025757045666831534,0.0011926780166868524,0.0,0.0001383026549996301,153.03011751919985
8476,9881,0.0025753354579657276,0.0011916212672562383,0.0,0.00013837141907094896,153.05431528296322
8477,9883,0.002575181758370858,0.0011910987713664824,0.0,0.00013840829870043756,153.07826202269644
8478,9885,0.0025749933454608616,0.0011912326737636037,0.0,0.00013837606716972581,153.10238207224756
8479,9886,0.0025748428865311973,0.001192042652905307,0.0,0.00013828002336258906,153.11914112698287
8480,9888,0.00257477999046646,0.0011923621154577822,0.0,0.00013824178750086773,153.14408368058503
8481,9889,0.0025747279624659045,0.0011925401595380633,0.0,0.00013821878029278412,153.1608694922179
8482,9890,0.002574665225665548,0.001192759401553624,0.0,0.00013819058241119244,153.17759791575372
8483,9891,0.002574557109413608,0.0011932363919661204,0.0,0.00013813207174474874,153.19427548442036
8484,9892,0.002574518432354363,0.0011941241285681413,0.0,0.00013803943037862213,153.2111554844305
8485,9893,0.0025744632218144587,0.0011940882866790807,0.0,0.0001380374935135378,153.228143485263
8486,9894,0.0025744356299860875,0.0011944222492331154,0.0,0.0001380013380752972,153.24481157306582
8487,9895,0.00257440953883294,0.001194768150728233,0.0,0.00013796413881047068,153.26162002887577
8488,9896,0.0025743894156257073,0.0011950256392223536,0.0,0.0001379363776403354,153.27827190142125
8489,9897,0.0025743582746558876,0.001195469171797626,0.0,0.00013788891028582615,153.29500275012106
8490,9898,0.0025743262749232604,0.0011957274797943457,0.0,0.00013785987951289147,153.31173748150468
8491,9899,0.002574304664542955,0.0011960632887070657,0.0,0.0001378241375835889,153.3284274796024
8492,9900,0.002574285130757978,0.001196147773487273,0.0,0.00013781373572707052,153.34507571253926
8493,9901,0.0025742418645415856,0.0011961164980462736,0.0,0.0001378125366495312,153.3620709395036
8494,9902,0.0025742010000245324,0.001196069377757385,0.0,0.00013781316222671473,153.37882708851248
8495,9903,0.002574145139700509,0.0011961317326136727,0.0,0.00013780134070868363,153.39561036974192
8496,9904,0.0025740728135041323,0.0011953049803178142,0.0,0.00013787678331863182,153.41229256708175
8497,9905,0.0025740047089389114,0.0011957792462801104,0.0,0.00013782254626588014,153.42904164083302
8498,9906,0.0025739552902767876,0.0011955716513430258,0.0,0.00013783836389337617,153.44565183110535
8499,9908,0.002573926145836428,0.001195588086607445,0.0,0.00013783380592289832,153.46967457979918
8500,9909,0.0025739062900096404,0.0011957340519604869,0.0,0.00013781722380491534,153.48629455082119
8501,9910,0.0025738641726119746,0.0011959787595924012,0.0,0.00013778854130195732,153.50300594978034
8502,9911,0.002573822208067606,0.0011963308567534566,0.0,0.00013774913513141495,153.5198171408847
8503,9912,0.0025737574787109228,0.0011967234110034012,0.0,0.00013770340677075218,153.53644246980548
8504,9914,0.0025737257513251174,0.0011973866224745707,0.0,0.00013763391288505465,153.5608970746398
8505,9915,0.002573643277032787,0.0011980621382279577,0.0,0.0001375581138804829,153.57761132624
8506,9916,0.002573619987648829,0.0011983567514040217,0.0,0.00013752632362448074,153.59434165526181
8507,9917,0.0025735801965477124,0.00119887993987475,0.0,0.00013747002566729625,153.61108785215765
8508,9918,0.0025735661366047637,0.0011989250577580045,0.0,0.00013746410788467592,153.62786299176514
8509,9919,0.0025735490260808173,0.0011996075633670643,0.0,0.0001373941462713753,153.64464293979108
8510,9920,0.0025735321154102746,0.0011989459674204693,0.0,0.00013745861479898052,153.66136492788792
8511,9921,0.0025735049340352353,0.00119915061223172,0.0,0.00013743543218035155,153.6781447045505
8512,9922,0.0025734844108784333,0.001199378916510389,0.0,0.00013741054943680443,153.6948622679338
8513,9923,0.00257346649355994,0.0011994577104564562,0.0,0.00013740087831034837,153.71173911727965
8514,9924,0.0025734517467890165,0.0011994509245957163,0.0,0.00013740008221933,153.72839605249465
8515,9925,0.002573435950005327,0.0011994204220790192,0.0,0.00013740155279263073,153.7455880874768
8516,9926,0.002573418178147665,0.0011998221256204363,0.0,0.00013735960525272287,153.7622794965282
8517,9927,0.002573399016232977,0.0011999738937710364,0.0,0.00013734251224619404,153.77893107105047
8518,9928,0.0025733779851477828,0.0012003089592778865,0.0,0.00013730690258698965,153.7960222857073
8519,9929,0.0025733575731105678,0.0012002128436252452,0.0,0.00013731447294853226,153.81308469176292
8520,9930,0.0025733471953540915,0.0012004651502271102,0.0,0.00013728820451269812,153.8296715049073
8521,9931,0.0025733168844308306,0.0012000305702894766,0.0,0.00013732863141413542,153.84635573159903
8522,9932,0.002573297678225616,0.0011999490298752072,0.0,0.00013733486483504084,153.8634206140414
8523,9934,0.0025732658838038816,0.001199967873620791,0.0,0.00013732980101830908,153.88737522624433
8524,9935,0.0025732450059734882,0.0011998147333944832,0.0,0.00013734302725790053,153.904216802679
8525,9936,0.002573225915904477,0.0011997849344700063,0.0,0.00013734409814344706,153.9208385264501
8526,9937,0.002573190557080487,0.0011998518087189898,0.0,0.00013733387483614974,153.93743061088026
8527,9938,0.002573177837280405,0.0011999770708043817,0.0,0.00013732007664760232,153.95502976886928
8528,9939,0.0025731635438366995,0.0012002173107810703,0.0,0.0001372946233055629,153.9717664392665
8529,9940,0.0025731501651243376,0.0012004099623895274,0.0,0.000137274020273481,153.98845520056784
8530,9941,0.002573140451253039,0.0012005385330265607,0.0,0.00013726019182264785,154.0052097486332
8531,9942,0.002573134006155515,0.001200667561497285,0.0,0.00013724664446582296,154.02185758855194
8532,9943,0.0025731289496096097,0.0012008108694783928,0.0,0.0001372318080131217,154.03870076406747
8533,9944,0.0025731234623027803,0.0012010130213959878,0.0,0.00013721104409067925,154.05538779497147
8534,9945,0.0025731171148526293,0.001201195943694613,0.0,0.00013719211711580163,154.0721581466496
8535,9946,0.0025731110133216115,0.001201386181606187,0.0,0.00013717248317154246,154.08894320204854
8536,9947,0.0025731036492780022,0.0012016195928092645,0.0,0.00013714840564687375,154.10572353750467
8537,9948,0.0025730946404599864,0.0012017942284739621,0.0,0.00013713004119860243,154.12269488628954
8538,9949,0.0025730751152308862,0.001202127281805943,0.0,0.00013709478334249432,154.13949064351618
8539,9951,0.002573064855159851,0.0012022523862258334,0.0,0.00013708124689340172,154.16357417032123
8540,9952,0.002573045674462989,0.0012025360170560603,0.0,0.00013705096574069287,154.18019753322005
8541,9953,0.0025730210377168487,0.0012028424163455253,0.0,0.00013701786213713232,154.19711695145816
8542,9954,0.002572993919692826,0.0012032502976075162,0.0,0.00013697436220853096,154.2137614507228
8543,9955,0.002572981982108929,0.0012035330768213697,0.0,0.00013694489052875597,154.23033216316253
8544,9956,0.002572953181219608,0.0012041372747510382,0.0,0.000136881590646857,154.24701013881713
8545,9957,0.0025729283645466545,0.0012040456665749365,0.0,0.0001368882697971718,154.26383148692548
8546,9958,0.002572871414137982,0.0012047635805050862,0.0,0.0001368107833632896,154.28041839320213
8547,9960,0.0025728505723463723,0.001205016677528009,0.0,0.00013678338948183637,154.3045415012166
8548,9961,0.00257277004363007,0.001205505704466405,0.0,0.00013672643391636648,154.3211739929393
8549,9962,0.002572697609793877,0.0012066508761705943,0.0,0.00013660467336232827,154.3379011247307
8550,9964,0.0025726688361131463,0.001206601073257307,0.0,0.00013660677628558394,154.36217071767896
8551,9966,0.002572660158240948,0.0012067087131128432,0.0,0.0001365951445128105,154.3861693041399
8552,9968,0.0025726436354186963,0.001207023322661295,0.0,0.00013656203127574012,154.41034401673824
8553,9969,0.0025726122061476286,0.0012075580866760087,0.0,0.00013650541194716202,154.427088201046
8554,9970,0.002572585627711534,0.0012076219860830692,0.0,0.00013649636416284647,154.44434770941734
8555,9971,0.002572545807193189,0.001207823243076525,0.0,0.00013647225641166637,154.46109852194786
8556,9972,0.0025725170495696816,0.0012080797355465966,0.0,0.00013644373140230846,154.47778582479805
8557,9973,0.002572460239311696,0.0012080689487448254,0.0,0.00013643912905668702,154.49459313042462
8558,9974,0.002572371246556246,0.0012086737697309389,0.0,0.0001363697476825307,154.51130837295204
8559,9976,0.002572326073983217,0.001208322797908759,0.0,0.00013640032760744582,154.53529045823961
8560,9977,0.0025722048962345005,0.0012082137834948708,0.0,0.00013639911127396296,154.5519986562431
8561,9978,0.002572108224705379,0.0012086341603424814,0.0,0.00013634740643628975,154.5688051674515
8562,9979,0.002572064489968065,0.0012091478493625196,0.0,0.00013629166406055456,154.58561889640987
8563,9981,0.0025720050454527176,0.0012086686098050695,0.0,0.00013633364356476478,154.61017111875117
8564,9982,0.0025719615105300065,0.0012086728556054583,0.0,0.0001363288654924548,154.62674701213837
8565,9983,0.0025719300103316132,0.0012085368588121263,0.0,0.0001363393151519487,154.64331358857453
8566,9984,0.0025718645128046756,0.0012086149956080242,0.0,0.00013632495171966516,154.6600805716589
8567,9985,0.002571800421052696,0.001208556082590318,0.0,0.0001363244338462378,154.67775612417608
8568,9986,0.0025717335048650774,0.001208979834091589,0.0,0.00013627536707734884,154.6944199576974
8569,9987,0.002571657659681935,0.0012085414463553542,0.0,0.00013631162133265808,154.71124129090458
8570,9988,0.002571578972915099,0.0012086746263529039,0.0,0.0001362904346562195,154.72794354893267
8571,9989,0.002571481558024065,0.001208592691194058,0.0,0.00013628888668300066,154.74511900544167
8572,9990,0.0025714366534847965,0.0012080896575704441,0.0,0.00013633469959143526,154.76196805480868
8573,9991,0.0025713889216407923,0.0012082679044028346,0.0,0.00013631210172379576,154.7787642404437
8574,9993,0.002571370355765922,0.0012080922975931324,0.0,0.00013632780581727895,154.80284255649894
8575,9994,0.0025713513919754646,0.0012078257707080326,0.0,0.0001363525621267432,154.81947536300868
8576,9995,0.0025713182327185297,0.0012075754466093003,0.0,0.0001363742786109229,154.83616877999157
8577,9996,0.0025712946838429163,0.0012075830127783337,0.0,0.00013637116710645827,154.8528717821464
8578,9997,0.0025712543950020678,0.0012074026504809488,0.0,0.00013638517445211187,154.8701900858432
8579,9998,0.002571196890829146,0.0012074151915109428,0.0,0.00013637816993182034,154.88682635314763
8580,9999,0.00257114114007151,0.0012068122051345396,0.0,0.00013643289349369705,154.903461557813
8581,10000,0.0025710374685917192,0.0012065331693985662,0.0,0.00013645042991931527,154.92015206441283
8582,10001,0.0025708044389022734,0.0012051550475246505,0.0,0.00013656493913776228,154.9370435057208
8583,10003,0.002570576067919843,0.0012032897746241688,0.0,0.00013672862932956743,154.9613331798464
8584,10005,0.0025703674879393457,0.0012030695178038152,0.0,0.00013672979701355307,154.98593891318887
8585,10007,0.0025702231074711574,0.0012022777340086057,0.0,0.00013679453734625517,155.00997020117939
8586,10008,0.0025699225166023634,0.001199386108917989,0.0,0.00013705364076843743,155.02665838599205
8587,10009,0.0025697645644328568,0.0012005938860675735,0.0,0.0001369170678365283,155.04327859263867
8588,10010,0.002569567127676653,0.0011992691835975187,0.0,0.00013702979440791344,155.06000039819628
8589,10011,0.0025693914863313145,0.0011990849049882631,0.0,0.00013703065813430512,155.07670580409467
8590,10012,0.0025692224195614623,0.0011979950755216073,0.0,0.00013712273440398548,155.09341276530176
8591,10013,0.0025690328776944034,0.0011965818100929456,0.0,0.00013724510676014579,155.11007282603532
8592,10014,0.0025689719799141084,0.00119460436851615,0.0,0.00013743676113979583,155.12749528419226
8593,10015,0.0025688219381128584,0.0011948148936076223,0.0,0.0001374007044505236,155.14466483984143
8594,10016,0.0025687303424074444,0.001194790465545467,0.0,0.00013739398768619773,155.1614211453125
8595,10017,0.0025686421479065528,0.0011937566188721278,0.0,0.00013748855290344252,155.1781856827438
8596,10018,0.0025685685370613887,0.001193623177480491,0.0,0.00013749453595808978,155.19498878903687
8597,10020,0.00256845317258177,0.001192487251333956,0.0,0.00013759659212478142,155.21928094513714
8598,10021,0.0025683958679568733,0.0011917280332319866,0.0,0.00013766678347248865,155.23595417384058
8599,10022,0.002568278062241326,0.0011923882987481028,0.0,0.0001375889763493223,155.25311022344977
8600,10023,0.0025682185444504033,0.0011915529207831095,0.0,0.00013766656236672938,155.26990164257586
8601,10024,0.0025681316177285194,0.0011914320186623413,0.0,0.0001376699599066178,155.28657230176032
8602,10026,0.002568043780928198,0.0011908757537257876,0.0,0.00013771680272024105,155.31089527253062
8603,10027,0.0025679708394582106,0.0011910440645479514,0.0,0.00013769267749102592,155.32760683447123
8604,10028,0.0025678490834528086,0.0011904672571982403,0.0,0.00013773818262545682,155.3442815495655
8605,10029,0.0025677063255233083,0.001190302969616081,0.0,0.0001377403355907227,155.3611626205966
8606,10031,0.002567628850980487,0.0011896156955160345,0.0,0.00013780131554644526,155.38566678669304
8607,10032,0.0025675010895607215,0.0011900928934679555,0.0,0.00013774081960927657,155.402373268269
8608,10033,0.002567389060983474,0.0011895195274657408,0.0,0.00013778695335177332,155.4196058101952
8609,10035,0.0025673636788510713,0.001189595468469027,0.0,0.00013777682103820445,155.44356705620885
8610,10036,0.002567304877435358,0.0011895025287562424,0.0,0.00013778023486791158,155.46042385417968
8611,10037,0.002567255005378728,0.0011895828684317738,0.0,0.00013776721369469539,155.47807464003563
8612,10038,0.0025671500922461107,0.001189552805803098,0.0,0.0001377597286443013,155.49480398371816
8613,10039,0.0025670818746041163,0.0011902812192613427,0.0,0.00013768006553427736,155.51160231698304
8614,10040,0.0025669876860494323,0.001189787773957378,0.0,0.0001377199912092054,155.52828054130077
8615,10041,0.0025669229842093452,0.0011898853683111731,0.0,0.00013770376158981723,155.54497389309108
8616,10043,0.0025668859675694313,0.001189961657124948,0.0,0.00013769243104444834,155.56922702677548
8617,10044,0.0025668486833321557,0.0011900533507406437,0.0,0.00013767953325915123,155.5859815236181
8618,10045,0.002566804677808472,0.001189852459983611,0.0,0.00013769522178248608,155.60293299425393
8619,10046,0.0025667402826820974,0.001189559128851742,0.0,0.00013771811538303554,155.61960713472217
8620,10047,0.0025666466650668554,0.0011899886314821362,0.0,0.0001376658033584719,155.63702488224953
8621,10048,0.0025666009332958274,0.0011902579699846155,0.0,0.00013763429633112118,155.65456132404506
8622,10049,0.0025665633979706703,0.0011904620844527022,0.0,0.00013761013135179682,155.6712489174679
8623,10050,0.0025665331988522977,0.0011905948815886477,0.0,0.000137593831726365,155.68788857012987
8624,10051,0.0025664922750669576,0.0011907466106137344,0.0,0.00013757456644532232,155.7053952254355
8625,10052,0.0025664452786571747,0.0011909233428635652,0.0,0.00013755219357936094,155.72326103504747
8626,10054,0.002566430143682917,0.0011908331067513494,0.0,0.00013755970369315674,155.74776022322476
8627,10055,0.002566400762064976,0.0011910228198578577,0.0,0.00013753779422071184,155.7650487087667
8628,10056,0.002566360204421215,0.0011907592410049937,0.0,0.00013756009634162213,155.7818448599428
8629,10057,0.0025663245459523745,0.0011908260402527812,0.0,0.00013754985056995935,155.79864081460983
8630,10058,0.00256623896672629,0.001191019822736912,0.0,0.0001375219143989378,155.81584631372243
8631,10059,0.0025661797418726966,0.0011912629959656754,0.0,0.00013749167459070212,155.83255077246577
8632,10060,0.0025661323532161274,0.0011911162606010662,0.0,0.00013750160926150612,155.84934526029974
8633,10061,0.002566081049861761,0.0011916378899076432,0.0,0.00013744431599541177,155.86619124561548
8634,10062,0.002566047353153764,0.0011914846109499007,0.0,0.00013745627422038635,155.88299296982586
8635,10063,0.002566002079696047,0.001191325643045507,0.0,0.00013746764366505399,155.89972255099565
8636,10064,0.00256595381822497,0.0011913477671876707,0.0,0.00013746060510372993,155.91638165246695
8637,10065,0.0025658966518742323,0.001191282341420793,0.0,0.00013746143104534394,155.9331066198647
8638,10067,0.00256587021073068,0.0011914962721281785,0.0,0.00013743739386025015,155.95730118080974
8639,10068,0.00256583502402611,0.0011914834029206258,0.0,0.0001374351621105484,155.97405360359699
8640,10069,0.0025657211146668446,0.0011915937942204953,0.0,0.0001374127320446349,155.99068102240562
8641,10070,0.002565687638512056,0.0011916427429349247,0.0,0.00013740448955771312,156.00731747597456
8642,10071,0.0025655943190567767,0.0011914453946444343,0.0,0.00013741489244123426,156.02399409003556
8643,10072,0.0025655121862701107,0.0011909929826646895,0.0,0.00013745192036054211,156.04080420173705
8644,10073,0.002565403358670263,0.001190698023693614,0.0,0.00013747053349766493,156.05750189255923
8645,10074,0.0025653448158275897,0.0011903150821732304,0.0,0.00013750297336543593,156.07415434531868
8646,10075,0.0025652886534000183,0.0011906495499768486,0.0,0.00013746391034231699,156.09085730277002
8647,10076,0.0025652442192364783,0.0011904574018937663,0.0,0.00013747868173427118,156.107438409701
8648,10077,0.0025652114213790666,0.0011904784050788446,0.0,0.00013747330163002222,156.1240994753316
8649,10078,0.002565188962251638,0.0011904590358495116,0.0,0.00013747299264021268,156.1408098861575
8650,10079,0.0025651571149447033,0.0011904252236216498,0.0,0.00013747318913230535,156.15745705831796
8651,10080,0.002565120438743988,0.001190321161264571,0.0,0.0001374799277479417,156.17414173763245
8652,10081,0.00256508074135417,0.0011902498789839063,0.0,0.00013748308623702637,156.1908620549366
8653,10082,0.0025650279328818873,0.0011903085276853567,0.0,0.00013747194051965306,156.20766470953822
8654,10083,0.002564970725702065,0.0011902296447137731,0.0,0.00013747410809882916,156.2247238382697
8655,10085,0.0025649423590638166,0.001190529284647577,0.0,0.00013744130744162394,156.24895933829248
8656,10087,0.0025649097733160065,0.0011904349134267936,0.0,0.00013744748598892127,156.2729970915243
8657,10088,0.002564864086108548,0.0011905706242525509,0.0,0.0001374293461855997,156.28977907821536
8658,10089,0.0025648052913593003,0.0011908266809585067,0.0,0.00013739786104007934,156.30663582123816
8659,10090,0.002564731476880277,0.0011905876591685495,0.0,0.00013741438177117274,156.32333873398602
8660,10091,0.0025646833294623523,0.0011911673558544994,0.0,0.00013735159736078526,156.3401405122131
8661,10092,0.0025646286309347604,0.0011907928482514693,0.0,0.00013738357826832915,156.3578021666035
8662,10093,0.0025645876403552837,0.0011906951781615414,0.0,0.00013738924621937426,156.37438181601465
8663,10094,0.002564536372118538,0.001190967186032419,0.0,0.00013735691860861188,156.39169814344496
8664,10095,0.002564487685643669,0.0011903870089372218,0.0,0.0001374100676706447,156.4090000037104
8665,10096,0.002564449785773506,0.0011905461343906375,0.0,0.00013739036513828683,156.42611694149673
8666,10097,0.0025643937955641097,0.0011906234806157412,0.0,0.00013737703149483685,156.4428555071354
8667,10098,0.0025643254622965614,0.0011903421600293802,0.0,0.00013739833022671815,156.45964835956693
8668,10099,0.0025642203277792203,0.0011889015047051564,0.0,0.00013753188230740642,156.47629735711962
8669,10100,0.0025641331128624565,0.0011888223294078347,0.0,0.00013753107834546218,156.49310553073883
8670,10101,0.0025640643064478155,0.0011882231447925098,0.0,0.00013758411616553054,156.50995066575706
8671,10103,0.002564016665064721,0.0011879753690053265,0.0,0.00013760412960593947,156.53406724892557
8672,10104,0.0025639002168127752,0.0011874052137753467,0.0,0.00013764950030374287,156.5507767368108
8673,10105,0.0025638163288680157,0.0011867310808512707,0.0,0.0001377085248016745,156.56748585775495
8674,10106,0.0025637440825322672,0.0011864303122708,0.0,0.00013773137702614675,156.58454533666372
8675,10107,0.002563689391321975,0.0011862151726134032,0.0,0.0001377474218708572,156.6011736355722
8676,10108,0.002563649154997926,0.0011857877451500877,0.0,0.0001377861409847838,156.61781462095678
8677,10110,0.0025636314767983693,0.001185928597297596,0.0,0.00013777028795007733,156.641688416712
8678,10111,0.0025636203824297528,0.0011858786115425154,0.0,0.00013777417708872372,156.65840986650437
8679,10112,0.0025636085849009846,0.0011857619944218728,0.0,0.0001377846590479112,156.67517330031842
8680,10113,0.002563598549687567,0.0011856851121132275,0.0,0.00013779134375743396,156.6919821407646
8681,10114,0.0025635801006455346,0.0011855070829584625,0.0,0.00013780730176870724,156.7100327508524
8682,10115,0.0025635519666705577,0.0011852023046335831,0.0,0.00013783496620369744,156.7266897307709
8683,10116,0.0025635252000471916,0.0011849399831874757,0.0,0.00013785852168597158,156.74341912195086
8684,10117,0.0025634926289683554,0.0011845927643050595,0.0,0.00013788998646632958,156.76066420786083
8685,10118,0.0025634554907271925,0.0011841071412500303,0.0,0.0001379348349477162,156.77732637431473
8686,10120,0.0025634099927624816,0.0011840984904597051,0.0,0.00013793115023027762,156.80142826586962
8687,10121,0.002563378236459861,0.0011840847978029738,0.0,0.00013792934386568876,156.8181833224371
8688,10122,0.0025633102561789843,0.0011839365347783865,0.0,0.0001379373721400598,156.83517828118056
8689,10124,0.002563257510018092,0.0011837868399802258,0.0,0.0001379470670037866,156.8591846358031
8690,10126,0.0025631868010987336,0.0011836284874374955,0.0,0.0001379558313661238,156.88432340230793
8691,10127,0.002562979751810988,0.0011837864680313715,0.0,0.00013791932837796164,156.90192405041307
8692,10129,0.0025628470884506167,0.001183043270364312,0.0,0.00013798038180863045,156.92591147497296
8693,10131,0.0025626604250680476,0.001183111912631297,0.0,0.00013795485124367505,156.95075046923012
8694,10132,0.0025623164623877447,0.0011834768784362772,0.0,0.00013788395839514674,156.9674080926925
8695,10134,0.0025620833491328578,0.001183460060576535,0.0,0.00013786232885563228,156.9913925100118
8696,10136,0.0025618975364227903,0.0011831578864964305,0.0,0.00013787396499263596,157.0162767590955
8697,10138,0.002561696629253812,0.0011835548230444315,0.0,0.00013781418062093804,157.04155742190778
8698,10139,0.002561318568918126,0.0011835743647329602,0.0,0.00013777442041851658,157.05819406360388
8699,10140,0.0025610126163535716,0.0011833201314141962,0.0,0.00013776924849393755,157.07541844807565
8700,10142,0.002560799282652967,0.0011839391520215962,0.0,0.00013768601306313703,157.0994152436033
8701,10144,0.002560575419822307,0.001184168743605595,0.0,0.00013764066762167118,157.1234529092908
8702,10145,0.0025602984297988566,0.0011838895791592406,0.0,0.0001376408850639616,157.14007897861302
8703,10147,0.002560122160050875,0.001183563349361343,0.0,0.00013765588106895318,157.16426038648933
8704,10149,0.0025599417820431564,0.0011838265698058993,0.0,0.0001376115212237257,157.18828813452274
8705,10150,0.0025597142884539997,0.0011835550514216581,0.0,0.00013761592370323413,157.20505127683282
8706,10151,0.0025593562663315367,0.0011836476797544475,0.0,0.00013757085865770893,157.22200038656592
8707,10152,0.002558985741029819,0.0011826076877255473,0.0,0.00013763780533042718,157.23861634545028
8708,10154,0.0025586333706006208,0.001182596171381336,0.0,0.00013760371992192847,157.26270698010921
8709,10156,0.0025581745833581507,0.0011814507672047458,0.0,0.00013767238161534046,157.2875257935375
8710,10157,0.00255739531759075,0.0011794396335764938,0.0,0.00013779556840142564,157.3051356030628
8711,10159,0.002556761318961901,0.0011797029042767402,0.0,0.00013770584146851608,157.3291766475886
8712,10160,0.002556079804322279,0.0011801934953832786,0.0,0.00013758863089390004,157.34594870358706
8713,10161,0.002555159394296428,0.0011790879797798606,0.0,0.00013760714145165674,157.3628486795351
8714,10163,0.002554912807586974,0.0011795998151807967,0.0,0.00013753129924061778,157.38696018699557
8715,10165,0.0025542056682419396,0.0011796645207099662,0.0,0.00013745411475319736,157.41145858261734
8716,10166,0.002553254731465013,0.0011796027825467163,0.0,0.0001373651948918297,157.42824767623097
8717,10167,0.0025523867116276416,0.0011793440068087848,0.0,0.00013730427048188568,157.44500817079097
8718,10169,0.002551980082682854,0.0011781803812484072,0.0,0.00013737997014344472,157.46918732579798
8719,10170,0.0025512800281672675,0.0011779938140057515,0.0,0.00013732862141615162,157.48584431782365
8720,10171,0.0025509195158812045,0.0011782739728586288,0.0,0.00013726455430225758,157.5026025082916
8721,10172,0.0025504938928464357,0.0011777249304351478,0.0,0.00013727689624112876,157.51965859346092
8722,10174,0.0025501594482025608,0.0011772161004325562,0.0,0.0001372943347770005,157.54355269484222
8723,10176,0.0025499002422095375,0.0011773351973272945,0.0,0.0001372565044882243,157.56778207514435
8724,10177,0.002549629889393506,0.0011772327570334226,0.0,0.00013723971323600836,157.58442438859493
8725,10178,0.0025493216004985044,0.0011767402983780411,0.0,0.0001372581302120463,157.6016416652128
8726,10179,0.0025490473068392923,0.0011766338913464683,0.0,0.00013724134154928242,157.61837159469724
8727,10181,0.0025489316658277835,0.0011760087845135178,0.0,0.00013729228813142655,157.64239384885877
8728,10182,0.002548661743443245,0.0011758969338852142,0.0,0.0001372764809558031,157.6591368764639
8729,10183,0.00254852654844073,0.001175811119413986,0.0,0.0001372715429026744,157.67577809188515
8730,10184,0.0025484134626289276,0.0011748696417594401,0.0,0.00013735438208694874,157.69248110149056
8731,10185,0.0025482438270668225,0.0011747104435558696,0.0,0.00013735333835109527,157.7091598007828
8732,10186,0.002548128009020089,0.0011746531602375525,0.0,0.00013734748487825366,157.72621738351882
8733,10187,0.0025480028857322286,0.0011740945227852384,0.0,0.00013739083629469903,157.74288812931627
8734,10189,0.002547912403187606,0.0011737646297038573,0.0,0.0001374147773483749,157.76702445559204
8735,10190,0.0025476948496826824,0.0011726869729498937,0.0,0.00013750078767327888,157.78379318211228
8736,10191,0.002547590370182696,0.0011723101553754213,0.0,0.00013752802148072748,157.80056429747492
8737,10192,0.0025473870646114294,0.0011720635673356694,0.0,0.000137532349727576,157.81734517682344
8738,10193,0.00254728688686644,0.0011718922156079884,0.0,0.00013753946712584514,157.83410034980625
8739,10194,0.0025471629302194322,0.0011716564768345403,0.0,0.00013755064533848917,157.85083574522287
8740,10195,0.00254706197839014,0.0011709870670478743,0.0,0.00013760749113422656,157.86762548424304
8741,10196,0.002546885193398095,0.0011707561974016705,0.0,0.0001376128995996424,157.88426022604108
8742,10197,0.0025465771756772123,0.001169601167722728,0.0,0.00013769760079544843,157.90096199512482
8743,10198,0.002546201297463041,0.0011695590343138577,0.0,0.00013766422631491832,157.91773353889585
8744,10199,0.0025455367414874788,0.001168105790761249,0.0,0.00013774309507262296,157.93461097870022
8745,10200,0.002544569717738952,0.0011674565120667114,0.0,0.00013771132056722408,157.95181638654321
8746,10201,0.002543507585609512,0.0011642381632828093,0.0,0.00013792694223267027,157.96868706028908
8747,10203,0.002542609021350124,0.0011645712082482252,0.0,0.00013780378131018987,157.9928633486852
8748,10205,0.0025419204814990434,0.0011638652896631997,0.0,0.00013780551918358435,158.0169614367187
8749,10206,0.002540598159380108,0.0011609925720573973,0.0,0.00013796055873227102,158.03368384670466
8750,10207,0.0025396981966023103,0.0011599759135423268,0.0,0.00013797222830599836,158.05042629223317
8751,10208,0.00253819999326449,0.0011588845275471364,0.0,0.00013793154657173535,158.0672480845824
8752,10209,0.0025374699181891806,0.0011551950936459377,0.0,0.00013822748245432428,158.08399938698858
8753,10211,0.0025370467107729546,0.00115410188049971,0.0,0.00013829448302732448,158.10812128242105
8754,10213,0.0025366308745544963,0.0011543726920486255,0.0,0.0001382258182505871,158.1322423890233
8755,10215,0.002536157426836305,0.0011539926245612941,0.0,0.00013821648022750108,158.15629349742085
8756,10216,0.0025357060478001484,0.0011532586239075067,0.0,0.00013824474238926417,158.17299579456449
8757,10217,0.0025348857478093003,0.0011489898413297591,0.0,0.00013858959064795415,158.19006955623627
8758,10218,0.0025339675193498954,0.0011488758495079463,0.0,0.00013850916698419488,158.20707634557039
8759,10220,0.0025336691487657693,0.001148202926468815,0.0,0.00013854662222969542,158.23158445116132
8760,10221,0.0025331985625277617,0.0011462380047390264,0.0,0.00013869605577887355,158.24824010394514
8761,10222,0.0025329516610618622,0.001145125213999712,0.0,0.00013878264470621504,158.26538809482008
8762,10223,0.0025326334845108414,0.0011425314275553644,0.0,0.00013901020569554768,158.28216244280338
8763,10224,0.002532289592470819,0.0011411269228411161,0.0,0.0001391162669629703,158.29901449661702
8764,10225,0.0025319641436346236,0.0011407388856020805,0.0,0.00013912252580325433,158.31578258797526
8765,10226,0.0025317456018241116,0.0011395776297097094,0.0,0.0001392167972114402,158.332574124448
8766,10228,0.0025315323926024683,0.0011401793302267041,0.0,0.0001391353062375764,158.35711220558733
8767,10229,0.0025313863604180895,0.0011393708835650634,0.0,0.0001392015476853026,158.37387444078922
8768,10230,0.0025312225581161224,0.0011390326225719106,0.0,0.00013921899355442117,158.3905955236405
8769,10231,0.0025310968710171105,0.0011380002971210852,0.0,0.00013930965738960253,158.4072645874694
8770,10232,0.0025309995083373613,0.0011373694467759243,0.0,0.0001393630061561437,158.4240008238703
8771,10233,0.002530921475720431,0.0011364233432356757,0.0,0.00013944981324847555,158.44068454019725
8772,10234,0.0025308543854753694,0.0011360615448422053,0.0,0.0001394792840633164,158.4574310677126
8773,10235,0.002530832602386982,0.0011361100570061997,0.0,0.00013947225453807825,158.47468799445778
8774,10236,0.0025308109786331906,0.001135711528186242,0.0,0.00013950994504469485,158.491280852817
8775,10237,0.002530794881832594,0.0011356561711635654,0.0,0.00013951387106690287,158.5079605402425
8776,10238,0.002530761394725273,0.0011356345872650271,0.0,0.0001395126807460246,158.52460816968232
8777,10239,0.00253071861510389,0.0011356555179641169,0.0,0.0001395063097139773,158.54200300946832
8778,10240,0.002530684750938898,0.001135433511000397,0.0,0.00013952512399385006,158.55866579245776
8779,10243,0.0025306464693788337,0.0011354340094278973,0.0,0.0001395212459950936,158.59082479216158
8780,10244,0.0025305628609237863,0.0011353349513600517,0.0,0.00013952279095637347,158.6075849654153
8781,10245,0.0025303352598711783,0.0011351916140250056,0.0,0.00013951436458461725,158.62445587664843
8782,10246,0.0025301917064174785,0.0011349122803852355,0.0,0.00013952794260322428,158.64146917685866
8783,10248,0.0025300699480556065,0.0011348914554786078,0.0,0.0001395178492576999,158.66642434056848
8784,10249,0.002529898440249743,0.00113420597377559,0.0,0.00013956924664741528,158.6835138760507
8785,10251,0.0025297758159518197,0.0011344735813936873,0.0,0.00013953022345581322,158.70846421085298
8786,10252,0.002529660631448923,0.0011342328831531346,0.0,0.00013954277482957885,158.72516003251076
8787,10253,0.0025295602037428686,0.0011340639468933123,0.0,0.00013954962568495563,158.741814349778
8788,10254,0.0025295270939776175,0.0011345595221413259,0.0,0.00013949675718362913,158.7584844576195
8789,10255,0.002529481744121583,0.0011343300838162179,0.0,0.0001395151660305365,158.77532050013542
8790,10256,0.0025294481723586015,0.0011342929434919366,0.0,0.00013951552288666652,158.79211204592139
8791,10257,0.0025294121210555597,0.0011342797724089053,0.0,0.00013951323486466547,158.80890884809196
8792,10258,0.0025293732711917753,0.0011342986480912271,0.0,0.00013950746231005483,158.82562390062958
8793,10259,0.002529348999561265,0.0011341010172931049,0.0,0.00013952479822681605,158.84234881494194
8794,10260,0.002529326081161352,0.0011340554907074282,0.0,0.00013952705904539238,158.85907646548003
8795,10261,0.00252930992009367,0.0011339429430469357,0.0,0.00013953669770467347,158.87699028570205
8796,10262,0.002529290993646442,0.0011339366945358265,0.0,0.00013953542991106157,158.89380400907248
8797,10263,0.002529268271741064,0.0011339119328089634,0.0,0.00013953563389321004,158.91045878827572
8798,10265,0.0025292550291953863,0.001133815539755399,0.0,0.00013954394894399874,158.93439160473645
8799,10266,0.0025292306971666212,0.0011339591184808785,0.0,0.00013952715786857427,158.95112884324044
8800,10267,0.0025291790323180713,0.0011340027353878791,0.0,0.00013951762969301922,158.96789145004004
8801,10269,0.0025291392774015225,0.0011338705833803787,0.0,0.00013952686940211438,158.99189360812306
8802,10270,0.002529053209091682,0.0011344310856135815,0.0,0.0001394622123478101,159.0086024440825
8803,10271,0.002528939265460225,0.001134296371660762,0.0,0.0001394642893799463,159.02519095409662
8804,10272,0.002528665101220578,0.0011347921082076266,0.0,0.00013938729930129513,159.04201604053378
8805,10273,0.0025284612454206726,0.0011351626340010137,0.0,0.0001393298611419659,159.05859120190144
8806,10275,0.002528340765469767,0.001135614906814761,0.0,0.00013927258586550058,159.08440983947366
8807,10276,0.002528128474566135,0.0011373042615810455,0.0,0.00013908242129850894,159.1011579874903
8808,10278,0.00252800332190716,0.0011372505043186565,0.0,0.0001390752817588503,159.12526005599648
8809,10279,0.0025278458301100366,0.001136708303718005,0.0,0.00013911375263920317,159.14189413562417
8810,10280,0.0025276985304107753,0.0011365477487154901,0.0,0.0001391150781695285,159.15934832394123
8811,10281,0.0025275423145887247,0.0011368299054266698,0.0,0.00013907124091620547,159.1761025339365
8812,10283,0.0025274443531489157,0.001137016284071153,0.0,0.00013904280690777625,159.2002272112295
8813,10284,0.0025274083122145898,0.001136595056366485,0.0,0.00013908132558481046,159.21704708971083
8814,10285,0.002527257304350027,0.001137036964026383,0.0,0.00013902203403236442,159.23363609518856
8815,10286,0.0025272211803491827,0.0011372345444887392,0.0,0.00013899866358604434,159.25038694310933
8816,10287,0.0025271845954025103,0.0011366038812304828,0.0,0.00013905807141720273,159.26716395281255
8817,10288,0.0025271250634112223,0.001136432002549426,0.0,0.00013906930608617964,159.28387006372213
8818,10289,0.0025270648570887497,0.0011362940956493677,0.0,0.00013907707614393817,159.30070566479117
8819,10290,0.002526983622809672,0.001135836532102747,0.0,0.0001391147090706925,159.3174476865679
8820,10291,0.0025269228602387518,0.0011355186981489023,0.0,0.00013914041620898497,159.33417694550008
8821,10292,0.0025268330774109917,0.0011349614003799797,0.0,0.00013918716770310117,159.35115207731724
8822,10293,0.002526772921848974,0.0011346325733957072,0.0,0.00013921403484532668,159.36783935595304
8823,10295,0.0025267301549995137,0.001134317485766761,0.0,0.00013924126692327528,159.39190667495131
8824,10296,0.002526676326944678,0.0011339867386575054,0.0,0.0001392689588287173,159.40865139570087
8825,10297,0.002526629240731787,0.001133803921988747,0.0,0.00013928253187430397,159.42527336347848
8826,10298,0.0025265905051995966,0.0011337106138391295,0.0,0.0001392879891360467,159.4428451154381
8827,10299,0.002526533121246264,0.0011334965286297102,0.0,0.0001393036592616554,159.45955054368824
8828,10300,0.0025264137351072914,0.0011329634838856556,0.0,0.00013934502512216357,159.4761887639761
8829,10301,0.0025262758628725084,0.0011321466621993172,0.0,0.00013941292006731913,159.49289864022285
8830,10302,0.002526084005759324,0.001131224414010169,0.0,0.0001394859591749155,159.5101844286546
8831,10303,0.002525857396997488,0.0011302445742050126,0.0,0.00013956128227924757,159.52724522911012
8832,10305,0.002525644960755109,0.0011293673222706158,0.0,0.00013962776384844933,159.55170819722116
8833,10306,0.002525556487635111,0.0011285657390274876,0.0,0.00013969907486076233,159.5684317285195
8834,10308,0.0025254815385855472,0.0011282537186648512,0.0,0.00013972278199206962,159.5923331528902
8835,10309,0.002525392047979527,0.0011282065374305864,0.0,0.00013971855105489406,159.60895686317235
8836,10310,0.0025253059320250893,0.0011280365185254155,0.0,0.0001397269413499674,159.62572041805834
8837,10311,0.002525060761631526,0.0011273278114103979,0.0,0.00013977329502211282,159.64231872744858
8838,10312,0.0025248245677640673,0.0011267930185552637,0.0,0.00013980315492088035,159.65952091105282
8839,10314,0.0025247006972914897,0.0011263809224812407,0.0,0.00013983197748102492,159.6834303876385
8840,10315,0.002524560342103351,0.0011258630253865901,0.0,0.0001398697316716761,159.700127360411
8841,10316,0.002524503767421454,0.0011249961566534288,0.0,0.00013995076107680253,159.71693994291127
8842,10317,0.002524434024113368,0.0011253714886727822,0.0,0.00013990625354405858,159.73450506851077
8843,10318,0.002524376860409248,0.0011250695036081836,0.0,0.00013993073568010643,159.75123837776482
8844,10320,0.002524305201738939,0.0011248751835679087,0.0,0.000139943001817103,159.77533489186317
8845,10321,0.002524225723309719,0.0011247089727973493,0.0,0.000139951675051237,159.79203341156244
8846,10322,0.0025241492534982674,0.001124499845825353,0.0,0.00013996494076729145,159.8089315276593
8847,10323,0.0025240487145315035,0.0011241914646957908,0.0,0.00013998572498357125,159.8256934089586
8848,10324,0.0025239919254110396,0.0011235109833003507,0.0,0.0001400480942110689,159.8429423701018
8849,10325,0.0025239319634611686,0.0011238194725220346,0.0,0.0001400112490939134,159.85971951391548
8850,10326,0.002523857025968255,0.0011235168380176355,0.0,0.00014003401879506195,159.87639199290425
8851,10327,0.0025237675918341326,0.0011229284178897031,0.0,0.00014008391739444296,159.89310435205698
8852,10328,0.002523620352680063,0.0011219780530595468,0.0,0.0001401642299620516,159.90984835568815
8853,10329,0.0025234698393119806,0.0011216472901969198,0.0,0.00014018225491150605,159.92657909356058
8854,10331,0.0025233267068253172,0.001121081257077858,0.0,0.00014022454497474593,159.9508723365143
8855,10333,0.0025231765946868287,0.0011208110930899288,0.0,0.00014023655015969,159.97518622502685
8856,10334,0.002523008473464208,0.0011199629781862813,0.0,0.00014030454952779269,159.9919833559543
8857,10335,0.002522938165377802,0.001120354466118115,0.0,0.0001402583699259687,160.00880173780024
8858,10336,0.0025227906148301183,0.0011187222606835734,0.0,0.00014040683541465448,160.02550087310374
8859,10337,0.002522751093393086,0.0011182938096019176,0.0,0.00014044572837911682,160.04218249674886
8860,10339,0.002522677820590194,0.0011187252704652714,0.0,0.00014039525501249227,160.0675991177559
8861,10340,0.002522617001840496,0.0011185210061241226,0.0,0.00014040959957163732,160.08426635619253
8862,10341,0.0025225734009865462,0.0011183145143969907,0.0,0.00014042588865895557,160.10106017347425
8863,10342,0.002522475037215927,0.0011176761876768462,0.0,0.0001404798849539081,160.11785101890564
8864,10343,0.002522434249567233,0.0011176674930754916,0.0,0.00014047667564917414,160.1345300525427
8865,10344,0.0025224079291102253,0.001117816416566771,0.0,0.0001404591512543454,160.15163337625563
8866,10345,0.0025223824089679924,0.0011172672983287277,0.0,0.00014051151106392643,160.16845332365483
8867,10346,0.0025223628910520284,0.0011174257420496633,0.0,0.00014049371490023653,160.18559660669416
8868,10347,0.0025223351427226754,0.001117220436349682,0.0,0.00014051147063729935,160.20225217100233
8869,10348,0.0025223009545846968,0.0011168212800326345,0.0,0.00014054796745520626,160.21902442909777
8870,10349,0.0025222667431882857,0.001116443985179561,0.0,0.00014058227580087245,160.23603111784905
8871,10350,0.0025222373379787137,0.0011164872525846628,0.0,0.0001405750085394051,160.2527628261596
8872,10351,0.0025222087384976846,0.0011165674573491529,0.0,0.00014056412811485315,160.26949957665056
8873,10352,0.002522174204254904,0.0011162852965611182,0.0,0.0001405888907693786,160.2861074442044
8874,10353,0.0025221411260018473,0.0011166188207026757,0.0,0.00014055223052991713,160.30296709481627
8875,10354,0.0025221124181279424,0.0011164412740150848,0.0,0.00014056711441128575,160.3197111999616
8876,10355,0.0025220924904353387,0.0011162404168708335,0.0,0.00014058520735645052,160.3370953677222
8877,10356,0.0025220775688503186,0.0011161753694608032,0.0,0.00014059021993895155,160.3538085538894
8878,10357,0.002522050759096948,0.001116182847090585,0.0,0.0001405867912006363,160.3707376960665
8879,10358,0.002521976355661024,0.001115892817628136,0.0,0.0001406083538032888,160.3874406805262
8880,10359,0.00252189346107309,0.0011162678722032332,0.0,0.0001405625588869857,160.4041845239699
8881,10361,0.0025218162571414068,0.00111582097744068,0.0,0.00014059952797007265,160.42833953816444
8882,10362,0.002521662635560926,0.0011157349889909076,0.0,0.00014059276465700182,160.44500242453068
8883,10363,0.0025212824077545737,0.001116286161618799,0.0,0.00014049962461357745,160.46173286624253
8884,10365,0.0025211564947747196,0.001115627764719492,0.0,0.00014055287300552278,160.48579534795135
8885,10367,0.0025209238642608565,0.0011156010171794832,0.0,0.00014053228470813732,160.50988826621324
8886,10368,0.002520384484897664,0.0011160469018727638,0.0,0.00014043375830249003,160.52755675744265
8887,10370,0.0025202399198737077,0.001115522841717858,0.0,0.00014047170781558496,160.551454866305
8888,10371,0.0025200701506784195,0.0011154830371029008,0.0,0.00014045871135755185,160.56825463008136
8889,10373,0.0025200319615516446,0.0011153211424041905,0.0,0.00014047108191474542,160.5924437828362
8890,10374,0.0025199753026972803,0.0011152374542454499,0.0,0.00014047378484518302,160.60966958943754
8891,10375,0.002519916271634635,0.0011155333829134023,0.0,0.00014043828887212327,160.62642763461918
8892,10376,0.0025198387876644744,0.001115636809903294,0.0,0.00014042019777611806,160.64384100865573
8893,10377,0.0025197781319554278,0.0011157026500896604,0.0,0.00014040754818657672,160.66045933030546
8894,10378,0.002519738007975616,0.0011158014285994294,0.0,0.00014039365793761866,160.67794075328857
8895,10379,0.002519706910689741,0.00111599982159564,0.0,0.0001403707089094101,160.6946518458426
8896,10380,0.00251965287695084,0.0011161250333333176,0.0,0.00014035278436175223,160.7112915525213
8897,10381,0.0025195767846185775,0.0011166590576756298,0.0,0.0001402917726942948,160.7280096579343
8898,10383,0.0025195006397333106,0.0011171789905789703,0.0,0.00014023216491543405,160.75242364313453
8899,10384,0.0025193733609855757,0.0011175663099882902,0.0,0.00014018070509972855,160.76921262871474
8900,10385,0.0025192317975409268,0.0011186461590028858,0.0,0.00014005856385380412,160.7859783694148
8901,10386,0.002519154558778361,0.001118826514142979,0.0,0.0001400328044635382,160.80268753040582
8902,10387,0.002519072182712338,0.001119580160433482,0.0,0.0001399492022278856,160.81936541199684
8903,10389,0.002519021851161536,0.001119807317026713,0.0,0.00013992145341348231,160.84336496703327
8904,10390,0.0025189192508584123,0.0011200787983491646,0.0,0.00013988404525092476,160.86042686644942
8905,10391,0.0025188572005151455,0.001120032798255857,0.0,0.00013988244022592884,160.87718745414168
8906,10392,0.002518754880561461,0.0011204614668368117,0.0,0.00013982934137246497,160.89385859947652
8907,10393,0.0025186538180546852,0.0011199728671509113,0.0,0.00013986809509037738,160.91052268445492
8908,10394,0.002518533137041773,0.0011209038122953546,0.0,0.00013976293247464186,160.9272070908919
8909,10395,0.0025183465743919588,0.0011210419648028504,0.0,0.00013973046095891082,160.94434394594282
8910,10396,0.0025181168799742076,0.0011212117107828334,0.0,0.00013969051691913742,160.96105505060405
8911,10397,0.002517963333827783,0.0011218658211628037,0.0,0.00013960975126649792,160.97879243455827
8912,10398,0.0025177769410590087,0.0011217707345134189,0.0,0.00013960062065455898,160.9955282136798
8913,10399,0.0025176146292487833,0.0011223889704590118,0.0,0.00013952256587897716,161.01230574771762
8914,10400,0.0025174030626713244,0.0011228497816316567,0.0,0.00013945532810396674,161.0289815561846
8915,10401,0.0025171668822476885,0.0011226484834881854,0.0,0.00013945183987595033,161.04576416593045
8916,10402,0.0025169314810337203,0.0011228962901599197,0.0,0.00013940351908738006,161.06279754359275
8917,10403,0.0025166650557631224,0.0011239325599961955,0.0,0.00013927324957669268,161.07941334322095
8918,10405,0.0025164644214923496,0.001123859880974043,0.0,0.00013926045405183068,161.1033374108374
8919,10406,0.0025161770380263274,0.0011243363617066304,0.0,0.0001391840676319697,161.11998664028943
8920,10407,0.0025155997870963025,0.001125461407076791,0.0,0.00013901383800195118,161.1367230731994
8921,10408,0.002515155565203332,0.0011262999401078493,0.0,0.00013888556250954824,161.15336982533336
8922,10409,0.002514780621581833,0.0011275145870230697,0.0,0.00013872660345587635,161.1701742541045
8923,10411,0.0025145935308020628,0.0011269054387730278,0.0,0.00013876880920290352,161.19429683871567
8924,10412,0.0025143996951280355,0.0011273444356975177,0.0,0.00013870552594305179,161.21098287869245
8925,10413,0.0025142522989214065,0.0011276395611415147,0.0,0.00013866127377798918,161.2276884978637
8926,10415,0.002514080379302657,0.0011291983729216247,0.0,0.00013848820063810325,161.251774947159
8927,10416,0.002513944075094982,0.0011294438493634066,0.0,0.0001384500225731575,161.26853088475764
8928,10417,0.0025138242533570506,0.001130180839082157,0.0,0.00013836434142748937,161.2852120148018
8929,10418,0.0025137258960273444,0.001130450997706332,0.0,0.00013832748983210125,161.30238989647478
8930,10419,0.002513661868334859,0.001130096713958195,0.0,0.00013835651543766639,161.31918939668685
8931,10421,0.0025136035282707437,0.0011306317302300698,0.0,0.00013829717980406742,161.3435081988573
8932,10422,0.0025135336160058263,0.0011305218829532923,0.0,0.0001383011733052534,161.3601810336113
8933,10423,0.002513490386347675,0.0011310666318663262,0.0,0.00013824237544813488,161.3769048070535
8934,10424,0.0025134489118479445,0.0011306847272426835,0.0,0.0001382764184605261,161.39352369587868
8935,10425,0.0025133906939088296,0.0011306964880516159,0.0,0.00013826942058572136,161.41018500179052
8936,10426,0.0025132568079706506,0.0011308334006705056,0.0,0.00013824234073001447,161.42685863375664
8937,10427,0.002513008186849874,0.0011310753122617122,0.0,0.0001381932874588162,161.44401791784912
8938,10428,0.002512718879215322,0.001130193936410956,0.0,0.00013825249428043657,161.46075688209385
8939,10430,0.0025125525544704634,0.0011303208937605367,0.0,0.00013822316607099266,161.48458611499518
8940,10431,0.0025122650972661804,0.0011294877874908624,0.0,0.0001382777309775318,161.50126576144248
8941,10432,0.0025121420124267035,0.0011290772585130688,0.0,0.00013830647539136347,161.51791983284056
8942,10433,0.0025119994106456295,0.0011281450599250596,0.0,0.000138385435072057,161.53465797565877
8943,10434,0.002511812222970062,0.0011271707160476192,0.0,0.00013846415069224428,161.5513232043013
8944,10436,0.0025117185859354738,0.0011270220379313682,0.0,0.00013846965480041057,161.5760400481522
8945,10437,0.002511561525863807,0.001126396532963732,0.0,0.0001385164992900075,161.59276513196528
8946,10438,0.0025113869358940073,0.0011264296528942922,0.0,0.00013849572829997153,161.60944220609963
8947,10439,0.0025110509468569183,0.0011270077277167688,0.0,0.00013840432191401496,161.6262029381469
8948,10440,0.002511020952658886,0.0011267714609333416,0.0,0.00013842494917255444,161.64328083768487
8949,10441,0.0025107778675421775,0.0011264918650359845,0.0,0.00013842860025061927,161.65997483115643
8950,10442,0.0025106612565985167,0.001126424675204848,0.0,0.00013842365813936686,161.67716920748353
8951,10443,0.0025104515251917073,0.0011258935883686942,0.0,0.0001384557936823013,161.69377568364143
8952,10444,0.0025101762435016293,0.0011250889852735852,0.0,0.00013850872582280442,161.71049968432635
8953,10445,0.002509940866850067,0.001125579898539163,0.0,0.00013843609683109037,161.72724900301546
8954,10446,0.00250979032805831,0.0011252288542617356,0.0,0.00013845614737965749,161.743969948031
8955,10447,0.0025095960618905545,0.0011246449962539452,0.0,0.00013849510656366095,161.76068336702883
8956,10449,0.0025094754846423945,0.0011246095539034053,0.0,0.0001384865930738989,161.78554218169302
8957,10450,0.002509374314448726,0.0011247573703441504,0.0,0.00013846169441045756,161.80223935097456
8958,10451,0.0025092693269454557,0.001123760769339063,0.0,0.00013855085576063925,161.81898096669465
8959,10452,0.0025091246612653005,0.0011235849540046036,0.0,0.0001385539707260697,161.83565386384726
8960,10453,0.0025090590956978786,0.0011237809909363876,0.0,0.0001385278104761491,161.85229304526
8961,10454,0.00250898306685886,0.0011237529964435878,0.0,0.00013852300704152718,161.86970201693475
8962,10455,0.0025089011481851022,0.0011232819093976614,0.0,0.0001385619238787441,161.88666076771915
8963,10456,0.0025088607692531433,0.001122970679982656,0.0,0.00013858900892704874,161.90343900118023
8964,10457,0.0025088332583962356,0.001122822488595682,0.0,0.00013860107698005536,161.9201099127531
8965,10458,0.002508817701464961,0.0011223246364594234,0.0,0.00013864930650055377,161.9368206616491
8966,10459,0.002508770774024187,0.0011225080948502795,0.0,0.00013862626791739078,161.95388382021338
8967,10460,0.002508739010055137,0.0011225299207815406,0.0,0.00013862090892735964,161.97064064070582
8968,10461,0.002508709040265772,0.0011224614788620526,0.0,0.00013862475614037192,161.98727486189455
8969,10462,0.002508681741666803,0.001122313845308742,0.0,0.0001386367896358061,162.00409346166998
8970,10463,0.002508658305794074,0.0011221625315525135,0.0,0.00013864957742415606,162.0211467584595
8971,10464,0.0025086356923116056,0.0011219947748324533,0.0,0.00013866409174791524,162.03794757742435
8972,10465,0.0025086155255022516,0.001121842721671952,0.0,0.00013867728038302992,162.05508808605373
8973,10467,0.00250860903338244,0.0011218081853954162,0.0,0.00013868008479870237,162.07913638371974
8974,10468,0.002508594588055883,0.0011217049757585417,0.0,0.00013868896122973408,162.09585264325142
8975,10469,0.0025085911290336615,0.0011215396640018498,0.0,0.00013870514650318115,162.1125469710678
8976,10470,0.002508570625158844,0.0011215709597537555,0.0,0.00013869996654050886,162.12920440454036
8977,10471,0.002508560380847186,0.0011216012418221184,0.0,0.0001386959139025068,162.14586423896253
8978,10472,0.002508533520865768,0.0011217615469708959,0.0,0.00013867719738948722,162.1626040590927
8979,10473,0.002508512518460317,0.001121708788051373,0.0,0.0001386803730408944,162.1792972497642
8980,10474,0.002508488509314936,0.0011218504827062623,0.0,0.00013866380266086735,162.19601418450475
8981,10475,0.0025084402763141337,0.0011220339594660371,0.0,0.00013864063168480964,162.21273131109774
8982,10476,0.002508398108367002,0.0011221694857846609,0.0,0.00013862286225823408,162.2293889587745
8983,10477,0.002508332054402044,0.001122355854103419,0.0,0.00013859762002986246,162.24600449204445
8984,10478,0.002508281608764156,0.001122772938303536,0.0,0.00013855086704606202,162.26273871026933
8985,10480,0.00250824536341012,0.0011225352567836241,0.0,0.00013857101066264957,162.28677057474852
8986,10481,0.00250822291273055,0.0011224329153808141,0.0,0.0001385789997349736,162.3035738337785
8987,10482,0.0025081596896350243,0.0011225674695358075,0.0,0.0001385592220099217,162.32025263272226
8988,10483,0.002508130682473908,0.0011224139411514318,0.0,0.00013857167413224762,162.33700166083872
8989,10484,0.0025080926089944373,0.00112229115367471,0.0,0.00013858014553197272,162.3541491664946
8990,10485,0.002508075901947818,0.0011219638256519547,0.0,0.00013861120762958634,162.37088606320322
8991,10486,0.0025080640363944035,0.0011220395132833993,0.0,0.00013860245231110042,162.3877067072317
8992,10487,0.0025080518373538185,0.001122034788043127,0.0,0.00013860170493106916,162.40439382568002
8993,10488,0.002508042754046853,0.0011219610848967098,0.0,0.00013860816691501433,162.42118198610842
8994,10489,0.002508027376944052,0.0011219632075384592,0.0,0.00013860641694055925,162.43787987530231
8995,10490,0.00250800126546497,0.0011220241368014527,0.0,0.00013859771286635174,162.4546053018421
8996,10491,0.002507963870628689,0.001122262618268245,0.0,0.00013857012523604443,162.47133878525347
8997,10492,0.002507911506642615,0.001122228205237817,0.0,0.0001385683301404798,162.48810731153935
8998,10493,0.002507782182522263,0.0011224730527974389,0.0,0.0001385309129724824,162.50516250543296
8999,10495,0.002507704826137859,0.001122008952984154,0.0,0.0001385695873153705,162.52950769197196
9000,10496,0.002507608418636018,0.0011223182790054173,0.0,0.00013852901396306007,162.5465953638777
9001,10498,0.0025074580425883753,0.0011218745144524528,0.0,0.00013855835281359225,162.57077095657587
9002,10499,0.002507397882698619,0.00112162395820417,0.0,0.00013857739244944487,162.58737453445792
9003,10501,0.002507338095991235,0.0011219653897907387,0.0,0.00013853727062004964,162.61136503517628
9004,10502,0.0025072846783808765,0.001122095755302339,0.0,0.00013851889230785376,162.62812948040664
9005,10504,0.00250726081834321,0.0011220753556727687,0.0,0.0001385185462670441,162.65213593654335
9006,10505,0.0025072197781273987,0.0011225037778601142,0.0,0.00013847160002672845,162.66962862759829
9007,10506,0.002507173395790363,0.0011226279207904148,0.0,0.0001384545474999948,162.6866485485807
9008,10507,0.002507122162009249,0.0011227184706087327,0.0,0.00013844036914005162,162.7033103108406
9009,10508,0.0025070731371391727,0.0011232401911411768,0.0,0.00013838329459979956,162.72068578191102
9010,10510,0.002507030515745889,0.0011229929275818995,0.0,0.00013840375881639895,162.74490526504815
9011,10511,0.002506986851195976,0.0011227159487935722,0.0,0.00013842709024024035,162.76161214057356
9012,10512,0.002506961957656052,0.0011227381094363132,0.0,0.00013842238482197387,162.77833625581115
9013,10513,0.002506944919278258,0.0011227956173745781,0.0,0.000138414930190368,162.79496991168708
9014,10514,0.0025069262763261313,0.0011227724208230463,0.0,0.0001384153855503085,162.8132300293073
9015,10515,0.00250691307600395,0.0011228599329647195,0.0,0.00013840531430392303,162.8298899885267
9016,10516,0.002506905367401309,0.001122760779328462,0.0,0.00013841445880728468,162.8465705998242
9017,10517,0.0025068980234937343,0.0011227260685042282,0.0,0.00013841719549895063,162.86383427027613
9018,10518,0.002506888250498439,0.0011226772111452323,0.0,0.00013842110393532067,162.88052263390273
9019,10519,0.0025068845922999305,0.0011226562633287612,0.0,0.00013842283289711691,162.89754675142467
9020,10520,0.002506880422650986,0.0011226301720000148,0.0,0.00013842502506509707,162.91457334253937
9021,10521,0.002506876190619657,0.0011226602372916494,0.0,0.0001384215953328008,162.93156376015395
9022,10522,0.0025068685655132658,0.0011227175797588105,0.0,0.00013841509857544552,162.9490718645975
9023,10523,0.002506854457351657,0.0011229194312440802,0.0,0.0001383935026107577,162.9657785287127
9024,10524,0.0025068433393695697,0.00112305068594087,0.0,0.00013837926534286993,162.9824856184423
9025,10525,0.0025068321439904225,0.001123352173949282,0.0,0.00013834799700411407,162.99923327565193
9026,10526,0.0025068201930135265,0.0011232648641249406,0.0,0.00013835553288885858,163.01595604978502
9027,10527,0.00250681464322749,0.001123272130198146,0.0,0.0001383542513029344,163.03268863074481
9028,10528,0.0025068105910065266,0.0011233567921041547,0.0,0.0001383453798902372,163.0494565507397
9029,10529,0.002506806445444549,0.0011232863935666906,0.0,0.00013835200518778586,163.06622502580285
9030,10530,0.002506799437563121,0.001123173699225452,0.0,0.0001383625738337669,163.08301773946732
9031,10531,0.0025067905387764315,0.0011229656969501327,0.0,0.0001383824841826299,163.0998098431155
9032,10533,0.0025067848151470416,0.0011228389828472527,0.0,0.00013839458322997887,163.12397641316056
9033,10534,0.0025067798875615466,0.0011227873423436663,0.0,0.00013839925452178802,163.14075035694987
9034,10535,0.0025067733435776554,0.001122873004958878,0.0,0.00013839003386187772,163.15744613483548
9035,10536,0.0025067675864191598,0.0011227452121247046,0.0,0.00013840223742944552,163.17433032020926
9036,10537,0.0025067588153752747,0.0011225763729594196,0.0,0.0001384182442415855,163.19108405150473
9037,10538,0.0025067430391253285,0.0011223908016106227,0.0,0.0001384352237514706,163.20788101665676
9038,10539,0.0025067199575274446,0.0011222261516686436,0.0,0.0001384493805858801,163.22462283447385
9039,10540,0.0025066984937728294,0.0011220847952681196,0.0,0.00013846136985047098,163.24138033483177
9040,10542,0.002506688436831916,0.0011221126765053248,0.0,0.0001384575760326591,163.26546389330178
9041,10543,0.0025066722997955605,0.0011220900930110189,0.0,0.00013845822067845418,163.28229144681245
9042,10544,0.002506662741887094,0.0011221654189681515,0.0,0.00013844973229189424,163.2991081951186
9043,10545,0.0025066540847125123,0.0011221682634326366,0.0,0.00013844858212798758,163.31582249887288
9044,10546,0.002506641559832969,0.0011222652432251656,0.0,0.00013843763166078034,163.3325668182224
9045,10547,0.0025066339180421964,0.0011223864650553585,0.0,0.00013842474529868377,163.34934128914028
9046,10548,0.002506625088437053,0.0011225354847985904,0.0,0.00013840896036384628,163.366152940318
9047,10549,0.002506616386388513,0.001122755075931451,0.0,0.00013838613104570621,163.38293478731066
9048,10550,0.0025066055862416085,0.0011227535209635071,0.0,0.00013838520652781016,163.39970330148935
9049,10551,0.002506592052688103,0.0011227231226224976,0.0,0.00013838689300656057,163.41638617031276
9050,10552,0.0025065714015249456,0.0011226364590784445,0.0,0.00013839349424465012,163.43315312825143
9051,10553,0.002506556196890706,0.0011225876293787863,0.0,0.00013839685675119196,163.44992262125015
9052,10554,0.002506540666345222,0.001122429652725546,0.0,0.00013841110136196755,163.46667421609163
9053,10555,0.002506519681828615,0.0011224924665674304,0.0,0.00013840272152611843,163.48341639805585
9054,10556,0.002506512096485553,0.00112238455018991,0.0,0.00013841275462956427,163.50020839553326
9055,10557,0.002506503411182458,0.0011225190480950757,0.0,0.00013839843630873827,163.51696076523513
9056,10558,0.0025064922268687303,0.0011227215638716537,0.0,0.00013837706629970766,163.53371984697878
9057,10559,0.0025064749710986627,0.001122849320122494,0.0,0.00013836256509761687,163.55041843373328
9058,10560,0.0025064389734302693,0.0011229768260170323,0.0,0.00013834621474132367,163.5672677345574
9059,10561,0.002506408641487841,0.001123530541273675,0.0,0.00013828781002141663,163.58397244289517
9060,10562,0.0025063412666638547,0.0011236660638668332,0.0,0.00013826752027970213,163.60078693553805
9061,10563,0.0025062682594192273,0.0011240049078899029,0.0,0.00013822633515293243,163.617530092597
9062,10565,0.002506223630772641,0.0011244923655949195,0.0,0.00013817312651777215,163.64176197070628
9063,10566,0.0025061690626381108,0.001124813653409612,0.0,0.00013813554092284992,163.6584669360891
9064,10567,0.0025061496231713054,0.0011250119226725297,0.0,0.00013811377004987755,163.67521832883358
9065,10568,0.002506106779272113,0.0011253533072983826,0.0,0.00013807534719737302,163.6919660307467
9066,10569,0.002506049845988086,0.0011256314600984376,0.0,0.0001380418385889648,163.70870746206492
9067,10570,0.0025059611305834947,0.0011259844353569577,0.0,0.0001379976695226537,163.7254991447553
9068,10572,0.0025057855002755163,0.0011283889180069057,0.0,0.0001377396582268611,163.75049925781786
9069,10573,0.0025055477696273335,0.0011283927943368769,0.0,0.0001377154975290457,163.76731717120856
9070,10575,0.002505512861362521,0.0011284817990192854,0.0,0.00013770310623432356,163.79232109617442
9071,10577,0.0025053875302381437,0.0011297511442968713,0.0,0.00013756363859412726,163.81681507546455
9072,10579,0.0025053449392579133,0.0011300672231236205,0.0,0.00013752777161342927,163.84118196740746
9073,10580,0.002505257138290349,0.0011298823590112736,0.0,0.00013753747792790753,163.85775208473206
9074,10581,0.0025052116313710768,0.0011307746745539027,0.0,0.0001374436956817174,163.8747593779117
9075,10582,0.0025051814468093304,0.0011308734649814035,0.0,0.0001374307981827927,163.89144396129996
9076,10583,0.002505149440560069,0.0011310850071875374,0.0,0.00013740644333725313,163.90807050280273
9077,10585,0.002505133106989567,0.0011311094476790496,0.0,0.00013740236593105177,163.93205344956368
9078,10586,0.0025051073199402643,0.001131066101836213,0.0,0.00013740412181040512,163.94882339332253
9079,10587,0.0025050516660155763,0.001131080955047371,0.0,0.00013739707109682053,163.96541149728
9080,10588,0.0025049728753579097,0.001131067952490744,0.0,0.00013739049228671658,163.98210835270584
9081,10589,0.00250487744954427,0.0011302486243598335,0.0,0.0001374628825184436,163.99889041669667
9082,10591,0.002504816115741878,0.001130652242105299,0.0,0.0001374163873636579,164.02331944089383
9083,10592,0.0025047203511495827,0.001130105591293828,0.0,0.00013746147598557543,164.03993378113955
9084,10594,0.00250463209389534,0.001129827219967339,0.0,0.00013748048739280013,164.0639634411782
9085,10595,0.002504567413394135,0.0011298074849195301,0.0,0.00013747599284746046,164.0807581152767
9086,10597,0.0025045589404202166,0.0011300679117580718,0.0,0.00013744910286621448,164.10482497140765
9087,10598,0.002504505070259725,0.0011301409618379664,0.0,0.00013743641084217582,164.1215650541708
9088,10599,0.00250447263503434,0.0011305287605201295,0.0,0.00013739438745142104,164.1382055627182
9089,10600,0.0025044340093770623,0.0011306417691458268,0.0,0.00013737922402312354,164.15494082588702
9090,10601,0.0025044038747670384,0.0011308366946908214,0.0,0.0001373567180076217,164.17182125523686
9091,10603,0.002504391813081628,0.001131093773267291,0.0,0.0001373298039814337,164.19599392544478
9092,10604,0.0025043796297146894,0.001131169534163173,0.0,0.00013732100955515163,164.2126437164843
9093,10605,0.0025043770923059592,0.0011309559226873474,0.0,0.0001373421169618612,164.2302136896178
9094,10606,0.002504365323217056,0.0011312349621125585,0.0,0.00013731303611044977,164.24697781912982
9095,10607,0.0025043615788600693,0.0011312927755272714,0.0,0.0001373068803332798,164.26363391056657
9096,10608,0.002504354152795644,0.0011314732309132842,0.0,0.000137288092188236,164.2813430018723
9097,10609,0.0025043451094704304,0.0011316932022660915,0.0,0.00013726519072043388,164.29805186670274
9098,10610,0.0025043355984377,0.0011318820879438476,0.0,0.00013724535104938523,164.31481168512255
9099,10611,0.0025043206206300014,0.001132003168824882,0.0,0.00013723174518051194,164.331641911529
9100,10612,0.0025043156147093173,0.0011324628891997634,0.0,0.0001371852725509554,164.34862500149757
9101,10613,0.0025043027092999746,0.001132275194449063,0.0,0.00013720275148509117,164.36542522720993
9102,10614,0.002504299150710078,0.0011323334396931637,0.0,0.00013719657110169143,164.3822009190917
9103,10615,0.002504293855348154,0.0011324711784301326,0.0,0.00013718226769180217,164.39898628368974
9104,10616,0.002504290417340698,0.0011325602364845753,0.0,0.00013717301808561228,164.41586576588452
9105,10617,0.0025042861783713564,0.0011326515982026696,0.0,0.0001371634580168687,164.43256886396557
9106,10618,0.0025042816316038483,0.0011326239539003686,0.0,0.00013716576777034797,164.449280356057
9107,10620,0.002504280595896722,0.0011326686616859832,0.0,0.0001371611934210739,164.47327614575624
9108,10621,0.0025042757091549754,0.001132627210995338,0.0,0.00013716484981596375,164.49041888769716
9109,10622,0.0025042694093779694,0.0011326072150604132,0.0,0.00013716621943175562,164.50709722097963
9110,10623,0.002504259135225175,0.0011326206822691591,0.0,0.0001371638452956016,164.5237735817209
9111,10624,0.002504254633881507,0.0011323835755631545,0.0,0.0001371871058318353,164.5404049223289
9112,10625,0.0025042483069594567,0.0011325944678408206,0.0,0.0001371653839118636,164.55700687412173
9113,10626,0.002504239510586836,0.0011327019040974168,0.0,0.00013715376064894188,164.57382539380342
9114,10627,0.0025042254480060816,0.0011327101640153218,0.0,0.00013715152839907597,164.5906257070601
9115,10628,0.0025041982300300896,0.001132551066840082,0.0,0.00013716471631900075,164.60735334828496
9116,10629,0.002504175874584619,0.0011320410381133062,0.0,0.00013721348364713128,164.62412688322365
9117,10630,0.00250415410611107,0.0011316662123460376,0.0,0.00013724878937650323,164.6408224729821
9118,10631,0.002504122637781746,0.0011314259240553508,0.0,0.00013726967137263948,164.65786474663764
9119,10632,0.002504084849474197,0.001131331971831935,0.0,0.0001372752877642262,164.67457688972354
9120,10633,0.0025040556910577282,0.0011308905958355305,0.0,0.00013731650952221976,164.6920752869919
9121,10634,0.002504026860768607,0.0011310841752156043,0.0,0.00013729426855530025,164.70873852912337
9122,10636,0.0025040153935403956,0.0011311995194669905,0.0,0.00013728158740734052,164.73360658064485
9123,10638,0.002503995327523949,0.0011313185762357489,0.0,0.00013726767512882004,164.75767156854272
9124,10639,0.0025039732860975663,0.0011312197278541022,0.0,0.0001372753558243464,164.77435655053705
9125,10640,0.0025039420528093414,0.0011309481151329226,0.0,0.00013729939376764185,164.79111063294113
9126,10641,0.002503919192799158,0.001130720282661404,0.0,0.0001373198910137754,164.8079184750095
9127,10642,0.0025039144463166046,0.0011303066669826466,0.0,0.00013736077793339581,164.82454305514693
9128,10643,0.002503886690494302,0.0011305381109347613,0.0,0.00013733485795595403,164.8411906948313
9129,10644,0.0025038702536084555,0.001130616606859441,0.0,0.00013732536467490146,164.85790480673313
9130,10645,0.0025038383922575424,0.0011306461186974578,0.0,0.00013731922735600845,164.8750484455377
9131,10646,0.002503798005261932,0.001130666473757779,0.0,0.00013731315315041527,164.89169292151928
9132,10647,0.0025037564734233554,0.0011300944977407463,0.0,0.00013736619756826094,164.90828439965844
9133,10648,0.0025037135561313964,0.0011300550389530708,0.0,0.00013736585171783257,164.92487684916705
9134,10649,0.0025036526918937553,0.0011297089496424128,0.0,0.00013739437422513427,164.94197885412723
9135,10650,0.0025036105639986766,0.001129507871680145,0.0,0.00013741026923185315,164.95875141769648
9136,10652,0.0025035611822089967,0.0011294207362196544,0.0,0.0001374140445989342,164.98339834064245
9137,10653,0.0025035208887716357,0.0011297794455280498,0.0,0.00013737414432435857,165.0001890109852
9138,10654,0.002503485044222078,0.0011301581477472912,0.0,0.00013733268964747868,165.01684764306992
9139,10655,0.0025034757559561703,0.0011300401563358138,0.0,0.00013734355996203565,165.0336638642475
9140,10656,0.002503465057247691,0.0011301380970325367,0.0,0.0001373326960215154,165.05039977561682
9141,10657,0.0025034599466608846,0.0011302730300288529,0.0,0.00013731869166320318,165.0671201609075
9142,10658,0.0025034516785782113,0.0011301556263326705,0.0,0.00013732960522455407,165.08389408048242
9143,10659,0.0025034403376237233,0.0011301341564119887,0.0,0.00013733061812117348,165.10076492652297
9144,10660,0.0025034209287341457,0.0011301942154203813,0.0,0.00013732267133137645,165.11744884215295
9145,10661,0.002503385427008349,0.001130384867981745,0.0,0.00013730005590266043,165.13419565185905
9146,10662,0.002503326831466166,0.0011307397927990165,0.0,0.00013725870386671493,165.15089664887637
9147,10663,0.002503267806361964,0.0011313244113681585,0.0,0.00013719433949938055,165.16815511416644
9148,10665,0.002503241997808552,0.001131375146909362,0.0,0.000137186685089919,165.19216966349632
9149,10666,0.0025032047411728104,0.0011314284528522631,0.0,0.00013717762883205472,165.20883146952838
9150,10667,0.002503180501254062,0.0011314818607993807,0.0,0.00013716986404546812,165.22544628754258
9151,10669,0.002503161395452768,0.001131443695372419,0.0,0.0001371717700080349,165.24934558197856
9152,10670,0.002503136032915977,0.0011314729549407282,0.0,0.00013716630779752483,165.26604935526848
9153,10671,0.002503059369323454,0.0011318834658586173,0.0,0.00013711759034648366,165.28281373064965
9154,10673,0.002503030092130735,0.0011323527035164915,0.0,0.00013706773886142438,165.3071153368801
9155,10674,0.0025030088378305716,0.0011325063017065644,0.0,0.00013705025361240072,165.32381910085678
9156,10675,0.0025029833293698338,0.0011327244910806754,0.0,0.00013702588382891585,165.3409092547372
9157,10676,0.0025029728028632646,0.0011328103424892016,0.0,0.00013701624603740627,165.35768217779696
9158,10677,0.0025029476583694303,0.0011326467254757081,0.0,0.00013703009328937222,165.3744112048298
9159,10678,0.0025029244928032202,0.0011329520288092245,0.0,0.00013699724639939956,165.39110707025975
9160,10679,0.0025028886744262783,0.0011330601261127773,0.0,0.00013698285483135008,165.4077393161133
9161,10680,0.0025028400832159178,0.0011332018755307249,0.0,0.00013696382076851927,165.42434441670775
9162,10682,0.0025028177691339337,0.0011328395348749647,0.0,0.0001369978234258969,165.4484942452982
9163,10683,0.002502770145954538,0.0011328958636926633,0.0,0.00013698742822618748,165.46521115861833
9164,10685,0.0025027227240183606,0.001132904191290917,0.0,0.00013698185327274434,165.48916650749743
9165,10686,0.0025026767411609665,0.0011324710186918663,0.0,0.00013702057224691003,165.50580087769777
9166,10687,0.0025026303262975056,0.0011323381067664803,0.0,0.00013702922195310254,165.52260681521147
9167,10689,0.0025026106768897736,0.0011320895013817466,0.0,0.0001370521175508027,165.54652154818177
9168,10690,0.0025025854386748997,0.00113192048715137,0.0,0.00013706649515235296,165.5631557032466
9169,10691,0.002502559924849127,0.0011318483364527376,0.0,0.00013707115883963895,165.57996072713286
9170,10692,0.002502529842901862,0.0011320491754113406,0.0,0.00013704806674905213,165.59667054377496
9171,10693,0.0025025113588365597,0.0011322458252376504,0.0,0.00013702655335989092,165.61343440506607
9172,10694,0.0025024287167848378,0.0011326424799121592,0.0,0.00013697862368726785,165.63008707854897
9173,10695,0.0025023662672843386,0.0011327685652785665,0.0,0.00013695977020057723,165.64687941782176
9174,10697,0.0025023169832893745,0.0011329363879193915,0.0,0.0001369380595369983,165.67100684344769
9175,10698,0.0025022880767629927,0.0011336227045864134,0.0,0.00013686653721765792,165.68766352999955
9176,10699,0.0025022568934802416,0.001133234270704986,0.0,0.00013690226227752554,165.70442752353847
9177,10701,0.0025021976793578394,0.0011330785208053936,0.0,0.0001369119158552446,165.7283590696752
9178,10702,0.0025021370375999724,0.0011331882235952558,0.0,0.00013689488140047163,165.7449543196708
9179,10703,0.0025021097021689755,0.0011333783937312223,0.0,0.0001368731308437753,165.76167273242027
9180,10704,0.0025020252685171206,0.0011329965397790774,0.0,0.0001369028728738043,165.77840941492468
9181,10705,0.0025020026385600544,0.001132557705205578,0.0,0.00013694449333544764,165.7951141539961
9182,10706,0.0025019203317921176,0.001132704965665278,0.0,0.00013692153661268397,165.81209240388125
9183,10707,0.0025018973525784407,0.001132941907050088,0.0,0.0001368955445528353,165.82870279811323
9184,10708,0.002501838681692582,0.0011327417174299113,0.0,0.00013690969642626708,165.84534633532166
9185,10709,0.0025017814348052207,0.0011325544813064834,0.0,0.00013692269534987372,165.86203462723643
9186,10710,0.0025017510611257017,0.001132851677017243,0.0,0.00013688993841084584,165.8787504658103
9187,10711,0.002501652163198238,0.0011326761462444785,0.0,0.00013689760169537592,165.8952727066353
9188,10713,0.0025016045157053787,0.0011326544859962238,0.0,0.0001368950029709155,165.91953630000353
9189,10714,0.0025014944088027754,0.0011325981396744123,0.0,0.00013688962691283632,165.93619146291167
9190,10716,0.002501416214335506,0.0011326120082716504,0.0,0.00013688042060638555,165.9605745812878
9191,10717,0.002501318911583901,0.0011323065399185606,0.0,0.00013690123716653406,165.97731744963676
9192,10719,0.002501233718863121,0.0011325359524373096,0.0,0.00013686977664258113,166.00135518424213
9193,10721,0.002501141270560176,0.0011322077883244496,0.0,0.0001368933482235726,166.02577855344862
9194,10723,0.0025010717848250987,0.001131725059717973,0.0,0.00013693467251071255,166.04976810421795
9195,10724,0.0025009339558801514,0.0011309406997841288,0.0,0.00013699932560960228,166.06678283028305
9196,10725,0.0025007570899284338,0.001130643982821417,0.0,0.00013701131071070164,166.0835519246757
9197,10726,0.0025006478941389564,0.0011293703520318416,0.0,0.0001371277542107115,166.10024909768254
9198,10727,0.002500571170673325,0.0011288011019534479,0.0,0.0001371770068719877,166.1169486194849
9199,10729,0.0025005006199138365,0.0011286938442248904,0.0,0.00013718067756889458,166.14095416106284
9200,10731,0.0025004383939402812,0.001128752103965413,0.0,0.0001371686289974868,166.1649779556319
9201,10732,0.002500320562851504,0.0011286920945845907,0.0,0.00013716284682669132,166.18178136087954
9202,10734,0.002500244894726357,0.0011280675489874173,0.0,0.00013721773457389392,166.20594248641282
9203,10735,0.0025001181598387065,0.0011279096287548167,0.0,0.00013722085310838896,166.2225148882717
9204,10736,0.0024999966657607694,0.0011271779623295227,0.0,0.00013728187034312467,166.23986806999892
9205,10737,0.0024998961095561495,0.0011261531184956197,0.0,0.00013737429910605294,166.25644092727453
9206,10739,0.0024998456446692924,0.0011260545655892862,0.0,0.00013737910790800065,166.28038454148918
9207,10741,0.0024998141669708793,0.0011259392629560344,0.0,0.0001373874904014845,166.30517570488155
9208,10742,0.0024997149205299163,0.0011252558113777206,0.0,0.0001374459109152196,166.32179090566933
9209,10743,0.002499675991205554,0.0011241875210873233,0.0,0.0001375488470118231,166.33846689481288
9210,10745,0.0024995782105949106,0.0011245478942185012,0.0,0.00013750303163764094,166.36239062529057
9211,10746,0.002499486779747761,0.0011243798218927771,0.0,0.0001375106957854984,166.37905373424292
9212,10747,0.002499361530307415,0.0011237034742196468,0.0,0.00013756580560877682,166.39573957584798
9213,10748,0.0024993271749251342,0.0011231917234368375,0.0,0.00013761354514882964,166.41234970465302
9214,10749,0.002499264758103089,0.0011226094191548698,0.0,0.0001376655338948219,166.42936341278255
9215,10750,0.002499251995730151,0.0011229483637286207,0.0,0.00013763036320015305,166.44608414825052
9216,10751,0.002499185405565557,0.00112226498295294,0.0,0.0001376920422612617,166.46291193831712
9217,10752,0.0024991658453395425,0.0011210985770729717,0.0,0.00013780672682665705,166.4795940676704
9218,10753,0.0024991244057992624,0.0011213750609933933,0.0,0.00013777493448058695,166.4962683962658
9219,10754,0.0024991015504956136,0.0011211258128504132,0.0,0.00013779757376452002,166.51292369607836
9220,10755,0.0024990707597959787,0.0011202821610481147,0.0,0.00013787885987478642,166.5296183945611
9221,10756,0.0024990658388893876,0.0011196894216283758,0.0,0.0001379376417261012,166.54629507102072
9222,10757,0.0024990552516795236,0.0011199004729673962,0.0,0.00013791547787121274,166.56298386957496
9223,10758,0.002499047110702533,0.0011199781724023292,0.0,0.00013790689383002037,166.57969554699957
9224,10759,0.0024990401402117824,0.001119862995665878,0.0,0.00013791771445459042,166.5963232619688
9225,10760,0.0024990328346316667,0.0011197143455261033,0.0,0.00013793184891055634,166.61295586265624
9226,10761,0.0024990257005461747,0.0011195534899853705,0.0,0.00013794722105608042,166.6297037480399
9227,10762,0.00249902059978916,0.0011196020883431379,0.0,0.0001379418511446022,166.64690646063536
9228,10763,0.002499015413977181,0.0011193767183434132,0.0,0.0001379638695633768,166.66363393049687
9229,10764,0.0024990095856923292,0.001119139112126682,0.0,0.00013798704735656472,166.68026565294713
9230,10766,0.002499008772680495,0.0011191064572047616,0.0,0.00013799023154757335,166.7044530035928
9231,10767,0.002499005099762247,0.0011187760089710075,0.0,0.00013802290907912395,166.7211709851399
9232,10768,0.002499000833784241,0.0011187905815172542,0.0,0.00013802102522669863,166.7377946441993
9233,10769,0.0024989971020018533,0.0011187938514450222,0.0,0.00013802032505568315,166.75423465110362
9234,10770,0.0024989915724927146,0.001118657743334072,0.0,0.00013803338291586424,166.77086487784982
9235,10772,0.0024989888911099525,0.0011187416676804091,0.0,0.00013802472234295432,166.79493497963995
9236,10773,0.0024989843690892614,0.001118653817326976,0.0,0.00013803305517622855,166.81161651108414
9237,10774,0.0024989778634737715,0.0011182352754619705,0.0,0.0001380742588011801,166.82828296907246
9238,10775,0.002498970820519511,0.0011183984496951492,0.0,0.00013805723708243617,166.84504601731896
9239,10776,0.002498968233554336,0.0011183043930561253,0.0,0.00013806638404982105,166.86168702784926
9240,10777,0.0024989653931485967,0.0011182169760355926,0.0,0.0001380748417113004,166.87825497612357
9241,10778,0.0024989631955043773,0.001118227434344752,0.0,0.0001380735761159625,166.89489481784403
9242,10779,0.0024989609418417966,0.0011182203604271853,0.0,0.00013807405814146112,166.91161936614662
9243,10780,0.0024989575871272986,0.0011182923226686064,0.0,0.00013806652644586921,166.92824511323124
9244,10781,0.0024989493592049742,0.0011183658773588486,0.0,0.00013805834818461253,166.94495993386954
9245,10782,0.002498938362937024,0.0011185719807258485,0.0,0.00013803663822111757,166.96158756129444
9246,10783,0.0024989265682678883,0.0011190157211773107,0.0,0.00013799108470905776,166.97818772681057
9247,10784,0.0024989064186881358,0.001118995808341167,0.0,0.0001379910610346969,166.9947669794783
9248,10785,0.0024988812638917267,0.0011189272132349382,0.0,0.00013799540506567883,167.01138107199222
9249,10786,0.0024988693391373553,0.0011188065291420385,0.0,0.00013800628099953167,167.02807798888534
9250,10787,0.002498855510977261,0.001118690706956166,0.0,0.0001380164804021095,167.04500716552138
9251,10788,0.0024988376548536547,0.0011184469509923764,0.0,0.00013803907038612782,167.06165574584156
9252,10789,0.0024988003633824316,0.0011179829094966499,0.0,0.0001380817453885782,167.0782578624785
9253,10790,0.002498761780020465,0.001117738186299762,0.0,0.0001381023593720703,167.0948257902637
9254,10792,0.002498726871856147,0.0011171048034270769,0.0,0.00013816220684290703,167.11874308809638
9255,10793,0.0024986647327666957,0.0011173126170849904,0.0,0.00013813521156817054,167.13529039174318
9256,10795,0.0024986523976143313,0.0011171177271748658,0.0,0.00013815346704394656,167.15924268588424
9257,10797,0.002498617333602003,0.0011171345418731623,0.0,0.00013814827917288408,167.18419641815126
9258,10799,0.002498589329420545,0.0011171667473371056,0.0,0.00013814225820834393,167.2084968034178
9259,10800,0.0024985543691862467,0.0011172678855941869,0.0,0.00013812864835920598,167.2251136181876
9260,10801,0.0024985115923853206,0.0011167601744329837,0.0,0.0001381751417952337,167.24170735757798
9261,10802,0.002498475328122791,0.0011171155843111879,0.0,0.00013813597438116034,167.25832686014473
9262,10803,0.002498463482137803,0.0011168273456087256,0.0,0.00013816361365290772,167.27492170315236
9263,10804,0.0024984278022822117,0.0011167962061864548,0.0,0.00013816315960957568,167.29152870364487
9264,10805,0.0024984136338328496,0.001116947207169243,0.0,0.00013814664266636065,167.30818962398916
9265,10806,0.0024983977379608893,0.00111696287700524,0.0,0.00013814348609556495,167.32487903162837
9266,10807,0.0024983894547493577,0.0011168849209635965,0.0,0.00013815045337857613,167.34170702844858
9267,10808,0.0024983867572619094,0.001116969822224193,0.0,0.00013814169350377165,167.35828819591552
9268,10809,0.00249838533078351,0.0011169849894274734,0.0,0.00013814003413560366,167.37486834451556
9269,10810,0.0024983837246874818,0.001116943258626277,0.0,0.00013814404660612045,167.39144791476429
9270,10811,0.002498382627486349,0.0011168948836066308,0.0,0.0001381487743879718,167.40810120571405
9271,10812,0.002498381669808691,0.001116848792176085,0.0,0.0001381532877632606,167.42478182073683
9272,10813,0.0024983804695899235,0.0011167457938179419,0.0,0.00013816346757719816,167.44168930407614
9273,10814,0.0024983786540162013,0.0011166167005796585,0.0,0.00013817619534365428,167.45819276478142
9274,10815,0.002498376353710102,0.0011164705036738355,0.0,0.00013819058500362665,167.4747599652037
9275,10816,0.0024983740892033576,0.0011163926147600204,0.0,0.00013819814744433373,167.49131864588708
9276,10817,0.0024983708918558806,0.0011163047525061507,0.0,0.00013820661393497297,167.50793200172484
9277,10819,0.002498369833158174,0.0011163485186618108,0.0,0.00013820213144963628,167.5318677481264
9278,10820,0.002498365406828471,0.00111624845789163,0.0,0.0001382116948936841,167.54837503377348
9279,10821,0.002498360015785801,0.0011160888314642983,0.0,0.00013822711843215025,167.56498575769365
9280,10823,0.002498356803738771,0.0011162095361515985,0.0,0.00013821472675871728,167.58903674408793
9281,10824,0.0024983525607150427,0.0011162062705579734,0.0,0.00013821462901570693,167.60569043364376
9282,10825,0.0024983474586488114,0.0011164019308314676,0.0,0.00013819455278173438,167.622303256765
9283,10826,0.00249834252646838,0.0011164727917871893,0.0,0.00013818697346811904,167.63911344390363
9284,10827,0.002498336059100865,0.0011165895804754345,0.0,0.00013817464786254307,167.65584520809352
9285,10828,0.0024983320621132276,0.001117038852131863,0.0,0.00013812932099813643,167.67270714323968
9286,10830,0.0024983291848415397,0.0011169461331576999,0.0,0.000138138305168384,167.69728475250304
9287,10831,0.0024983282347237276,0.0011168592566050642,0.0,0.00013814689781186637,167.71438320819288
9288,10832,0.002498327549991676,0.0011168358056022607,0.0,0.00013814917443894152,167.73156141582876
9289,10833,0.002498326124746358,0.0011167491319809934,0.0,0.00013815769927653647,167.74926059599966
9290,10834,0.0024983257456078906,0.0011167834911257968,0.0,0.0001381542254482094,167.7660813871771
9291,10835,0.0024983252025500245,0.0011167633006120942,0.0,0.00013815619019379302,167.782838717103
9292,10836,0.002498324112308339,0.0011166999497851057,0.0,0.00013816241625232332,167.7996660862118
9293,10837,0.002498322994162941,0.0011166344609116236,0.0,0.00013816885332513176,167.81647283025086
9294,10838,0.002498322090440956,0.001116575914506952,0.0,0.0001381746175934004,167.8331973720342
9295,10839,0.0024983182441364895,0.0011164965448732214,0.0,0.0001381821699263268,167.8500921409577
9296,10840,0.0024983132332434144,0.0011165620374635201,0.0,0.00013817511957798942,167.8669729847461
9297,10841,0.002498306015774204,0.0011164094557086148,0.0,0.00013818965600655893,167.8835945772007
9298,10842,0.002498294732072517,0.0011165800767611556,0.0,0.00013817146553113613,167.90024385787547
9299,10843,0.0024982887859688174,0.001116893132588414,0.0,0.00013813956533804034,167.91702303662896
9300,10844,0.002498284063441239,0.0011166456380616487,0.0,0.000138163842537959,167.93414627667516
9301,10845,0.0024982747300824775,0.0011168419031325828,0.0,0.00013814328269498948,167.95084690023214
9302,10846,0.0024982676920990467,0.001116969340728498,0.0,0.00013812983513705488,167.9676682241261
9303,10847,0.002498260354777403,0.0011169310647922155,0.0,0.0001381329289985188,167.9843806894496
9304,10848,0.0024982536414181232,0.0011169742899762689,0.0,0.00013812793514418544,168.00114129204303
9305,10849,0.0024982491203221586,0.0011170075539982764,0.0,0.0001381241566323882,168.01824238151312
9306,10850,0.0024982455854505353,0.001117035826777479,0.0,0.00013812097586730562,168.03495812229812
9307,10851,0.0024982405829586446,0.0011170922779373987,0.0,0.0001381148305021246,168.05187331605703
9308,10853,0.002498236759785687,0.0011169699853360723,0.0,0.00013812667744496148,168.07594934105873
9309,10854,0.002498230421986895,0.0011170615494883285,0.0,0.00013811688724985662,168.09266044851393
9310,10855,0.002498223777555111,0.0011171274995348264,0.0,0.00013810962780202846,168.10955593641847
9311,10856,0.0024982159219510327,0.0011172080625435788,0.0,0.00013810078594074537,168.12620186246932
9312,10857,0.0024982112202412525,0.0011171682463993278,0.0,0.0001381042973841925,168.14292947668582
9313,10858,0.0024982094095129135,0.0011173029236226926,0.0,0.0001380906485890221,168.15964881889522
9314,10859,0.0024982088677827858,0.0011173207775346816,0.0,0.00013808880902481038,168.17648418992758
9315,10860,0.0024982084646463674,0.0011173949941829108,0.0,0.00013808134704634568,168.1931479088962
9316,10861,0.002498208121533061,0.0011173959428923633,0.0,0.00013808121786406977,168.20980626065284
9317,10862,0.002498207719502535,0.001117408691038168,0.0,0.0001380799028464367,168.22660765983164
9318,10863,0.002498207565259301,0.0011174234036492104,0.0,0.00013807841616100906,168.2433340717107
9319,10865,0.0024982069680768403,0.001117459767197132,0.0,0.00013807472008797083,168.26714660972357
9320,10866,0.00249820648927217,0.001117458669420039,0.0,0.0001380747819852131,168.2838597940281
9321,10867,0.002498204986574888,0.0011174539178201083,0.0,0.000138075106875478,168.3005843218416
9322,10868,0.002498203025540682,0.0011174641774693021,0.0,0.000138073884807138,168.31728481687605
9323,10869,0.0024982023596842543,0.0011173785250694571,0.0,0.0001380823834614797,168.33400609064847
9324,10870,0.002498202036675036,0.0011174969112541062,0.0,0.00013807051254209295,168.35094068478793
9325,10871,0.002498201496476095,0.0011174546018419523,0.0,0.00013807468946341422,168.36769159976393
9326,10872,0.0024982012818334834,0.0011174474685265228,0.0,0.00013807538133069606,168.3842983338982
9327,10873,0.00249820093739838,0.0011174774616559892,0.0,0.00013807234757423907,168.4010120499879
9328,10874,0.002498200757758402,0.0011174960284193651,0.0,0.0001380704729339037,168.41785306017846
9329,10875,0.002498200522086847,0.0011175334883522497,0.0,0.00013806670337345974,168.43454193975776
9330,10876,0.0024982002911797634,0.0011175653486404696,0.0,0.00013806349425392935,168.45115794800222
9331,10878,0.0024982002288044215,0.0011175711232618518,0.0,0.000138062910554257,168.47527062240988
9332,10879,0.0024981998105214273,0.001117637492023222,0.0,0.00013805623184982055,168.49198366887867
9333,10880,0.0024981993016865733,0.0011177168963131196,0.0,0.00013804824053734538,168.5087445601821
9334,10881,0.0024981983615203675,0.0011178776339983202,0.0,0.00013803207275220471,168.52533252444118
9335,10882,0.002498197214689102,0.0011180144560481926,0.0,0.00013801827586409096,168.5420729657635
9336,10884,0.002498196694694803,0.0011181659808007873,0.0,0.00013800307138940154,168.5660688970238
9337,10885,0.0024981960447310906,0.0011181998249720855,0.0,0.0001379996219759005,168.5828048614785
9338,10886,0.0024981957306452426,0.0011182672059374212,0.0,0.00013799285247078215,168.5994293699041
9339,10887,0.00249819555703073,0.0011182394604863386,0.0,0.00013799560965443915,168.61647406686097
9340,10888,0.0024981954496549573,0.0011182372972688927,0.0,0.00013799581523860646,168.6331847095862
9341,10890,0.00249819541790224,0.0011182330062150586,0.0,0.00013799624116871815,168.65719562582672
9342,10892,0.0024981953980013115,0.0011182281808290277,0.0,0.0001379967217172284,168.6811551908031
9343,10894,0.0024981953836303323,0.0011182243024851573,0.0,0.0001379971081145175,168.70534728467464
9344,10896,0.002498195372499813,0.0011182199697464944,0.0,0.00013799754027533188,168.72923687845469
9345,10898,0.002498195363501976,0.001118216486512411,0.0,0.0001379978876989565,168.7532446589321
9346,10900,0.0024981953560997364,0.0011182127443403237,0.0,0.00013799826117594127,168.77717549633235
9347,10902,0.0024981953498990905,0.001118209778210072,0.0,0.00013799855716890185,168.80125427991152
9348,10904,0.00249819534467206,0.0011182066250489116,0.0,0.00013799887196231481,168.8252961570397
9349,10905,0.002498195343817704,0.0011182019439975302,0.0,0.00013799933998201737,168.84201765805483
9350,10907,0.002498195333747765,0.0011182001750603774,0.0,0.00013799951586873876,168.86598962452263
9351,10908,0.0024981953287799103,0.0011181962155105583,0.0,0.0001379999113269352,168.88280672952533
9352,10910,0.002498195326525003,0.001118194275725449,0.0,0.00013800010507995542,168.90679820347577
9353,10912,0.002498195324540106,0.0011181928689525153,0.0,0.00013800024555875908,168.93078123778105
9354,10914,0.0024981953227910226,0.0011181912343286157,0.0,0.00013800040884624068,168.95483059063554
9355,10916,0.00249819532122248,0.0011181900702700986,0.0,0.00013800052509523814,168.97889754455537
9356,10918,0.002498195319819967,0.0011181886890173362,0.0,0.00013800066308026305,169.0028292881325
9357,10919,0.002498195319572573,0.0011181868732108914,0.0,0.0001380008446361682,169.020249475725
9358,10921,0.0024981953165953068,0.0011181860454625304,0.0,0.00013800092711327764,169.04420911613852
9359,10922,0.0024981953149073232,0.0011181844411080825,0.0,0.00013800108737992405,169.0609209239483
9360,10924,0.0024981953140341736,0.001118183546427427,0.0,0.00013800117676067468,169.08576557599008
9361,10926,0.0024981953132120027,0.0011181830221953465,0.0,0.00013800122910166563,169.10995472688228
9362,10928,0.0024981953124330017,0.001118182252152737,0.0,0.00013800130602802647,169.1343059912324
9363,10930,0.002498195311690396,0.0011181818331756387,0.0,0.00013800134785147574,169.158372704871
9364,10932,0.0024981953109762516,0.0011181811668680847,0.0,0.00013800141441081668,169.18239039182663
9365,10934,0.0024981953102890795,0.001118180838681621,0.0,0.00013800144716074586,169.20653372164816
9366,10936,0.002498195309623168,0.0011181802594216394,0.0,0.0001380015050201529,169.23050444573164
9367,10938,0.002498195308979126,0.0011181800060969444,0.0,0.00013800153028821819,169.25453118421137
9368,10940,0.0024981953083465826,0.0011181795002244142,0.0,0.00013800158081221685,169.27851318288594
9369,10942,0.0024981953077207793,0.001118179309352664,0.0,0.00013800159983681155,169.3027947722003
9370,10944,0.0024981953071138967,0.0011181788650369733,0.0,0.00013800164420769235,169.32681333646178
9371,10945,0.0024981953069989887,0.0011181786037353838,0.0,0.00013800167032636048,169.34368911478668
9372,10947,0.0024981953055112803,0.0011181782450358742,0.0,0.0001380017060475406,169.36821335926652
9373,10948,0.0024981953045290456,0.001118177918391619,0.0,0.00013800173861374266,169.38487021718174
9374,10950,0.002498195303951874,0.001118177592688874,0.0,0.00013800177112629998,169.40899439621717
9375,10951,0.002498195303838854,0.0011181775366948072,0.0,0.00013800177671440472,169.42565577384084
9376,10953,0.002498195302417432,0.0011181772309312081,0.0,0.00013800180714862242,169.44982013478875
9377,10954,0.002498195301467216,0.0011181770682737557,0.0,0.00013800182331934603,169.46661260072142
9378,10956,0.00249819530090063,0.001118176812186637,0.0,0.0001380018488713993,169.49064252059907
9379,10958,0.00249819530034518,0.0011181768493674117,0.0,0.00013800184509777682,169.51525784749538
9380,10960,0.0024981952997811248,0.0011181766106606891,0.0,0.00013800186891204356,169.5392414489761
9381,10962,0.0024981952992259833,0.0011181766653094653,0.0,0.00013800186339165183,169.5633078245446
9382,10964,0.002498195298665326,0.0011181764416092518,0.0,0.0001380018857056074,169.5874976143241
9383,10966,0.0024981952981105223,0.001118176510260413,0.0,0.00013800187878501094,169.6115660564974
9384,10967,0.002498195297992566,0.001118176111802413,0.0,0.00013800191861901528,169.62815426755697
9385,10969,0.002498195296615155,0.0011181763027280618,0.0,0.00013800189938870935,169.65223800670356
9386,10970,0.0024981952956740867,0.0011181761001927567,0.0,0.00013800191954813301,169.6689009089023
9387,10972,0.0024981952951276657,0.0011181761970829758,0.0,0.000138001909804469,169.69314075261354
9388,10973,0.002498195294983593,0.0011181758482083713,0.0,0.0001380019446775222,169.70991973765194
9389,10975,0.0024981952936331945,0.001118176050244677,0.0,0.00013800192433885175,169.7339767049998
9390,10976,0.002498195292705988,0.0011181758858096584,0.0,0.00013800194068963291,169.75063048582524
9391,10978,0.0024981952921470357,0.0011181760008280922,0.0,0.00013800192913189437,169.77465332951397
9392,10979,0.002498195292032544,0.0011181756766725339,0.0,0.000138001961536001,169.79126764275134
9393,10981,0.0024981952906597254,0.0011181758898108868,0.0,0.0001380019400848839,169.81531492993236
9394,10982,0.0024981952897292336,0.0011181757487965709,0.0,0.0001380019540932663,169.83237856905907
9395,10984,0.002498195289176146,0.0011181758749395673,0.0,0.00013800194142365787,169.85681313741952
9396,10985,0.002498195289067049,0.0011181755666647049,0.0,0.00013800197224023437,169.87341547664255
9397,10987,0.0024981952876931227,0.0011181757863739177,0.0,0.0001380019501319205,169.89782299753278
9398,10988,0.0024981952867619804,0.0011181756589090934,0.0,0.0001380019627852887,169.91449144203216
9399,10990,0.002498195286208103,0.0011181757930685367,0.0,0.00013800194931395666,169.93855801224709
9400,10991,0.0024981952861025955,0.0011181754930674373,0.0,0.00013800197930351584,169.95523653458804
9401,10993,0.0024981952847227575,0.0011181757178659669,0.0,0.0001380019566856791,169.97915062122047
9402,10994,0.002498195283788522,0.0011181755992921546,0.0,0.00013800196844963674,169.99577129352838
9403,10996,0.002498195283236326,0.0011181757379005734,0.0,0.0001380019545335752,170.02060731500387
9404,10997,0.0024981952831264038,0.0011181754436518027,0.0,0.0001380019839474601,170.03719196282327
9405,10999,0.002498195281756245,0.001118175671364338,0.0,0.0001380019610391907,170.06130740884691
9406,11000,0.0024981952808209845,0.001118175557612652,0.0,0.00013800197232083329,170.07790915574878
9407,11002,0.0024981952802724753,0.001118175699683022,0.0,0.00013800195805894534,170.10254487302154
9408,11003,0.002498195280155092,0.0011181754085424428,0.0,0.00013800198716126493,170.1192228384316
9409,11005,0.0024981952787879393,0.001118175638474249,0.0,0.000138001964031369,170.1431450471282
9410,11006,0.0024981952778597933,0.0011181755275743483,0.0,0.00013800197502854448,170.1597770191729
9411,11008,0.002498195277305223,0.0011181756730161954,0.0,0.00013800196042890276,170.1841592360288
9412,11010,0.0024981952767532964,0.0011181755188961013,0.0,0.0001380019757857195,170.20922007691115
9413,11012,0.002498195276205254,0.0011181756643437637,0.0,0.00013800196118614902,170.23327322956175
9414,11014,0.002498195275649961,0.001118175509737731,0.0,0.000138001976591223,170.2573061576113
9415,11016,0.002498195275097775,0.0011181756561050539,0.0,0.0001380019618992721,170.28133490961045
9416,11017,0.002498195274974042,0.0011181753667667915,0.0,0.00013800199082072506,170.2984042596072
9417,11019,0.0024981952736208594,0.001118175599837623,0.0,0.00013800196737832361,170.3225368708372
9418,11020,0.0024981952726884013,0.0011181754909809264,0.0,0.00013800197817074748,170.3393054511398
9419,11022,0.0024981952721366205,0.0011181756390712808,0.0,0.000138001963306534,170.36350435949862
9420,11023,0.002498195272028467,0.0011181753474647223,0.0,0.00013800199245637447,170.38021001778543
9421,11025,0.0024981952706567096,0.0011181755836281268,0.0,0.00013800196870285828,170.40447013732046
9422,11026,0.00249819526972726,0.0011181754747673202,0.0,0.00013800197949599398,170.42125386185944
9423,11028,0.0024981952691786728,0.001118175624373891,0.0,0.00013800196448047818,170.44526446331292
9424,11029,0.002498195269055982,0.0011181753324854646,0.0,0.00013800199365705172,170.46191250532866
9425,11031,0.002498195267696477,0.001118175569594962,0.0,0.00013800196981015147,170.485996382311
9426,11032,0.0024981952667635283,0.0011181754615577754,0.0,0.00013800198052057528,170.50275965686888
9427,11034,0.0024981952662160244,0.0011181756117621127,0.0,0.00013800196544539118,170.52689271606505
9428,11035,0.0024981952660964187,0.0011181753186894567,0.0,0.0001380019947406962,170.54370080120862
9429,11037,0.002498195264737898,0.0011181755574288838,0.0,0.00013800197073090143,170.56767354067415
9430,11038,0.0024981952638097283,0.0011181754488384101,0.0,0.00013800198149713184,170.5850661555305
9431,11040,0.0024981952632567254,0.001118175601084113,0.0,0.00013800196621726127,170.60922894068062
9432,11042,0.0024981952627077127,0.0011181754444489311,0.0,0.00013800198182587815,170.63325022999197
9433,11044,0.0024981952621524538,0.0011181755966871662,0.0,0.00013800196654652875,170.65730051882565
9434,11045,0.0024981952620471495,0.0011181753003094732,0.0,0.00013800199617376762,170.67397459223866
9435,11047,0.0024981952606796583,0.001118175542357068,0.0,0.00013800197183225904,170.6986827198416
9436,11048,0.0024981952597526364,0.001118175432581977,0.0,0.00013800198271706593,170.7153484718874
9437,11050,0.002498195259204239,0.0011181755866368208,0.0,0.00013800196725674183,170.74064708966762
9438,11051,0.0024981952590932633,0.0011181752878895073,0.0,0.0001380019971203756,170.7572702486068
9439,11053,0.002498195257718624,0.0011181755317998734,0.0,0.0001380019725918751,170.78126124292612
9440,11054,0.0024981952567920216,0.0011181754221592074,0.0,0.0001380019834632814,170.79834984242916
9441,11056,0.0024981952562407005,0.0011181755771075613,0.0,0.00013800196791331393,170.8223393075168
9442,11058,0.0024981952556922954,0.001118175418330609,0.0,0.00013800198373616865,170.84680714085698
9443,11060,0.0024981952551417852,0.0011181755734792813,0.0,0.00013800196816625039,170.8709892295301
9444,11062,0.0024981952545936868,0.0011181754141883404,0.0,0.00013800198404053464,170.8954512970522
9445,11064,0.002498195254043763,0.0011181755704309764,0.0,0.00013800196836127865,170.91951748449355
9446,11066,0.00249819525348582,0.001118175410440783,0.0,0.0001380019843045037,170.9434182299301
9447,11068,0.0024981952529402134,0.0011181755659506395,0.0,0.00013800196869895738,170.96743236668408
9448,11069,0.0024981952528328267,0.0011181752637654918,0.0,0.00013800199890673346,170.98406602349132
9449,11071,0.0024981952514666686,0.0011181755108214326,0.0,0.0001380019740645236,171.0081530706957
9450,11072,0.0024981952505380234,0.0011181754000806974,0.0,0.00013800198504573257,171.02483828552067
9451,11074,0.0024981952499846874,0.0011181755572438451,0.0,0.00013800196927408424,171.04884153418243
9452,11076,0.0024981952494355876,0.0011181753966784547,0.0,0.0001380019852757133,171.0729889916256
9453,11077,0.002498195249329613,0.0011181756965000767,0.0,0.0001380019552829536,171.08966954424977
9454,11079,0.002498195247959619,0.001118175442302676,0.0,0.0001380019805656943,171.11366588622332
9455,11080,0.0024981952470316702,0.0011181755481987773,0.0,0.00013800196988328928,171.13039722386748
9456,11082,0.0024981952464823752,0.0011181753865557914,0.0,0.00013800198599265838,171.15488741360605
9457,11083,0.0024981952463738926,0.0011181756880933294,0.0,0.0001380019558280563,171.17151511926204
9458,11085,0.002498195245006681,0.0011181754324775593,0.0,0.00013800198125291219,171.1955426102504
9459,11086,0.0024981952440774257,0.0011181755391741132,0.0,0.00013800197049033123,171.21254379767925
9460,11088,0.0024981952435300585,0.0011181753767511345,0.0,0.0001380019866778924,171.23670168220997
9461,11089,0.0024981952434178657,0.0011181756791720002,0.0,0.00013800195642458654,171.2535145143047
9462,11091,0.002498195242055414,0.0011181754225440572,0.0,0.00013800198195113565,171.27747958898544
9463,11092,0.002498195241131174,0.0011181755307565582,0.0,0.00013800197103746155,171.29422436840832
9464,11094,0.00249819524058431,0.0011181753667164275,0.0,0.00013800198738678828,171.3184041045606
9465,11095,0.002498195240470287,0.0011181756711324715,0.0,0.00013800195693378152,171.335167019628
9466,11097,0.002498195239110072,0.00111817541294261,0.0,0.00013800198261674623,171.3596205469221
9467,11098,0.0024981952381841078,0.0011181755216138518,0.0,0.00013800197165702557,171.376225030981
9468,11100,0.0024981952376350322,0.0011181753569210976,0.0,0.00013800198807139346,171.40029753558338
9469,11101,0.0024981952375175186,0.0011181756626078621,0.0,0.00013800195749096565,171.41699367109686
9470,11103,0.002498195236159692,0.0011181754032919089,0.0,0.00013800198328677832,171.44108779076487
9471,11104,0.002498195235235365,0.0011181755127680202,0.0,0.0001380019722467345,171.45779841579497
9472,11106,0.002498195234688472,0.0011181753471783099,0.0,0.00013800198875101624,171.48182279709727
9473,11107,0.0024981952345720926,0.0011181756540769496,0.0,0.0001380019580495143,171.49855385906994
9474,11109,0.00249819523321654,0.001118175393558256,0.0,0.00013800198396582842,171.52244924288243
9475,11110,0.0024981952322986325,0.001118175504311896,0.0,0.00013800197279867363,171.53923576325178
9476,11112,0.002498195231747869,0.0011181753372480595,0.0,0.000138001989449981,171.56337524205446
9477,11113,0.002498195231629162,0.0011181756462305041,0.0,0.00013800195853986582,171.5800037207082
9478,11115,0.0024981952302757927,0.001118175384204576,0.0,0.00013800198460712167,171.60418367851526
9479,11116,0.0024981952293479685,0.0011181754949292644,0.0,0.00013800197344187041,171.62087109405547
9480,11118,0.0024981952288087974,0.0011181753276297624,0.0,0.00013800199011790347,171.64506265055388
9481,11119,0.002498195228680446,0.0011181756376242556,0.0,0.00013800195910561907,171.66162308305502
9482,11121,0.002498195227337436,0.001118175374448272,0.0,0.00013800198528891638,171.68556997179985
9483,11122,0.002498195226415862,0.0011181754867948764,0.0,0.00013800197396209856,171.7022573845461
9484,11124,0.0024981952258638558,0.0011181753180632336,0.0,0.00013800199078006222,171.72635708842427
9485,11125,0.002498195225736883,0.0011181756289878168,0.0,0.00013800195967490664,171.74317370913923
9486,11127,0.002498195224397066,0.0011181753649973805,0.0,0.0001380019859399685,171.76743564754725
9487,11128,0.002498195223481491,0.0011181754779266049,0.0,0.00013800197455548862,171.7842079885304
9488,11130,0.002498195222929187,0.0011181753074942374,0.0,0.000138001991543495,171.80814792308956
9489,11131,0.00249819522281853,0.0011181756232836822,0.0,0.00013800195995348477,171.8246714109555
9490,11133,0.0024981952214571594,0.0011181753556409632,0.0,0.00013800198658161963,171.84866944886744
9491,11134,0.002498195220537059,0.0011181754688395107,0.0,0.00013800197516975485,171.86528885085136
9492,11136,0.002498195219989662,0.0011181752981547792,0.0,0.00013800199218348826,171.88930300623178
9493,11137,0.00249819521986996,0.0011181756142066717,0.0,0.00013800196056632883,171.9063009461388
9494,11139,0.002498195218520991,0.0011181753460285354,0.0,0.00013800198724924558,171.93025326170027
9495,11140,0.002498195217604164,0.0011181754606222028,0.0,0.00013800197569819613,171.94704075157642
9496,11142,0.0024981952170526492,0.0011181752888323245,0.0,0.00013800199282203247,171.97149363253266
9497,11143,0.002498195216922982,0.0011181756052036547,0.0,0.00013800196117193274,171.9881499093026
9498,11145,0.0024981952155876614,0.0011181753367029768,0.0,0.00013800198788846844,172.01220330409706
9499,11146,0.002498195214669486,0.0011181754517235272,0.0,0.0001380019762945959,172.02890822663903
9500,11148,0.002498195214120777,0.0011181752786199584,0.0,0.00013800199355008187,172.0531806545332
9501,11149,0.002498195214006609,0.0011181755988119422,0.0,0.00013800196151946665,172.0699425265193
9502,11151,0.0024981952126534577,0.0011181753273047385,0.0,0.00013800198853487192,172.09403342567384
9503,11152,0.0024981952117415582,0.0011181754430722262,0.0,0.0001380019768669332,172.11083872430027
9504,11154,0.002498195211186517,0.001118175268604371,0.0,0.0001380019942582146,172.13473778869957
9505,11155,0.0024981952110760663,0.0011181755919365897,0.0,0.00013800196191394767,172.15163677558303
9506,11157,0.0024981952097240176,0.0011181753182659864,0.0,0.00013800198914580314,172.17572245374322
9507,11158,0.002498195208799077,0.0011181754335084235,0.0,0.00013800197752906535,172.19237460009754
9508,11160,0.002498195208252473,0.00111817525872229,0.0,0.00013800199495301828,172.21651975717396
9509,11161,0.0024981952081432834,0.0011181755847604223,0.0,0.0001380019623382861,172.23319976963103
9510,11163,0.002498195206779334,0.0011181753091299284,0.0,0.00013800198976494053,172.2572472160682
9511,11164,0.0024981952058637253,0.001118175424269278,0.0,0.0001380019781594447,172.2740173181519
9512,11166,0.0024981952053158302,0.0011181752483939548,0.0,0.0001380019956921875,172.29823487903923
9513,11168,0.00249819520477184,0.0011181754201018972,0.0,0.00013800197846699429,172.32251276262105
9514,11169,0.002498195204650591,0.0011181750896768657,0.0,0.00013800201149737255,172.33922919724137
9515,11171,0.002498195203304945,0.001118175360941031,0.0,0.0001380019842363914,172.36349400598556
9516,11172,0.0024981952023844203,0.0011181752381816533,0.0,0.0001380019964202767,172.38009266369045
9517,11174,0.002498195201834871,0.0011181754112012073,0.0,0.00013800197906336636,172.40467980131507
9518,11175,0.0024981952017105627,0.001118175080274099,0.0,0.00013800201214364638,172.42125495895743
9519,11177,0.0024981952003727504,0.0011181753519958996,0.0,0.0001380019848376851,172.44523136131465
9520,11178,0.002498195199460815,0.0011181752286678363,0.0,0.00013800199707929785,172.4620267720893
9521,11180,0.0024981951989137266,0.001118175402631509,0.0,0.00013800197962822179,172.48764479719102
9522,11181,0.0024981951987806937,0.0011181750697805207,0.0,0.0001380020129000173,172.50425550155342
9523,11183,0.0024981951974470777,0.0011181753429847902,0.0,0.00013800198544622878,172.5283070942387
9524,11184,0.002498195196533994,0.0011181752194358771,0.0,0.00013800199770981167,172.54498226288706
9525,11186,0.002498195195985053,0.0011181753950524488,0.0,0.00013800198009326044,172.56954140402377
9526,11187,0.0024981951958748805,0.0011181750565968198,0.0,0.00013800201392780604,172.58631386701018
9527,11189,0.00249819519451939,0.0011181753337265491,0.0,0.0001380019860792841,172.61193312704563
9528,11190,0.002498195193599957,0.0011181752109440204,0.0,0.00013800199826559365,172.62865407858044
9529,11191,0.0024981951934957697,0.0011181755462605664,0.0,0.00013800196472352032,172.64537565317005
9530,11193,0.002498195192130921,0.0011181752626939654,0.0,0.00013800199294369554,172.66997227910906
9531,11194,0.0024981951912162407,0.0011181753816397835,0.0,0.00013800198095764574,172.6868071258068
9532,11196,0.0024981951906703453,0.0011181752013174435,0.0,0.00013800199893529018,172.7117453161627
9533,11197,0.0024981951905638034,0.0011181755382858722,0.0,0.0001380019652277931,172.7286074794829
9534,11199,0.0024981951892038873,0.001118175253328048,0.0,0.0001380019935875839,172.75346823129803
9535,11200,0.002498195188287147,0.0011181753737119062,0.0,0.00013800198145752407,172.7699992619455
9536,11202,0.0024981951877461623,0.0011181751923554763,0.0,0.00013800199953906863,172.79411350563169
9537,11203,0.0024981951876219153,0.0011181755292242956,0.0,0.000138001965839762,172.81093241926283
9538,11205,0.0024981951862798842,0.0011181752445050246,0.0,0.00013800199417748595,172.83511726371944
9539,11206,0.0024981951853631666,0.0011181753643478606,0.0,0.0001380019821015306,172.85187725257128
9540,11207,0.0024981951852609163,0.0011181750187797073,0.0,0.0001380020166481209,172.8687510145828
9541,11209,0.0024981951838982577,0.0011181753019129442,0.0,0.00013800198819853137,172.89286159258336
9542,11210,0.002498195182979283,0.0011181751761191253,0.0,0.00013800200068601578,172.90962624084204
9543,11212,0.002498195182435962,0.0011181753553995554,0.0,0.0001380019827036407,172.93366693984717
9544,11213,0.0024981951823203276,0.0011181750097366105,0.0,0.0001380020172583717,172.95084223896265
9545,11215,0.002498195180972488,0.00111817529320328,0.0,0.00013800198877692076,172.97528856620193
9546,11216,0.0024981951800574715,0.0011181751665853084,0.0,0.00013800200134721628,172.99235023744404
9547,11218,0.0024981951795147814,0.0011181753464837491,0.0,0.00013800198330310326,173.0163843035698
9548,11219,0.002498195179389196,0.0011181750007777582,0.0,0.0001380020178611438,173.0330363502726
9549,11221,0.0024981951780476677,0.001118175284731241,0.0,0.00013800198933164263,173.05747035332024
9550,11222,0.0024981951771351155,0.0011181751564244868,0.0,0.0001380020020710629,173.07416902668774
9551,11224,0.002498195176593371,0.0011181753373682823,0.0,0.00013800198392250888,173.09827571827918
9552,11225,0.0024981951764593132,0.0011181749925262584,0.0,0.00013800201839330546,173.11513815820217
9553,11227,0.0024981951751379965,0.0011181752762548449,0.0,0.00013800198988831515,173.139207852073
9554,11228,0.0024981951742231653,0.0011181751464421446,0.0,0.00013800200277810205,173.15585600119084
9555,11230,0.0024981951736755426,0.0011181753286098894,0.0,0.00013800198450656534,173.18007976654917
9556,11231,0.002498195173537835,0.0011181749834045988,0.0,0.00013800201901332366,173.19684637803584
9557,11233,0.0024981951722218257,0.0011181752676581152,0.0,0.00013800199045637106,173.22095644753426
9558,11234,0.0024981951713130457,0.0011181751369080477,0.0,0.0001380020034404998,173.23893379978836
9559,11236,0.002498195170767433,0.0011181753200641736,0.0,0.00013800198507032594,173.2629300020635
9560,11237,0.0024981951706182295,0.0011181749738080162,0.0,0.00013800201968102135,173.2795956255868
9561,11239,0.0024981951693131537,0.0011181752591226293,0.0,0.00013800199101905247,173.3038269598037
9562,11240,0.0024981951684018375,0.0011181751273151377,0.0,0.00013800200410867,173.32064658775926
9563,11242,0.0024981951678582255,0.001118175311627769,0.0,0.00013800198562304562,173.34501838311553
9564,11243,0.0024981951677071814,0.001118174964012463,0.0,0.0001380020203694718,173.3617341890931
9565,11245,0.0024981951664063396,0.0011181752505515187,0.0,0.00013800199158548208,173.38621253706515
9566,11246,0.0024981951654964325,0.0011181751179293587,0.0,0.0001380020047567074,173.40333366766572
9567,11248,0.0024981951649474506,0.0011181753038048499,0.0,0.00013800198611426008,173.4273430267349
9568,11249,0.0024981951648100163,0.001118174952600521,0.0,0.0001380020212209495,173.44404073245823
9569,11251,0.0024981951634946973,0.0011181752417347606,0.0,0.00013800199217599366,173.46901189628989
9570,11252,0.0024981951625787165,0.0011181751092936459,0.0,0.00013800200532850706,173.48594641778618
9571,11254,0.002498195162043611,0.0011181752945132889,0.0,0.0001380019867530322,173.51018836628646
9572,11255,0.002498195161882237,0.0011181749453768382,0.0,0.0001380020216505399,173.5272438954562
9573,11257,0.002498195160592594,0.0011181752337523592,0.0,0.00013800199268402348,173.55138587206602
9574,11258,0.0024981951596844774,0.001118175098460039,0.0,0.00013800200612244383,173.56820136588067
9575,11260,0.00249819515914124,0.0011181752859913468,0.0,0.00013800198731498932,173.59227302949876
9576,11261,0.002498195158976649,0.0011181749361548717,0.0,0.00013800202228217773,173.60900313220918
9577,11263,0.0024981951576910134,0.001118175225395391,0.0,0.00013800199322956224,173.63354074209929
9578,11264,0.0024981951567862367,0.0011181750888098242,0.0,0.00013800200679764125,173.65022890549153
9579,11266,0.002498195156238241,0.0011181752770399317,0.0,0.0001380019879198309,173.67483583372086
9580,11267,0.002498195156060419,0.001118174928239512,0.0,0.0001380020227820907,173.69154163822532
9581,11269,0.0024981951547875373,0.0011181752170650908,0.0,0.00013800199377224465,173.7160115679726
9582,11270,0.002498195153887398,0.0011181750791985628,0.0,0.00013800200746888353,173.7326964661479
9583,11272,0.002498195153346908,0.0011181752683390178,0.0,0.00013800198850078904,173.7568053100258
9584,11273,0.0024981951531571015,0.0011181749197402503,0.0,0.0001380020233416851,173.77382899075747
9585,11275,0.002498195151897519,0.0011181752085476537,0.0,0.00013800199433498654,173.79797113873065
9586,11276,0.002498195150989458,0.0011181750702258706,0.0,0.0001380020080763587,173.81571055017412
9587,11278,0.002498195150449923,0.001118175259109624,0.0,0.00013800198913402987,173.83967606257647
9588,11279,0.0024981951502446465,0.0011181749128256597,0.0,0.00013800202374189866,173.8563458006829
9589,11281,0.0024981951490077982,0.0011181752007103567,0.0,0.00013800199482974417,173.88027133699507
9590,11282,0.0024981951481094153,0.0011181750594724696,0.0,0.00013800200886369458,173.89692481793463
9591,11284,0.002498195147566225,0.0011181752510839211,0.0,0.00013800198964823037,173.92166129127145
9592,11285,0.002498195147360563,0.0011181749026671077,0.0,0.0001380020244693455,173.9383596908301
9593,11287,0.002498195146123427,0.0011181751921242589,0.0,0.00013800199539991683,173.9622448924929
9594,11288,0.002498195145224226,0.0011181750509037577,0.0,0.0001380020094320468,173.9792938902974
9595,11290,0.002498195144677618,0.0011181752431894463,0.0,0.00013800199014881717,174.00348568800837
9596,11291,0.002498195144476553,0.0011181748922246266,0.0,0.00013800202522519262,174.02022991050035
9597,11293,0.0024981951432312766,0.0011181751836924312,0.0,0.00013800199595388456,174.04456478264183
9598,11294,0.0024981951423359663,0.001118175041974685,0.0,0.00013800201003612815,174.06131792720407
9599,11296,0.002498195141788156,0.001118175235138048,0.0,0.00013800199066501075,174.08536612894386
9600,11297,0.0024981951415945112,0.0011181748823033,0.0,0.00013800202592912113,174.10226784925908
9601,11299,0.0024981951403452735,0.00111817517524521,0.0,0.00013800199651000636,174.12627175450325
9602,11300,0.0024981951394498284,0.0011181750331891024,0.0,0.00013800201062607258,174.14298772066832
9603,11302,0.0024981951389097933,0.0011181752270326998,0.0,0.00013800199118770937,174.16710842121392
9604,11303,0.002498195138707495,0.0011181748726264448,0.0,0.00013800202660810504,174.1839783238247
9605,11305,0.0024981951374639572,0.001118175166992961,0.0,0.00013800199704709962,174.20828894991428
9606,11306,0.0024981951365710877,0.0011181750239464825,0.0,0.00013800201126246053,174.2250252403319
9607,11308,0.002498195136024059,0.0011181752197453139,0.0,0.00013800199162787455,174.24920941703022
9608,11309,0.0024981951358381263,0.0011181748607438124,0.0,0.00013800202750943136,174.26673551648855
9609,11311,0.0024981951345775487,0.0011181751584423802,0.0,0.00013800199761351687,174.2912727771327
9610,11312,0.002498195133684619,0.0011181750155885516,0.0,0.0001380020118096067,174.3082664012909
9611,11314,0.002498195133139225,0.0011181752121984896,0.0,0.00013800199209407351,174.33306837175041
9612,11315,0.002498195132960299,0.0011181748496556186,0.0,0.00013800202833046801,174.34985140524805
9613,11317,0.002498195131689967,0.0011181751497816876,0.0,0.00013800199819082796,174.37403558380902
9614,11318,0.0024981951307968915,0.0011181750076012839,0.0,0.00013800201231956073,174.3907181257382
9615,11320,0.0024981951302472357,0.0011181752049509975,0.0,0.0001380019925296238,174.41516803298146
9616,11321,0.002498195130087822,0.001118174837759792,0.0,0.000138002029232803,174.43188271299005
9617,11323,0.00249819512880321,0.0011181751411600159,0.0,0.00013800199876431944,174.45603326149285
9618,11324,0.0024981951278966073,0.0011181749995597605,0.0,0.00013800201283368466,174.4726444138214
9619,11326,0.002498195127361556,0.0011181751965658627,0.0,0.00013800199307956932,174.49668657500297
9620,11327,0.0024981951271926288,0.001118174829142432,0.0,0.0001380020298050197,174.51338974572718
9621,11329,0.0024981951259157387,0.0011181751331715282,0.0,0.00013800199927442106,174.53731352370232
9622,11330,0.0024981951250150113,0.0011181749898421943,0.0,0.0001380020135172817,174.55407036002725
9623,11332,0.002498195124471235,0.001118175188458585,0.0,0.000138001993601265,174.5782209057361
9624,11333,0.00249819512429889,0.0011181748198223383,0.0,0.0001380020304476552,174.59502204321325
9625,11335,0.0024981951230313142,0.001118175124857427,0.0,0.0001380019998173887,174.61921524908394
9626,11336,0.0024981951221283555,0.0011181749811424986,0.0,0.00013800201409858569,174.63584481272846
9627,11338,0.0024981951215841377,0.0011181751800582143,0.0,0.00013800199415259232,174.66010271385312
9628,11339,0.0024981951214094436,0.0011181748114204929,0.0,0.00013800203099889507,174.67681635171175
9629,11341,0.002498195120149486,0.0011181751170635168,0.0,0.00013800200030859695,174.7013632664457
9630,11342,0.0024981951192456905,0.0011181749710708901,0.0,0.00013800201481748006,174.7189474804327
9631,11344,0.0024981951187053497,0.0011181751710577527,0.0,0.0001380019947647597,174.7428978011012
9632,11345,0.0024981951185087227,0.0011181748048282605,0.0,0.0001380020313680462,174.75958134885877
9633,11347,0.0024981951172674093,0.001118175109016952,0.0,0.0001380020008250457,174.78348257299513
9634,11348,0.0024981951163739902,0.0011181749618558413,0.0,0.0001380020154518149,174.80027033947408
9635,11350,0.0024981951158286877,0.001118175163357553,0.0,0.00013800199524711346,174.8242349056527
9636,11351,0.002498195115634879,0.0011181747946890604,0.0,0.0001380020320945819,174.8408349454403
9637,11353,0.002498195114394807,0.0011181751005315396,0.0,0.00013800200138632673,174.8647229205817
9638,11354,0.0024981951134914354,0.0011181749539385171,0.0,0.00013800201595529183,174.88136839028448
9639,11356,0.0024981951129503816,0.0011181751558136408,0.0,0.0001380019957136741,174.90543868672103
9640,11357,0.0024981951127664662,0.0011181747841869122,0.0,0.00013800203285795537,174.92202016431838
9641,11359,0.0024981951115128874,0.0011181750924063693,0.0,0.0001380020019106518,174.94654390309006
9642,11360,0.002498195110618228,0.0011181749450625957,0.0,0.00013800201655556326,174.96320031676441
9643,11362,0.002498195110074118,0.0011181751480321268,0.0,0.0001380019962041991,174.98762668296695
9644,11363,0.002498195109884474,0.0011181747744210826,0.0,0.0001380020335463391,175.00438693352044
9645,11365,0.0024981951086400205,0.0011181750841223693,0.0,0.00013800200245176513,175.02926240302622
9646,11366,0.002498195107736842,0.0011181749367177732,0.0,0.00013800201710190688,175.04646302107722
9647,11368,0.0024981951072004928,0.00111817514047113,0.0,0.00013800199667293628,175.0709386235103
9648,11369,0.0024981951070189067,0.0011181747641399056,0.0,0.00013800203428790013,175.0875463904813
9649,11371,0.002498195105760992,0.0011181750762593054,0.0,0.00013800200295016867,175.11208909470588
9650,11372,0.002498195104864229,0.001118174927269833,0.0,0.00013800201775943964,175.12873096950352
9651,11374,0.0024981951043203427,0.0011181751322597842,0.0,0.00013800199720605586,175.15330844931304
9652,11375,0.002498195104135243,0.0011181747557313859,0.0,0.0001380020348403857,175.17011298704892
9653,11377,0.00249819510288177,0.0011181750683023656,0.0,0.00013800200345794042,175.19527314044535
9654,11378,0.002498195101990926,0.0011181749181943498,0.0,0.00013800201837965766,175.2119801910594
9655,11380,0.002498195101443905,0.0011181751241836554,0.0,0.00013800199772602494,175.23704086150974
9656,11381,0.0024981951012593637,0.0011181747470734012,0.0,0.00013800203541859625,175.25376834720373
9657,11383,0.00249819510001278,0.001118175060213537,0.0,0.00013800200397992433,175.27777016349137
9658,11384,0.002498195099120261,0.0011181749096174829,0.0,0.00013800201895027781,175.2946493299678
9659,11386,0.00249819509857699,0.0011181751174678628,0.0,0.0001380019981109127,175.31900978647172
9660,11387,0.0024981950984034476,0.0011181747346929126,0.0,0.0001380020363710535,175.3357937010005
9661,11389,0.0024981950971395706,0.0011181750517816373,0.0,0.00013800200453579332,175.35998369380832
9662,11390,0.0024981950962486158,0.0011181749019966696,0.0,0.0001380020194251946,175.37674675881863
9663,11392,0.0024981950957055086,0.001118175110291006,0.0,0.00013800199854145027,175.40086391475052
9664,11393,0.0024981950955400662,0.0011181747236376667,0.0,0.00013800203719023998,175.41765382140875
9665,11395,0.0024981950942658264,0.001118175043625754,0.0,0.00013800200506400724,175.4414892727509
9666,11396,0.0024981950933716393,0.0011181748936656473,0.0,0.0001380020199705992,175.4585496056825
9667,11398,0.002498195092827467,0.001118175102757129,0.0,0.0001380019990070338,175.48299245908856
9668,11399,0.002498195092672537,0.001118174713643594,0.0,0.00013800203790289428,175.49965539295226
9669,11401,0.0024981950913908037,0.0011181750353975604,0.0,0.00013800200559932433,175.52364998683333
9670,11402,0.0024981950904911605,0.001118174885632924,0.0,0.00013800202048582367,175.5402741022408
9671,11404,0.00249819508994837,0.0011181750948452101,0.0,0.00013800199951031597,175.56430197041482
9672,11405,0.0024981950897952033,0.001118174704781255,0.0,0.0001380020385013948,175.58095613867044
9673,11407,0.002498195088516301,0.001118175027605045,0.0,0.00013800200609112562,175.60512150730938
9674,11408,0.0024981950876194247,0.0011181748764556262,0.0,0.00013800202111637983,175.62220180686563
9675,11410,0.0024981950870770694,0.0011181750863781474,0.0,0.0001380020000698922,175.64626398682594
9676,11411,0.0024981950869043344,0.0011181746975703617,0.0,0.00013800203893339725,175.66307124868035
9677,11413,0.002498195085640695,0.001118175019908579,0.0,0.0001380020065732116,175.68708779569715
9678,11414,0.002498195084747807,0.001118174867142589,0.0,0.0001380020217605218,175.70395789202303
9679,11416,0.002498195084211398,0.0011181750782270742,0.0,0.0001380020005984324,175.72813336830586
9680,11417,0.0024981950840310893,0.0011181746895884929,0.0,0.00013800203944425962,175.74525700882077
9681,11419,0.002498195082780091,0.0011181750121225756,0.0,0.00013800200706575152,175.7707012668252
9682,11420,0.002498195081886277,0.0011181748581682487,0.0,0.00013800202237180284,175.78796372562647
9683,11422,0.002498195081343629,0.0011181750706606177,0.0,0.00013800200106830113,175.81226154323667
9684,11423,0.002498195081163334,0.0011181746800610385,0.0,0.00013800204011022956,175.8293955149129
9685,11425,0.0024981950799125192,0.0011181750040324934,0.0,0.00013800200758800257,175.8535570660606
9686,11426,0.002498195079018303,0.0011181748501281651,0.0,0.0001380020228890138,175.87021776940674
9687,11428,0.00249819507847963,0.001118175063854616,0.0,0.0001380020014625014,175.89426130894572
9688,11429,0.0024981950783098286,0.0011181746684874744,0.0,0.00013800204098223543,175.91098933201283
9689,11431,0.002498195077042977,0.001118174995858234,0.0,0.0001380020081184743,175.93501861207187
9690,11432,0.002498195076148094,0.0011181748423656306,0.0,0.0001380020233782463,175.95207375846803
9691,11434,0.002498195075613556,0.0011181750560368777,0.0,0.00013800200195766783,175.97623689565808
9692,11435,0.0024981950754382042,0.001118174659804355,0.0,0.00013800204156338492,175.99288886226714
9693,11437,0.002498195074182338,0.0011181749878967653,0.0,0.0001380020086285573,176.0168390935287
9694,11438,0.0024981950732805144,0.0011181748341049427,0.0,0.00013800202391755717,176.03360578417778
9695,11440,0.0024981950727417713,0.0011181750482910748,0.0,0.00013800200244506964,176.0577987190336
9696,11441,0.0024981950725688753,0.0011181746509806858,0.0,0.00013800204215881897,176.0749422730878
9697,11443,0.002498195071307322,0.001118174980251614,0.0,0.00013800200910557076,176.09907305706292
9698,11444,0.0024981950704190295,0.0011181748250153934,0.0,0.0001380020245403636,176.11588409170508
9699,11446,0.0024981950698794277,0.0011181750415357355,0.0,0.0001380020028343692,176.14003412332386
9700,11447,0.0024981950697183716,0.0011181746394954774,0.0,0.00013800204302228942,176.15668423101306
9701,11449,0.0024981950684433377,0.0011181749721840696,0.0,0.00013800200962592682,176.18052033986896
9702,11450,0.002498195067551167,0.001118174817181321,0.0,0.00013800202503698455,176.1971708284691
9703,11452,0.0024981950670082635,0.0011181750346017322,0.0,0.00013800200324065316,176.22126180958003
9704,11453,0.0024981950668610843,0.001118174628554769,0.0,0.0001380020438306315,176.23795112222433
9705,11455,0.002498195065577545,0.0011181749642235727,0.0,0.00013800201013539727,176.26205455418676
9706,11456,0.0024981950646784414,0.0011181748091070314,0.0,0.00013800202555714098,176.2788042211905
9707,11458,0.002498195064145086,0.0011181750260557842,0.0,0.00013800200380893017,176.3039763374254
9708,11459,0.002498195063974116,0.0011181746222011912,0.0,0.0001380020441772925,176.32078373618424
9709,11461,0.0024981950627186575,0.0011181749564261095,0.0,0.00013800201062925483,176.34502516593784
9710,11462,0.0024981950618206358,0.0011181748007242892,0.0,0.00013800202610963466,176.36170557606965
9711,11464,0.0024981950612822856,0.0011181750193728697,0.0,0.00013800200419094162,176.38586253114045
9712,11465,0.002498195061128331,0.0011181746107311878,0.0,0.00013800204503971433,176.40302504505962
9713,11467,0.002498195059844762,0.0011181749484543606,0.0,0.00013800201113904015,176.42702250368893
9714,11468,0.0024981950589487005,0.0011181747928200628,0.0,0.00013800202661286377,176.44409010373056
9715,11470,0.0024981950584144867,0.00111817501230032,0.0,0.0001380020046114167,176.4681603135541
9716,11471,0.0024981950582698667,0.0011181746003920345,0.0,0.00013800204578778323,176.4847376840189
9717,11473,0.002498195056988438,0.0011181749408014582,0.0,0.00013800201161869797,176.50876958761364
9718,11474,0.002498195056087998,0.001118174784114988,0.0,0.00013800202719730097,176.5253885947168
9719,11476,0.00249819505554759,0.0011181750047621873,0.0,0.00013800200507854026,176.5494546527043
9720,11477,0.00249819505539834,0.0011181745914377401,0.0,0.00013800204639605998,176.5670588640496
9721,11479,0.0024981950541153927,0.0011181749327920981,0.0,0.00013800201213232943,176.59117838274688
9722,11480,0.0024981950532203413,0.0011181747764892212,0.0,0.000138002027673112,176.60798771306872
9723,11482,0.00249819505268491,0.0011181749976151892,0.0,0.00013800200550697207,176.63254474289715
9724,11483,0.0024981950525446587,0.001118174581474436,0.0,0.00013800204710702227,176.64922397118062
9725,11485,0.002498195051255464,0.0011181749250932522,0.0,0.00013800201261622122,176.67329703550786
9726,11486,0.0024981950503562356,0.001118174768058377,0.0,0.00013800202822978586,176.69012515060604
9727,11488,0.0024981950498181044,0.0011181749901872998,0.0,0.00013800200596308048,176.71428983844817
9728,11489,0.00249819504967977,0.0011181745723522788,0.0,0.00013800204773274915,176.73095229826868
9729,11491,0.002498195048391341,0.0011181749174444383,0.0,0.00013800201309469026,176.7550547355786
9730,11492,0.0024981950474912357,0.0011181747595746497,0.0,0.0001380020287916586,176.77183405403048
9731,11494,0.002498195046956548,0.0011181749822619623,0.0,0.00013800200646945854,176.79608543869108
9732,11495,0.002498195046801304,0.0011181745647126631,0.0,0.00013800204820886406,176.81300211232156
9733,11497,0.002498195045521721,0.0011181749096480687,0.0,0.0001380020135873652,176.83707452658564
9734,11498,0.0024981950446319083,0.0011181747516037142,0.0,0.00013800202930281942,176.85387808922678
9735,11500,0.0024981950440952417,0.0011181749761425203,0.0,0.00013800200679527213,176.87841054890305
9736,11501,0.0024981950439628376,0.0011181745521033455,0.0,0.0001380020491859492,176.89517004415393
9737,11503,0.0024981950426651717,0.0011181749017144318,0.0,0.00013800201409507396,176.91933950968087
9738,11504,0.0024981950417644967,0.0011181747440375035,0.0,0.00013800202977269933,176.93618354946375
9739,11506,0.0024981950412253052,0.001118174968648338,0.0,0.00013800200725769672,176.96032925043255
9740,11507,0.002498195041093435,0.0011181745433754507,0.0,0.00013800204977179844,176.9769827760756
9741,11509,0.002498195039796959,0.0011181748937652022,0.0,0.00013800201460317568,177.00152537226677
9742,11510,0.0024981950389004926,0.001118174736600318,0.0,0.00013800203023001746,177.0192013308406
9743,11512,0.002498195038365985,0.001118174962255432,0.0,0.00013800200761105526,177.04337175469846
9744,11513,0.0024981950382469047,0.0011181745316517098,0.0,0.00013800205065951946,177.06015637516975
9745,11515,0.0024981950369259145,0.001118174885840315,0.0,0.00013800201510855996,177.08469298947603
9746,11516,0.0024981950360306072,0.0011181747291089596,0.0,0.00013800203069216474,177.10142306704074
9747,11517,0.0024981950359281965,0.0011181751589747924,0.0,0.0001380019876953404,177.11810691282153
9748,11519,0.0024981950345960326,0.0011181747971662009,0.0,0.0001380020237429832,177.1426159767434
9749,11520,0.002498195033704342,0.001118174951837257,0.0,0.00013800200818670852,177.15932307112962
9750,11522,0.002498195033165188,0.001118174721509459,0.0,0.00013800203116557291,177.18330562952906
9751,11523,0.0024981950330428106,0.0011181751499863694,0.0,0.00013800198830564415,177.20054648071527
9752,11525,0.002498195031733367,0.001118174789236392,0.0,0.00013800202424969752,177.22446779813617
9753,11526,0.0024981950308387733,0.0011181749446723423,0.0,0.00013800200861664312,177.24115786515176
9754,11528,0.0024981950303044143,0.0011181747137735162,0.0,0.00013800203165308984,177.26530631445348
9755,11529,0.0024981950301717288,0.0011181751422086907,0.0,0.00013800198879630382,177.2828604131937
9756,11531,0.002498195028870904,0.001118174781354757,0.0,0.0001380020247516147,177.3079170100391
9757,11532,0.0024981950279757883,0.0011181749373575882,0.0,0.00013800200906182,177.3248560577631
9758,11534,0.0024981950274409006,0.0011181747057785977,0.0,0.0001380020321662303,177.34908040612936
9759,11535,0.0024981950273066577,0.0011181751352211074,0.0,0.000138001989208555,177.3657692084089
9760,11537,0.0024981950260129825,0.0011181747736811168,0.0,0.0001380020252331866,177.389801136218
9761,11538,0.0024981950251147236,0.001118174929554862,0.0,0.00013800200955598618,177.40645447652787
9762,11539,0.0024981950250151917,0.0011181744875232665,0.0,0.0001380020537491925,177.4230461269617
9763,11541,0.0024981950236854806,0.0011181748507063656,0.0,0.0001380020172979115,177.44745868630707
9764,11542,0.002498195022786188,0.0011181746914342438,0.0,0.00013800203313519437,177.464135046117
9765,11543,0.0024981950226740817,0.0011181751284853028,0.0,0.0001380019894188779,177.48082463257015
9766,11545,0.0024981950213566534,0.001118174761119848,0.0,0.00013800202602368055,177.50493411161005
9767,11546,0.0024981950204554584,0.0011181749170006599,0.0,0.00013800201034547987,177.52155302185565
9768,11547,0.0024981950203441794,0.0011181744751766797,0.0,0.00013800205451674997,177.53818186372519
9769,11549,0.0024981950190281262,0.0011181748387063578,0.0,0.00013800201803217685,177.5622036419809
9770,11550,0.002498195018134159,0.0011181746775560158,0.0,0.00013800203405781435,177.5788420168683
9771,11552,0.002498195017598081,0.0011181749090623332,0.0,0.00013800201085357476,177.60284026060253
9772,11553,0.0024981950174750387,0.0011181744679756424,0.0,0.00013800205494993962,177.61969963088632
9773,11555,0.0024981950161674787,0.0011181748314678783,0.0,0.00013800201846996002,177.6437561698258
9774,11556,0.002498195015272837,0.0011181746688131906,0.0,0.00013800203464596467,177.66044406872243
9775,11558,0.0024981950147433844,0.0011181749008259121,0.0,0.00013800201139174724,177.68493020813912
9776,11559,0.0024981950146029134,0.0011181744619696281,0.0,0.00013800205526332852,177.70164505485445
9777,11561,0.002498195013314621,0.0011181748241442617,0.0,0.0001380020189170359,177.7261194093153
9778,11562,0.0024981950124211196,0.0011181746603321915,0.0,0.00013800203520889282,177.74278220999986
9779,11564,0.0024981950118886697,0.001118174893528241,0.0,0.00013800201183604286,177.76679203193635
9780,11565,0.002498195011749024,0.001118174453458868,0.0,0.0001380020558290156,177.7833874905482
9781,11567,0.0024981950104662597,0.0011181748170314891,0.0,0.00013800201934347704,177.80739558301866
9782,11568,0.0024981950095722097,0.0011181746513515961,0.0,0.00013800203582206135,177.824215317145
9783,11570,0.0024981950090387753,0.0011181748859350514,0.0,0.0001380020123103724,177.84833821374923
9784,11571,0.0024981950088968207,0.0011181744459043473,0.0,0.00013800205629924733,177.86508799996227
9785,11573,0.0024981950076136093,0.0011181748098101484,0.0,0.00013800201978034606,177.8891339795664
9786,11574,0.0024981950067268976,0.0011181746427820058,0.0,0.00013800203639448917,177.90583831164986
9787,11576,0.002498195006189357,0.0011181748784174661,0.0,0.0001380020127771891,177.92978841532022
9788,11577,0.002498195006030886,0.0011181744382282447,0.0,0.0001380020567802641,177.94636926800013
9789,11579,0.0024981950047693506,0.001118174801802637,0.0,0.00013800202029667132,177.97032458521426
9790,11580,0.0024981950038783663,0.0011181746365346392,0.0,0.00013800203673437273,177.9869279647246
9791,11582,0.0024981950033416515,0.0011181748733624344,0.0,0.00013800201299792172,178.01119992882013
9792,11583,0.0024981950032220276,0.0011181744237421423,0.0,0.0001380020579479885,178.02794509753585
9793,11585,0.002498195001916747,0.0011181747944454873,0.0,0.00013800202074712597,178.05193484108895
9794,11586,0.0024981950010247557,0.0011181746283972778,0.0,0.0001380020372627478,178.0686875777319
9795,11588,0.002498195000489166,0.0011181748660805053,0.0,0.00013800201344086607,178.09267402719706
9796,11589,0.002498195000367392,0.0011181744155336422,0.0,0.000138002058483375,178.10930019244552
9797,11591,0.0024981949990669243,0.0011181747868153572,0.0,0.0001380020212251567,178.133330790326
9798,11592,0.002498194998174964,0.0011181746211874856,0.0,0.00013800203769874785,178.14997879322618
9799,11594,0.002498194997639342,0.0011181748597598566,0.0,0.0001380020137879485,178.17422182112932
9800,11595,0.0024981949975235417,0.0011181744047084107,0.0,0.0001380020592815131,178.1909258607775
9801,11597,0.002498194996210176,0.0011181747790930277,0.0,0.00013800202171171483,178.21497899014503
9802,11598,0.002498194995318305,0.0011181746142416831,0.0,0.00013800203810766218,178.23170004971325
9803,11599,0.0024981949952088108,0.001118175066713229,0.0,0.00013800199284955817,178.24825133383274
9804,11601,0.0024981949938891754,0.001118174686191023,0.0,0.00013800203076981521,178.27228516433388
9805,11602,0.0024981949929940165,0.0011181748494105744,0.0,0.00013800201435834418,178.28934928402305
9806,11604,0.0024981949924692067,0.0011181746071522235,0.0,0.0001380020385316983,178.313574119471
9807,11605,0.002498194992340305,0.0011181750573871474,0.0,0.00013800199349531576,178.33109035529196
9808,11607,0.0024981949910432796,0.001118174678354744,0.0,0.00013800203126885358,178.35549000371248
9809,11608,0.002498194990153093,0.0011181748431062096,0.0,0.00013800201470468828,178.372233572416
9810,11610,0.002498194989620085,0.0011181745989720694,0.0,0.00013800203906480155,178.396353517659
9811,11611,0.00249819498949453,0.0011181750519641896,0.0,0.00013800199375303405,178.41315214522183
9812,11613,0.0024981949881977736,0.0011181746710874664,0.0,0.00013800203171103072,178.43721415195614
9813,11614,0.002498194987309743,0.0011181748351894783,0.0,0.00013800201521202646,178.45461657550186
9814,11615,0.0024981949872023112,0.0011181743711531737,0.0,0.00013800206160491374,178.471287753433
9815,11617,0.0024981949858813345,0.001118174752564851,0.0,0.00013800202333164832,178.49534582160413
9816,11618,0.0024981949849848806,0.00111817458574451,0.0,0.00013800203992403708,178.51202018093318
9817,11619,0.002498194984871516,0.0011181750438194829,0.0,0.0001380019941052033,178.5287786666304
9818,11621,0.0024981949835586785,0.0011181746588894682,0.0,0.00013800203246692105,178.55291998945177
9819,11622,0.002498194982671862,0.0011181748233157491,0.0,0.00013800201593561125,178.56964831240475
9820,11623,0.0024981949825591057,0.001118174358573544,0.0,0.00013800206239855618,178.5863592280075
9821,11625,0.002498194981243992,0.0011181747403954502,0.0,0.00013800202408485414,178.6105073634535
9822,11626,0.002498194980352543,0.0011181745739955622,0.0,0.0001380020406356981,178.62734946794808
9823,11627,0.002498194980223638,0.0011181750308752716,0.0,0.00013800199493483662,178.64405816141516
9824,11629,0.0024981949789288807,0.0011181746459617554,0.0,0.00013800203329671253,178.66819972917438
9825,11630,0.002498194978044124,0.0011181748137822768,0.0,0.0001380020164261847,178.68513037730008
9826,11632,0.0024981949775139166,0.0011181745660526574,0.0,0.00013800204114612592,178.7092340644449
9827,11633,0.0024981949773775804,0.0011181750242828187,0.0,0.00013800199530947618,178.72588581591845
9828,11635,0.0024981949760883113,0.0011181746389695654,0.0,0.0001380020337118746,178.749956747517
9829,11636,0.002498194975195559,0.001118174805460666,0.0,0.0001380020169734893,178.76667372882366
9830,11637,0.002498194975093431,0.0011181743350099878,0.0,0.00013800206400834428,178.78337507415563
9831,11639,0.0024981949737717534,0.0011181747215495443,0.0,0.0001380020252222209,178.80753800086677
9832,11640,0.0024981949728815193,0.001118174553243134,0.0,0.00013800204196383852,178.82421174831688
9833,11641,0.00249819497276125,0.0011181750154513018,0.0,0.00013800199573099482,178.84081664308906
9834,11643,0.002498194971463581,0.001118174626287248,0.0,0.0001380020345176333,178.8655826766044
9835,11644,0.00249819497057359,0.0011181747954579681,0.0,0.00013800201751156216,178.8822207916528
9836,11646,0.002498194970041016,0.0011181745458933507,0.0,0.00013800204241476652,178.90627126395702
9837,11647,0.002498194969907907,0.0011181750073879831,0.0,0.0001380019962519924,178.92290953174233
9838,11649,0.0024981949686181306,0.0011181746189456191,0.0,0.00013800203496725115,178.94775268714875
9839,11650,0.0024981949677359144,0.0011181747883232263,0.0,0.00013800201794126883,178.96441871114075
9840,11652,0.002498194967203106,0.0011181745371342366,0.0,0.00013800204300688692,178.98843451589346
9841,11653,0.002498194967081229,0.0011181750041261947,0.0,0.0001380019962955034,179.00502321403474
9842,11655,0.002498194965785114,0.0011181746119699302,0.0,0.00013800203538151838,179.02907285932451
9843,11656,0.0024981949648928653,0.0011181747801208555,0.0,0.00013800201847720097,179.04578362870961
9844,11657,0.002498194964780411,0.0011181743052861965,0.0,0.00013800206594942146,179.06247541774064
9845,11659,0.0024981949634710864,0.0011181746958219515,0.0,0.0001380020267649135,179.0864570159465
9846,11660,0.002498194962577213,0.0011181745246493884,0.0,0.00013800204379278247,179.10322318132967
9847,11661,0.002498194962468784,0.0011181749948377814,0.0,0.00013800199676310026,179.12087904289365
9848,11663,0.0024981949611631,0.0011181745993924387,0.0,0.00013800203617706617,179.14529432356358
9849,11664,0.0024981949602701768,0.001118174770247391,0.0,0.00013800201900227856,179.162307289429
9850,11666,0.002498194959738105,0.0011181745181371343,0.0,0.00013800204416009707,179.18636311590672
9851,11667,0.0024981949596098695,0.0011181749846920076,0.0,0.0001380019974917862,179.2031064890325
9852,11669,0.002498194958327338,0.0011181745916418442,0.0,0.00013800203666854935,179.22789394576102
9853,11670,0.002498194957437541,0.0011181747645436012,0.0,0.000138002019289394,179.2447211947292
9854,11672,0.0024981949569091748,0.0011181745118565398,0.0,0.0001380020445052635,179.2692072642967
9855,11673,0.002498194956758783,0.0011181749748247392,0.0,0.00013800199819340438,179.28585007973015
9856,11675,0.0024981949554938555,0.0011181745837692684,0.0,0.0001380020371724587,179.31011631153524
9857,11676,0.002498194954613591,0.0011181747592214797,0.0,0.0001380020195392111,179.32682977616787
9858,11678,0.002498194954081951,0.0011181745051582627,0.0,0.00013800204489236885,179.35115813557059
9859,11679,0.0024981949539149622,0.0011181749662241005,0.0,0.0001380019987690862,179.36799234896898
9860,11681,0.0024981949526730477,0.001118174576240541,0.0,0.00013800203764325068,179.39215818606317
9861,11682,0.0024981949517888097,0.0011181747530417717,0.0,0.00013800201987470382,179.40879326220602
9862,11684,0.002498194951255796,0.001118174497735425,0.0,0.0001380020453520371,179.43334046471864
9863,11685,0.002498194951093175,0.0011181749597602038,0.0,0.0001380019991332971,179.4501865748316
9864,11687,0.0024981949498517984,0.0011181745685944862,0.0,0.00013800203812573122,179.47425062395632
9865,11688,0.002498194948969598,0.0011181747472503768,0.0,0.0001380020201719221,179.49088479857892
9866,11690,0.002498194948437904,0.0011181744907669778,0.0,0.00013800204576709261,179.51515047810972
9867,11691,0.0024981949482586535,0.0011181749520992666,0.0,0.00013800199961593867,179.53183508943766
9868,11693,0.002498194947031766,0.0011181745614957282,0.0,0.00013800203855360375,179.55635293200612
9869,11694,0.002498194946148885,0.0011181747400451545,0.0,0.00013800202061037305,179.57310660462826
9870,11696,0.0024981949456169845,0.0011181744831306889,0.0,0.00013800204624862954,179.59725536964834
9871,11697,0.0024981949454367883,0.0011181749463912178,0.0,0.00013800199990455706,179.61398593895137
9872,11699,0.002498194944209351,0.0011181745544867302,0.0,0.00013800203897226207,179.639257713221
9873,11700,0.002498194943330678,0.0011181747326085903,0.0,0.00013800202107220875,179.65596728865057
9874,11702,0.0024981949427961077,0.0011181744741844402,0.0,0.00013800204686116675,179.6799604455009
9875,11703,0.0024981949426401253,0.0011181749443836637,0.0,0.00013800199982564617,179.69668630044907
9876,11705,0.002498194941384398,0.0011181745474038,0.0,0.00013800203939805982,179.72092946246266
9877,11706,0.002498194940505166,0.001118174725386935,0.0,0.0001380020215118231,179.7376424819231
9878,11708,0.002498194939974631,0.0011181744660884352,0.0,0.00013800204738861958,179.7622100347653
9879,11709,0.0024981949398253113,0.0011181749400573683,0.0,0.0001380019999767943,179.7798118935898
9880,11711,0.002498194938561464,0.0011181745403480718,0.0,0.0001380020398213392,179.80410771723837
9881,11712,0.002498194937680237,0.0011181747181789382,0.0,0.0001380020219501299,179.8207524549216
9882,11714,0.0024981949371503725,0.0011181744585061408,0.0,0.00013800204786442317,179.84577932208776
9883,11715,0.0024981949370044727,0.0011181749343686883,0.0,0.00013800200026357844,179.86249052546918
9884,11717,0.0024981949357394347,0.0011181745330284144,0.0,0.00013800204027110204,179.88664380274713
9885,11718,0.0024981949348609916,0.0011181747117922553,0.0,0.00013800202230687363,179.90340237133205
9886,11720,0.0024981949343267675,0.0011181744508635555,0.0,0.00013800204834632122,179.92747216112912
9887,11721,0.0024981949341815377,0.0011181749288934086,0.0,0.0001380020005288129,179.94412359129637
9888,11723,0.002498194932917957,0.00111817452565129,0.0,0.00013800204072666667,179.96834849007428
9889,11724,0.0024981949320381325,0.0011181747056143792,0.0,0.00013800202264237533,179.98511593509465
9890,11726,0.0024981949315086033,0.0011181744448368204,0.0,0.00013800204866717833,180.00970494747162
9891,11727,0.0024981949313449756,0.0011181749190131136,0.0,0.00013800200123318616,180.02637057285756
9892,11729,0.0024981949300958276,0.0011181745180371561,0.0,0.00013800204120586714,180.0503433123231
9893,11730,0.00249819492922433,0.0011181747002559355,0.0,0.00013800202289683942,180.06722456216812
9894,11732,0.002498194928696607,0.001118174439169769,0.0,0.0001380020489526838,180.0917012579739
9895,11733,0.002498194928502534,0.0011181749082384018,0.0,0.00013800200202641321,180.1088394857943
9896,11735,0.0024981949272882605,0.0011181745104141402,0.0,0.000138002041687412,180.13292321376503
9897,11736,0.0024981949264147275,0.001118174695038877,0.0,0.00013800202313758503,180.1497019501403
9898,11738,0.0024981949258810754,0.0011181744314612025,0.0,0.00013800204944198729,180.17399179376662
9899,11739,0.0024981949256993367,0.001118174903244989,0.0,0.00013800200224543477,180.1906292224303
9900,11741,0.0024981949244768263,0.0011181745035010054,0.0,0.00013800204209758212,180.21465078089386
9901,11742,0.002498194923599407,0.001118174687874263,0.0,0.0001380020235725144,180.2312923874706
9902,11744,0.002498194923070597,0.001118174424794224,0.0,0.0001380020498276373,180.2553214682266
9903,11745,0.002498194922879964,0.0011181748954221978,0.0,0.0001380020027457766,180.2720081610605
9904,11747,0.0024981949216705684,0.0011181744961724705,0.0,0.0001380020425498098,180.29692585766315
9905,11748,0.0024981949207963554,0.0011181746819602806,0.0,0.00013800202388360752,180.31392006762326
9906,11750,0.002498194920263981,0.0011181744169893233,0.0,0.00013800205032746577,180.33828811347485
9907,11751,0.002498194920078601,0.0011181748908508165,0.0,0.00013800200292277844,180.355060714297
9908,11753,0.002498194918860535,0.0011181744891764645,0.0,0.00013800204296840707,180.3791475482285
9909,11754,0.0024981949179864603,0.001118174675166621,0.0,0.00013800202428198395,180.396066153422
9910,11756,0.002498194917456082,0.0011181744097314495,0.0,0.00013800205077246324,180.42044780682772
9911,11757,0.0024981949172691105,0.0011181748848346175,0.0,0.00013800200324344932,180.43786607775837
9912,11759,0.002498194916055435,0.0011181744821298833,0.0,0.0001380020433925552,180.46204383298755
9913,11760,0.002498194915180509,0.0011181746686033808,0.0,0.00013800202465771283,180.47920278832316
9914,11762,0.0024981949146469498,0.0011181744032186137,0.0,0.0001380020511428336,180.50343446899205
9915,11763,0.0024981949144516997,0.0011181748768004846,0.0,0.0001380020037651215,180.52023497596383
9916,11765,0.002498194913250421,0.0011181744745639972,0.0,0.0001380020438686424,180.54471097886562
9917,11766,0.0024981949123786913,0.0011181746635823833,0.0,0.00013800202487963077,180.56137686315924
9918,11768,0.002498194911849721,0.0011181743961610076,0.0,0.00013800205156887135,180.58546274714172
9919,11769,0.002498194911647488,0.0011181748703877022,0.0,0.0001380020041259786,180.6021824227646
9920,11771,0.002498194910450985,0.0011181744675087513,0.0,0.00013800204429422334,180.6263816896826
9921,11772,0.0024981949095772863,0.0011181746572098683,0.0,0.0001380020252367418,180.64370081108063
9922,11774,0.0024981949090468556,0.0011181743889028502,0.0,0.00013800205201440054,180.66793947853148
9923,11775,0.002498194908851329,0.0011181748645959363,0.0,0.00013800200442553928,180.6846233746037
9924,11777,0.0024981949076479048,0.001118174460202893,0.0,0.00013800204474450118,180.7086237296462
9925,11778,0.0024981949067741202,0.0011181746515878718,0.0,0.00013800202551862484,180.72531544417143
9926,11780,0.0024981949062508274,0.0011181743840473427,0.0,0.00013800205222034849,180.74940722621977
9927,11781,0.0024981949060200806,0.0011181748522230432,0.0,0.0001380020053797037,180.76606363523751
9928,11783,0.002498194904855662,0.0011181744522493705,0.0,0.00013800204526062917,180.79029478970915
9929,11784,0.0024981949039914555,0.0011181746479730446,0.0,0.0001380020256018411,180.8070486150682
9930,11786,0.0024981949034641004,0.0011181743768393661,0.0,0.00013800205266247342,180.8312502419576
9931,11787,0.0024981949032278333,0.0011181748464964673,0.0,0.00013800200567313663,180.8479495672509
9932,11789,0.0024981949020577354,0.001118174445405902,0.0,0.00013800204566518333,180.8720985930413
9933,11790,0.002498194901200861,0.001118174641286527,0.0,0.00013800202599143342,180.88918026071042
9934,11792,0.0024981949006689695,0.0011181743691619703,0.0,0.00013800205315069996,180.91328402794898
9935,11793,0.002498194900446289,0.001118174842159432,0.0,0.0001380020058286857,180.92996473703533
9936,11795,0.002498194899273164,0.0011181744382774735,0.0,0.0001380020460995691,180.95401961542666
9937,11796,0.002498194898405906,0.0011181746354462713,0.0,0.00013800202629596348,180.97083351761103
9938,11798,0.0024981948978811735,0.0011181743644656066,0.0,0.00013800205334155667,180.99486317671835
9939,11799,0.002498194897625397,0.0011181748295991832,0.0,0.0001380020068026214,181.01186423562467
9940,11801,0.002498194896488413,0.0011181744307693854,0.0,0.00013800204657190277,181.03608837909997
9941,11802,0.0024981948956254,0.00111817463083713,0.0,0.00013800202647882697,181.05285424832255
9942,11804,0.0024981948950980482,0.0011181743579002264,0.0,0.00013800205371978217,181.0770372422412
9943,11805,0.002498194894829586,0.001118174822335476,0.0,0.000138002007249411,181.09359348006546
9944,11807,0.002498194893706419,0.0011181744237935467,0.0,0.00013800204699128722,181.1176919247955
9945,11808,0.0024981948928446186,0.001118174624786178,0.0,0.00013800202680584405,181.1342807849869
9946,11810,0.0024981948923117263,0.0011181743501713763,0.0,0.000138002054214035,181.15829349868
9947,11811,0.0024981948920579393,0.0011181748183908757,0.0,0.00013800200736670636,181.17497184779495
9948,11813,0.0024981948909273714,0.0011181744172876925,0.0,0.00013800204736396786,181.1990211745724
9949,11814,0.0024981948900645308,0.001118174617477761,0.0,0.00013800202725867698,181.21623790822923
9950,11816,0.002498194889532101,0.001118174342278004,0.0,0.00013800205472540972,181.24100526142865
9951,11817,0.0024981948892891207,0.001118174814981378,0.0,0.00013800200743077428,181.25763733219355
9952,11819,0.002498194888143173,0.0011181744105392152,0.0,0.00013800204776039576,181.28224670421332
9953,11820,0.0024981948872808335,0.0011181746108838728,0.0,0.00013800202763969606,181.30013800691813
9954,11822,0.002498194886749051,0.0011181743342751809,0.0,0.000138002055247387,181.32498280517757
9955,11823,0.0024981948865171084,0.0011181748119225728,0.0,0.00013800200745945354,181.34209236409515
9956,11825,0.0024981948853596563,0.0011181744041256565,0.0,0.00013800204812339998,181.36640054360032
9957,11826,0.002498194884493407,0.001118174603391095,0.0,0.00013800202811023118,181.38307528197765
9958,11828,0.0024981948839619727,0.00111817432650607,0.0,0.00013800205574559024,181.40750317368656
9959,11829,0.002498194883739942,0.0011181748082540843,0.0,0.00013800200754858575,181.4245929364115
9960,11831,0.002498194882572277,0.0011181743973176122,0.0,0.0001380020485254665,181.44903749227524
9961,11832,0.0024981948816997735,0.00111817459704837,0.0,0.00013800202846514034,181.4656864721328
9962,11834,0.0024981948811756806,0.0011181743217134785,0.0,0.00013800205594622017,181.4897016165778
9963,11835,0.0024981948809248596,0.0011181747963603828,0.0,0.0001380020084564477,181.50632027164102
9964,11837,0.002498194879785725,0.001118174390199798,0.0,0.0001380020489585927,181.53098392952234
9965,11838,0.0024981948789278416,0.0011181745917526228,0.0,0.00013800202871752187,181.54773918911815
9966,11840,0.0024981948783948625,0.0011181743147892433,0.0,0.00013800205636056194,181.57209865842015
9967,11841,0.002498194878146535,0.001118174790494916,0.0,0.00013800200876516193,181.5888952743262
9968,11843,0.0024981948770071167,0.001118174382581041,0.0,0.00013800204944260759,181.61295444890857
9969,11844,0.0024981948761533795,0.001118174587854128,0.0,0.00013800202882992513,181.63044973369688
9970,11846,0.00249819487562355,0.0011181743090767264,0.0,0.00013800205665468235,181.65531864855438
9971,11847,0.002498194875354933,0.0011181747813573566,0.0,0.00013800200939975766,181.67245147190988
9972,11849,0.0024981948742347944,0.0011181743756889617,0.0,0.00013800204985458324,181.6968152038753
9973,11850,0.0024981948733821136,0.0011181745820841732,0.0,0.00013800202912979406,181.71394581068307
9974,11852,0.0024981948728473435,0.0011181743017931033,0.0,0.00013800205710542404,181.73841355461627
9975,11853,0.0024981948725840575,0.0011181747766612527,0.0,0.00013800200959228047,181.75517900288105
9976,11855,0.002498194871463877,0.0011181743689206503,0.0,0.00013800205025432267,181.77921878173947
9977,11856,0.0024981948706059793,0.0011181745759994513,0.0,0.00013800202946065283,181.79584700521082
9978,11858,0.0024981948700768964,0.0011181742953528613,0.0,0.00013800205747240354,181.81985970493406
9979,11859,0.0024981948698042477,0.0011181747696986965,0.0,0.00013800201001055513,181.83645288459957
9980,11861,0.002498194868688774,0.0011181743623861267,0.0,0.00013800205063026474,181.86034405697137
9981,11862,0.0024981948678350265,0.0011181745693428656,0.0,0.00013800202984921611,181.87697786744684
9982,11864,0.0024981948673048846,0.0011181742883297871,0.0,0.00013800205789750973,181.90192956104875
9983,11865,0.002498194867036189,0.00111817476442057,0.0,0.00013800201026156192,181.9187590489164
9984,11867,0.0024981948659193853,0.0011181743552549847,0.0,0.00013800205106644008,181.94285157695413
9985,11868,0.0024981948650674678,0.0011181745644010296,0.0,0.00013800203006664383,181.95948053803295
9986,11870,0.002498194864542732,0.0011181742809579854,0.0,0.0001380020583584747,181.98345135618
9987,11871,0.002498194864269594,0.0011181747601889443,0.0,0.00013800201040806492,182.0001101801172
9988,11873,0.002498194863145421,0.0011181743487518306,0.0,0.00013800205143935904,182.02418691385537
9989,11874,0.0024981948622948297,0.0011181745577667293,0.0,0.00013800203045281006,182.04084118176252
9990,11876,0.002498194861765856,0.0011181742743876606,0.0,0.00013800205873781954,182.06472898088396
9991,11877,0.002498194861494959,0.0011181747537831333,0.0,0.00013800201077118258,182.08142390009016
9992,11879,0.002498194860377832,0.0011181743421760618,0.0,0.00013800205182017703,182.1062228847295
9993,11880,0.002498194859524066,0.001118174551424165,0.0,0.0001380020308099901,182.12291068024933
9994,11882,0.0024981948589952274,0.0011181742676411586,0.0,0.00013800205913540688,182.1468615429476
9995,11883,0.002498194858724133,0.0011181747479311333,0.0,0.00013800201107929996,182.16360611654818
9996,11885,0.0024981948576143177,0.001118174335847318,0.0,0.0001380020521767,182.18920020852238
9997,11886,0.0024981948567568872,0.0011181745444625636,0.0,0.00013800203122943237,182.2059029219672
9998,11888,0.0024981948562291635,0.0011181742586919483,0.0,0.00013800205975372155,182.23007027991116
9999,11889,0.002498194855984988,0.0011181747482696526,0.0,0.00013800201077153354,182.24693706259131
10000,11891,0.0024981948548435705,0.0011181743292016325,0.0,0.00013800205256419383,182.271685811691
