iteration,n_func_evals,loss,pde_loss,ic_loss,bc_loss,wall_time
0,1,5.256605026443817,8.970110648916406e-05,0.5253679678721898,0.00028356466154309226,0.0105381328612566
1,2,4.788685057744453,0.00039982168818063885,0.4613450178718533,0.017483505733773972,0.017517472617328167
2,3,4.737292777803606,0.0016859126704163307,0.4170183081471139,0.05654237836620502,0.024459702894091606
3,4,4.6798122955336074,0.0009605923944236044,0.423196839330774,0.04468833098314435,0.03152761980891228
4,6,4.648800240627608,0.00015450052451515477,0.43168078358507467,0.03318379042523459,0.044754681177437305
5,7,4.577783415056228,0.0034574275459802813,0.4226871780531072,0.03474542069791756,0.05216417368501425
6,8,4.4277950828338914,0.04137990332956482,0.3659174477354777,0.07272407021495494,0.059743670746684074
7,11,3.900487921136307,0.05757818010407496,0.33997643602551114,0.04431453807771206,0.08006483502686024
8,13,3.797596727472038,0.07797611522677199,0.3165179024321788,0.055444158792347785,0.09453940391540527
9,15,3.538085965638795,0.17490920760045633,0.25581448977927596,0.08050318602455789,0.10927028395235538
10,16,3.4665741794567237,0.14063973653953532,0.2695909709839341,0.06300247330778475,0.11814338527619839
11,17,3.4463600687667615,0.1442597040965074,0.2521080728293182,0.07810196363770724,0.12671936117112637
12,18,3.402613675444976,0.15740622729139045,0.2488990832185929,0.0756216615967657,0.13781149126589298
13,19,3.2869829081456987,0.2916598689908525,0.20851542693768632,0.0910168769777983,0.14746559970080853
14,20,3.197126801087263,0.26730196797862715,0.20737646709527607,0.08560601621558753,0.15644092485308647
15,21,3.018526465615208,0.31336398511631797,0.1662652564736375,0.10425099157625155,0.165592635050416
16,22,2.681123808395737,0.5303679648248145,0.09495033627514365,0.12012524808194858,0.17493060044944286
17,23,2.0718606927189986,0.5041732953534662,0.06696445663432124,0.08980428310223201,0.18525842018425465
18,24,1.4291084046054365,0.14816624378693763,0.10886465490188953,0.019229561179960362,0.19487980846315622
19,25,1.1571026710435866,0.12598966853837756,0.07761646473834279,0.025494835512178116,0.20463556796312332
20,26,1.0104663363378044,0.16248350972360937,0.0638832695912613,0.02091501307015821,0.21453779470175505
21,27,0.8091854166074361,0.23697947802972308,0.032906473844099275,0.024314120013672023,0.22468437813222408
22,28,0.6792119213464607,0.254385323094552,0.030051160357836715,0.01243149946735416,0.2350208042189479
23,29,0.583067389163595,0.2024000017694796,0.027412262941031686,0.010654475798379862,0.24543768726289272
24,30,0.5495212285514872,0.1761726158471184,0.030233801862862373,0.007101059407574501,0.2560362694784999
25,31,0.5357146528017513,0.16282188169306988,0.029945682118653824,0.007343594992214321,0.2667911546304822
26,32,0.49469633292172244,0.13323702083557387,0.02894687247495497,0.007199058733659888,0.27780209481716156
27,33,0.4411629561982382,0.1219949516311746,0.024803917598789683,0.007112882857916677,0.28887614142149687
28,34,0.39059354088333376,0.1230440498298112,0.019976106554844997,0.006778842550507261,0.3002640139311552
29,35,0.3745690251168916,0.13034124127414967,0.01729410035663179,0.007128678027642401,0.31157146859914064
30,36,0.3668536526203866,0.13190345029361625,0.01588081263831169,0.007614207594365345,0.32302585057914257
31,37,0.34913970630923213,0.12763247647456272,0.013702903901535795,0.008447819081931146,0.33465574961155653
32,38,0.3169518900877909,0.11102435752057255,0.010920933849758596,0.00967181940696324,0.34638643730431795
33,39,0.28833852572477847,0.08647063731369466,0.010810366311147864,0.009376422529960519,0.3582127830013633
34,40,0.2790696221480883,0.09546159905916769,0.010525383527716816,0.007835418781175243,0.37100907508283854
35,41,0.272252371248642,0.09197928457596928,0.011430996795065913,0.0065963118722013585,0.383113170042634
36,42,0.27018280171332526,0.09053918148451398,0.01173564163694245,0.006228720385938677,0.395313398912549
37,43,0.2693369400102264,0.09119450280170757,0.011867173154525245,0.005947070566326635,0.40799688175320625
38,44,0.26712509118428923,0.0909477332503878,0.011826006587832404,0.00579172920555774,0.4204555181786418
39,45,0.25883052079875696,0.09115247244991904,0.01140539289687027,0.005362411938013523,0.43306839000433683
40,46,0.25117699449243786,0.09289397457140254,0.010769389700880384,0.005058912291223147,0.4461426744237542
41,47,0.24113823297797649,0.0994212684716168,0.009521197689731394,0.004650498760904575,0.4589688125997782
42,48,0.23782178592937475,0.10127676029570278,0.009002800521012832,0.004651702042354364,0.4719093581661582
43,49,0.23728459888595682,0.1028543907750794,0.008740779143706905,0.004702241667380837,0.4849790455773473
44,50,0.2347628721797653,0.10357110804073932,0.008274030002793581,0.0048451464111090164,0.4981846697628498
45,51,0.22510088109519077,0.10178142325169715,0.0075288344244782215,0.004803111359871143,0.5114905536174774
46,52,0.21494958696219793,0.10264153593386995,0.006605187537362517,0.004625617565470281,0.5249667325988412
47,53,0.21174994897276828,0.10188100666440053,0.007132142875134291,0.0038547513557024822,0.5385978305712342
48,54,0.2107045904002084,0.10527299778103338,0.006680809616589723,0.0038623496453277775,0.5526432152837515
49,55,0.21023040356633554,0.10385105031502001,0.007103895318993165,0.0035340400061383897,0.5664720730856061
50,56,0.2096677234076483,0.10330738501771365,0.007218530408544858,0.003417503430448608,0.5805073780938983
51,57,0.20854778535637253,0.10269617795134325,0.007187165454927037,0.003397995285575889,0.5945721920579672
52,58,0.207484785086173,0.10185504145274007,0.007236513765704674,0.003326460597638618,0.6087725330144167
53,59,0.2062202994379621,0.10026261799582531,0.0073740281705720395,0.0032217399736416408,0.6230865772813559
54,60,0.20512660131002097,0.09962516992095037,0.007377457119243868,0.003172686019663195,0.6375739136710763
55,61,0.20329444520347206,0.09869200544169322,0.007270404968412922,0.0031898390077649617,0.6528842225670815
56,62,0.19844532935394105,0.0965938581106547,0.006979507541116183,0.003205639583212451,0.6679175635799766
57,63,0.19192817309406002,0.09100107396134993,0.006760593448756689,0.003332116464514319,0.6827892838045955
58,64,0.18793733330996537,0.09739604422785167,0.0053690858177881445,0.003685043090423225,0.6981267584487796
59,65,0.182999125391975,0.09383041829700312,0.005964261262944017,0.002952609446553169,0.7131861178204417
60,67,0.18185240504963204,0.09248180103993853,0.005955674424534358,0.002981385976434993,0.7356718294322491
61,68,0.17979408819291076,0.09564549570569014,0.00534890321664974,0.0030659560320723234,0.7509702583774924
62,69,0.1739677816192787,0.09636253207918838,0.004792479773887354,0.0029680451801216783,0.7663889834657311
63,70,0.16835549985197368,0.09489617766977092,0.004506112198884155,0.0028398200193361202,0.7819739328697324
64,72,0.16546429478937416,0.08867414170132766,0.00462793110877886,0.00305108420002579,0.804897322319448
65,73,0.161632294591859,0.08837341835288685,0.004483010052343631,0.002842877571553581,0.8206601599231362
66,74,0.15828150297750337,0.08712701645937371,0.004227689868003938,0.0028877587838090266,0.8371464759111404
67,75,0.15222953661158883,0.08433001038415733,0.004060456143475128,0.002729496479268024,0.8532225219532847
68,76,0.1456196180592642,0.07961370629423875,0.003920973681766239,0.0026796174947363066,0.8693950232118368
69,77,0.13891156317538203,0.07602538691656216,0.004315597319474291,0.0019730203064076963,0.8856825288385153
70,79,0.13361070488414117,0.06548674700311602,0.004852087071108715,0.0019603087169938003,0.9095860281959176
71,80,0.1316286188720936,0.06257898706151895,0.00487735785611035,0.0020276053249471144,0.9261742131784558
72,81,0.12892565667576975,0.061119391966522905,0.004867306200098711,0.001913320270825972,0.942858194001019
73,82,0.1277505478213196,0.059194042105814665,0.004926333903461084,0.0019293166680894075,0.959740019403398
74,83,0.12680162347839197,0.05834442579465862,0.004886266805886837,0.001959452962486496,0.9767194958403707
75,84,0.12518969409247935,0.057900146367055164,0.004715835912755046,0.0020131188597873714,0.9937596032395959
76,85,0.11955567199061203,0.05810999398324572,0.004450487295318842,0.001694080505417789,1.0109341572970152
77,86,0.114278210202075,0.06397660609208487,0.0035928782100135364,0.001437282200985476,1.0283211814239621
78,87,0.11312896904907094,0.06786362321741193,0.002472115963116949,0.0020544186200489524,1.0457306634634733
79,88,0.10824987069718343,0.0669392678109754,0.0025533906316662076,0.0015776696569545958,1.063275320455432
80,89,0.10738732013600563,0.06570338594354362,0.002687211994370985,0.001481181424875216,1.0810824185609818
81,90,0.10620149670982301,0.06446900699971309,0.002738600966021599,0.0014346480049893947,1.098907159641385
82,91,0.10402298217986539,0.06438306402464528,0.002618322646906693,0.001345669168615319,1.1168733648955822
83,92,0.10246937354979746,0.06606013089769788,0.002452814598812288,0.0011881096663976696,1.1349847242236137
84,93,0.10072382807128145,0.06700567226987977,0.0023117059095064895,0.0010601096706336786,1.1531663285568357
85,94,0.09944767106556635,0.06916703129405072,0.0020315187120319793,0.0009965452651195838,1.1714973887428641
86,95,0.09834347414791658,0.06820935841244485,0.001982287963685685,0.0010311236098614872,1.1898531122133136
87,96,0.09679542948541409,0.06763059460031703,0.001875782424273694,0.0010407010642360115,1.208413033746183
88,97,0.09395104890317363,0.06533738249622403,0.00184680413594011,0.00101456250475485,1.227132366038859
89,98,0.09313011861087542,0.06494893251110773,0.0018212435860568805,0.0009968750239198886,1.2459782557561994
90,100,0.09272225044518143,0.06427480356001489,0.0018626089509374247,0.0009821357375792293,1.272452648729086
91,101,0.0924941051647079,0.06397145546009549,0.0018418595177194337,0.001010405452741807,1.291484852321446
92,102,0.09193245164700697,0.06326782313519763,0.0018543930362106328,0.001012069814970301,1.310726286843419
93,103,0.09008129484426045,0.0606789174239914,0.001913074253918841,0.0010271634881080637,1.3300715731456876
94,104,0.08886223176870918,0.059426947968458314,0.0019341622019647285,0.0010093661780603582,1.3494788706302643
95,105,0.08680545030492864,0.05708561127514741,0.0019373527599502048,0.001034631143027918,1.3690830180421472
96,106,0.08614345084058753,0.05636402594238998,0.0020216201945256643,0.0009563222952940916,1.3887635618448257
97,107,0.08523485901012604,0.056598683589764096,0.0019106037302267388,0.0009530138118094555,1.4094328647479415
98,108,0.0850423250462301,0.05593139691679129,0.001953351358001534,0.0009577414549423473,1.42942700907588
99,109,0.08490274607965541,0.05646127762945853,0.00184350627225605,0.0010006405727636385,1.4495649002492428
100,110,0.084735666592231,0.056235459436068974,0.0018520570891998151,0.0009979636264163879,1.4697238253429532
101,111,0.08449246318935819,0.05588618778226271,0.0018595087481852713,0.001001118792524277,1.4907731171697378
102,112,0.08400985610524461,0.05544480848384681,0.0018565613974915267,0.000999943364648254,1.5110591109842062
103,113,0.0833359541713146,0.05440895901692594,0.0018144862472604605,0.0010782132681784065,1.5315069062635303
104,114,0.08223933499728892,0.053848399445204934,0.0018678250847823856,0.0009712684704260126,1.5519207837060094
105,115,0.08143430964371355,0.05383615894502478,0.0017676803686681208,0.0009921347012007563,1.5722866347059608
106,116,0.0807387417596077,0.053442311213539054,0.0017846413655744175,0.0009450016890324467,1.5925935469567776
107,117,0.08039092389196355,0.05289035488684352,0.001806976916843406,0.000943079983668597,1.6128735402598977
108,118,0.08016033146627405,0.05363719826653454,0.0018250039283033517,0.0008273093916705984,1.6336172949522734
109,119,0.08002048617795311,0.05307951639202099,0.0018732351345666805,0.0008208618440265315,1.6538819428533316
110,120,0.0798741280037866,0.05262221720889635,0.001896651426575597,0.0008285396529134271,1.6750036934390664
111,121,0.07969390909293432,0.051973124931612505,0.0019492816101321392,0.0008227968060000423,1.6952934563159943
112,122,0.07935306766974404,0.050856594515379716,0.002044308193320118,0.0008053391221163145,1.7155863847583532
113,123,0.07870995834721337,0.049560203996739056,0.0021156728717277064,0.0007993025633197255,1.7359344586730003
114,124,0.07712882436320581,0.0472027234301453,0.0021958250294245134,0.0007967850638815374,1.7570089818909764
115,125,0.07550165288417755,0.04684467973067768,0.00209297736436059,0.0007727199509893979,1.777318143285811
116,126,0.07371973503374821,0.04634203735905981,0.0019766138067868816,0.0007611559606819584,1.7976144552230835
117,127,0.07223911867189411,0.04793374582632555,0.0017213959589251096,0.0007091413256317463,1.817919410765171
118,128,0.07146853625941713,0.045599982801869,0.00180472156592577,0.0007821337798290427,1.8382853362709284
119,129,0.07095468439393139,0.04582032485061788,0.0018223417929646806,0.0006910941613666706,1.8585472973063588
120,130,0.07078400791239231,0.045867951852744435,0.0018007704052296887,0.0006908352007350997,1.8788885837420821
121,131,0.07040301838197846,0.04527850920823354,0.0018117132994029154,0.0007007376179715759,1.8991842977702618
122,132,0.0698026081381384,0.044627919494147475,0.0018068319286885133,0.0007106369357105791,1.9194489447399974
123,133,0.06742600333669564,0.04152908925098077,0.0019056953591524046,0.0006839960494190827,1.9398050094023347
124,134,0.06431274109779002,0.03807067824358816,0.0018848557485866447,0.0007393505368335413,1.9601884540170431
125,135,0.06026996885829318,0.0374529632051285,0.001667995432146352,0.0006137051331701161,1.9809087561443448
126,136,0.05813808842665541,0.03677863780729606,0.00144532368686261,0.0006906213750733246,2.00198797788471
127,138,0.056794665765612,0.036905733077005974,0.0013319291081580651,0.0006569641607025378,2.0303195836022496
128,140,0.05578029569490675,0.03772141030413307,0.0012306247198633996,0.0005752638192139684,2.0577854653820395
129,141,0.05539266740394557,0.0371320333952966,0.001290829616941284,0.000535233783923613,2.0781134655699134
130,142,0.05505964328787598,0.03808341446158953,0.0011151711788357107,0.0005824517037929335,2.0985008822754025
131,143,0.05483415068063286,0.03780665236360176,0.0011483052549125252,0.0005544445767905842,2.119182468391955
132,144,0.05473091074794348,0.038004877833081936,0.0011490282586211677,0.000523575032864987,2.139525720849633
133,145,0.0544921909823574,0.03746172148562834,0.0011880891202590785,0.0005149578294138276,2.159812201745808
134,146,0.05392061667594336,0.03691946028702321,0.0011977683041211663,0.0005023473347708486,2.1802072199061513
135,147,0.05305380967282609,0.03636246215661081,0.0012076528369374428,0.0004614819146840844,2.2010233430191875
136,148,0.052247428034357765,0.03670524758840549,0.001145568201666164,0.0004086498429290642,2.2212893022224307
137,149,0.051836510929926125,0.03710468517304141,0.001107251326787476,0.0003659312489009957,2.241572679951787
138,150,0.05166417891235853,0.03684328610188231,0.0011392492798466196,0.0003428400012010025,2.2617993000894785
139,151,0.05151914742672777,0.036704746241185505,0.0011360011765058783,0.00034543894204834867,2.2821712037548423
140,152,0.05128984131251607,0.036314682627306256,0.0011467253282679566,0.00035079054025302495,2.302445608191192
141,153,0.05106808978882038,0.036049191119998034,0.0011366721685846495,0.0003652176982975853,2.3227188661694527
142,154,0.05055292201093707,0.03543488877881314,0.0011198254147868725,0.0003919779084255212,2.343004511669278
143,155,0.04973113149939212,0.03472307410401151,0.0010664424111062182,0.00043436332843184395,2.363633133471012
144,156,0.04874555918880028,0.03423085496382851,0.000996808587889958,0.0004546618346072197,2.3840039893984795
145,157,0.04756282604996464,0.03408938714292281,0.0009525895981111205,0.00039475429259306196,2.4054541494697332
146,158,0.046344786049521546,0.03424227535294442,0.0009060533045885633,0.0003041977650691494,2.425742918625474
147,159,0.04543975733703741,0.03471938557673225,0.0008010749643458673,0.0002709622116846486,2.446018300950527
148,160,0.043997793655199104,0.034937297375720086,0.0006834253929057115,0.00022262423504218996,2.4663068586960435
149,162,0.04312999363299988,0.035004579413065944,0.0005419580065841809,0.00027058341540921226,2.4937300933524966
150,163,0.041364690987139595,0.03356070060137125,0.0005253937536839346,0.00025500528489290017,2.514043791219592
151,164,0.04047849443327067,0.03170020649161255,0.000642071338033309,0.00023575745613250277,2.5344487046822906
152,165,0.039667121612144675,0.03043436075127543,0.0006888655986259187,0.00023441048746100556,2.554774710908532
153,167,0.039243089853553265,0.030092326598145428,0.0006381241101243027,0.0002769522154164809,2.583254602737725
154,168,0.039147843271626674,0.029666360864560197,0.000660121638641757,0.00028802660206489087,2.603510913439095
155,169,0.03844893602117234,0.029337353759253778,0.0006404323266982796,0.0002707258994935763,2.6237826822325587
156,170,0.03814453908451916,0.028940526503256812,0.0006538738326788522,0.00026652742544738285,2.6440584659576416
157,171,0.03731898406975916,0.02846689221081641,0.0006051822077955372,0.00028002697809873835,2.664346802048385
158,173,0.03545054077676137,0.026410251443285942,0.0005584455724344458,0.00034558336091309737,2.691835179924965
159,174,0.03295158113363508,0.02479694864747488,0.0004081791122220161,0.00040728413639400465,2.7120885513722897
160,176,0.0315863844263073,0.02353172489127825,0.0003818684991657472,0.00042359745433715726,2.7396327992901206
161,178,0.030195589114704147,0.022813774198380606,0.0003468889120469315,0.0003912925795854225,2.767080786637962
162,180,0.029334380622322697,0.021416989318058733,0.00038021007819461394,0.0004115290522317825,2.7949412213638425
163,182,0.028640656225756435,0.021022517831758555,0.000399228786452441,0.0003625850529473467,2.8228502487763762
164,184,0.028311384314370615,0.02095992355087078,0.0003839636008412969,0.00035118247550868653,2.8504239320755005
165,185,0.02786218165642252,0.020435032630725106,0.00040884797824340875,0.00033386692432633275,2.8707577092573047
166,186,0.0271017200737948,0.019535050223979278,0.00045434521507707,0.0003023217699044819,2.8911688812077045
167,187,0.026158043978038,0.0193627420367318,0.0004085583563058673,0.00027097183782475267,2.9115348188206553
168,188,0.025680169573144236,0.018844696760388448,0.0004340857278995986,0.00024946155337598027,2.9318726509809494
169,189,0.025174646574867253,0.0187257196937224,0.00042259810538686665,0.0002222945827276186,2.952310956083238
170,190,0.024744600741305713,0.01827794727298089,0.0004063156400964604,0.00024034970673602205,2.972623698413372
171,191,0.024038214541497644,0.01833839231587023,0.00037792663508254737,0.00019205558748019392,2.9929494159296155
172,192,0.023321854503372742,0.018132848775035786,0.0003430003193045544,0.00017590025352914125,3.013247069902718
173,193,0.02267725435077045,0.018427822051044807,0.00027445079968823287,0.00015049243028433129,3.0336619885638356
174,194,0.022472623166573478,0.018067797685414645,0.00027605777931782833,0.00016442476879805488,3.0539768608286977
175,195,0.0221289950084205,0.01804927970414819,0.00025356774876087205,0.00015440378166635898,3.074290028773248
176,196,0.021877714753452984,0.018106041966936676,0.00021911300186829456,0.00015805427678333613,3.094690323807299
177,197,0.021685084914588672,0.017828652964398534,0.00021725979127035387,0.00016838340374866002,3.1150014977902174
178,198,0.021536083339422196,0.017646452625016053,0.00021183762024399956,0.0001771254511966145,3.1353508615866303
179,199,0.02121086317551965,0.017331097056258998,0.00020592248708059638,0.000182054124845469,3.15563303232193
180,200,0.020375964702928767,0.016128781366630065,0.00022145943122398222,0.00020325890240588805,3.1759253786876798
181,201,0.019648281686344374,0.0154717451605735,0.00022924694208543292,0.00018840671049165443,3.196296935901046
182,202,0.018436784942860423,0.013505094502676233,0.00024639384382009775,0.00024677520019832127,3.2165533946827054
183,203,0.017335206184922684,0.012223576817594426,0.0002745185198751613,0.00023664441685766435,3.236875806003809
184,204,0.016280408391201342,0.011646500339185527,0.0002698454505333187,0.0001935453546682626,3.2571885427460074
185,206,0.015309229872768896,0.010533133311210979,0.00026879752223281844,0.00020881213392297333,3.2846844578161836
186,207,0.014098753086925677,0.009356415204818058,0.00024751641269076116,0.00022671737552000076,3.305740898475051
187,208,0.013218474141492543,0.009399665374268186,0.00021095512972151112,0.00017092574700092454,3.3260025959461927
188,209,0.012766430779219448,0.009159245531691795,0.00017599413026928698,0.0001847243944834784,3.346281422302127
189,210,0.012558311093775504,0.009135413291945919,0.0001685988801100527,0.00017369090007290572,3.36659081466496
190,211,0.01222310274133191,0.009138160837969162,0.00015499827224020311,0.00015349591809607182,3.3869344545528293
191,212,0.011915509812834575,0.008676900342894114,0.0001703893097924306,0.00015347163720161555,3.4071944132447243
192,213,0.011509197882248946,0.008307909669118745,0.0001810768916737405,0.00013905192963927946,3.4274747082963586
193,214,0.011267387712156305,0.007782896267942547,0.00020071824567343536,0.00014773089874794043,3.4477478731423616
194,215,0.01101006176968156,0.007610833425884795,0.0002075351460708898,0.00013238768830878657,3.468003557063639
195,216,0.010894866574373887,0.007751585075172553,0.00018783215346147814,0.0001264959964586552,3.488308629952371
196,217,0.010710413749441835,0.00782928669279104,0.00016746673805069316,0.00012064596761438653,3.508572444319725
197,218,0.010598129884075573,0.007877120660450161,0.0001581305832489694,0.00011397033911357188,3.5288189630955458
198,219,0.010489030851611195,0.00781267622465602,0.00015902839636038345,0.00010860706633513413,3.549185968004167
199,220,0.010326484261692404,0.007703013533458274,0.0001627155718383657,9.963150098504737e-05,3.5695271380245686
200,221,0.009991975850042563,0.007450718720708286,0.00016720285229334975,8.692286064007797e-05,3.5898576993495226
201,222,0.009649966687018613,0.007092193411496026,0.00018203162864573216,7.374569890652657e-05,3.6101329987868667
202,223,0.009369262560567138,0.006776146578003025,0.00018756491719570557,7.17466810607056e-05,3.631585529074073
203,224,0.00909295453261025,0.00650390859399779,0.00019065831217309235,6.824628168815354e-05,3.6518547516316175
204,225,0.008887463994702513,0.006270173795073762,0.0001908826376191103,7.084638234376475e-05,3.6721671763807535
205,226,0.008753718867331024,0.006177451614771308,0.00019069315139053848,6.693357386543318e-05,3.6924632666632533
206,227,0.008576870913896733,0.005979499740459022,0.00019712524254198173,6.261187480178936e-05,3.7127425661310554
207,228,0.00847037926251699,0.005882863369604048,0.0001992676896086175,5.9483899682676665e-05,3.733104920014739
208,229,0.008383329719588174,0.005813918445440796,0.00019926442667145996,5.767670074327784e-05,3.7533645713701844
209,230,0.008305088530600956,0.005770935601529018,0.00019472001304973477,5.869527985745898e-05,3.7736636996269226
210,231,0.008230949611005109,0.005785700939805475,0.00018454933253742262,5.9975534582540663e-05,3.7949580270797014
211,232,0.008175825956871066,0.005783880446332569,0.00017758905743550527,6.160549361834447e-05,3.815236176364124
212,233,0.008103525665169978,0.005770684093906668,0.00016900716342730976,6.427699369902132e-05,3.8355720220133662
213,234,0.00794531208408988,0.005683027544276559,0.00015906137713428273,6.716707684704944e-05,3.855864412151277
214,235,0.007654511399729339,0.005507935669924221,0.00014835484116047996,6.630273182003186e-05,3.8761647697538137
215,236,0.007404701488195638,0.005231068124148314,0.0001499695026804881,6.739383372424433e-05,3.8969767400994897
216,237,0.007256273186885193,0.00504066612156699,0.0001532721646167126,6.828854191510767e-05,3.9172779265791178
217,238,0.0071239041672364264,0.004855151528466279,0.00015833951904382215,6.853574483319254e-05,3.9376227278262377
218,239,0.0070386202197844,0.0047895131541030546,0.00015333362605728115,7.157708051085338e-05,3.957978157326579
219,240,0.006958629876558208,0.004811428868585342,0.00014533478961287536,6.938531118441126e-05,3.978281134739518
220,241,0.006907157067094141,0.004798119194586912,0.00013534114236265777,7.556264488806509e-05,3.9985632728785276
221,242,0.006872203860397882,0.004829378044387671,0.00012981458548287089,7.446799611815014e-05,4.019761287607253
222,243,0.006821162383624335,0.004849335102922256,0.00012422819070611877,7.295453736408906e-05,4.040084908716381
223,244,0.006748379896152158,0.004830277943323032,0.00011718219033656067,7.462800494635206e-05,4.0604246677830815
224,245,0.0066844815692250915,0.004793498715478635,0.00011506170910700898,7.40365762676367e-05,4.080764391459525
225,246,0.0065998816183222555,0.004746866431598657,0.00011243143033009977,7.287008834226013e-05,4.101018470712006
226,247,0.006475979704349194,0.004691737235739886,0.00010886205304923485,6.956219381169602e-05,4.121295179240406
227,248,0.006308116054190199,0.004640290193218162,0.00010237505131998797,6.440753477721571e-05,4.141663962043822
228,249,0.006201155282825773,0.00455607301568464,0.00010089683159992293,6.36113951141904e-05,4.162288931198418
229,250,0.0061126750170880685,0.004480941643101147,9.659453716632741e-05,6.657880023236469e-05,4.182620015926659
230,251,0.00606957864964641,0.004477946891595626,9.724110204269278e-05,6.192207376238563e-05,4.202950328588486
231,252,0.006051378605403115,0.004437617220357401,9.767717140830569e-05,6.369896709626568e-05,4.223187587223947
232,253,0.006035028264912021,0.004408765753082563,9.833732064340231e-05,6.428893053954344e-05,4.2435660399496555
233,254,0.00599618363855557,0.004334929540513301,0.00010084449543278002,6.528091437144688e-05,4.263870616443455
234,255,0.005937951906482347,0.004265829130513007,0.00010189477604950613,6.531750154742784e-05,4.284265393391252
235,256,0.005800722794517228,0.0041077146501227405,0.00010565583410293963,6.364498033650913e-05,4.305696212686598
236,257,0.005686700827642974,0.004073821276064466,0.00010207650910596358,5.9211446051887374e-05,4.326731774024665
237,258,0.005625347631027101,0.004042648196554479,0.00010311410993922362,5.5155833508038654e-05,4.347082572057843
238,259,0.005598512248043693,0.00406374642975308,0.00010101595894842754,5.246062288063381e-05,4.367377080954611
239,260,0.005584345809172491,0.004086039726583073,9.912412359696381e-05,5.070648466197803e-05,4.387861415743828
240,261,0.005571665097563249,0.004113730580609027,9.964442436590351e-05,4.614902732951873e-05,4.408166547305882
241,262,0.005549943510159291,0.004090733836458103,9.89419665154102e-05,4.69790008547085e-05,4.429375192150474
242,263,0.005472980863895701,0.004031917062854816,9.683369464757591e-05,4.727268545651258e-05,4.4496799586340785
243,264,0.005430041908415614,0.004015830681856607,9.517494820473347e-05,4.6246174451167234e-05,4.469989488832653
244,265,0.005358799936494984,0.003996457146976322,9.278217585182585e-05,4.345210310004036e-05,4.490237871184945
245,266,0.005268247868667374,0.003923061445711815,9.220412956551676e-05,4.2314512730039126e-05,4.5105012357234955
246,267,0.00510874980371379,0.0037513040170886977,9.24436707697188e-05,4.330090789279042e-05,4.5308234533295035
247,268,0.00494332941464779,0.0035682722878150057,9.495734034818788e-05,4.2548372335090514e-05,4.551653500646353
248,269,0.0047863248901429765,0.0033326504405887213,0.00010004412665553067,4.5323318299894816e-05,4.572001322172582
249,270,0.004657683727882129,0.003092365741184384,0.00011193060906493956,4.4601189604834914e-05,4.592273401096463
250,271,0.004546288920330949,0.0029492558162391527,0.00010914269765371729,5.056061275546238e-05,4.612556924112141
251,273,0.004468428915911439,0.0028921389325981236,0.00010800015829392625,4.962884003740527e-05,4.640503886155784
252,274,0.004364979552061318,0.0028850038645936125,0.00010471498650347903,4.328258224329154e-05,4.660787522792816
253,275,0.0043105951182856525,0.0028170297512469977,0.00010766111728889797,4.16954194149675e-05,4.681069903075695
254,277,0.004276778088142693,0.002733604510977655,0.0001092091937551304,4.5108163961373384e-05,4.708518107421696
255,278,0.004253489166359962,0.0027193323302705827,0.00010858016938380694,4.483551422513104e-05,4.728803006932139
256,279,0.00423790302872722,0.002683139345974755,0.00011059129548232459,4.488507279292193e-05,4.749102931469679
257,280,0.004220927414350982,0.0026608773107956937,0.0001100296854427915,4.597532491273724e-05,4.769387754611671
258,281,0.004197397012137212,0.002615768464622745,0.00011105879102740432,4.7104063724042334e-05,4.7897480847314
259,282,0.004151205195571333,0.0025766982658536864,0.00011015599611679578,4.729469685496884e-05,4.8103984938934445
260,283,0.00412740549391925,0.00255724688871329,0.00011103759218083467,4.597826833976131e-05,4.830758941359818
261,284,0.004104881442923258,0.002576617309856601,0.00010883840236021843,4.3988010946447267e-05,4.8510220516473055
262,285,0.004086715030181596,0.0025752544869127023,0.00010812431775835134,4.3021736568538096e-05,4.871312697418034
263,286,0.004023389763784326,0.0025502884181755297,0.00010709771990403087,4.021241465684877e-05,4.891468862071633
264,287,0.003975040445928177,0.002495391820634071,0.00010813395234294675,3.983091018646379e-05,4.911811899393797
265,288,0.003915971782836307,0.0024369002745626444,0.00010866904333340959,3.9238107493956715e-05,4.932085992768407
266,289,0.003870025266307555,0.002375906994518265,0.0001102964758657703,3.911535131315869e-05,4.952383999712765
267,290,0.003841461524165302,0.0023667646920701975,0.00010979606619607534,3.7673617013435085e-05,4.973681686446071
268,291,0.003818437472863947,0.0023506485438919106,0.0001086225591946994,3.8156333702504227e-05,4.993964875116944
269,292,0.0037936668342944445,0.0023479594069091164,0.00010890486893267515,3.566587380585767e-05,5.014238892123103
270,293,0.0037505752624293898,0.002332318007050595,0.00010563200277951149,3.6193722758368024e-05,5.035018331371248
271,294,0.0037003729766150275,0.0023098721278539533,0.00010139317329828025,3.765691157782716e-05,5.056093090213835
272,295,0.0036312588097602598,0.0022868027103677465,9.475035326484668e-05,3.9695256674404636e-05,5.076390076428652
273,296,0.003561648867107317,0.0022713144734983993,8.758620684276932e-05,4.144723251812247e-05,5.096710065379739
274,297,0.0035177961281564066,0.0022661214312356317,8.348308453880425e-05,4.168438515327324e-05,5.1173507096245885
275,298,0.0034927006399030074,0.002258036828209896,8.21336524321505e-05,4.133272873716068e-05,5.137676494196057
276,299,0.0034645086134879434,0.0022473682098984676,8.085671467720834e-05,4.085732568173927e-05,5.15795087441802
277,300,0.0034450526040347633,0.002231221126643653,7.989365969455785e-05,4.148948804455318e-05,5.179072804749012
278,301,0.0034319822999754382,0.002219789401228377,7.987302244643505e-05,4.134626742827109e-05,5.199344526976347
279,302,0.0034187556419212634,0.00220369652910882,8.015493843857134e-05,4.135097284267301e-05,5.219643410295248
280,303,0.003402377969725183,0.0021921919604625147,7.993361959324301e-05,4.108498133302377e-05,5.241473353467882
281,304,0.0033825637387134566,0.0021740348236328464,8.018690807008495e-05,4.066598343797608e-05,5.261742241680622
282,305,0.0033461541884465848,0.002153123497961593,7.740618016333612e-05,4.18968888851631e-05,5.28203256893903
283,306,0.0032866159300169217,0.002124666617479319,7.55352591867404e-05,4.065967206701987e-05,5.3022906221449375
284,307,0.0032073222781707263,0.0020805548988709318,7.09776251972908e-05,4.1699112732688685e-05,5.322972599416971
285,308,0.0031432419440699626,0.0020653687334696537,7.166030402372936e-05,3.612701703630154e-05,5.343276550062001
286,310,0.003115595546792591,0.002074282453538988,6.960851284943615e-05,3.4522796475924106e-05,5.370661595836282
287,312,0.0030837861942892234,0.0020422427267270007,6.970956507132076e-05,3.44447816849015e-05,5.398654931224883
288,313,0.0030513334984749348,0.00205279086975691,7.066097028632671e-05,2.9193292585475775e-05,5.41995457559824
289,314,0.0030410578585518978,0.0020325330651222435,7.457319372122723e-05,2.6279285621738192e-05,5.440340449102223
290,315,0.0030245280443295464,0.002051699924959026,7.133938562635064e-05,2.594342631070139e-05,5.46068031899631
291,316,0.0030099692902202657,0.0020214152064434833,7.278896117200655e-05,2.6066447205671702e-05,5.480991052463651
292,317,0.002996859443923966,0.002019292204703781,7.256821626766215e-05,2.5188507654356347e-05,5.501384356990457
293,318,0.0029854985829915266,0.0020096923899473452,7.341600100335353e-05,2.416461830106462e-05,5.521702086552978
294,319,0.0029748933005702984,0.0020019854660546193,7.333677317639403e-05,2.3954010275173888e-05,5.542122372426093
295,320,0.0029665132335818627,0.0019871759339247863,7.424275194581441e-05,2.369097801989324e-05,5.563375496305525
296,321,0.002963281696643826,0.0019760618757109455,7.524844323958017e-05,2.347353885370788e-05,5.583680549636483
297,322,0.0029615833564520357,0.001974380181406563,7.529313297365966e-05,2.3427184530887598e-05,5.603979925625026
298,323,0.0029598978426190227,0.001969803938589141,7.563189128520998e-05,2.3377499117778198e-05,5.624115880578756
299,324,0.0029559344322294097,0.001958402141828924,7.62934770951842e-05,2.3459751944864326e-05,5.644446195103228
300,325,0.0029477909309453005,0.001941469026391052,7.71979482152953e-05,2.343424224012958e-05,5.664758297614753
301,326,0.0029342316199587925,0.0019157532368918385,7.778502323483332e-05,2.406281507186207e-05,5.68512031622231
302,327,0.0029179708826104133,0.0019136996977455489,7.645168430122494e-05,2.3975434185261542e-05,5.70538554340601
303,329,0.00290437539755672,0.0019155602864149954,7.485519206565421e-05,2.4026319048518253e-05,5.732869127765298
304,330,0.002898017523025134,0.0019640864151839925,7.088595529253791e-05,2.2507155491576263e-05,5.753666304983199
305,331,0.0028560904460059786,0.0019333166570246767,7.108417118343457e-05,2.119320771469562e-05,5.773959153331816
306,332,0.0028460359879359937,0.001903515148903811,7.31078422617991e-05,2.114424164141917e-05,5.794210326857865
307,333,0.0028372337511715006,0.0019033834773211715,7.223030831366425e-05,2.115471907136866e-05,5.8144923793151975
308,334,0.002828044374385901,0.0019217823747625603,7.073258590763088e-05,1.9893614054703167e-05,5.835184750147164
309,335,0.0028191558368014322,0.001924069691381125,6.999813449509237e-05,1.9510480046938376e-05,5.855964542366564
310,336,0.0028092948196657063,0.0019164599988188966,7.00980635893937e-05,1.9185418495287273e-05,5.876247211359441
311,337,0.0028045956411644267,0.0019306294406075024,6.893664810900801e-05,1.8459971946684453e-05,5.896625877358019
312,338,0.0027982638856547653,0.0019192987884196087,6.943886284559269e-05,1.8457646877922992e-05,5.916962277144194
313,339,0.0027927093466053503,0.0019153305357916407,6.901709763206417e-05,1.872078344930683e-05,5.93725233245641
314,340,0.0027842879034698014,0.0018950486870947028,6.982767832565772e-05,1.909624331185212e-05,5.957538456656039
315,341,0.002774892847945696,0.0018740506985280233,7.023747687938433e-05,1.9846738062382938e-05,5.977847494184971
316,342,0.002764415088695137,0.0018486857233280538,7.055150138447762e-05,2.1021435152230673e-05,5.998100924305618
317,343,0.0027546282479221163,0.0018256095395720016,7.089159987575398e-05,2.20102709592575e-05,6.018364887684584
318,344,0.0027415224542056216,0.0017967106952371525,7.082848250408948e-05,2.365269339275743e-05,6.038614323362708
319,345,0.0027217114523096575,0.001782648895566976,7.045539911133048e-05,2.3450856562937672e-05,6.059365352615714
320,346,0.0026877259214377457,0.0017752198925375972,6.872040147729566e-05,2.2530201412719215e-05,6.080517845228314
321,347,0.0026713620504318558,0.0017651185863267972,6.862076198913428e-05,2.200358442137154e-05,6.101029512472451
322,348,0.002641714603647186,0.001751733114231963,6.783503297799031e-05,2.116311596353195e-05,6.121546340174973
323,349,0.002608939068454489,0.0017449106117529288,6.602447841771587e-05,2.0378367252440143e-05,6.141936051659286
324,350,0.0025538155239154306,0.0017025339203087426,6.458629744670871e-05,2.054186291396008e-05,6.16224174760282
325,351,0.002486033372261145,0.0016577493234612454,6.061422569663987e-05,2.2214179183350084e-05,6.183372978121042
326,352,0.002444085189125626,0.001597127918151225,6.005807393875628e-05,2.4637653158683804e-05,6.203650381416082
327,353,0.002422468307212054,0.001601960053920064,5.749406229499618e-05,2.455676303420282e-05,6.223915170878172
328,354,0.0024004996827696225,0.0015878251703173867,5.6706388626787146e-05,2.456106261843642e-05,6.244213347323239
329,355,0.0023935200829703113,0.0015772063679589078,5.698156170725795e-05,2.4649809793882403e-05,6.264467343688011
330,356,0.002385185787543997,0.001565123006529318,5.664504913522212e-05,2.5361228966245788e-05,6.284799084998667
331,357,0.0023789244675232104,0.0015491461021770016,5.6994197062545234e-05,2.5983639472075625e-05,6.305062174797058
332,358,0.0023723228856758812,0.001540609742290902,5.7278856978768605e-05,2.589245735972932e-05,6.3253713715821505
333,359,0.0023649163753551496,0.0015355269960161356,5.736177505358178e-05,2.5577162880319634e-05,6.345714678056538
334,360,0.002356059518296198,0.0015370484785214515,5.689652407872321e-05,2.5004579898751434e-05,6.366004756651819
335,361,0.002345791906499886,0.001539686013592129,5.633727302616069e-05,2.4273316264615014e-05,6.386339347809553
336,362,0.0023299941767205854,0.001541025246839608,5.523654426387925e-05,2.366034872421849e-05,6.406610558740795
337,363,0.0023096821579242743,0.0015386722227765878,5.395271563045213e-05,2.3148277884316526e-05,6.426893627271056
338,364,0.002283337782704384,0.0015339797142587567,5.2286701464525226e-05,2.2649105380037493e-05,6.447262992151082
339,365,0.002256029989164373,0.0015258676275015615,5.089929475674322e-05,2.211694140953792e-05,6.467551681213081
340,366,0.0022230157381316804,0.0015067531465987162,5.0942128585492034e-05,2.0684130567804382e-05,6.487925355322659
341,367,0.002189129032171231,0.0014674090857953726,5.2002045342452016e-05,2.0169949295133857e-05,6.508230344392359
342,368,0.002149974171570586,0.0014200162249698898,5.3533686913596713e-05,1.946210774647291e-05,6.528474706225097
343,369,0.0021196959487167766,0.0013742802841240893,5.5333268757232954e-05,1.9208297702035746e-05,6.549632809124887
344,370,0.002062696276404221,0.0013303152691544382,5.3722431628148626e-05,1.9515669096829644e-05,6.570484751835465
345,371,0.0020540710742421846,0.0013349655819807002,5.000266878931357e-05,2.1907880436834907e-05,6.590823447331786
346,372,0.0020373408557819005,0.0013230841931637827,4.9812235503807275e-05,2.1613430758004496e-05,6.611094142310321
347,373,0.0020326012515737586,0.0013195993156126398,5.064194706737337e-05,2.065824652873849e-05,6.631338952109218
348,374,0.0020280226499094518,0.0013107441216355336,5.0781478659936496e-05,2.094637416745535e-05,6.651677566580474
349,375,0.0020232893994070415,0.0013120562679969313,5.007018933166215e-05,2.1053123809348885e-05,6.6724763652309775
350,376,0.0020212828846610537,0.0013170658255889037,4.9552235903956074e-05,2.0869470003258907e-05,6.693186829797924
351,377,0.002019514989859042,0.0013204664336702206,4.940958790981848e-05,2.049526770906366e-05,6.713450884446502
352,378,0.002017457909091008,0.0013222618584215512,4.9119137617750036e-05,2.040046744919565e-05,6.73375953361392
353,379,0.002014348607419712,0.0013240551741756127,4.9065312835058394e-05,1.996403048935154e-05,6.754960521124303
354,380,0.002009057797594029,0.0013207792817252044,4.9043872516195874e-05,1.9783979070686595e-05,6.775243145413697
355,381,0.0019990390437147993,0.0013154066892054031,4.9221762792212615e-05,1.914147265872701e-05,6.7955182157456875
356,382,0.0019759862766353248,0.0012966692625546985,4.990876769816411e-05,1.8022933709898513e-05,6.815791140310466
357,383,0.0019364040667833508,0.001275216815287403,4.9659772972493663e-05,1.645895217710114e-05,6.836459214799106
358,384,0.001888887766680277,0.0012574277983185087,5.052340514874288e-05,1.2622591687433948e-05,6.856759391725063
359,386,0.0018636876878646584,0.0012502065573599679,4.904191538295691e-05,1.230619766751215e-05,6.884228355251253
360,388,0.0018352522106847209,0.0012308529093816016,4.7136500345971446e-05,1.3303429784340462e-05,6.911679671145976
361,389,0.001811680944805826,0.0012213242595548457,4.673394669096547e-05,1.2301721834132548e-05,6.931955725885928
362,390,0.0017989876273930528,0.001232683676828364,4.489986769320492e-05,1.1730527363263963e-05,6.952259635552764
363,391,0.0017817560222133156,0.0012197755122733383,4.436757587774788e-05,1.183047511624986e-05,6.972632540389895
364,392,0.0017721298147945661,0.0012045679734838377,4.5179212474811165e-05,1.1576971656261678e-05,6.992994376458228
365,393,0.0017584490376651664,0.001186614817255282,4.568142593047513e-05,1.1501996110513297e-05,7.013260000385344
366,394,0.001748541258337362,0.0011689223701245076,4.65624745499251e-05,1.1399414271360364e-05,7.033539079129696
367,395,0.0017403939719933524,0.0011506444609923562,4.731856766411263e-05,1.1656383435986992e-05,7.053824371658266
368,396,0.001735822956303727,0.001144744822779281,4.7647291643375783e-05,1.1460521709068835e-05,7.07412429433316
369,397,0.0017290283055762957,0.0011407719677356582,4.7447645319523656e-05,1.1377988464540093e-05,7.094481149688363
370,398,0.0017264882570135855,0.0011413946191713706,4.732974044509097e-05,1.1179623339130505e-05,7.114818365313113
371,399,0.001723850994964002,0.0011423392705607993,4.7370665506646775e-05,1.0780506933673499e-05,7.135158039629459
372,400,0.0017225781734449906,0.0011448787958288232,4.729358012498863e-05,1.0476357636628102e-05,7.155467078089714
373,401,0.0017210464318923703,0.0011424343678651063,4.771222215834758e-05,1.0148984244378831e-05,7.175729252398014
374,402,0.0017193390086792785,0.0011390694494498635,4.813810200771149e-05,9.88885391523e-06,7.19603989738971
375,403,0.0017180551826049496,0.001133210901597772,4.8622884607117385e-05,9.861543493600369e-06,7.217142772860825
376,404,0.001715256999548323,0.0011299907367082662,4.912860171113465e-05,9.398024572871045e-06,7.23742622230202
377,405,0.0017124144142596517,0.0011243395532923865,4.9354103006702305e-05,9.453383090024217e-06,7.257801556959748
378,406,0.0017071188475993708,0.0011117683469411264,4.991130076737603e-05,9.623749298448408e-06,7.278077104128897
379,407,0.00170123637068589,0.0011116519531467308,4.9335681406543476e-05,9.622760347372458e-06,7.298376992344856
380,408,0.0016950710949541876,0.0011069388808642641,4.948065384827293e-05,9.332567560719418e-06,7.318656870163977
381,410,0.0016863186945611825,0.0011064016966727908,4.918729202407246e-05,8.804407764766723e-06,7.346175163052976
382,411,0.0016798518572372235,0.0011168639225786082,4.801855207013627e-05,8.28024139572527e-06,7.366453263908625
383,412,0.0016732165934020952,0.0011200988392444532,4.764045360316354e-05,7.67132181260066e-06,7.386764490045607
384,413,0.0016683678295141135,0.0011182285474909371,4.72917332522067e-05,7.72219495011094e-06,7.407030051574111
385,414,0.0016626079934824612,0.0011131792127781624,4.715313559314097e-05,7.789742477288916e-06,7.427292129024863
386,415,0.0016594824252312106,0.0011042921192975209,4.729999403587087e-05,8.21903655749811e-06,7.447627550922334
387,416,0.0016570794628012076,0.0011004321349603636,4.7242278644693994e-05,8.422454139390393e-06,7.4679062040522695
388,417,0.0016545733140593368,0.001093707748792448,4.730766503856361e-05,8.778891488125259e-06,7.488247027620673
389,418,0.0016518026405685827,0.0010875681054520628,4.760419035062892e-05,8.819263161023072e-06,7.5085139609873295
390,419,0.0016489387601006317,0.0010820844212235164,4.778102931868709e-05,8.904404569024447e-06,7.528779741376638
391,420,0.0016440218104612624,0.0010757429379684796,4.809681793446388e-05,8.731069314814407e-06,7.549113616347313
392,421,0.0016359801580784535,0.0010671206924699242,4.8431465745700264e-05,8.454480815152657e-06,7.56940490193665
393,422,0.0016238510258086891,0.0010600083406691475,4.831756176709075e-05,8.066706746863422e-06,7.589878101833165
394,423,0.0016022242224450556,0.001043409132591395,4.8061497339733516e-05,7.820011645632524e-06,7.6101629408076406
395,424,0.0015710773251050403,0.0010191054675310583,4.686779364952202e-05,8.329392107876171e-06,7.63044332806021
396,425,0.00155060363919905,0.0009972084484436649,4.633928115634312e-05,9.000237919195393e-06,7.650756455026567
397,426,0.0015320150447376884,0.000994067568171589,4.4581555441727164e-05,9.213192214882794e-06,7.671037008985877
398,427,0.001516589350223218,0.000975628137605518,4.4850620884185664e-05,9.245500377584331e-06,7.6913789957761765
399,428,0.0015082431969413112,0.0009722964226980918,4.435984381414315e-05,9.234833610178786e-06,7.711686221882701
400,429,0.0014987736626558708,0.0009753776770433907,4.4246585595670516e-05,8.093012965577486e-06,7.731924617663026
401,430,0.0014975269519686557,0.0009675528936526283,4.484491814241717e-05,8.15248768918555e-06,7.752236428670585
402,431,0.0014950334350781497,0.0009703698506472678,4.449342052309651e-05,7.97293791999168e-06,7.77250263094902
403,432,0.0014930967219763018,0.0009696291894075111,4.425748798017261e-05,8.089265276706456e-06,7.792780042625964
404,433,0.001489037777017339,0.000969453840820421,4.363357108686804e-05,8.32482253282376e-06,7.813024874776602
405,434,0.0014843407744099687,0.0009680986367056883,4.294331328465518e-05,8.680900485772858e-06,7.833296213299036
406,435,0.001479850729271846,0.0009689482047445534,4.20912669847718e-05,8.998985467957465e-06,7.853545442223549
407,436,0.001475934033034127,0.0009668477992732808,4.1566108556683446e-05,9.342514819401192e-06,7.873856135644019
408,437,0.0014714698188811731,0.0009681398955342064,4.103847972384042e-05,9.294512610856267e-06,7.894235513173044
409,438,0.0014671990085424517,0.0009602747161566768,4.09948482096692e-05,9.697581028908287e-06,7.914510164409876
410,439,0.0014615311816816487,0.0009555065687663439,4.108256410046534e-05,9.519897191065144e-06,7.934808001853526
411,440,0.0014488546348877672,0.0009422739634627852,4.145680615575712e-05,9.201260986741084e-06,7.955073564313352
412,441,0.0014391391959051307,0.0009248507377053922,4.191771730807766e-05,9.511128511896197e-06,7.975384788587689
413,442,0.0014337568634675293,0.0009047261286405566,4.31429404133405e-05,9.760133069356774e-06,7.995757734403014
414,443,0.0014243877019712676,0.0009167110547519852,4.2010416685928084e-05,8.75724803600016e-06,8.016123643144965
415,444,0.0014158243452330132,0.0009028959539486927,4.2019296719925504e-05,9.273542408506525e-06,8.036386551335454
416,445,0.0014125515208586732,0.0008962443684542627,4.23341121821236e-05,9.296603058317444e-06,8.056670704856515
417,446,0.0014099792221427437,0.0008972736108016745,4.2273992922673606e-05,8.996568211433312e-06,8.076938354410231
418,447,0.0014078876011513668,0.0008951950351199821,4.229147526641969e-05,8.977781336718765e-06,8.097276085056365
419,448,0.001406073722587776,0.000893625652124629,4.241919983919848e-05,8.825607207116223e-06,8.117534721270204
420,449,0.0014044652850949857,0.0008904079262157898,4.266527794218081e-05,8.740457945738785e-06,8.13816184643656
421,450,0.0014036496893813123,0.0008888995155633394,4.2892086088560104e-05,8.582931293237201e-06,8.158473706804216
422,451,0.0014030082209853427,0.0008860650090115872,4.312860868701129e-05,8.565712510364277e-06,8.178755215369165
423,452,0.00140245646194569,0.0008826220314438496,4.351946925528499e-05,8.463973794899066e-06,8.199010879732668
424,453,0.0014014881414421841,0.0008781351255871733,4.389625293786017e-05,8.439048647640924e-06,8.219295410439372
425,454,0.001400620444529757,0.0008786902627252318,4.375137448651313e-05,8.441643693939386e-06,8.2395208934322
426,455,0.00139881310859033,0.0008761157311158413,4.3833127327509314e-05,8.436610419939554e-06,8.259792598895729
427,456,0.0013943645682493921,0.0008722590249691802,4.378133664313262e-05,8.429217684888585e-06,8.280086103826761
428,457,0.0013878141779711923,0.0008637445107545364,4.408316199237241e-05,8.323804729293188e-06,8.300323395989835
429,458,0.0013854704977685588,0.0008550890044183881,4.361510876026772e-05,9.423040574749348e-06,8.32054543774575
430,459,0.0013794258698888126,0.0008506990171508096,4.384607616463095e-05,9.02660910916935e-06,8.340818730182946
431,461,0.0013781137191773473,0.0008538520298338695,4.363425464914832e-05,8.79191428519946e-06,8.368280041962862
432,462,0.0013759313445692375,0.0008610448378708205,4.315134922858644e-05,8.337301441255266e-06,8.388624999672174
433,463,0.0013732189406713332,0.0008602285629585316,4.275756000353979e-05,8.541477767740387e-06,8.408887362107635
434,464,0.0013698159815499597,0.0008571487044420111,4.2418563622143626e-05,8.848164088651237e-06,8.429168717935681
435,465,0.0013671391382274883,0.0008584395544272873,4.1953496616709496e-05,8.916461763310596e-06,8.449514201842248
436,466,0.0013642666018089085,0.0008629108714015434,4.149106196801051e-05,8.644511072726013e-06,8.469817353412509
437,467,0.0013616815312446709,0.0008649914061181767,4.1171482697491945e-05,8.497529815157465e-06,8.49021647311747
438,468,0.0013579698947329233,0.0008717344311884707,4.047872933293718e-05,8.144817021508073e-06,8.51045402791351
439,469,0.0013521123901734044,0.0008745043181564489,3.991131429201985e-05,7.849492909675692e-06,8.530748780816793
440,470,0.0013391591517676951,0.0008750446568774961,3.8778552933150005e-05,7.6328965558699e-06,8.55115113966167
441,471,0.0013316410047077573,0.0008698009754124872,3.8627870564902225e-05,7.556132364624783e-06,8.571435935795307
442,473,0.0013278243163827481,0.0008716037868266234,3.7973810931357665e-05,7.648242024254821e-06,8.598960016854107
443,474,0.0013242650196133778,0.0008720273565736063,3.706080193924173e-05,8.162964364735416e-06,8.619234369136393
444,475,0.001322677388000185,0.0008741501220931433,3.6832089134778045e-05,8.020637455926108e-06,8.63953311368823
445,476,0.00132165017011219,0.0008765078356826045,3.673647352421393e-05,7.77775991874462e-06,8.659855799749494
446,477,0.00132030547804779,0.0008812723142158214,3.615580685298985e-05,7.747509530207003e-06,8.680123924277723
447,478,0.001318932272417193,0.0008833522640429689,3.581923238648901e-05,7.738768450933389e-06,8.700428497046232
448,479,0.0013178815383429617,0.0008850752260681824,3.547605604628663e-05,7.804575181191306e-06,8.720737263560295
449,480,0.001316645583232094,0.0008846172353439835,3.545410631584421e-05,7.74872847296685e-06,8.741003998555243
450,481,0.0013160299539807846,0.0008804386970205916,3.5910351798383766e-05,7.648773897635524e-06,8.76134193688631
451,482,0.0013152444833674228,0.0008785716146316499,3.586548852123841e-05,7.801798352338877e-06,8.781655322760344
452,483,0.0013148082455381308,0.0008793905378373703,3.57043218271126e-05,7.83744894296345e-06,8.801914520561695
453,484,0.0013145628385048385,0.0008782345932251533,3.5777787718961985e-05,7.855036809006537e-06,8.82216953765601
454,485,0.001314248275623074,0.0008768286701286463,3.584526714543537e-05,7.896693404007397e-06,8.842472259886563
455,486,0.0013138494885359304,0.0008754290798225248,3.590049453307585e-05,7.941546338264699e-06,8.862733433954418
456,487,0.001313185566303881,0.0008744268190506024,3.5876694916850904e-05,7.999179808476982e-06,8.883012817241251
457,488,0.001312084030103919,0.0008736945026531529,3.581068939710723e-05,8.028263347969381e-06,8.903301434591413
458,489,0.0013107188522515033,0.0008746570447711728,3.547204100179096e-05,8.134139746242087e-06,8.92417758423835
459,490,0.0013092348858485018,0.0008747945007913889,3.531620054088737e-05,8.127837964823919e-06,8.94454565923661
460,491,0.001308543798621276,0.0008783986930793855,3.482288350470054e-05,8.191627049488515e-06,8.964920380152762
461,492,0.0013067458744942008,0.0008760773889891456,3.488270958400111e-05,8.184138966504392e-06,8.985214900225401
462,493,0.0013060575641049416,0.0008753758246006501,3.4914802189475496e-05,8.153371760953654e-06,9.005520491860807
463,494,0.0013052070570063073,0.0008747593886896301,3.480169091711105e-05,8.24307591455668e-06,9.025812485255301
464,495,0.0013047822971952066,0.0008736704122721347,3.4831513503432774e-05,8.279674988874415e-06,9.046150381676853
465,496,0.001303897425447871,0.0008720048854169087,3.4820269852956985e-05,8.368984150139243e-06,9.066458965651691
466,497,0.0013028155847896886,0.0008710493740613462,3.473229217876441e-05,8.444328894069816e-06,9.08736324030906
467,498,0.0013006482881649586,0.0008705882682320337,3.4451895766579286e-05,8.554106226713196e-06,9.108683448284864
468,499,0.001297475579387521,0.0008709172882765395,3.393178503638558e-05,8.724044074712577e-06,9.128962632268667
469,500,0.0012930848003480473,0.0008744818052517783,3.29699219384615e-05,8.890377571165395e-06,9.149335591122508
470,502,0.0012884047168595931,0.0008747711965933485,3.2023377405734636e-05,9.339974620889825e-06,9.177113329991698
471,503,0.0012793285796394238,0.0008738736630019293,3.126206323330069e-05,9.283428430448747e-06,9.197473522275686
472,505,0.0012612785656544515,0.0008656159747309895,2.9590100127354277e-05,9.976158964991927e-06,9.224963990040123
473,507,0.0012479511311544987,0.0008638948549648565,2.858011566064851e-05,9.825511958315708e-06,9.252523544244468
474,508,0.0012360311550064717,0.0008585534567425,2.7197833621355204e-05,1.0549936205041974e-05,9.27278707176447
475,509,0.0012232256324747094,0.0008436947500812645,2.7722948883747095e-05,1.0230139355597395e-05,9.293041300959885
476,510,0.0012148426385512616,0.0008365019365623463,2.7631156108913252e-05,1.0202914089978282e-05,9.313311469741166
477,511,0.0012122798702927063,0.0008315707384390521,2.8291438458674235e-05,9.779474726691191e-06,9.333593224175274
478,512,0.00121109282180994,0.0008297869830523268,2.8100266297597524e-05,1.0030317578163783e-05,9.353894929401577
479,513,0.0012097536931575219,0.000829905345223424,2.7871269474661726e-05,1.0113565318748058e-05,9.374168227426708
480,514,0.0012088595102880215,0.0008304866815759457,2.7788278698108806e-05,1.0049004173098765e-05,9.394538708031178
481,515,0.0012079491626453037,0.0008312259612244684,2.7669117599628642e-05,1.0003202542454882e-05,9.414827549830079
482,516,0.001206769654408205,0.0008338035858132556,2.7206520430126305e-05,1.009008642936864e-05,9.435083539225161
483,517,0.001205792242882945,0.0008351122612875759,2.6999067796019395e-05,1.0068930363517511e-05,9.455526718869805
484,518,0.0012044796063749265,0.0008358909705421646,2.67315636608499e-05,1.0127299922426292e-05,9.475863739848137
485,520,0.0012038897906889064,0.0008388989744044311,2.6393354811422945e-05,1.0105726817024574e-05,9.503976358100772
486,521,0.0012026609304056377,0.0008362665959965253,2.6443104928023793e-05,1.0196328512887448e-05,9.524299972690642
487,523,0.001202389697652151,0.0008337316954508698,2.6426935101781707e-05,1.0438865118346407e-05,9.552248950116336
488,524,0.001201802928558015,0.0008317669518681114,2.6555839049879203e-05,1.0447758619111166e-05,9.572992979548872
489,525,0.0012010566336319935,0.0008292432814279416,2.6723246616516276e-05,1.0458088603888902e-05,9.593298651278019
490,526,0.0012000757765746027,0.000826047662548008,2.7051645579128684e-05,1.0351165823530793e-05,9.613742830231786
491,527,0.001199611129020263,0.0008257629554208597,2.732016896538481e-05,1.0064648394555516e-05,9.634038637392223
492,528,0.0011986269232929976,0.0008222483028804008,2.7425367833126516e-05,1.0212494208133167e-05,9.654316479340196
493,529,0.0011977800659072023,0.0008214906947044379,2.7295914008301898e-05,1.0333023111974544e-05,9.6745744375512
494,530,0.0011966172408551207,0.000822374987071875,2.723288969116389e-05,1.0191335687160677e-05,9.694839598610997
495,531,0.0011952347275732368,0.0008216952514843434,2.7190589674866847e-05,1.0163357934022496e-05,9.715081194415689
496,532,0.0011939377622349832,0.0008205981115300548,2.725005693604182e-05,1.0083908134451012e-05,9.735343075357378
497,533,0.0011929874950482005,0.000820969182707645,2.690112324789487e-05,1.0300707986160684e-05,9.755633144639432
498,534,0.0011911868404557266,0.0008187201534127393,2.7102302623807607e-05,1.014436608049113e-05,9.77593595162034
499,535,0.0011895332967706302,0.0008144239028655535,2.74318245922343e-05,1.0079114798273372e-05,9.79622596502304
500,536,0.0011871195326037995,0.0008122828040252756,2.732139060763966e-05,1.0162282250212733e-05,9.816498748026788
501,537,0.001183290400864895,0.0008095504628209358,2.7525612354983013e-05,9.848381449412902e-06,9.836762521415949
502,538,0.0011770423885545099,0.0008089437414513128,2.6868501882090924e-05,9.94136282822878e-06,9.85744182486087
503,540,0.0011708560843586506,0.0008106844403535234,2.6126360129116053e-05,9.890804271396656e-06,9.885483846999705
504,542,0.0011615569261466795,0.0008116523592793749,2.586430408397223e-05,9.126152602758233e-06,9.912902095355093
505,544,0.0011572752374813854,0.0008129093221274536,2.531276762780036e-05,9.12382390759281e-06,9.94034172128886
506,546,0.001154578462917504,0.0008103072211322047,2.481952398185302e-05,9.607600196676916e-06,9.967952482402325
507,548,0.00114819525527463,0.0008033946184280124,2.5194254195489215e-05,9.285809489172545e-06,9.995430433191359
508,549,0.001143093124682327,0.0007887653724170181,2.6215702959580525e-05,9.217072266950358e-06,10.015793475322425
509,550,0.0011353918791212048,0.0007833666211362132,2.648605890695908e-05,8.716466891540074e-06,10.036024706438184
510,551,0.0011314864475207014,0.0007790352250521439,2.6235697989226105e-05,9.009424257629653e-06,10.056279828771949
511,552,0.0011278738314446897,0.0007742209054665153,2.6406036461561005e-05,8.95925613625645e-06,10.076529243960977
512,553,0.0011236466423191164,0.0007691735929661255,2.7063326479628236e-05,8.383978455670847e-06,10.096901874057949
513,554,0.0011208996018910596,0.0007686614086446178,2.70051527896835e-05,8.218666534960666e-06,10.11721352301538
514,555,0.0011191602959786306,0.0007700904047239792,2.6859921736175224e-05,8.047067389289916e-06,10.137458203360438
515,556,0.001116676892615253,0.0007738070517318173,2.651626265582732e-05,7.77072143251624e-06,10.157733119092882
516,557,0.0011148142382643139,0.0007765243403036123,2.6240704127873876e-05,7.588285668196278e-06,10.178035012446344
517,558,0.0011130943053435538,0.0007743486607467918,2.5884799493644077e-05,7.989764966032124e-06,10.198387335985899
518,559,0.0011112420408840758,0.0007756089474160689,2.5496359411586333e-05,8.06694993521436e-06,10.21917556412518
519,560,0.0011091713970139802,0.0007770461425350529,2.5301390048614108e-05,7.911135399278628e-06,10.239462747238576
520,561,0.0011072113772277498,0.0007782349382923345,2.5076310589588755e-05,7.821333303952782e-06,10.259801641106606
521,562,0.0011056639987652456,0.0007794247762378202,2.474194340236677e-05,7.881978850375778e-06,10.28006593324244
522,563,0.0011032251569021174,0.0007807391770478659,2.4157240301859777e-05,8.09135768356539e-06,10.30041310377419
523,565,0.0011019122296457799,0.0007838948082485934,2.366233365293909e-05,8.139408486779546e-06,10.32791293412447
524,566,0.0011001433744315973,0.000785536131662606,2.3064057989655444e-05,8.396666287243676e-06,10.348231187090278
525,567,0.0010994978381677265,0.00078707948873869,2.2684710218637517e-05,8.557124724266127e-06,10.368513887748122
526,568,0.001099226307878887,0.000786621776747295,2.2643703650612562e-05,8.616749462546623e-06,10.388882564380765
527,569,0.0010990629087307623,0.000786659596541065,2.259995078482778e-05,8.64038043414195e-06,10.409130704589188
528,570,0.0010989469815617116,0.0007864393386638077,2.257299572958298e-05,8.6777685602074e-06,10.429409369826317
529,571,0.0010987861844743128,0.0007865786617884974,2.2549898335183643e-05,8.670853933397892e-06,10.449846251867712
530,572,0.001098570382718175,0.0007864820121532392,2.255621734782888e-05,8.6526197086647e-06,10.470102746039629
531,573,0.0010981631610212474,0.0007869235105042433,2.2536104421358715e-05,8.587860630341689e-06,10.49043883010745
532,574,0.0010973290344067287,0.0007876059384174169,2.2493482818960593e-05,8.478826779970598e-06,10.510762835852802
533,575,0.001096416783866735,0.0007882703731026356,2.2426261467170725e-05,8.38837960923922e-06,10.531025040894747
534,576,0.0010945103092403613,0.0007895267150482749,2.2215746856468153e-05,8.282612562740501e-06,10.552113552577794
535,577,0.0010919278647087886,0.0007916554941135084,2.1757425542401486e-05,8.269811517126523e-06,10.572453439235687
536,578,0.0010884328459398811,0.0007959539506217305,2.099773314604082e-05,8.250156385774245e-06,10.592927753925323
537,579,0.0010857892638751472,0.0007981939151610274,2.050671563763021e-05,8.252819233781768e-06,10.613214053213596
538,580,0.0010828371766722813,0.000800589011864686,2.0014238307615498e-05,8.210578173144036e-06,10.633522866293788
539,581,0.0010808929548794964,0.0007992386173204498,2.009798637516645e-05,8.06744738073821e-06,10.653893031179905
540,582,0.001078825804775029,0.0007994492950516216,1.9933917661634998e-05,8.003733310705747e-06,10.67418785020709
541,583,0.0010753003507405128,0.0007994066828264083,1.9726085739929077e-05,7.863281051481371e-06,10.694434507749975
542,584,0.0010733159864618727,0.0007976071705742462,1.9727445966431545e-05,7.843435622331114e-06,10.714621520601213
543,585,0.0010705025698743967,0.000795698836500877,1.9507501028812393e-05,7.972872308539574e-06,10.73489589896053
544,587,0.0010696273705938298,0.0007966155405107493,1.9410309687470874e-05,7.890873320837178e-06,10.762408127076924
545,588,0.0010675854562138681,0.0007971149996717669,1.8980140434493676e-05,8.06690521971645e-06,10.782708776183426
546,589,0.0010635362237006603,0.0007965364964993528,1.845250152274846e-05,8.247471197382306e-06,10.803035264834762
547,591,0.0010612429437258076,0.000799670798574427,1.7615746732551776e-05,8.541467782586279e-06,10.830481735989451
548,592,0.0010562510004911672,0.0008000804040643305,1.6986447013645063e-05,8.630612629038621e-06,10.85088224709034
549,594,0.0010518951743213926,0.0008026368338113665,1.6184994482241575e-05,8.740839568761033e-06,10.87831880711019
550,595,0.001046206263093432,0.0007999231181587823,1.6119386748058745e-05,8.508927745406232e-06,10.898653220385313
551,596,0.0010431690874666381,0.0008007351487540449,1.6109376516528836e-05,8.134017354730495e-06,10.918998723849654
552,598,0.001041042498012109,0.0008010238035973338,1.5823539860783987e-05,8.178329580693529e-06,10.946559076197445
553,600,0.0010405667561220935,0.0007993506995481,1.5963619599724954e-05,8.1579860576744e-06,10.974131040275097
554,601,0.0010399691947709827,0.0007988757108642073,1.6033958232939476e-05,8.075390157738057e-06,10.994407986290753
555,602,0.0010390912026166808,0.0007967741707607006,1.6099760047200527e-05,8.131943138397505e-06,11.014719126746058
556,603,0.0010383427886071811,0.0007950765495997458,1.60280166368254e-05,8.29860726391813e-06,11.034914709627628
557,604,0.0010368019940759684,0.000792804855609841,1.6093388203161918e-05,8.30632564345083e-06,11.055805217474699
558,606,0.0010338375562577733,0.0007912896459070206,1.6082470463789514e-05,8.172320571285763e-06,11.083797830156982
559,607,0.0010313164509103202,0.0007831780975403254,1.629842041268738e-05,8.515414924312096e-06,11.10412904061377
560,608,0.0010288221865927811,0.0007788029589007701,1.640832890972827e-05,8.593593859472825e-06,11.12442739866674
561,609,0.0010260970969425602,0.0007740482659568225,1.625159845557165e-05,8.953284643002132e-06,11.144696243107319
562,610,0.0010237808240454404,0.0007738231809766718,1.6172657197667563e-05,8.823107109209287e-06,11.164992564357817
563,611,0.0010223814186382826,0.0007733814079236505,1.6333388327421744e-05,8.56661274404147e-06,11.18531521782279
564,612,0.0010202541143076648,0.000769762924512916,1.651533381102893e-05,8.533785168445953e-06,11.205551362596452
565,613,0.001018453074274936,0.0007692536797463999,1.6397437380346824e-05,8.522502072506773e-06,11.225831256248057
566,614,0.001017454221918593,0.0007636684692731834,1.6499756335944282e-05,8.878818928596684e-06,11.24612773861736
567,615,0.001015339758326021,0.0007621016473602796,1.6457805434936613e-05,8.866005661637537e-06,11.266428436152637
568,616,0.0010133366569581033,0.0007582088555609957,1.648137179226185e-05,9.031408347448908e-06,11.28672181814909
569,617,0.0010108927464821127,0.0007487585175845999,1.6678101572312188e-05,9.53532131743909e-06,11.30697853025049
570,618,0.001009696762961898,0.0007459564885392042,1.669214698194826e-05,9.68188046032111e-06,11.327244906686246
571,619,0.00100806834693929,0.0007396101655115479,1.6930215442745487e-05,9.91560270002872e-06,11.34749950747937
572,620,0.0010074254000595592,0.0007396225506589178,1.666628814518484e-05,1.0113996794879307e-05,11.367652475833893
573,621,0.0010057550656691703,0.0007406859441815744,1.6656857371655474e-05,9.85005477710411e-06,11.387909073382616
574,622,0.001004436234694155,0.0007422954880283347,1.6548723581551093e-05,9.66535108503095e-06,11.408190589398146
575,623,0.001002871174819974,0.0007438293011015219,1.6381555748296132e-05,9.522631623549078e-06,11.42848095856607
576,624,0.0010011050469762182,0.0007447165046533335,1.6202930461584786e-05,9.435923770703691e-06,11.448802257888019
577,625,0.000999168013434409,0.0007447544305054141,1.6042457144111973e-05,9.398901148787516e-06,11.469086379744112
578,626,0.0009978946877489225,0.0007411453798196915,1.6149909833825732e-05,9.525020959097377e-06,11.489470969885588
579,627,0.000996947069607219,0.0007359308207303227,1.6548411648065076e-05,9.55321323962456e-06,11.509780466556549
580,628,0.0009961238161575218,0.0007356967939432508,1.665988954044991e-05,9.382812680977187e-06,11.530119553208351
581,629,0.0009951135446253274,0.0007349444468853039,1.668777756355459e-05,9.329132210447758e-06,11.550611450336874
582,630,0.0009934417936595685,0.0007334565078846692,1.7029416885179466e-05,8.969111692310476e-06,11.570926556363702
583,631,0.0009922711640896267,0.0007319684577299799,1.71793180362444e-05,8.850952599720263e-06,11.591259005479515
584,633,0.0009918909656415574,0.0007309704458766702,1.73495890569143e-05,8.742462919574427e-06,11.61877147294581
585,634,0.0009891096342014465,0.0007275893634564117,1.7567793648030094e-05,8.584233426473381e-06,11.639475806616247
586,635,0.0009849843276135816,0.000721959443144178,1.7759807796435673e-05,8.54268065050469e-06,11.659810630604625
587,637,0.0009820284727068695,0.0007166046838575741,1.7954903536633453e-05,8.587475348296089e-06,11.688427064567804
588,639,0.0009779985512319766,0.0007135440823130026,1.781557700460832e-05,8.629869887289076e-06,11.715956822037697
589,640,0.0009747499088505545,0.00071072002121162,1.7755859343445553e-05,8.647129420447897e-06,11.736234153620899
590,641,0.0009730208001900516,0.0007100755733394481,1.7586700568952013e-05,8.707822116108334e-06,11.756574105471373
591,642,0.0009716282357354884,0.0007136720135494914,1.7604156494736836e-05,8.19146572386286e-06,11.776842752471566
592,643,0.0009701793336372756,0.0007141856794988168,1.7457465114965137e-05,8.141900298880748e-06,11.797150056809187
593,644,0.0009681408588977956,0.0007173849601046708,1.7141903239294178e-05,7.933686640018302e-06,11.817444179207087
594,645,0.0009667886938996466,0.0007226411544571668,1.6808747425519733e-05,7.606006518728252e-06,11.837752279825509
595,646,0.0009659176919705652,0.000724825513481938,1.6583356250910215e-05,7.5258615979525095e-06,11.85805023740977
596,647,0.000965332421206365,0.0007254087267146307,1.635325187168363e-05,7.639117577489795e-06,11.878350257873535
597,648,0.0009646501255956359,0.0007252706999100594,1.6188470121332374e-05,7.749472447225284e-06,11.898614552803338
598,649,0.0009638318918747826,0.0007267277305799553,1.5921099124219875e-05,7.789317005262856e-06,11.918899398297071
599,650,0.0009625614903447631,0.0007279964445865794,1.5818749036105862e-05,7.637755539712511e-06,11.939176958985627
600,651,0.0009610887704696166,0.0007305707604837563,1.5861435974745694e-05,7.1903650238403326e-06,11.959823640063405
601,652,0.0009599764523832821,0.0007317499936767877,1.599936643885352e-05,6.823279431795916e-06,11.980179345235229
602,653,0.000959236280747174,0.000732113016571857,1.613931736642931e-05,6.57300905110239e-06,12.00054479856044
603,654,0.0009586188889330336,0.0007321229530714288,1.6197503528969707e-05,6.452090057190772e-06,12.020848722197115
604,655,0.0009580369282930262,0.0007316664598288925,1.6100075154946304e-05,6.536971691467063e-06,12.041129832156003
605,656,0.0009570154620004501,0.0007316357678787271,1.599461324204658e-05,6.543356170125724e-06,12.061421516351402
606,657,0.0009556542859985317,0.0007313150547739862,1.58855388144911e-05,6.548384307963453e-06,12.081716366112232
607,658,0.0009537430696024673,0.0007319227434535005,1.5726018145484127e-05,6.456014469412558e-06,12.102074188180268
608,659,0.0009520761816445584,0.0007324518915708139,1.54860059872905e-05,6.476423020083945e-06,12.122355095110834
609,661,0.0009511650679562876,0.0007345280712885211,1.5278064498104857e-05,6.3856351686718005e-06,12.149802695028484
610,662,0.0009500514522253437,0.0007362061138271916,1.510046830401974e-05,6.284065535795474e-06,12.170111920684576
611,663,0.0009494808595795112,0.0007364759459414506,1.5040812994280045e-05,6.2596783695260195e-06,12.19044223614037
612,664,0.0009492192902276051,0.0007373181301625058,1.5102656373917805e-05,6.087459632592127e-06,12.210720744915307
613,666,0.0009487615396019271,0.0007367649786119155,1.4988142511495725e-05,6.2115135875054356e-06,12.238221162930131
614,667,0.0009485356211748158,0.0007361001189666139,1.4897269990596718e-05,6.346280230223476e-06,12.258500589989126
615,668,0.0009483959064137768,0.00073646836792814,1.4787876604861935e-05,6.404877243701752e-06,12.278793591074646
616,669,0.0009481876544432447,0.0007364764746913904,1.474424664735722e-05,6.426871327828208e-06,12.299080388620496
617,670,0.0009479321556269423,0.0007367281715943018,1.4650857135330042e-05,6.469541267934002e-06,12.31942040938884
618,671,0.0009476264673809367,0.0007361929076314781,1.4632782909190807e-05,6.510573065755055e-06,12.33965324703604
619,672,0.0009471698359010004,0.0007348078574548988,1.4684439170580685e-05,6.551758674029477e-06,12.359938236884773
620,673,0.0009466093741364448,0.0007327241888731585,1.4835381701247432e-05,6.5531368250811975e-06,12.380197568796575
621,674,0.0009458956605283831,0.0007300348206096543,1.508176405668583e-05,6.504319935187051e-06,12.40046826004982
622,675,0.0009449125537693557,0.000727593543492902,1.534908533563631e-05,6.382815692009071e-06,12.42072633933276
623,676,0.0009436668011983655,0.0007248814104626657,1.5649171268053134e-05,6.229367805516834e-06,12.440973632968962
624,677,0.000942220102889905,0.0007241113581935327,1.5733735141869817e-05,6.0771393277674125e-06,12.461282244883478
625,678,0.0009413863482454644,0.0007207425951386153,1.5904290306634328e-05,6.160085004050586e-06,12.481551190838218
626,679,0.0009409882250889771,0.0007195029568154954,1.5971480783107706e-05,6.177046044240464e-06,12.501879394985735
627,680,0.0009392272870644326,0.0007189458870481729,1.568434947243168e-05,6.3437905291942916e-06,12.5225584898144
628,681,0.0009384856822681692,0.0007149045666267971,1.598548845930785e-05,6.37262310482937e-06,12.542828137986362
629,682,0.0009375146210420537,0.0007118369516338822,1.6218549316305055e-05,6.349217624512088e-06,12.56311986874789
630,683,0.0009361346865283155,0.000705585527076806,1.6565882508101276e-05,6.489033437049658e-06,12.583375949412584
631,684,0.0009356495229688732,0.0007019445720951829,1.6910128347441184e-05,6.460366739927835e-06,12.604158549569547
632,685,0.0009348419771176987,0.0006988935381899105,1.711705613007697e-05,6.4777877627018374e-06,12.624441169202328
633,686,0.0009345840194580067,0.0007006212888561814,1.6807413330607097e-05,6.588859729575434e-06,12.644738643430173
634,687,0.0009343970370059487,0.0007000055783002103,1.6919181943497142e-05,6.519963927076688e-06,12.665042325854301
635,688,0.0009343072676173445,0.0006983895551861252,1.7004510867034966e-05,6.5872603760869715e-06,12.686109211295843
636,689,0.0009342434574976157,0.0006989889541145789,1.699248526841166e-05,6.532965069892022e-06,12.7064703470096
637,690,0.0009341584900014693,0.0006992989689364369,1.6923342548734583e-05,6.56260955776865e-06,12.727838071063161
638,691,0.0009341108270973419,0.0006992573093648607,1.6868386487894248e-05,6.616965285353881e-06,12.748129094019532
639,692,0.0009340485899446678,0.000699383109855414,1.6778507092136413e-05,6.688040916788978e-06,12.768421626649797
640,693,0.0009340018470203309,0.0006995055152156531,1.6735978950079025e-05,6.7136542303887474e-06,12.789105645380914
641,694,0.0009339120662357218,0.0006990219414422365,1.67244010327692e-05,6.7646114465793365e-06,12.80942194815725
642,695,0.0009338021929628151,0.0006984680418566642,1.6764272331520288e-05,6.769142779094795e-06,12.829724594950676
643,696,0.0009336779198715582,0.0006966520094630839,1.688737439975651e-05,6.815216641090914e-06,12.849996840581298
644,697,0.0009335490454449062,0.0006956239284939247,1.6996005398831774e-05,6.7965062962663775e-06,12.870289731770754
645,698,0.0009334350219228525,0.0006946950107217139,1.7069471231001162e-05,6.804529889112692e-06,12.890561285428703
646,699,0.0009332076910895629,0.0006935126411978663,1.7165820406966706e-05,6.803684582202959e-06,12.910833835601807
647,700,0.0009329404213918092,0.0006933947805455071,1.7097538262064958e-05,6.857025822565257e-06,12.931087261997163
648,701,0.0009323037904570644,0.0006923940537807462,1.71440689067204e-05,6.846904760911416e-06,12.95134809333831
649,702,0.0009315154770650086,0.0006898558014862309,1.7251482234722767e-05,6.914485323155008e-06,12.971725826151669
650,703,0.0009308133490541113,0.0006893683556191323,1.725691445612378e-05,6.887584887374117e-06,12.992089357227087
651,704,0.000929956251206332,0.000689197565389321,1.7251476210378315e-05,6.82439237132279e-06,13.012366455048323
652,705,0.0009291291071093763,0.0006881780451230831,1.7287782737486584e-05,6.807323461142731e-06,13.032658439129591
653,706,0.0009272910498967111,0.0006864687939978735,1.7312604456886907e-05,6.769621132996854e-06,13.053817032836378
654,707,0.0009217286761552952,0.0006792074183951091,1.758494591405276e-05,6.667179861965852e-06,13.074069399386644
655,709,0.0009191505590477912,0.0006760522631227462,1.7885906293538472e-05,6.423923298966039e-06,13.102194473147392
656,711,0.0009151523190781513,0.0006677216773056374,1.8287352791695725e-05,6.455711385555663e-06,13.129601638764143
657,713,0.0009138384703909451,0.0006653432650930642,1.839576505326965e-05,6.4537554765184365e-06,13.157327118329704
658,714,0.0009126730774041192,0.0006667749611537013,1.845149520904996e-05,6.138316415991821e-06,13.177584022283554
659,715,0.0009092309676056565,0.0006673651010418743,1.7729152402770802e-05,6.457434253607424e-06,13.197829950600863
660,716,0.0009086420378068721,0.0006652020127689592,1.7768283963822877e-05,6.575718539968413e-06,13.218117447569966
661,717,0.0009069791592012412,0.0006634829593967924,1.7864734237164778e-05,6.4848857432800986e-06,13.238393773324788
662,718,0.0009062191150242492,0.0006684940255775894,1.741500440506075e-05,6.35750453960523e-06,13.258738406933844
663,719,0.0009045961917842177,0.0006669705529161837,1.7494869406871113e-05,6.267694479932286e-06,13.278999477624893
664,720,0.0009028209455874493,0.0006651845698681968,1.766293270002131e-05,6.100704871903942e-06,13.299257965758443
665,721,0.0009007027198990158,0.0006666038743610876,1.7321004769349116e-05,6.088879784443703e-06,13.319527455605567
666,722,0.0008981094472558026,0.0006705125513191642,1.690755832818759e-05,5.8521312654762515e-06,13.339814317412674
667,723,0.0008969832640446718,0.0006695148131537024,1.655093631259053e-05,6.195908776506406e-06,13.360180363059044
668,724,0.0008960303900646873,0.0006712354091207842,1.6609118481745885e-05,5.870379612644429e-06,13.380802921019495
669,725,0.000894520057448726,0.0006703358310631705,1.649535126596255e-05,5.923071372593e-06,13.401099497452378
670,726,0.000893674645895807,0.0006710208712998841,1.638333618924489e-05,5.882041270347409e-06,13.421381597407162
671,727,0.0008925348295254758,0.0006724305205507089,1.6146950642843983e-05,5.863480254632706e-06,13.442132747732103
672,728,0.0008919910669626542,0.0006736246750016607,1.5980841852556785e-05,5.855797343542568e-06,13.462520133703947
673,729,0.0008905273563305301,0.0006715667368705156,1.6034315293429534e-05,5.861746652571914e-06,13.482837922871113
674,730,0.0008894784598245587,0.0006698997267138346,1.604652681279527e-05,5.911346498277142e-06,13.503747985698283
675,731,0.0008881204377434301,0.000667641963792723,1.595555610858933e-05,6.092291286481385e-06,13.524127844721079
676,732,0.0008873783101248691,0.0006669799948597699,1.6011404892282306e-05,6.02842663422761e-06,13.544478526338935
677,733,0.0008860096912045618,0.0006654222563923895,1.5985932856264973e-05,6.072810624952265e-06,13.564886019565165
678,734,0.0008848097625880629,0.0006625896177864179,1.6244321459719418e-05,5.977693020445074e-06,13.585258089005947
679,735,0.0008839141298412094,0.0006601310594182474,1.628394750920297e-05,6.094359533093216e-06,13.605554044246674
680,736,0.0008827178420655142,0.0006579545323549945,1.6358971152930638e-05,6.117359818121332e-06,13.625877633690834
681,737,0.000881386665549454,0.0006554563569901433,1.6406337151894865e-05,6.186693704036215e-06,13.64615336805582
682,738,0.0008800010404274397,0.0006540946822930779,1.6372284990338733e-05,6.21835082309745e-06,13.666479441337287
683,739,0.0008791422953379817,0.0006510422216916472,1.6250702136446897e-05,6.559305228186543e-06,13.686746632680297
684,740,0.0008777925135116801,0.0006522629902069273,1.619031793106704e-05,6.3626343994082324e-06,13.707487705163658
685,741,0.0008768005778473956,0.0006510365942385816,1.628653249449497e-05,6.289865866386421e-06,13.727803237736225
686,742,0.0008758452893383472,0.0006481198866596365,1.6426628321665664e-05,6.345911946205404e-06,13.748412908054888
687,743,0.0008753232347914371,0.0006460222555766395,1.6561151837723353e-05,6.368946083756397e-06,13.768736332654953
688,744,0.0008750037273026461,0.0006442365528011633,1.6626733664644732e-05,6.4499837855035535e-06,13.78898864146322
689,745,0.0008748076944245896,0.0006435053291537993,1.6635853341600906e-05,6.494383185478113e-06,13.809308403171599
690,746,0.0008745698429383763,0.000643614489457454,1.6574935189015187e-05,6.520600159077039e-06,13.829989680089056
691,747,0.0008742030576263534,0.000643643610822715,1.6412172419710892e-05,6.643772260652951e-06,13.850298617966473
692,748,0.0008737473071241513,0.000644166248577923,1.623394054038474e-05,6.724165314238099e-06,13.870673012919724
693,749,0.0008730516919852008,0.0006457225036610239,1.590139810047842e-05,6.8315207319392796e-06,13.890949138440192
694,750,0.0008723524915683632,0.0006459599570993927,1.5833264693045493e-05,6.80598875385156e-06,13.911293411627412
695,751,0.0008719847449661039,0.0006439867560623822,1.585216685212415e-05,6.947632038248016e-06,13.931520302779973
696,752,0.0008710479785045765,0.0006442587150182154,1.5972704676267058e-05,6.706221672369048e-06,13.951779724098742
697,753,0.0008706414215233837,0.0006438787584914076,1.5962578100788296e-05,6.713688202409313e-06,13.973047697916627
698,754,0.0008701227607311784,0.0006429405556887218,1.5971218206332547e-05,6.7470022979131245e-06,13.99332139082253
699,755,0.0008697869112882699,0.0006429294551938432,1.5988625294578353e-05,6.697120314864317e-06,14.013559048064053
700,756,0.000869445075175643,0.0006425792274430144,1.5971280934861884e-05,6.7153038384009766e-06,14.034243567846715
701,757,0.0008689616200382481,0.0006413659680778699,1.5911834487924858e-05,6.8477307081129685e-06,14.054534553550184
702,758,0.000868650190173538,0.0006402716062100213,1.5933033247528853e-05,6.904825148822816e-06,14.074864429421723
703,759,0.0008684107456812541,0.0006398243478489056,1.59282354587427e-05,6.930404324492144e-06,14.0952367214486
704,761,0.0008682338806124464,0.0006386638638976464,1.5932585376413618e-05,7.024416295066379e-06,14.123539050109684
705,762,0.0008680287071111091,0.0006383296060648162,1.5977024220960398e-05,6.992885883668894e-06,14.143833776004612
706,763,0.000867875193665564,0.0006375437818351621,1.600259937661128e-05,7.030541806428907e-06,14.164133987389505
707,764,0.0008676507036391628,0.0006363652778364517,1.6013686734008297e-05,7.11485584626281e-06,14.184410251677036
708,766,0.0008674623497236871,0.0006339302499652317,1.6198355460980613e-05,7.154854514864929e-06,14.211834891699255
709,767,0.0008672073850284191,0.0006328918079761572,1.6225441529207684e-05,7.206116176018498e-06,14.232105822302401
710,769,0.0008670443420424579,0.0006324120412590212,1.6228700641586704e-05,7.234529436756963e-06,14.259751610457897
711,770,0.000866656164334676,0.0006325443543504264,1.6194575476498605e-05,7.216605521926363e-06,14.28007354028523
712,771,0.0008658891291591766,0.0006326115718482955,1.6259716130005937e-05,7.068039601082173e-06,14.30038034170866
713,772,0.0008650550838292488,0.0006314642820441427,1.6494570427081633e-05,6.864509751428968e-06,14.321111775934696
714,773,0.0008641567572099959,0.0006291396948520091,1.6879998379598753e-05,6.6217078561999245e-06,14.34140323009342
715,774,0.0008634053270694408,0.0006248085885301954,1.73408307919424e-05,6.518843061982141e-06,14.361768061295152
716,776,0.0008629158418592212,0.0006228452885508908,1.761086880999117e-05,6.3961865208418805e-06,14.389747189357877
717,777,0.0008623567208273218,0.0006216041262184397,1.774130615461496e-05,6.333953306273255e-06,14.410024926066399
718,778,0.0008617122274551574,0.0006193953547294718,1.7811282484714707e-05,6.420404787853842e-06,14.430304506793618
719,779,0.0008609642785366315,0.000617039722342691,1.7861073808009035e-05,6.531381811385006e-06,14.450633655302227
720,780,0.0008607334997021719,0.0006156710756132197,1.7873549760210672e-05,6.632692648684553e-06,14.470965563319623
721,781,0.0008604050168921025,0.0006169043270422151,1.7780791895597757e-05,6.56927708939098e-06,14.491260058246553
722,782,0.0008602615498169565,0.0006178082321014647,1.780289187811442e-05,6.442439893434758e-06,14.512049335986376
723,783,0.0008599064009713956,0.000617725889273281,1.7779186657604673e-05,6.438864512206795e-06,14.532372066751122
724,784,0.0008596765516807562,0.0006182494365277263,1.774764663154789e-05,6.395064883755101e-06,14.55267314426601
725,785,0.0008594432354561353,0.000618772088371424,1.7756596908599884e-05,6.310517799871251e-06,14.573041632771492
726,786,0.0008589889836258716,0.0006198212407689899,1.7747521907040027e-05,6.169252378648148e-06,14.593353943899274
727,787,0.0008585737765518413,0.0006208432389890022,1.7736665514469798e-05,6.036388241814109e-06,14.613610855303705
728,788,0.0008581002353004979,0.0006219295649124761,1.7708721553220213e-05,5.908345485581966e-06,14.633901833556592
729,789,0.0008580113895129693,0.0006225054286577303,1.7741173641122333e-05,5.8094224444015626e-06,14.65419502928853
730,790,0.0008577267423671656,0.0006228240988982672,1.7659412377731035e-05,5.830851969158813e-06,14.674531216733158
731,791,0.0008576220722675404,0.0006219093709411239,1.769908794315014e-05,5.87218218949152e-06,14.694874254986644
732,792,0.0008574852560012199,0.0006217628487262479,1.7693471414884324e-05,5.878769312612863e-06,14.715137742459774
733,793,0.0008573179725730083,0.0006217761096315813,1.7718403683589478e-05,5.835782610553217e-06,14.735399156808853
734,794,0.0008571083246138749,0.0006233210538923505,1.7650998249125186e-05,5.727728823027265e-06,14.75570154003799
735,795,0.0008568375709524351,0.000624588025262006,1.7643701131869983e-05,5.581253437172942e-06,14.776024271734059
736,796,0.0008565207085396509,0.0006257508616423162,1.7630590148585787e-05,5.446394541147682e-06,14.796389102935791
737,797,0.0008561564119493197,0.0006263059330728478,1.7653438699330384e-05,5.331609188316809e-06,14.816678537987173
738,798,0.0008557905223560182,0.0006265258595155083,1.765588717600011e-05,5.270579108050869e-06,14.836962283588946
739,799,0.0008552494958382259,0.0006264644525669381,1.758554059740021e-05,5.292963729728575e-06,14.857302768155932
740,800,0.0008545476186955727,0.0006241356971778294,1.7574532402228418e-05,5.46665974954591e-06,14.878006679937243
741,801,0.0008539422716584769,0.0006228379876023208,1.7381112515943718e-05,5.7293158896718935e-06,14.89831141475588
742,802,0.0008532305312520692,0.0006206520017499595,1.7282642615851257e-05,5.975210334359723e-06,14.91857108939439
743,803,0.0008523853237118097,0.0006212282250318315,1.7175011568645412e-05,5.940698299352407e-06,14.938864351250231
744,804,0.0008503923092668256,0.0006227538997104639,1.6891516402424743e-05,5.87232455321143e-06,14.959245379082859
745,805,0.0008490844941950498,0.0006224929899706575,1.6985306272654954e-05,5.6738441497842845e-06,14.979633427225053
746,806,0.0008464533789451123,0.0006200325736109277,1.697848110536907e-05,5.663599428049394e-06,15.000300140120089
747,808,0.0008440055084010854,0.0006183612281944516,1.7052801251397668e-05,5.5116267692657065e-06,15.027812199667096
748,810,0.0008425750799618315,0.0006165500558118569,1.6954661060890914e-05,5.647841354106541e-06,15.055233775638044
749,811,0.0008411354790729145,0.0006162062688977107,1.715470994809884e-05,5.33821106942153e-06,15.075765125453472
750,813,0.0008402245282032299,0.0006175055302117646,1.696431408970722e-05,5.307585709439311e-06,15.103832328692079
751,814,0.000838510794866175,0.0006173312445416407,1.6731989086987822e-05,5.385965945465623e-06,15.12411221023649
752,815,0.0008367257652045842,0.0006177423084922842,1.6718711664917106e-05,5.179634006312894e-06,15.14441666379571
753,816,0.0008342768337611754,0.0006204870620927029,1.638538126149053e-05,4.993595905356723e-06,15.164783577434719
754,817,0.0008314535156231785,0.000621356315827327,1.6028734196962883e-05,4.980985782622274e-06,15.185055023990571
755,819,0.0008303385656893947,0.0006221442956879724,1.5677400791532736e-05,5.142026208609487e-06,15.212936140596867
756,820,0.0008288805576481485,0.0006246654779166556,1.508663789200085e-05,5.334870081148441e-06,15.233182242140174
757,821,0.000828060175325264,0.000620078059685836,1.5401863684047045e-05,5.396347879895757e-06,15.25345600489527
758,822,0.000826646846699313,0.0006185498224455673,1.5217628663252015e-05,5.5920737621225476e-06,15.27369349822402
759,823,0.0008256729572708212,0.0006182052244733297,1.540597166464155e-05,5.340801615107595e-06,15.294799337163568
760,824,0.0008247958590948312,0.0006159242445774523,1.535923601294436e-05,5.527925438793541e-06,15.315071661956608
761,825,0.0008245386859809754,0.0006146322437458445,1.5234534119323111e-05,5.756110104189972e-06,15.335334205068648
762,826,0.0008236506945152408,0.0006141143519185133,1.5282569273745443e-05,5.671064985927306e-06,15.355583160184324
763,827,0.0008229820651401634,0.0006121561545179555,1.540188411169463e-05,5.68070695052616e-06,15.37595168221742
764,828,0.0008221060639755173,0.000609134850209795,1.5464409662895647e-05,5.832711713676584e-06,15.396317351609468
765,829,0.0008214444283096466,0.0006066945456507227,1.5540950529478444e-05,5.9340377364139416e-06,15.416625389829278
766,830,0.00082062544006597,0.0006067352520571057,1.5388790407975933e-05,6.000228392910493e-06,15.436884383670986
767,831,0.0008202238604908152,0.0006076547171075562,1.537393814225948e-05,5.88297619606643e-06,15.457198349758983
768,832,0.0008197508811995755,0.0006082438668902453,1.5247179177824626e-05,5.903522253108396e-06,15.478436055593193
769,834,0.0008194663710568678,0.0006075792150123208,1.5353614117823828e-05,5.835101486630865e-06,15.505919052287936
770,835,0.0008188768525424272,0.0006073845384758774,1.5222996364455696e-05,5.926235042199293e-06,15.526245892047882
771,836,0.0008184063378212074,0.000607512849276032,1.5111283417314408e-05,5.97806543720312e-06,15.54650991782546
772,838,0.00081818302596506,0.0006078876226663745,1.5047757281736081e-05,5.98178304813246e-06,15.574026479385793
773,839,0.0008179182157507173,0.0006081817104829669,1.5036076287736878e-05,5.93757423903816e-06,15.594354711472988
774,840,0.0008174605004686866,0.0006100175620412905,1.4906412162839758e-05,5.8378816798998435e-06,15.61469600442797
775,841,0.0008171553968807168,0.0006120717931187691,1.4793793398976101e-05,5.714566977218675e-06,15.634967033751309
776,842,0.0008167784278390394,0.0006131944021697505,1.4624646064606343e-05,5.733756502322544e-06,15.655294398777187
777,843,0.0008160042985900829,0.0006172673792537688,1.422023632554776e-05,5.65345560808366e-06,15.67560129519552
778,844,0.0008155680964055341,0.0006172702479260369,1.4141480845065168e-05,5.688304002884559e-06,15.695971961133182
779,845,0.0008151762680142539,0.0006173870987582233,1.4054238553442944e-05,5.724678372160118e-06,15.716270380653441
780,846,0.0008148504064715769,0.000615081560938026,1.4268117014192313e-05,5.708767539162776e-06,15.736564514227211
781,847,0.0008146172567471526,0.0006138297412901203,1.4295071892315664e-05,5.783679653387568e-06,15.756814210675657
782,848,0.0008143073658795778,0.0006120951923914712,1.4377043341940286e-05,5.844174006870365e-06,15.77715119998902
783,849,0.000814095786696512,0.0006119581735506149,1.4325723767515724e-05,5.888037547073986e-06,15.797451318241656
784,850,0.0008138895136668042,0.0006119160423706681,1.423503215993865e-05,5.962314969674962e-06,15.817764810286462
785,851,0.0008136819662078569,0.0006129036966818273,1.4170112171211252e-05,5.907714781391705e-06,15.838045926764607
786,852,0.0008134723042071365,0.0006125259965389452,1.4172462292585334e-05,5.922168474233798e-06,15.858385753817856
787,853,0.00081323698068332,0.0006121141444436585,1.4244167980727885e-05,5.86811564323827e-06,15.879417777992785
788,854,0.0008129749722745875,0.0006115017043363124,1.4329388097909544e-05,5.817938695917961e-06,15.899746151641011
789,855,0.0008126476207230305,0.0006102437846705418,1.4481460868022941e-05,5.758922737225924e-06,15.919998943805695
790,856,0.0008122666357152429,0.000609475038130151,1.4544914179579247e-05,5.734245578929934e-06,15.94023459032178
791,857,0.0008117467706509322,0.000608816939213812,1.456773690806531e-05,5.725246235646715e-06,15.960658242926002
792,858,0.0008112030700894471,0.0006084323384705015,1.4510663894106592e-05,5.766409267787956e-06,15.98096985463053
793,859,0.0008102825899033517,0.0006085261739415365,1.4422188596802008e-05,5.75345299937951e-06,16.00173901580274
794,860,0.000808817967071545,0.0006076175655286975,1.4335399363526613e-05,5.78464079075814e-06,16.022028788924217
795,861,0.0008061152044341799,0.0006062309220083272,1.4244439156327293e-05,5.74398908625797e-06,16.042300157248974
796,862,0.0008019821810514003,0.0006023932554308301,1.4346193645126445e-05,5.61269891693057e-06,16.062747402116656
797,863,0.0007999371172265706,0.0006003833804558108,1.4256109488929086e-05,5.6992641881468915e-06,16.082998977042735
798,864,0.0007953826075230322,0.000598465367666021,1.4599169679110042e-05,5.092554306591073e-06,16.103265713900328
799,866,0.0007943094420506884,0.000597026499535611,1.4482810794754974e-05,5.245483456752763e-06,16.130711120553315
800,867,0.00079152886148381,0.0005938571332220045,1.4218333662603035e-05,5.548839163577505e-06,16.151000243611634
801,868,0.0007884868212687383,0.0005905114495523143,1.4208606473567621e-05,5.588930698074777e-06,16.17133646365255
802,869,0.0007838988605440097,0.0005862887198899855,1.4137907511493964e-05,5.623106553908463e-06,16.191587513312697
803,871,0.0007795208245361811,0.000582502184771946,1.4239260232592047e-05,5.462603743831457e-06,16.21905062161386
804,872,0.0007766317913699653,0.0005761468967727631,1.4335340149930687e-05,5.713149309789539e-06,16.239393861033022
805,874,0.0007743398230633538,0.0005759918245137469,1.4613312539763498e-05,5.221487315197187e-06,16.26696919184178
806,876,0.0007722856714315841,0.0005729666579318189,1.459378484065345e-05,5.338116509323074e-06,16.294440913014114
807,878,0.0007706824411566318,0.0005721180380663725,1.4511433985495148e-05,5.345006323530791e-06,16.321953441016376
808,879,0.0007686198139451575,0.0005714487211265911,1.441854836130762e-05,5.298560920549013e-06,16.342277369461954
809,881,0.0007666660020585912,0.0005703082784518813,1.418987304354485e-05,5.44589931712613e-06,16.369832240976393
810,882,0.0007634725619408783,0.0005665382208676822,1.4287357953622525e-05,5.40607615369708e-06,16.3901087353006
811,883,0.0007610928142821674,0.0005639780192971676,1.3886663533161513e-05,5.824815965338471e-06,16.410370813682675
812,884,0.0007595821374941254,0.0005635295020502212,1.3584874097316608e-05,6.020389447073808e-06,16.43067189399153
813,885,0.0007591511711586984,0.0005613097488598619,1.3526603177372187e-05,6.257539052511464e-06,16.450943225994706
814,886,0.0007583866551458938,0.0005615108980470405,1.3254721116330518e-05,6.4328545935548165e-06,16.471238560043275
815,887,0.0007576472796700497,0.000563769128232525,1.3288636703193228e-05,6.099178440559248e-06,16.491508593782783
816,888,0.0007571240164384149,0.0005628526059975593,1.3307729146021666e-05,6.119411898063898e-06,16.511895157396793
817,889,0.0007566746619103666,0.0005624858391337332,1.3187780325100638e-05,6.231101952562704e-06,16.532235040329397
818,890,0.0007563001686341517,0.0005617776528287032,1.3217051908612673e-05,6.235199671932176e-06,16.552514163777232
819,891,0.0007559231656210243,0.0005605216360737147,1.3290650686185056e-05,6.249502268545906e-06,16.572937653400004
820,892,0.0007557602937106929,0.0005601430428533659,1.3310312451973106e-05,6.251412633759599e-06,16.593568842858076
821,893,0.0007555396414770372,0.0005597833180225103,1.3291682145849845e-05,6.283950199602851e-06,16.61390076112002
822,894,0.0007553774659589107,0.0005598902062202888,1.3306272852583119e-05,6.242453121279059e-06,16.63415210135281
823,895,0.0007552494479077574,0.0005601729525388712,1.32833991229827e-05,6.22425041390592e-06,16.654386043548584
824,896,0.0007551341282569886,0.0005604088813655238,1.3256804707185972e-05,6.215719981960494e-06,16.67509729322046
825,897,0.0007550396977042491,0.0005607910925854141,1.3251097740286851e-05,6.173762771596638e-06,16.695367669686675
826,898,0.000754915043431033,0.0005609378335744094,1.3222687319648626e-05,6.175033666013736e-06,16.71570945903659
827,899,0.0007547090534516122,0.0005609395968518296,1.32634856639085e-05,6.113459996069766e-06,16.7359588034451
828,901,0.0007546379898703621,0.0005611717496741158,1.3239134200059598e-05,6.107489819565028e-06,16.763466798700392
829,902,0.0007544593787084735,0.0005618531037183901,1.3050647940464088e-05,6.209979558544256e-06,16.78372846543789
830,903,0.0007540008211205579,0.00056084110540047,1.3114634548017187e-05,6.201337023991602e-06,16.804020876064897
831,904,0.0007530460250063591,0.0005597644636920586,1.3179929411252192e-05,6.148226720177862e-06,16.824288555420935
832,905,0.0007522175957614784,0.0005589466537237336,1.3123379477872515e-05,6.203714725901953e-06,16.844596369192004
833,906,0.0007509197770490137,0.0005581163585978667,1.303523904923505e-05,6.2451027958796605e-06,16.865442036651075
834,907,0.0007496894735893984,0.0005592074849847948,1.2723754900314778e-05,6.3244439601455755e-06,16.885741975158453
835,908,0.0007483659696969288,0.0005601167119118787,1.2716771595524305e-05,6.10815418298071e-06,16.906028646975756
836,909,0.0007472554691976344,0.0005603554231500595,1.2624407144008565e-05,6.065597460748918e-06,16.92629700526595
837,910,0.0007464967215711616,0.0005608993163432109,1.2513310052456862e-05,6.046430470338206e-06,16.946559209376574
838,911,0.0007456150206747658,0.0005605753536101504,1.2593881056601026e-05,5.910085649860506e-06,16.966959667392075
839,912,0.0007440010558108477,0.0005578019606377114,1.2640455663512284e-05,5.979453853801343e-06,16.98722809460014
840,913,0.0007428424376515033,0.0005566139393658625,1.2483534115944346e-05,6.1393157126197326e-06,17.008040617220104
841,914,0.0007415981188436268,0.0005568649106871735,1.2496170051558579e-05,5.977150764086756e-06,17.029469297267497
842,915,0.0007408170575538355,0.0005555115572280736,1.2785373746628112e-05,5.745176285948066e-06,17.04980718716979
843,916,0.0007398547262684831,0.0005554487090463296,1.2650497143143302e-05,5.790104579072043e-06,17.070918769575655
844,917,0.0007394759973724685,0.0005556439962702107,1.2669109746461298e-05,5.714090363764477e-06,17.091211115941405
845,918,0.0007389502550543632,0.0005564363492286465,1.266170036420543e-05,5.58969021836624e-06,17.112332470715046
846,919,0.0007382171475727934,0.000558577768285343,1.2669510860628306e-05,5.294427068116735e-06,17.13310454133898
847,920,0.000737223621055726,0.0005596382513808666,1.2567394487417867e-05,5.1911424800680744e-06,17.15337847918272
848,921,0.0007357280786094707,0.0005592701058146924,1.2546715690549257e-05,5.099081588928569e-06,17.173678170889616
849,922,0.0007340746199771206,0.000558320883072282,1.2430327803661766e-05,5.14504588682209e-06,17.19401016831398
850,923,0.000732570970412007,0.0005544674188271623,1.2562111673026088e-05,5.248243485458381e-06,17.214329122565687
851,924,0.0007310708907292247,0.0005506662079887787,1.2472202307084329e-05,5.568265966960268e-06,17.234614194370806
852,925,0.0007291351662080661,0.0005492363416988536,1.235571958415679e-05,5.6341628667644514e-06,17.254925353452563
853,926,0.0007272139388483014,0.0005489533864590397,1.2321617876654495e-05,5.504437362271677e-06,17.275205152109265
854,927,0.0007251870477423004,0.0005484246490515023,1.2199922060159932e-05,5.476317808919887e-06,17.295524421148002
855,928,0.0007214124146378561,0.0005486907114350002,1.1977282767499602e-05,5.294887552785989e-06,17.315865637734532
856,929,0.0007171621813576567,0.0005447830382191787,1.2101963696020289e-05,5.13595061782751e-06,17.336584490723908
857,931,0.0007141299323056891,0.0005400318537582956,1.187611109812333e-05,5.533696756616024e-06,17.36418515909463
858,932,0.0007113013285261118,0.0005371455338958238,1.1802721771844884e-05,5.612857691183914e-06,17.3844754146412
859,933,0.0007094081147268899,0.0005304477237818654,1.2145737287423194e-05,5.7503018070792545e-06,17.405195116065443
860,934,0.0007054492971477232,0.0005233887091018924,1.2470255946851038e-05,5.735802857732047e-06,17.425513753667474
861,935,0.0007024830390515275,0.00052367498016171,1.2115120824434301e-05,5.765685064547453e-06,17.445881680585444
862,936,0.0007004152273777592,0.0005234794476917813,1.1988081930638778e-05,5.705496037959011e-06,17.46627692412585
863,937,0.0006966984556982388,0.000519762516340921,1.1845393646445202e-05,5.8482002892865875e-06,17.48657287657261
864,938,0.000693481158935363,0.0005098450902359957,1.1794519594480168e-05,6.569087275456565e-06,17.506939535029233
865,939,0.0006919757865167988,0.0005076346280898039,1.2227237414299723e-05,6.206878428399767e-06,17.52730374969542
866,940,0.0006884098480893198,0.0005059503153958237,1.1972508440672746e-05,6.2734448286768525e-06,17.54765019007027
867,942,0.000686463959364687,0.0005028374117353388,1.1950445901077796e-05,6.412208861857028e-06,17.576314490288496
868,943,0.0006835236215916835,0.0005022082608940793,1.2267863426765423e-05,5.863672642994998e-06,17.59667958319187
869,944,0.000680035750112967,0.0004962000845649188,1.262515034843377e-05,5.758416206371056e-06,17.61705692578107
870,945,0.0006784633144016775,0.0004891072357683393,1.2829910274676896e-05,6.105697588656926e-06,17.63731123600155
871,946,0.0006742759888916747,0.0004875178492865232,1.3585970455806767e-05,5.089843504708385e-06,17.657599790021777
872,947,0.0006710178002715713,0.00048548619870564377,1.3628292264069314e-05,4.9248678925234435e-06,17.678359585814178
873,948,0.0006689372832882592,0.00048397168841907937,1.359251325615445e-05,4.90404623076353e-06,17.698735172860324
874,950,0.0006655176234960542,0.000484965354304972,1.3368918795673663e-05,4.686308123434557e-06,17.726278177462518
875,951,0.0006641650537799864,0.0004868298440436343,1.3329351389885787e-05,4.404169583749423e-06,17.74656853917986
876,952,0.0006615840029965864,0.00048645891463712753,1.3270703220977933e-05,4.241805614967951e-06,17.766964088194072
877,954,0.000659905425603513,0.0004851844903086701,1.3126941806800829e-05,4.3451517226834534e-06,17.794478596188128
878,955,0.0006575379244422078,0.0004862978626740711,1.2907610578649845e-05,4.216395598163822e-06,17.81480345223099
879,956,0.0006548609944440425,0.00048728789554896304,1.2739854176360702e-05,4.017455713147244e-06,17.835102752782404
880,957,0.0006539851658272233,0.0004916227201367107,1.2461876887014933e-05,3.774367682036321e-06,17.855414416640997
881,958,0.0006519754427576584,0.0004883491576172185,1.2514589886936683e-05,3.8480386271072935e-06,17.875707872211933
882,959,0.0006496204631291786,0.000482196482697844,1.266047140703825e-05,4.081926636095218e-06,17.896838599815965
883,960,0.0006473891653157494,0.0004818030269813342,1.2569968373090597e-05,3.988645460350933e-06,17.917161223478615
884,961,0.0006439863579047982,0.0004799466875001552,1.2489956038625548e-05,3.914011001838749e-06,17.93740277737379
885,962,0.0006417032740136263,0.0004771017457843266,1.2568303266458882e-05,3.891849556471088e-06,17.95767157524824
886,963,0.0006393900852257406,0.00047568057404932454,1.2508602880649191e-05,3.862348236992425e-06,17.9780411478132
887,964,0.0006385319791100306,0.0004748448876649257,1.2532672140041722e-05,3.836037004468772e-06,17.99842482432723
888,965,0.0006369025145303591,0.00047492569642384157,1.2525945155879578e-05,3.671736654772185e-06,18.01879714988172
889,966,0.0006347102563817014,0.00047558297524188627,1.2509799579633149e-05,3.4029285343483622e-06,18.03904181625694
890,967,0.000632354663605076,0.0004764698003985577,1.2410434642975555e-05,3.1780516776762737e-06,18.059345185756683
891,968,0.000630874502494591,0.00047620882219021055,1.2542154962227167e-05,2.924413068210878e-06,18.079633188433945
892,969,0.0006297101715935067,0.0004751723598511078,1.2571034358222778e-05,2.8827468160171125e-06,18.09999764431268
893,970,0.0006293896959341204,0.0004735391354305311,1.26443749330597e-05,2.9406811172992276e-06,18.120323918759823
894,971,0.0006286091111526813,0.0004736139389272828,1.2568061777893047e-05,2.931455444646801e-06,18.1406417414546
895,972,0.0006284804856115571,0.00047350945137956236,1.2539342521365778e-05,2.9577609018336962e-06,18.16173683758825
896,973,0.0006280561934490527,0.0004738406658289774,1.2433160908135723e-05,2.9883918538717943e-06,18.182014599442482
897,974,0.000627603450480812,0.00047280591786317243,1.2387124996499411e-05,3.0926282652645413e-06,18.202296395786107
898,975,0.0006270794374437468,0.0004729948286442854,1.223697647190752e-05,3.1714844080386165e-06,18.222558497451246
899,976,0.0006265164992567455,0.0004728195011908465,1.2052825717346873e-05,3.316874089243017e-06,18.24290735833347
900,977,0.0006255445514340882,0.00047284587391451064,1.2024068996276737e-05,3.245798755681017e-06,18.263225530274212
901,978,0.000624853169759356,0.0004739879520039915,1.201371247151025e-05,3.0728093040261914e-06,18.283495333977044
902,979,0.0006243957567321669,0.0004753352836882701,1.198518221885614e-05,2.9208650855335365e-06,18.303795718587935
903,980,0.0006240417781490548,0.0004762731486480405,1.192170637546199e-05,2.8551565746394523e-06,18.32520706113428
904,981,0.0006235336568540706,0.0004773134827792717,1.1758340993143378e-05,2.863676414336512e-06,18.345456945709884
905,982,0.0006226525100279255,0.00047863000039136865,1.1533531892131176e-05,2.868719071524511e-06,18.366319807246327
906,983,0.0006216063697138166,0.00047966417496044634,1.1149807950884801e-05,3.0444115244522215e-06,18.386599986813962
907,984,0.0006204598565592352,0.00048049042254464964,1.0803305745300203e-05,3.1936376561583516e-06,18.407211693003774
908,985,0.0006192606348798169,0.0004837401198339781,1.0189695828321498e-05,3.3623556762623692e-06,18.4274665620178
909,986,0.0006180830442162714,0.00048388629480239744,1.006806208938651e-05,3.35161285200089e-06,18.447744927369058
910,987,0.0006170000296390475,0.0004837368205408568,1.0021805403644203e-05,3.304515506174871e-06,18.468132937327027
911,988,0.000616015438873737,0.00048523148808839157,9.802922985910493e-06,3.2754720926240467e-06,18.488396557047963
912,989,0.000615212843337917,0.00048614992589544604,9.561049788850177e-06,3.345241955396919e-06,18.508715201169252
913,990,0.0006146279410327359,0.0004873560137318812,9.353347379879614e-06,3.373845350205853e-06,18.52897744718939
914,991,0.0006140364789165149,0.0004867228829325055,9.306342720526377e-06,3.4250168778745674e-06,18.54928968846798
915,992,0.0006129483472243573,0.00048522574144018436,9.322746354562883e-06,3.449514223854411e-06,18.569648801349103
916,993,0.000612074978908801,0.0004831351293201238,9.449550063645236e-06,3.4444348952224923e-06,18.590870714746416
917,994,0.0006115452183629376,0.0004811810892616631,9.618897904448913e-06,3.4175150056785327e-06,18.61117336526513
918,995,0.0006111207806619621,0.0004807229943060551,9.63094936504932e-06,3.4088292705413806e-06,18.631476920098066
919,996,0.0006106294235046969,0.000479762661892777,9.766454103397218e-06,3.320222057794776e-06,18.651771189644933
920,997,0.0006099269691458519,0.00047955049926634336,9.726954410286654e-06,3.3106925776642e-06,18.6720114890486
921,998,0.0006089973286162315,0.0004799417220505397,9.609851696475543e-06,3.2957089600936344e-06,18.692300526425242
922,1000,0.0006086972176110875,0.00047992434654785303,9.505987932616864e-06,3.3712991737065852e-06,18.71982474438846
923,1001,0.000608219647812475,0.0004810918278156348,9.343632399012938e-06,3.3691496006710923e-06,18.740672443062067
924,1002,0.0006079107987503696,0.00048096174371309975,9.30295706549237e-06,3.391948438234615e-06,18.761881360784173
925,1003,0.0006074144627660927,0.0004811397145288687,9.211686009163774e-06,3.4157888145586265e-06,18.782669400796294
926,1004,0.0006070152050560203,0.0004815605536120479,9.068339176489932e-06,3.4771259679073057e-06,18.80296305846423
927,1005,0.0006062682646506224,0.0004813435887393308,9.03394573968613e-06,3.4585218514430234e-06,18.823242693208158
928,1006,0.0006051110277463019,0.0004815932464811752,8.918433073673968e-06,3.4333450528386924e-06,18.84350556321442
929,1007,0.0006039086724949499,0.0004823819605004466,8.790098415647948e-06,3.3625727838023798e-06,18.863835563883185
930,1008,0.0006027047432793943,0.0004820824259965762,8.713960387968102e-06,3.3482713403137092e-06,18.884108607657254
931,1010,0.0006019686659699714,0.0004824321912093097,8.58609995316628e-06,3.3675475228998816e-06,18.911645183339715
932,1011,0.0006010996264967583,0.00048206752427490466,8.547570897435564e-06,3.355639324749797e-06,18.931918212212622
933,1012,0.0006003678249877555,0.0004778504386828174,8.68574607641692e-06,3.5659925540768946e-06,18.952216712757945
934,1013,0.0005998058856291873,0.0004784833443380377,8.642298855291434e-06,3.4899552738235256e-06,18.972576893866062
935,1014,0.0005989851902262093,0.0004768148516548277,8.828396511760812e-06,3.3886373453773493e-06,18.992848775349557
936,1015,0.0005983093432835354,0.00047540841772033404,8.984684196776797e-06,3.305408359543336e-06,19.0135783450678
937,1016,0.0005974776688732447,0.0004728881294026675,9.208741368972752e-06,3.2502125780849594e-06,19.03383495658636
938,1017,0.0005962662010557261,0.000470372683909301,9.418309587340454e-06,3.1710421273020547e-06,19.054093338549137
939,1018,0.0005943802395703478,0.0004679991724800426,9.54411633491001e-06,3.0939903741204993e-06,19.074368589557707
940,1020,0.000593806605374712,0.0004664513874273032,9.610428048007746e-06,3.1250937467331264e-06,19.10187066718936
941,1021,0.0005922420844656833,0.00046194775067263423,9.759766123524517e-06,3.269667255780386e-06,19.122181119397283
942,1022,0.0005907788944480244,0.00046369791754569134,9.370995419761336e-06,3.3371022704719678e-06,19.14244852401316
943,1023,0.000589478597190847,0.0004639599164177788,9.310217383762703e-06,3.241650693544115e-06,19.16271971166134
944,1024,0.0005882314481554924,0.00046225876572319644,9.288666904542026e-06,3.308601338687564e-06,19.18313727620989
945,1025,0.0005869722356034344,0.0004614731786695528,9.152837195080833e-06,3.3970684983073183e-06,19.203387647867203
946,1026,0.0005843268391231317,0.00045839861032286885,9.037551906320995e-06,3.5552709737052914e-06,19.223680856637657
947,1027,0.0005813975081587927,0.00045694552708047334,8.65584361218291e-06,3.7893544956490224e-06,19.243955115787685
948,1028,0.0005794353774183387,0.0004503069307842143,8.952448163999952e-06,3.960396499412492e-06,19.264248562976718
949,1030,0.0005767849704765372,0.00044986035406577784,8.854311831148665e-06,3.838149809927273e-06,19.29168736655265
950,1031,0.0005746478769358948,0.00045162710782761957,8.535769133637419e-06,3.76630777719011e-06,19.31241997331381
951,1032,0.0005733917060641867,0.00045209731017067115,8.52112201550044e-06,3.608317573851113e-06,19.333919094875455
952,1033,0.0005716902456937516,0.00045121980119125016,8.374973626618386e-06,3.672070823631758e-06,19.354372101835907
953,1034,0.0005705591218357614,0.00045148247038328393,8.185207614067004e-06,3.7224575311807405e-06,19.374684205278754
954,1035,0.0005689246917550663,0.0004506590505159973,7.872658404548316e-06,3.953905719358579e-06,19.395007613115013
955,1036,0.0005667287869732417,0.00044828423645747623,7.987867986437198e-06,3.856587065139352e-06,19.415293741971254
956,1037,0.0005642844933653104,0.00044705798869461836,7.848860831557434e-06,3.873789635511761e-06,19.435576821677387
957,1038,0.0005628825273107446,0.0004475528117582628,7.586253877780328e-06,3.946717677467843e-06,19.456240423955023
958,1039,0.0005620987484788245,0.00044696799773246223,7.355815198918646e-06,4.157259875717576e-06,19.47653468232602
959,1040,0.0005617128165820125,0.0004472547992342458,7.317656060711211e-06,4.12814567406546e-06,19.496836212463677
960,1041,0.0005614225258418801,0.0004469414060197803,7.388157452290766e-06,4.059954529919214e-06,19.517159027978778
961,1042,0.0005608520350392446,0.00044694709559486444,7.393564159075121e-06,3.996929785362897e-06,19.537971653975546
962,1043,0.0005599933220189849,0.00044600847889048566,7.495945405932361e-06,3.90253890691756e-06,19.558246824890375
963,1044,0.0005583036347422151,0.00044475903476330365,7.525341565196057e-06,3.829118432695086e-06,19.57862626388669
964,1045,0.00055580183637903,0.000444525481620563,7.4216720857243604e-06,3.705963390122338e-06,19.598994503729045
965,1046,0.0005524938508480509,0.0004420569552368123,7.3935535208014674e-06,3.6501360403223925e-06,19.619304658845067
966,1047,0.0005510996526226937,0.0004406505970754748,7.231670172462917e-06,3.8132353822589727e-06,19.639624943956733
967,1048,0.0005497445508727221,0.0004385838782243947,7.527440690942691e-06,3.588626573890044e-06,19.659952212125063
968,1049,0.0005481530702119913,0.0004404391449435188,7.203499277559161e-06,3.5678932492880934e-06,19.68028338626027
969,1050,0.0005476282813252094,0.00044110656068093194,7.168862881443194e-06,3.483309182984548e-06,19.700598885305226
970,1051,0.0005471603680952017,0.00044556835803464303,6.843077797240133e-06,3.3161232088157273e-06,19.720970613881946
971,1052,0.0005466774866887853,0.0004448868712043698,6.968775565838758e-06,3.210285982602785e-06,19.74125004466623
972,1053,0.0005463905767727861,0.0004447321139006076,6.997104541998692e-06,3.1687417452191596e-06,19.761547837406397
973,1054,0.0005459093319348796,0.0004459556622782969,6.95355161272478e-06,3.0418153529334862e-06,19.781843803822994
974,1055,0.0005455710921478323,0.0004480479289193325,6.751079155748316e-06,3.0012371671016727e-06,19.802274650894105
975,1056,0.0005450251965229625,0.0004473620933236059,6.761103396165927e-06,3.0052069237697262e-06,19.822626911103725
976,1057,0.0005445182195348354,0.0004466992675635574,6.827332351770555e-06,2.9545628453572474e-06,19.843384055420756
977,1058,0.0005440264314589215,0.0004459611298614308,6.824094952712655e-06,2.9824352070364202e-06,19.863659769296646
978,1059,0.0005436389339904058,0.0004451004961626991,6.795497984916022e-06,3.05834579785464e-06,19.88406491279602
979,1060,0.0005433895612038416,0.00044403956515991287,6.790499577543087e-06,3.1445000268497837e-06,19.904311602935195
980,1061,0.0005431310902133237,0.0004434362567420328,6.7564817214357295e-06,3.2130016256933594e-06,19.924610873684287
981,1062,0.0005427389777486878,0.000441668151884458,6.78952049435968e-06,3.3175620920632974e-06,19.944902382791042
982,1063,0.0005420972993630081,0.00044031808761429053,6.772620153978032e-06,3.4053010208937232e-06,19.965339968912303
983,1064,0.000540949696280138,0.0004380945291347696,6.831989817382141e-06,3.4535268971546967e-06,19.98566258698702
984,1065,0.0005393983482888244,0.0004363962705564543,6.762710623533838e-06,3.5374971497031705e-06,20.005921874195337
985,1066,0.0005383717699664984,0.0004360351802877796,6.7375476188943796e-06,3.496111348977502e-06,20.026176338084042
986,1068,0.0005380632241772981,0.0004375317481576827,6.580109935319755e-06,3.47303766664179e-06,20.053598904050887
987,1069,0.0005375840838489523,0.0004389391903867883,6.412812457651922e-06,3.4516768885644843e-06,20.073931546881795
988,1070,0.0005372080473650138,0.0004397293330539911,6.3027965550497364e-06,3.4450748760525298e-06,20.09423623420298
989,1071,0.0005367901793860497,0.00044014132333766975,6.149847049246839e-06,3.515038555591166e-06,20.114528908394277
990,1072,0.0005362110001867669,0.00044052429817376847,6.069062623502591e-06,3.4996075777972505e-06,20.134813593700528
991,1073,0.0005354145550455698,0.000440648255787032,5.8780998968389575e-06,3.598530029014829e-06,20.15504915919155
992,1074,0.0005344700437132136,0.0004400239150538401,5.800525339580383e-06,3.6440875263569637e-06,20.1752911452204
993,1075,0.0005334595165825506,0.0004390657977752341,5.810624263287589e-06,3.628747617444068e-06,20.195565834641457
994,1076,0.0005325644948386274,0.00043810492106545734,5.990901946121323e-06,3.4550554311956858e-06,20.215843794867396
995,1077,0.0005320179657250635,0.0004381832484602154,6.041856672647812e-06,3.3416150538369945e-06,20.236115287989378
996,1078,0.0005314792648661969,0.0004378282557334132,6.169895670569133e-06,3.195205242709233e-06,20.256471011787653
997,1079,0.0005311072788624818,0.0004376143745439075,6.204379356902691e-06,3.14491107495473e-06,20.27675553318113
998,1080,0.0005304047827694063,0.00043693660614844195,6.261314672755261e-06,3.085502989341174e-06,20.29701422713697
999,1081,0.0005300359741571318,0.0004364391714437681,6.337086791050399e-06,3.0225934802859708e-06,20.31733199208975
1000,1082,0.0005298332099646785,0.0004358720374077617,6.32002578974698e-06,3.076091465944699e-06,20.4299567816779
1001,1083,0.0005297343009624275,0.00043604511706131347,6.28375958160347e-06,3.0851588085079303e-06,20.452909962274134
1002,1084,0.0005295077862318432,0.0004361450621652262,6.316152052670027e-06,3.0201203539916737e-06,20.473132527433336
1003,1085,0.0005294003920265326,0.00043619180057998127,6.292201115657242e-06,3.028658028997894e-06,20.493372213095427
1004,1086,0.0005292691255201582,0.0004363660796427362,6.25816566417547e-06,3.032138923566733e-06,20.513652682304382
1005,1087,0.0005291376848224926,0.0004360992656564911,6.264958296296189e-06,3.0388836203039554e-06,20.534000992774963
1006,1088,0.0005290552053767179,0.0004357175266777789,6.3066762583633705e-06,3.027091611530526e-06,20.5543156247586
1007,1089,0.0005289828661472634,0.0004349790385178919,6.333817527779067e-06,3.066565235158076e-06,20.574700891040266
1008,1090,0.0005289158334463446,0.00043428958336447346,6.3967834608741135e-06,3.0658415473130053e-06,20.59497681632638
1009,1091,0.0005288037509816612,0.0004336831523028086,6.43606441541192e-06,3.0759954524733405e-06,20.615272149443626
1010,1092,0.0005287066971152612,0.00043275343573322215,6.516567964498726e-06,3.078758173705188e-06,20.636456420645118
1011,1093,0.0005285767742321713,0.0004326607335703669,6.505064710615588e-06,3.0865393555648534e-06,20.65759537369013
1012,1094,0.0005282976563935051,0.00043180221513186204,6.551579402210655e-06,3.0979647239536505e-06,20.677874439395964
1013,1095,0.000527787455661011,0.0004314186665280771,6.5688537703413565e-06,3.0680251429520333e-06,20.698143397457898
1014,1096,0.0005267579192633599,0.0004302539319212706,6.645678689741043e-06,3.004720044467883e-06,20.718457728624344
1015,1097,0.0005257156262329717,0.000429012038842558,6.760260685726226e-06,2.910098053315134e-06,20.738761268556118
1016,1098,0.0005245428241102256,0.00042759207688402727,6.90057616770438e-06,2.7944985549154492e-06,20.75908398721367
1017,1100,0.0005239706808005584,0.000426593244764128,7.060251275751711e-06,2.6774923278913328e-06,20.79033757187426
1018,1101,0.0005230795579905355,0.0004263390411934679,7.000238317902941e-06,2.6738133618038167e-06,20.810649803839624
1019,1102,0.0005224760499919967,0.0004263263225762118,7.098975500812783e-06,2.5159972407657003e-06,20.83095240779221
1020,1104,0.0005220729512718633,0.00042590414132747035,7.119124471993511e-06,2.497756522445782e-06,20.858355399221182
1021,1105,0.0005214064816058134,0.00042516285649710434,7.102291703647669e-06,2.5220708072232313e-06,20.878685945644975
1022,1106,0.0005204697015681332,0.0004257724206751099,6.934420423958078e-06,2.535307665344248e-06,20.899034375324845
1023,1107,0.0005192515883349697,0.0004254429367020092,6.873919857502174e-06,2.506945305793874e-06,20.920199993997812
1024,1108,0.000518213126785027,0.00042465503455139323,6.730418529652513e-06,2.625390693710866e-06,20.940523779019713
1025,1109,0.0005166232573791318,0.00042219248027127826,6.793860860753991e-06,2.6492168500313588e-06,20.960816117934883
1026,1110,0.0005151634439922233,0.00041703735182097934,7.127379727157823e-06,2.685229489966572e-06,20.98117713071406
1027,1111,0.0005147559327047632,0.0004158558688251188,7.422599052810778e-06,2.4674073351536606e-06,21.001529226079583
1028,1113,0.0005130313442490763,0.0004148195723210124,7.537778209704743e-06,2.283398983101658e-06,21.02910233195871
1029,1114,0.0005116998008332168,0.00041235147799861024,7.456765921168208e-06,2.478066362292451e-06,21.049499716609716
1030,1115,0.0005102621726337255,0.0004114181585694002,7.355968976612226e-06,2.528432429820299e-06,21.069875908084214
1031,1116,0.000508686445786279,0.00041231537978249035,7.3468117324200575e-06,2.2902948679588125e-06,21.09015487972647
1032,1117,0.0005074865476146554,0.00040970926727494904,7.475130799382967e-06,2.3025972345876703e-06,21.110507399775088
1033,1118,0.0005064767215095735,0.000408218519569592,7.4568815698757745e-06,2.368938624122376e-06,21.130817351862788
1034,1119,0.000506377758782483,0.00040742166895911937,7.5858606157298794e-06,2.3097483666064917e-06,21.15157780610025
1035,1120,0.0005054886403892741,0.0004091532654263648,7.342677349667715e-06,2.290860146623209e-06,21.171990210190415
1036,1121,0.0005050752300395066,0.0004096222219186228,7.231218025935897e-06,2.3140827861524846e-06,21.192298788577318
1037,1122,0.000504409908766394,0.00041036124655956474,7.13337357428193e-06,2.2714926464009955e-06,21.212615380063653
1038,1123,0.0005027682859397428,0.0004130455088394649,6.695236981359771e-06,2.277040728668014e-06,21.233309886418283
1039,1124,0.0005017209154556442,0.00041241566690623733,6.6533247312852844e-06,2.2772001236554e-06,21.254009117372334
1040,1125,0.0005000690042053148,0.00041198203761134874,6.510123860087713e-06,2.2985727993088913e-06,21.27434487082064
1041,1126,0.0004992200473602157,0.0004087950339568994,6.579590441784863e-06,2.4629108985467624e-06,21.29459834471345
1042,1128,0.0004980122665023289,0.0004087902861942215,6.558895397216185e-06,2.363302633594553e-06,21.322197983041406
1043,1129,0.0004972817200919848,0.00040845957778998476,6.610710621355172e-06,2.271503608844832e-06,21.342463457025588
1044,1130,0.0004967762229684122,0.00040714213817634676,6.64517354916657e-06,2.318234930039968e-06,21.362801828421652
1045,1131,0.000496062108324907,0.0004082077543056813,6.389390997214848e-06,2.3960444047077263e-06,21.38312155380845
1046,1132,0.0004956900196078382,0.00040773222865948095,6.430425187627734e-06,2.3653539072079847e-06,21.403467021882534
1047,1133,0.0004953863278020696,0.0004080200224176429,6.381877772458947e-06,2.354752765983717e-06,21.4238608116284
1048,1134,0.0004952454023739916,0.00040847873765474733,6.3094116290331095e-06,2.3672548428913222e-06,21.444646081887186
1049,1135,0.0004949915519291449,0.00040826059300301927,6.346000003886792e-06,2.3270958887257773e-06,21.465040128678083
1050,1136,0.0004948801507896384,0.0004078896016004593,6.3610985892064506e-06,2.3379563297114664e-06,21.485462479293346
1051,1137,0.0004947011758430565,0.0004072780492132781,6.440394296346526e-06,2.3019183666313206e-06,21.505863768979907
1052,1138,0.0004944510743639747,0.00040618999726220575,6.538866006533176e-06,2.2872417036437307e-06,21.52629548870027
1053,1139,0.0004941482193235709,0.00040470221991198695,6.653207884197335e-06,2.2913920569610696e-06,21.54666846897453
1054,1140,0.0004939135487494093,0.00040295208605966757,6.784177281264312e-06,2.3119689877098605e-06,21.5670146336779
1055,1142,0.000493594994770395,0.0004018467960823409,6.799224648152352e-06,2.375595220653063e-06,21.594909911043942
1056,1143,0.0004932238314085467,0.000402055091453533,6.774630748727107e-06,2.3422432467742624e-06,21.615235553123057
1057,1144,0.000492707826590556,0.0004016376699894018,6.777009153142494e-06,2.3300065069729235e-06,21.635488409548998
1058,1145,0.0004921648978168645,0.0004011264508040115,6.777741407709334e-06,2.32610329357597e-06,21.65594042930752
1059,1146,0.000491079717441626,0.00039837704351054255,6.963978116221763e-06,2.306289276886579e-06,21.677186051383615
1060,1147,0.0004898975317871218,0.0003968385971019519,6.981194829991668e-06,2.3246986385253217e-06,21.697466148994863
1061,1148,0.0004880418055913464,0.0003928851903555745,7.284719291444998e-06,2.230942232132192e-06,21.71777082234621
1062,1150,0.0004870975653069132,0.0003894855034850839,7.41501434336049e-06,2.3461918388224443e-06,21.745298721827567
1063,1151,0.00048607945325088164,0.00039001301271259463,7.255687398877817e-06,2.3509566549508857e-06,21.765588781796396
1064,1152,0.0004853270248896179,0.0003901283793341508,7.181787344566947e-06,2.3380772109797637e-06,21.785887488164008
1065,1153,0.0004839199786344043,0.00038915604926746976,7.176111985868736e-06,2.300280950824714e-06,21.80665974970907
1066,1154,0.0004827095614456267,0.0003889474877575378,7.058276704942606e-06,2.317930663866281e-06,21.827018320560455
1067,1155,0.00048184715561283835,0.00039084812705673477,6.970345075519094e-06,2.1295577800912624e-06,21.84725297894329
1068,1156,0.00048087973968413396,0.00038876941115284004,7.037451338027733e-06,2.173581515101664e-06,21.867533107288182
1069,1157,0.0004801028320773678,0.0003880809732606002,7.094329131839703e-06,2.107856749837059e-06,21.88782921526581
1070,1158,0.00047905088517852603,0.00038519805944763,7.379409268428287e-06,2.005873304661316e-06,21.908153924159706
1071,1159,0.00047877743657573357,0.00038256836326127155,7.542316365292875e-06,2.078590966153326e-06,21.928475824184716
1072,1160,0.00047770280792422924,0.0003809120908619354,7.656778188879344e-06,2.0222935173500425e-06,21.948780313134193
1073,1161,0.0004771313291370828,0.0003787120295478126,7.76912896002202e-06,2.072800998905001e-06,21.969771404750645
1074,1162,0.00047661238551108536,0.0003767064442537435,7.847819313297126e-06,2.142774812437062e-06,21.990066478028893
1075,1163,0.00047636351082464153,0.00037526146772716407,7.954286816140664e-06,2.1559174936070827e-06,22.010716856457293
1076,1164,0.0004761252715416123,0.0003747074105402873,7.962612072550903e-06,2.1791740275815984e-06,22.031446360982955
1077,1165,0.0004757224886984884,0.000374604936436052,7.963672063068306e-06,2.1480831631753327e-06,22.051773769780993
1078,1166,0.00047540859746085756,0.00037427990430255427,7.995019358073694e-06,2.117849957756637e-06,22.072181126102805
1079,1167,0.0004750390588634245,0.0003737998584397069,7.977219220156e-06,2.1467008222157587e-06,22.092457104474306
1080,1168,0.0004745013743016902,0.0003718362219537501,8.108852173101054e-06,2.1576630616929533e-06,22.112736121751368
1081,1169,0.00047392437199565425,0.00036915154039888473,8.141086231997028e-06,2.3361969276799245e-06,22.133399977348745
1082,1170,0.00047322069986909123,0.0003677733824922418,8.198699530649357e-06,2.346032207035587e-06,22.15367211215198
1083,1171,0.00047237016407245485,0.00036580689951401627,8.234442304904314e-06,2.421884150939543e-06,22.174087743274868
1084,1172,0.0004716483933957256,0.0003638982186817713,8.31227306433547e-06,2.462744407059959e-06,22.19439775403589
1085,1173,0.0004711949382076471,0.00036295636109583737,8.374055890316958e-06,2.449801820864016e-06,22.21468126680702
1086,1174,0.00047090877813834355,0.0003636199552321214,8.426135087669265e-06,2.3027472029529526e-06,22.234987001866102
1087,1175,0.0004705313333801078,0.00036247132117516877,8.476980372542806e-06,2.329020847951096e-06,22.255283947102726
1088,1176,0.000470278865246866,0.0003626943081407169,8.484344704676883e-06,2.274111005938029e-06,22.27568758558482
1089,1177,0.00046991607263155487,0.00036241443388766156,8.49339967071459e-06,2.25676420367474e-06,22.29599504172802
1090,1178,0.00046949645981789797,0.0003618036467497891,8.541636933390755e-06,2.2276443734201334e-06,22.316328475251794
1091,1179,0.00046902423722146926,0.0003616594949406706,8.471415328652344e-06,2.265058899427522e-06,22.336615700274706
1092,1180,0.0004685291992394941,0.0003609289273196313,8.44945868812512e-06,2.3105685038611667e-06,22.356894185766578
1093,1181,0.0004679320296290491,0.0003612841814139741,8.337850193504413e-06,2.3269346280030865e-06,22.37723476346582
1094,1182,0.0004672204584586738,0.00036187616275013635,8.206715214522493e-06,2.327714356331255e-06,22.397475561127067
1095,1183,0.00046705374274674284,0.0003631947703331777,8.05981418978477e-06,2.3260830515717507e-06,22.417748350650072
1096,1184,0.00046650068458916607,0.0003650452253795905,7.980415491185977e-06,2.1651304297715775e-06,22.438034775666893
1097,1185,0.00046601220260894126,0.0003628867231789713,8.11365842260495e-06,2.198889520392047e-06,22.45832979492843
1098,1186,0.00046561330073360016,0.00036252761232498734,8.103336766240813e-06,2.2052320746204675e-06,22.478698543272913
1099,1187,0.0004647616851728734,0.00036322997384172597,8.031265043957347e-06,2.1219060891573943e-06,22.498970322310925
1100,1188,0.0004643240286272478,0.00036376083229971496,7.956877725751931e-06,2.0994419070013555e-06,22.519819333218038
1101,1189,0.00046378016369439073,0.0003639845419264653,7.87616947704062e-06,2.10339269975192e-06,22.540114898234606
1102,1190,0.00046356282497524035,0.00036366616989894453,7.952033128008662e-06,2.037632379620922e-06,22.56048875581473
1103,1192,0.0004633145944465488,0.00036431283858089254,7.86783411275262e-06,2.032341473813005e-06,22.588010574690998
1104,1193,0.0004630635798489276,0.0003643650206141838,7.801673064881651e-06,2.0681828585927293e-06,22.608347836881876
1105,1194,0.0004628721092332496,0.0003643392304242617,7.83512756332753e-06,2.018160317571259e-06,22.62869316060096
1106,1195,0.0004627040360257871,0.0003649805068260168,7.82152065882481e-06,1.950832261152217e-06,22.648975995369256
1107,1196,0.000462568988810633,0.0003653966868357306,7.857692929775472e-06,1.8595372677147708e-06,22.66931400820613
1108,1197,0.0004624673065467707,0.00036597934583159204,7.81047674449848e-06,1.8383193270193875e-06,22.689587205648422
1109,1198,0.00046230713525821816,0.0003662217581399686,7.805774056486396e-06,1.802763655338556e-06,22.709886848926544
1110,1199,0.00046203366834325524,0.00036603447572885345,7.815925350070365e-06,1.783993911369816e-06,22.730195303447545
1111,1200,0.00046179394200818126,0.00036604021735962676,7.789837987066976e-06,1.7855344777884713e-06,22.75035641901195
1112,1201,0.0004615876897713677,0.00036562245020424434,7.814599765320228e-06,1.7819241913921024e-06,22.77074627019465
1113,1202,0.00046103095912331145,0.00036466106657902084,7.890811189943485e-06,1.7461780644855777e-06,22.791046945378184
1114,1203,0.0004604299167165424,0.0003637990010215697,7.91767242164589e-06,1.7454191478513777e-06,22.811202595941722
1115,1204,0.00045964053677334044,0.0003633664452201194,7.975259695150022e-06,1.652149460172084e-06,22.83147643506527
1116,1205,0.0004585215308286949,0.0003624070833104456,7.938341302649889e-06,1.6731034491750432e-06,22.851778676733375
1117,1206,0.0004574169022105581,0.0003635319291835829,7.65167729856339e-06,1.736820004134132e-06,22.872133053839207
1118,1207,0.00045654364702880213,0.00036348880749172244,7.634338434923427e-06,1.671145518784542e-06,22.892365812323987
1119,1208,0.00045611494285288786,0.0003636532669539449,7.460807725348285e-06,1.7853598645460093e-06,22.912791251204908
1120,1209,0.0004549845288146822,0.00036377909331605524,7.388201335533415e-06,1.7323422143292848e-06,22.933060767129064
1121,1210,0.000454156208225587,0.0003629470262713332,7.450342591886098e-06,1.6705756035392816e-06,22.953365749679506
1122,1211,0.00045334306343576845,0.00036156398450929995,7.513374518468346e-06,1.6645333741785046e-06,22.973774642683566
1123,1213,0.00045278985221229264,0.000360550722379084,7.4772101879025364e-06,1.746702795418327e-06,23.00126483105123
1124,1215,0.00045214451341386424,0.0003607523942064586,7.423715432710851e-06,1.7154964880297155e-06,23.02880852203816
1125,1216,0.0004512476147106805,0.00036059140909991817,7.421617495614802e-06,1.644003065461431e-06,23.0495482692495
1126,1217,0.00045056387537140174,0.0003601087395829896,7.2251361276168085e-06,1.8203774512244057e-06,23.069863020442426
1127,1218,0.00044961958302289977,0.00035932518089399127,7.296083297468222e-06,1.733356915422627e-06,23.090230364352465
1128,1219,0.00044872777543909624,0.0003590461376067682,7.253142487489333e-06,1.7150212957434717e-06,23.110589381307364
1129,1220,0.000447922765472811,0.00035710482581794025,7.3118166701516195e-06,1.7699772953354567e-06,23.131343223154545
1130,1221,0.0004470353234062785,0.00035618336596884495,7.281790287666552e-06,1.8034054560768075e-06,23.152158920653164
1131,1222,0.0004464217930943041,0.00035480113144638304,7.184202017177484e-06,1.97786414761462e-06,23.173408515751362
1132,1223,0.00044464797576515964,0.0003513765452052337,7.287219065068891e-06,2.0399239909237036e-06,23.19367316365242
1133,1224,0.0004438346197955621,0.00034976429539514825,7.3297884521351235e-06,2.077243987906258e-06,23.21394438110292
1134,1226,0.00044281627468873726,0.00034877556874212236,7.4438557370590855e-06,1.960214857602404e-06,23.242145688273013
1135,1227,0.000440971037121582,0.0003462096018950438,7.352563500321436e-06,2.1235800223323847e-06,23.262472757138312
1136,1228,0.0004396422508611156,0.0003445437774322112,7.264164187296961e-06,2.245683155593473e-06,23.28271667379886
1137,1230,0.0004386741354578215,0.00034370808743615545,7.1998904277916476e-06,2.2967143743749584e-06,23.310148745775223
1138,1231,0.00043779623325435795,0.00034247370676358433,7.389394517033004e-06,2.142858132044361e-06,23.330614793114364
1139,1232,0.00043704460773076847,0.00034032076501149043,7.552129290207982e-06,2.120254981719823e-06,23.350888991728425
1140,1233,0.0004363398645310788,0.00033823211888601025,7.796372170538182e-06,2.0144023939686718e-06,23.371254022233188
1141,1234,0.0004357309372613701,0.0003369778752069269,7.779844866083082e-06,2.095461339361231e-06,23.391516144387424
1142,1235,0.0004342652175586816,0.0003369678555952685,7.673075680432921e-06,2.0566605159083913e-06,23.41177962720394
1143,1236,0.0004327297680053658,0.0003369876236658317,7.688288216762444e-06,1.8859262171909641e-06,23.432152929715812
1144,1237,0.0004316082823845028,0.0003375216759361887,7.585601500738572e-06,1.8230591440928395e-06,23.45242518838495
1145,1239,0.00043121053929898065,0.0003382137139676731,7.635590676322311e-06,1.664091856808447e-06,23.479913629591465
1146,1240,0.0004305409735702275,0.00033688258049381214,7.763640049176172e-06,1.6021992584653626e-06,23.50057710055262
1147,1241,0.0004299726399778924,0.00033393904561106213,7.987380326478829e-06,1.615979110204199e-06,23.521246715448797
1148,1242,0.0004295679684063762,0.0003334979759993698,8.080770831089963e-06,1.5262284096106762e-06,23.541492032818496
1149,1243,0.0004293353531254564,0.000332957242718089,8.112569967016558e-06,1.5252410737201792e-06,23.561777943745255
1150,1244,0.0004290942652699281,0.0003321166410374842,8.152226683491291e-06,1.5455357397530962e-06,23.58217821829021
1151,1245,0.00042889371780004186,0.00033077108291797364,8.255345202378836e-06,1.5569182858279823e-06,23.60251220781356
1152,1246,0.00042867076178750013,0.0003306516613306564,8.22237005304596e-06,1.5795399926384118e-06,23.62279645446688
1153,1247,0.00042841688890382884,0.0003312183036434789,8.127988494909216e-06,1.5918700311257765e-06,23.64308099541813
1154,1248,0.000427962841226931,0.00033339694962004825,7.852565838194557e-06,1.604023322493719e-06,23.663334761746228
1155,1249,0.0004275734405036586,0.000335045838906004,7.681135610755003e-06,1.571624549010465e-06,23.683624447323382
1156,1250,0.00042709001387581167,0.0003375902804312967,7.407322786146389e-06,1.5426505583051077e-06,23.703963650390506
1157,1251,0.00042681770428859973,0.000338073551367539,7.343723097726549e-06,1.5306921943795204e-06,23.72426062542945
1158,1252,0.00042650819260977744,0.00033875327166896,7.2567853561932975e-06,1.5187067378884422e-06,23.744553077034652
1159,1253,0.00042623655145765095,0.0003389894274367306,7.209105501977186e-06,1.5156069001148483e-06,23.764821644872427
1160,1254,0.00042604810789772846,0.0003388847411911658,7.2275823346633925e-06,1.4887543359928705e-06,23.785048484802246
1161,1255,0.00042593446921934815,0.00033952859006596784,7.14739924537957e-06,1.4931886699584606e-06,23.805439645424485
1162,1256,0.0004257695367414872,0.0003400907633708836,7.0828513564664785e-06,1.485025980593882e-06,23.825729697942734
1163,1257,0.00042555154835501686,0.00034114386342676517,6.973474175076032e-06,1.467294317749138e-06,23.845999249257147
1164,1258,0.00042525482386103415,0.0003420282693374152,6.836426515653325e-06,1.4862289367085731e-06,23.866274499334395
1165,1259,0.00042491703167872477,0.00034322278709298607,6.731490948921377e-06,1.4379335096524955e-06,23.886548407375813
1166,1260,0.0004246103661301816,0.00034296522705361835,6.708775957529552e-06,1.4557379501267726e-06,23.906858751550317
1167,1261,0.0004242406728094534,0.000342768556593216,6.689990343781353e-06,1.4572212778423889e-06,23.927239623852074
1168,1262,0.00042387473430313693,0.0003416828988746557,6.790213303954333e-06,1.428970238893788e-06,23.947562941350043
1169,1263,0.00042351108089615263,0.0003422023023090645,6.716367255984548e-06,1.414510602724261e-06,23.967924915254116
1170,1264,0.0004230585947199647,0.0003421076405293473,6.694274119642543e-06,1.4008212994192e-06,23.98864079732448
1171,1265,0.00042278948796619525,0.00034107062390909215,6.781272061148765e-06,1.390614344561548e-06,24.008893363177776
1172,1266,0.0004225233772367822,0.0003405599291775625,6.766103958921613e-06,1.4302408470003527e-06,24.029242381453514
1173,1267,0.00042233428295628905,0.00034010331183857554,6.804697088602461e-06,1.4184000231688914e-06,24.049550970084965
1174,1268,0.00042216310219549147,0.0003393483298660421,6.822831762482979e-06,1.4586454704619575e-06,24.06983837392181
1175,1269,0.0004219979252647427,0.0003394326193699862,6.767434172978141e-06,1.4890964164975139e-06,24.090132772922516
1176,1270,0.00042182964971564606,0.0003396027677370564,6.784441447213738e-06,1.4382467506452305e-06,24.110457656905055
1177,1271,0.0004216516814002834,0.00034020914804468004,6.718316824981578e-06,1.4259365105787605e-06,24.130817051045597
1178,1272,0.0004212998366677914,0.0003412487835525129,6.6364741578404135e-06,1.3686311536874373e-06,24.151102593168616
1179,1273,0.0004210225197818859,0.000342073760330011,6.555150039410975e-06,1.339725905776514e-06,24.171392248012125
1180,1274,0.00042043816669869475,0.00034242942163865785,6.5088296666094666e-06,1.2920448393942233e-06,24.192073970101774
1181,1275,0.00041996286861108124,0.0003428977193707433,6.363622460042227e-06,1.3428924639915704e-06,24.212370226159692
1182,1277,0.0004196206609946296,0.0003422957455807037,6.440524669266357e-06,1.291966872126237e-06,24.23982818517834
1183,1278,0.00041919796339151934,0.00034182453409915744,6.3911012819025614e-06,1.34624164733363e-06,24.26010059658438
1184,1279,0.00041863078035578153,0.00034175858064102794,6.251682662205477e-06,1.4355373092698767e-06,24.28048579301685
1185,1280,0.00041796839421173184,0.00034094919336922786,6.336624650617102e-06,1.3652954336332943e-06,24.301208742894232
1186,1281,0.0004173727561838704,0.00034060753889557144,6.308196474927904e-06,1.368325253901994e-06,24.321622797288
1187,1282,0.00041677025848401415,0.00034103888411385433,6.266007963709847e-06,1.3071294733061336e-06,24.34193802718073
1188,1283,0.0004162367944221362,0.0003416277947050566,6.149629375431884e-06,1.311270596276074e-06,24.36235012859106
1189,1284,0.0004155507822538264,0.0003422183763822981,6.037894943964334e-06,1.2953456431884985e-06,24.382740929722786
1190,1285,0.00041512263452798547,0.0003439965641574235,5.79042375012101e-06,1.322183286935184e-06,24.403071061708033
1191,1286,0.0004143549266455052,0.0003440661448069046,5.806681505524697e-06,1.2221966783353615e-06,24.423331083729863
1192,1287,0.00041329719173358547,0.000343076218212911,5.7564501085961805e-06,1.2656472434712639e-06,24.443595596589148
1193,1288,0.00041207630370478944,0.0003432985627122239,5.651174093917479e-06,1.2266000053390734e-06,24.463891136460006
1194,1289,0.0004105979888794617,0.00034482389609026895,5.3167177060529175e-06,1.2606915728663554e-06,24.48421193473041
1195,1290,0.0004090150515509518,0.0003441360394682171,5.217619821772118e-06,1.270281386501352e-06,24.504557973705232
1196,1292,0.00040743565590201797,0.00034229652277986244,5.199783111546063e-06,1.3141302006694842e-06,24.53304268606007
1197,1293,0.00040549255982523427,0.0003402425831952834,4.974182392045482e-06,1.5508152709496063e-06,24.553352356888354
1198,1294,0.000403868824614934,0.00033955364071487567,4.9663937656751155e-06,1.465124624330718e-06,24.573728361167014
1199,1295,0.00040339704986533994,0.0003438999977737309,4.764020176224532e-06,1.185685032936376e-06,24.59404279012233
1200,1296,0.0004017984786541272,0.00034237835085355216,4.7523274384260745e-06,1.1896853416314322e-06,24.614351307041943
1201,1297,0.0004011647331253819,0.0003400100012610255,4.880461612439004e-06,1.235011573996634e-06,24.634677313268185
1202,1298,0.0004005545864743057,0.00033948873181296086,4.869101793798446e-06,1.2374836723360405e-06,24.65612138900906
1203,1299,0.00039967859078499096,0.0003390801470635074,4.848613107590163e-06,1.2112312645581924e-06,24.676451524719596
1204,1300,0.00039885838336551656,0.0003387571945122742,4.791212264083752e-06,1.218906621240485e-06,24.696721959859133
1205,1301,0.0003977752257610063,0.000338149462692522,4.752750952693039e-06,1.2098253541553923e-06,24.717361917719245
1206,1302,0.00039702224634161217,0.0003392793906048835,4.603755015389055e-06,1.1705305582838096e-06,24.737628240138292
1207,1304,0.00039609661010926847,0.0003368404368348168,4.735918571614659e-06,1.1896987558305116e-06,24.76507985126227
1208,1305,0.0003954770204537057,0.00033195523207417963,5.123735609485109e-06,1.2284432284675013e-06,24.785362743772566
1209,1306,0.0003941577204739972,0.0003295138180298553,5.246412114645016e-06,1.2179781297691758e-06,24.805677725933492
1210,1308,0.0003932984465656951,0.00032896572396063864,5.15295235767779e-06,1.280319902827857e-06,24.833166981115937
1211,1309,0.0003928647932861161,0.00032762527040206473,5.1996643031805215e-06,1.3242879852246142e-06,24.85344009567052
1212,1310,0.0003916779194076814,0.0003270465179404477,5.34407210811729e-06,1.1190680386060795e-06,24.873975407332182
1213,1311,0.00039091909396912294,0.0003232810366146913,5.574356401238821e-06,1.1894493342043448e-06,24.89434500876814
1214,1312,0.00039015380623638073,0.00032138219905849993,5.682317573271539e-06,1.1948431445165419e-06,24.914624541066587
1215,1313,0.0003893780031157431,0.0003189430447761697,5.856621155438704e-06,1.186874678518629e-06,24.93495716433972
1216,1314,0.0003891356463055009,0.0003182271234809718,5.879960959657132e-06,1.2108913227957826e-06,24.955208060331643
1217,1315,0.0003885192485400289,0.0003192144446523337,5.682115729357497e-06,1.2483646594120222e-06,24.975647412240505
1218,1316,0.00038791570637571174,0.0003196409013230357,5.527888973724014e-06,1.2995915315435956e-06,24.995935070328414
1219,1317,0.00038716250393415946,0.0003197270002406481,5.443364475691057e-06,1.300185893660079e-06,25.01620194129646
1220,1319,0.00038632795471894323,0.00031957844293017864,5.385532157616022e-06,1.2894190212604372e-06,25.043730104342103
1221,1321,0.00038586522108348067,0.00031818584115541,5.434162316788928e-06,1.3337756760181402e-06,25.071196826174855
1222,1322,0.0003852611160236194,0.00031792122185371263,5.4413943411256444e-06,1.2925950758650298e-06,25.09151433967054
1223,1323,0.00038472212252092986,0.0003170043992244886,5.4301195060737056e-06,1.3416528235704166e-06,25.111888706684113
1224,1324,0.0003840878203770509,0.0003153886654715192,5.613012378876515e-06,1.256903111676655e-06,25.132227729074657
1225,1325,0.00038336256403534766,0.0003152103149312764,5.540119891647134e-06,1.2751050187599938e-06,25.153274409472942
1226,1326,0.0003825437597795299,0.0003140714089365589,5.410079538017045e-06,1.437155546280058e-06,25.173631550744176
1227,1327,0.0003819942367334495,0.0003155468189071291,5.291701011331402e-06,1.353040771300635e-06,25.193970765918493
1228,1328,0.0003812800533009864,0.00031457738950002096,5.3137475246514146e-06,1.35651885544513e-06,25.214240550994873
1229,1329,0.000380820818157545,0.00031233987654779303,5.333453071428316e-06,1.5146410895468827e-06,25.23455050960183
1230,1330,0.0003800842957566225,0.0003130636761004209,5.3308216247710595e-06,1.3712403408490992e-06,25.254845212213695
1231,1331,0.00037954318371961773,0.00031317429655302535,5.2843790420925525e-06,1.3525096745666823e-06,25.275212646462023
1232,1332,0.00037927820207890096,0.0003127146865453952,5.305861273033176e-06,1.3504902803174026e-06,25.29548558872193
1233,1333,0.00037904841031988066,0.00031206966163957185,5.312809963585022e-06,1.3850649044458583e-06,25.31578781735152
1234,1334,0.000378876760422102,0.0003116129746606704,5.2964380307403795e-06,1.4299405454027835e-06,25.33610997721553
1235,1335,0.0003786594334077805,0.0003110788184519032,5.290973774284678e-06,1.4670877213030512e-06,25.3563971221447
1236,1336,0.00037848791272544367,0.0003108041728923886,5.339533295840767e-06,1.428840687464743e-06,25.376844099722803
1237,1337,0.00037834060619586213,0.0003108083734580276,5.30182972647709e-06,1.45139354730636e-06,25.397169975563884
1238,1338,0.0003781738837092504,0.0003105863775931835,5.317493009893229e-06,1.4412576017134604e-06,25.417456628754735
1239,1339,0.0003778947258588294,0.0003099531134607454,5.357206754833829e-06,1.4369544849745724e-06,25.43811908736825
1240,1340,0.0003777073301237933,0.00030967676619765236,5.328330935595775e-06,1.474725457018319e-06,25.458441304974258
1241,1341,0.00037763289979373435,0.0003092581876607832,5.406541870195977e-06,1.4309293430991392e-06,25.478854827582836
1242,1342,0.00037738274459066945,0.0003088516347881001,5.406733011856631e-06,1.4463779684003073e-06,25.499281137250364
1243,1343,0.0003772922143767493,0.0003088621474400846,5.358094874982362e-06,1.4849118186841128e-06,25.519675981253386
1244,1344,0.00037721000886097,0.00030893945018798877,5.368675950062035e-06,1.4583799172360911e-06,25.540063234977424
1245,1345,0.00037713907490538324,0.0003089430185299625,5.365634833650684e-06,1.4539708038913883e-06,25.56042541656643
1246,1346,0.000377085352976237,0.0003087111030685988,5.373476743027719e-06,1.4639482477360986e-06,25.580866537988186
1247,1347,0.0003770175891450288,0.0003087569469428306,5.341671532711809e-06,1.484392687508013e-06,25.601200062781572
1248,1348,0.00037691970015025274,0.0003090085004717649,5.314719737175218e-06,1.4764002306735682e-06,25.622084395959973
1249,1349,0.0003768409608316794,0.000308536979716724,5.300896333716738e-06,1.5295017777788008e-06,25.642394637688994
1250,1351,0.00037677760140020385,0.00030864879404767263,5.293401709409812e-06,1.5194790258433052e-06,25.669871187768877
1251,1352,0.00037670604979947887,0.0003085087729998246,5.3324041401648675e-06,1.4873235398005597e-06,25.690175033174455
1252,1353,0.00037661935588479144,0.00030814419028746417,5.353411825678162e-06,1.4941047340545615e-06,25.71042376756668
1253,1354,0.0003765361112398936,0.00030778288369069217,5.36009138096167e-06,1.515231373958475e-06,25.730734289623797
1254,1355,0.00037644811649813567,0.00030754795620842725,5.358386876587066e-06,1.5316291523837785e-06,25.75100786332041
1255,1356,0.00037633472761320117,0.0003076647243045294,5.327518116688057e-06,1.5394822141791196e-06,25.771311039105058
1256,1357,0.0003762457535469997,0.00030752376818115836,5.349745866849251e-06,1.5224526697348815e-06,25.791592670604587
1257,1358,0.0003761590528030411,0.0003069601396562473,5.366084055218908e-06,1.553807259460478e-06,25.81240425631404
1258,1359,0.0003760424648600624,0.00030656775472546105,5.399649579819065e-06,1.5478214336410667e-06,25.832701950334013
1259,1360,0.0003759483086931667,0.0003059014891866142,5.4516840449414305e-06,1.5529979057138198e-06,25.852966729551554
1260,1361,0.00037579044039473373,0.0003048771246957193,5.533004552071026e-06,1.5583270178304148e-06,25.873243683949113
1261,1362,0.0003756931847906122,0.0003039849960878577,5.618676370192759e-06,1.5521425000826881e-06,25.893563239835203
1262,1363,0.0003755919042680122,0.00030279949037889756,5.642317660059041e-06,1.6369237288524197e-06,25.913902030326426
1263,1364,0.0003754923627627493,0.00030264463389029743,5.686275078452503e-06,1.598497808792688e-06,25.934574687853456
1264,1365,0.00037534379145219614,0.0003021780594969362,5.670151527344858e-06,1.646421668181136e-06,25.95486208703369
1265,1366,0.00037525310465636656,0.00030140189301511094,5.697634535795067e-06,1.6874866283304963e-06,25.975753628648818
1266,1367,0.0003751474180669357,0.0003002191238283036,5.7463980946317255e-06,1.7464313292314896e-06,25.99602402187884
1267,1368,0.00037502384219804003,0.0002998336804085702,5.77813632319329e-06,1.7408798557536946e-06,26.01634296309203
1268,1369,0.0003749002048523407,0.0002988920579838868,5.819024862905562e-06,1.781789823939828e-06,26.0372263379395
1269,1370,0.00037475193095466393,0.00029855289293244337,5.809409582107923e-06,1.8104942201141348e-06,26.05754449311644
1270,1371,0.0003745376532737682,0.00029847834811459083,5.845953649825411e-06,1.7599768660923264e-06,26.07786629907787
1271,1372,0.00037430441569611425,0.00029867593876651167,5.820060976032413e-06,1.7427867169278464e-06,26.098179436288774
1272,1373,0.0003741487182405723,0.00030013751415511943,5.748773544237187e-06,1.6523468643081002e-06,26.118443571031094
1273,1374,0.0003738846131861632,0.00029989183202749225,5.718434963006648e-06,1.6808431528604456e-06,26.13875088840723
1274,1375,0.00037369033046439075,0.0002997687630978113,5.700955855749982e-06,1.6912008809079656e-06,26.159014803357422
1275,1376,0.0003733219375284499,0.0002997530195400371,5.608120649723555e-06,1.7487711491177303e-06,26.17937612440437
1276,1377,0.00037295837430388536,0.00030084521286221,5.479341270895408e-06,1.731974873272128e-06,26.199633181095123
1277,1378,0.00037266719980113807,0.0003008258879233605,5.384754843704473e-06,1.7993763440732817e-06,26.219898503273726
1278,1379,0.00037237626727999274,0.0003011145588004904,5.378965807106947e-06,1.747205040843282e-06,26.24016217980534
1279,1380,0.000372037917504732,0.00030191656398765617,5.3511925480365446e-06,1.6609428036710434e-06,26.260444534011185
1280,1381,0.00037177970027925345,0.00030154856830882123,5.330641391411261e-06,1.6924718056319628e-06,26.28083347622305
1281,1382,0.00037128607633828977,0.0003012048563533907,5.338143047462912e-06,1.669978951026992e-06,26.301057253964245
1282,1383,0.00037086915520818204,0.0002998915873208114,5.424291988774024e-06,1.6734647999630405e-06,26.321325190365314
1283,1384,0.0003704432388749524,0.0002969537206060275,5.5378509239841455e-06,1.811100902908342e-06,26.34165743365884
1284,1385,0.000370040856809251,0.00029651286684289756,5.669448610892614e-06,1.6833503857427295e-06,26.361909707076848
1285,1386,0.000369478891061072,0.00029582676128924747,5.697549113358465e-06,1.6676638638239856e-06,26.38228915538639
1286,1387,0.00036890142501584585,0.00029390326936440636,5.771798121368151e-06,1.7280174437757952e-06,26.402553820982575
1287,1388,0.00036863719462839283,0.00029256356829098,5.845839993922514e-06,1.7615226398187688e-06,26.422814113087952
1288,1389,0.0003680865259596045,0.00029322729935144626,5.7689043582117556e-06,1.7170183026040644e-06,26.443098416551948
1289,1390,0.0003677324721644606,0.0002932752492360684,5.692779340112895e-06,1.7529429527263275e-06,26.463379290886223
1290,1391,0.0003670540828102759,0.00029097045971240306,5.750793607385265e-06,1.8575687024020205e-06,26.4844567803666
1291,1392,0.00036647602159301987,0.0002894110574938334,5.900979351491365e-06,1.8055170584272792e-06,26.504800320602953
1292,1393,0.0003659470997982414,0.00028885281421802344,5.831071102734533e-06,1.878357455287262e-06,26.525054122321308
1293,1394,0.00036522101286258615,0.0002874278802470603,6.063016687209821e-06,1.7162965743427623e-06,26.54540628194809
1294,1395,0.00036444588767031347,0.0002882017040597405,5.963984210013476e-06,1.6604341510438246e-06,26.566226194612682
1295,1396,0.00036366125065937974,0.00028628154526861107,6.078233998038175e-06,1.6597365410386906e-06,26.58652928378433
1296,1397,0.00036271308791468564,0.0002843289351552342,6.080455002431906e-06,1.7579602735132356e-06,26.606890394352376
1297,1398,0.00036147212744003725,0.0002824337947817116,5.985842348556008e-06,1.9179909172765606e-06,26.627163210883737
1298,1399,0.0003603637956964642,0.00028297285962536735,5.989364734891828e-06,1.749728872217858e-06,26.64787140581757
1299,1401,0.0003597459646515651,0.00028200594244710397,5.922078371124979e-06,1.8519238493211356e-06,26.675789402797818
1300,1402,0.0003589035063951178,0.00028078268422060713,5.927842792677995e-06,1.884239424773068e-06,26.69605558272451
1301,1403,0.0003581284302236841,0.00028077067214635475,5.8180164769429544e-06,1.917759330789977e-06,26.716825027018785
1302,1404,0.0003571531395861667,0.00028049751768707923,5.760827287856923e-06,1.9047349020518218e-06,26.737570430152118
1303,1405,0.00035560996753349197,0.0002797893584365782,5.621227168953369e-06,1.960833740738006e-06,26.758251006715
1304,1406,0.00035428434576763345,0.00027798858634540616,5.658399408228751e-06,1.971176533993973e-06,26.778558089397848
1305,1408,0.0003529425452920003,0.000278765831526792,5.417437487700973e-06,2.0002338888198564e-06,26.806025333702564
1306,1409,0.00035174157724823286,0.00028041380901607557,5.119138376952033e-06,2.0136384462637013e-06,26.82628960069269
1307,1410,0.00034920010016378973,0.0002784036137732892,5.246295007509117e-06,1.833353631540939e-06,26.846465771086514
1308,1411,0.00034720216631184555,0.00027402227790976433,5.479363106863293e-06,1.838625733344829e-06,26.86670825071633
1309,1412,0.0003443283783038686,0.0002744262841522607,5.040543245009713e-06,1.9496661701510807e-06,26.887034507468343
1310,1413,0.0003428111976471765,0.0002774777545465427,4.690982188761888e-06,1.8423621213014936e-06,26.907391876913607
1311,1414,0.0003408389708831006,0.0002781253168953218,4.472674643455852e-06,1.798690755322032e-06,26.927690548822284
1312,1415,0.0003394123882999401,0.0002749119722442564,4.480666348679396e-06,1.9693752568889744e-06,26.94803747627884
1313,1416,0.0003375517261455674,0.0002741519737020537,4.437298515501942e-06,1.9026767288494284e-06,26.968408819288015
1314,1417,0.0003364944193767006,0.00027687185312892236,4.206222461270015e-06,1.7560341635078117e-06,26.98876065481454
1315,1418,0.00033489907418679814,0.00027075750480809067,4.340871063360585e-06,2.0732858745101628e-06,27.00906689092517
1316,1419,0.0003317666744773468,0.0002662725355926812,4.520982091439613e-06,2.0284317970269466e-06,27.029672749340534
1317,1420,0.00032998406376846795,0.00026309074480696415,4.692169658135223e-06,1.9971622380151544e-06,27.04996717069298
1318,1421,0.00032933358141194134,0.00025765600796523214,5.062857364182461e-06,2.104899980488456e-06,27.070252677425742
1319,1422,0.00032742009772118854,0.00025707938925449204,5.349880663627607e-06,1.6841901830420425e-06,27.09051289409399
1320,1424,0.00032635719514299274,0.0002571213780375193,5.162860816869132e-06,1.7607208936782149e-06,27.11927272286266
1321,1425,0.0003251187645151076,0.00025561440648806227,5.043709764530416e-06,1.9067260381741103e-06,27.13965182285756
1322,1426,0.00032432549294308927,0.00025285440050598634,5.22169333712724e-06,1.9254159065830497e-06,27.1598961353302
1323,1427,0.0003235075082576645,0.000250801162941472,5.370675634279804e-06,1.899958897339442e-06,27.18024204671383
1324,1428,0.00032298369613338417,0.0002489976159636742,5.423840299384593e-06,1.974767717586404e-06,27.20047993119806
1325,1429,0.0003224810555525543,0.0002480144405787172,5.4820793793022275e-06,1.964582118081485e-06,27.22076600510627
1326,1430,0.00032176745913312864,0.00024511574517613967,5.524238812192274e-06,2.1409325835066246e-06,27.241478106938303
1327,1431,0.0003205976571209775,0.00024297299846666104,5.46090777303207e-06,2.301558092399577e-06,27.261771149002016
1328,1433,0.0003198657100480799,0.00024141153865234985,5.493118709275618e-06,2.3522984302973847e-06,27.289393685758114
1329,1434,0.0003187077824438178,0.00023852435966743464,5.553409658899408e-06,2.464932618738911e-06,27.3097452679649
1330,1435,0.0003172218389390378,0.00023898680063420166,5.57581183902408e-06,2.247691991459534e-06,27.330019471235573
1331,1436,0.0003159660332450923,0.00023765429926014264,5.687455009923535e-06,2.1437183885714314e-06,27.35029876139015
1332,1437,0.00031471382442834926,0.00023751666728796036,5.513061076336615e-06,2.2066546377022785e-06,27.370674983598292
1333,1438,0.00031375320543847857,0.0002373811015467183,5.477648906337509e-06,2.159561482838524e-06,27.390968687832355
1334,1439,0.00031296273922236216,0.00023715483035976193,5.450891505690211e-06,2.129899380569813e-06,27.41124415025115
1335,1440,0.0003120200905678923,0.0002370309016742024,5.329108105936701e-06,2.1698107834322864e-06,27.431507788598537
1336,1441,0.00031145504478786063,0.00023561153304677633,5.2782087329261675e-06,2.306142441182263e-06,27.45178998913616
1337,1442,0.000310902142206593,0.00023802452326543997,5.162386438571523e-06,2.125375455543782e-06,27.472137190401554
1338,1443,0.00031064040129404145,0.0002374023986794854,5.055546040296561e-06,2.268254221159043e-06,27.492420280352235
1339,1444,0.0003097112323772306,0.00023600936643773055,5.080969216773111e-06,2.2892173771768913e-06,27.512703922577202
1340,1445,0.0003094253112235144,0.00023586956657473907,5.090032322281731e-06,2.2655421425958033e-06,27.53301235102117
1341,1446,0.0003090653055705895,0.00023679285765832236,4.964540765378419e-06,2.262704025848301e-06,27.553708986379206
1342,1447,0.00030870729874668925,0.00023682956890924272,4.867432955686594e-06,2.3203400280580577e-06,27.574057194404304
1343,1448,0.000308371141418927,0.000236769087067862,4.806125805283632e-06,2.3540796298228685e-06,27.594337165355682
1344,1449,0.0003078610939674082,0.00023752838231616628,4.7005991082448655e-06,2.3326720568793286e-06,27.61465843487531
1345,1451,0.00030747545489420095,0.00023791866171830105,4.6558506767807645e-06,2.299828640809226e-06,27.64219947811216
1346,1452,0.000306607383697834,0.00023903574214893328,4.609049202738006e-06,2.1481149521520655e-06,27.662509606219828
1347,1453,0.0003056704658350476,0.00023945712964404696,4.516957472494332e-06,2.104376146605732e-06,27.68286562524736
1348,1454,0.00030469676394466385,0.00023966906259214815,4.493572594408624e-06,2.0091975408429495e-06,27.703172235749662
1349,1455,0.0003034835858932303,0.00023875048147161995,4.4178527902198395e-06,2.055457651941201e-06,27.723453488200903
1350,1456,0.0003020001435513046,0.0002384043904107943,4.305844313551918e-06,2.0537310004991118e-06,27.743739422410727
1351,1457,0.00029997834253701926,0.0002370845325965215,4.183106475456248e-06,2.1062745185935284e-06,27.764046994037926
1352,1458,0.0002987147314113492,0.0002370891304457381,4.06890139775011e-06,2.093658698810995e-06,27.784366223029792
1353,1459,0.0002978848837936723,0.00023892531762427193,3.993995239951074e-06,1.9019613769889675e-06,27.80550703406334
1354,1460,0.0002967255293036848,0.00023874030496315958,3.888685295326732e-06,1.909837138725789e-06,27.825819383375347
1355,1462,0.0002962851882291553,0.0002391222572540276,3.875342709270478e-06,1.8409503882422962e-06,27.853261310607195
1356,1463,0.00029564982981036977,0.00023978385618406145,3.773509836179279e-06,1.813087526451551e-06,27.873883138410747
1357,1464,0.00029516946283129,0.00024102978272783507,3.7130253901487706e-06,1.700942620196727e-06,27.894228029064834
1358,1465,0.00029488112290195607,0.00024135071950425396,3.661744637012237e-06,1.6912957027579758e-06,27.914506992325187
1359,1466,0.00029456634620611674,0.00024158423200021427,3.6288011810869355e-06,1.6694102395033163e-06,27.934792577289045
1360,1467,0.00029451617798505734,0.0002404669890064109,3.689178815229432e-06,1.7157400826352102e-06,27.95506371371448
1361,1468,0.00029417250811891054,0.0002411730462890165,3.7144825228451785e-06,1.5854636601442264e-06,27.97541745286435
1362,1469,0.00029403105089477206,0.0002411689997073476,3.6512690524931714e-06,1.6349360662492737e-06,27.99567332677543
1363,1470,0.00029393128447462164,0.00024096725892064968,3.6597291734139816e-06,1.6366733819832134e-06,28.016286119818687
1364,1471,0.0002937706744389992,0.00024048538438261837,3.6824141717817986e-06,1.646114833856284e-06,28.036591932177544
1365,1472,0.00029362803621512095,0.00024034938434549,3.6899691230058184e-06,1.6378960639572756e-06,28.05720065999776
1366,1473,0.0002934163044992773,0.00024007126102865617,3.652500389826221e-06,1.6820039572358898e-06,28.077472425065935
1367,1474,0.000293119444400684,0.00023966357306225454,3.6659484034045267e-06,1.679638730438423e-06,28.097872686572373
1368,1475,0.0002927587380427629,0.00023954884293196987,3.6331681679072397e-06,1.6878213431720635e-06,28.118229892104864
1369,1476,0.0002923645678781205,0.00023917030560798394,3.6087122448787317e-06,1.710713982134924e-06,28.138552176766098
1370,1477,0.0002920224835358018,0.00023909552457809544,3.5375395745532893e-06,1.7551563212173461e-06,28.159250002354383
1371,1478,0.00029149188710711103,0.00023846958919933548,3.51689119976617e-06,1.7853385910113828e-06,28.179565493017435
1372,1479,0.0002910066674666296,0.0002382219298646843,3.4430990653372568e-06,1.8353746948572758e-06,28.19990696106106
1373,1480,0.00029084704230958433,0.00023741794378610975,3.4733516654235656e-06,1.8695581869238919e-06,28.22016128897667
1374,1481,0.00029064677611464297,0.00023741712800700614,3.4708683622976032e-06,1.8520964484660768e-06,28.240521672181785
1375,1482,0.0002905429118637211,0.0002372966568444932,3.479374595567384e-06,1.8452509063554073e-06,28.261299205943942
1376,1483,0.00029022519239874545,0.00023628761762409326,3.5294124303067005e-06,1.8643450471585173e-06,28.282012032344937
1377,1484,0.00028996190964395417,0.00023544887355070868,3.542956174404225e-06,1.9083474349203224e-06,28.302346472628415
1378,1485,0.00028963011981542335,0.00023480288165421434,3.5316877503410606e-06,1.951036065779839e-06,28.322648053988814
1379,1486,0.00028933461402884955,0.00023391640483552082,3.5290797230565433e-06,2.012741196276332e-06,28.342976653017104
1380,1487,0.0002890663516394699,0.00023402134523988405,3.4961107311952427e-06,2.0083899087633426e-06,28.36327570769936
1381,1488,0.000288973780814091,0.00023287732188476405,3.436627442867873e-06,2.173018450064826e-06,28.383668057620525
1382,1489,0.0002886932515345494,0.00023372800542858672,3.4655215607037543e-06,2.0310030498925166e-06,28.40397598501295
1383,1490,0.0002886103938058443,0.00023349866636446811,3.5028660833564453e-06,2.008306660781171e-06,28.424264386296272
1384,1491,0.00028843453824578476,0.00023356374652260992,3.477068013902506e-06,2.010011158414978e-06,28.444403427653015
1385,1492,0.00028822875019110137,0.00023353143921026227,3.4404496109052054e-06,2.0292814871787037e-06,28.46466527879238
1386,1493,0.00028800084271438884,0.00023326333050533864,3.4344350779382594e-06,2.0393161429667594e-06,28.485033988952637
1387,1494,0.0002875124968767438,0.00023293818224878778,3.3964254760468438e-06,2.061005986748758e-06,28.50533083640039
1388,1495,0.000287121394002246,0.00023260498355462698,3.408898851076589e-06,2.042742193685312e-06,28.525630094110966
1389,1496,0.0002865574898932449,0.00023238375179206994,3.393022909573915e-06,2.0243509005435756e-06,28.545929124578834
1390,1497,0.0002857818715426589,0.00023163602816063245,3.365965167436713e-06,2.0486191707659258e-06,28.566227830015123
1391,1498,0.00028520140345149715,0.00023092339108784447,3.335193997635746e-06,2.09260723872952e-06,28.586561793461442
1392,1499,0.00028486950906432003,0.00022974443748497586,3.3430057603926978e-06,2.169501397541719e-06,28.606907648034394
1393,1500,0.00028434341075377555,0.000229749884301026,3.391903359702569e-06,2.0674492855723874e-06,28.627202954143286
1394,1501,0.0002842011620098178,0.00022970105382921793,3.3313470115482244e-06,2.1186638065117688e-06,28.647504669614136
1395,1502,0.0002837849000452819,0.00022944796511090181,3.353111792120982e-06,2.0805817013170246e-06,28.667791362851858
1396,1503,0.00028351012377567016,0.0002284106724895824,3.4289584278335158e-06,2.0809867007752627e-06,28.68811969086528
1397,1504,0.00028307083608819354,0.00022809223557481586,3.4216046561449463e-06,2.0762553951928216e-06,28.7085090437904
1398,1505,0.00028243282885738805,0.0002271725028086997,3.410409456035485e-06,2.115623148833352e-06,28.728817695751786
1399,1506,0.0002819797343857991,0.0002264475372347199,3.4973272610422018e-06,2.0558924540657145e-06,28.749093442223966
1400,1507,0.0002817044484060186,0.00022471226678132293,3.6010267883998395e-06,2.0981913740697285e-06,28.77038737386465
1401,1508,0.0002814807290228699,0.00022441918620521635,3.6656679153055727e-06,2.0404863664597865e-06,28.790801911614835
1402,1510,0.00028095981757723216,0.00022483343330460223,3.601208634024338e-06,2.0114297932386565e-06,28.818865079432726
1403,1511,0.0002806348802031428,0.00022429184335761088,3.6087715042476894e-06,2.0255321803055e-06,28.839167343452573
1404,1512,0.0002803583371511751,0.00022359408642263028,3.6489573897561586e-06,2.0274676830983213e-06,28.859473986551166
1405,1513,0.00027999847304658617,0.00022317561124905074,3.665455707693809e-06,2.0168304720597322e-06,28.879758588969707
1406,1514,0.0002796426882224098,0.00022208470795794403,3.761778863949887e-06,1.994019162496691e-06,28.900071058422327
1407,1515,0.00027924848800768885,0.00022204372600943896,3.789743135935033e-06,1.930733063889958e-06,28.920332053676248
1408,1516,0.0002789773921242661,0.0002220706753369435,3.7063172134029557e-06,1.9843544653293013e-06,28.941021252423525
1409,1517,0.0002785302337532337,0.00022178029089462656,3.7518297369299123e-06,1.923164548930803e-06,28.96129243914038
1410,1518,0.00027823101224967896,0.0002210851378451089,3.8054709024546555e-06,1.909116538002351e-06,28.98171827569604
1411,1519,0.00027791110040094905,0.00022125612290621865,3.823628243188137e-06,1.8418695062849057e-06,29.00198992434889
1412,1520,0.0002773779155197597,0.00022065063417891237,3.7727100722935693e-06,1.9000180617911658e-06,29.022275527007878
1413,1521,0.0002770750112653684,0.00021972343392128682,3.755820250856699e-06,1.979337483551461e-06,29.042657593265176
1414,1522,0.0002769450277564828,0.00021984064807285163,3.8136811575389295e-06,1.8967568108241872e-06,29.062960552982986
1415,1523,0.0002762322024208016,0.0002191744182649522,3.7922075261185417e-06,1.9135708894663987e-06,29.083289980888367
1416,1524,0.00027578899911494183,0.0002193826104967954,3.7180146239129436e-06,1.9226242379017006e-06,29.103574223816395
1417,1525,0.00027532359211320754,0.00021917728120320325,3.6889519101199073e-06,1.9256791808805237e-06,29.123946759849787
1418,1526,0.00027460633637105237,0.0002188334918586258,3.694338739435899e-06,1.8829457118067592e-06,29.144270906224847
1419,1527,0.00027410563310349397,0.00021846505417569376,3.683666102623907e-06,1.8803917901561148e-06,29.164615591987967
1420,1528,0.0002734979150165689,0.00021750756861842855,3.6326275070793713e-06,1.9664071327346634e-06,29.18503726925701
1421,1529,0.0002729443779080861,0.00021732740956895315,3.629864323700559e-06,1.9318325102127385e-06,29.205362791195512
1422,1530,0.00027251861373487577,0.00021690852083808274,3.610400120729424e-06,1.950609168949879e-06,29.22565550915897
1423,1531,0.00027219430796041765,0.00021667075652651632,3.545004573846231e-06,2.0073505695439017e-06,29.245922282338142
1424,1532,0.00027196985181612274,0.00021647190534140062,3.517933932887341e-06,2.0318607145848703e-06,29.266211243346334
1425,1533,0.00027157574936634564,0.00021643279568863986,3.4617659309680218e-06,2.052529436802559e-06,29.286545053124428
1426,1534,0.0002710735781460481,0.0002162106569997831,3.343268934712863e-06,2.1430231799136406e-06,29.306829896755517
1427,1535,0.0002704214146063207,0.00021665716159254654,3.249179972949026e-06,2.1272453284283893e-06,29.32714005559683
1428,1536,0.0002699864241452904,0.0002163864446600187,3.1030968540871684e-06,2.2569010944400005e-06,29.347425975836813
1429,1537,0.00026953588619250566,0.00021684920146684708,3.090127411461315e-06,2.17854106110454e-06,29.367709350772202
1430,1538,0.0002691443284400731,0.00021674860001369442,3.1012942021974148e-06,2.1382786404404596e-06,29.3880015918985
1431,1539,0.000268538837300924,0.00021702317696107234,3.0533138616269774e-06,2.0982521723581844e-06,29.408374276012182
1432,1540,0.00026809720314688844,0.00021741840662664957,2.9753729178452205e-06,2.092506734178668e-06,29.428662046790123
1433,1541,0.0002676680979237521,0.0002175492589847602,2.9717547915526294e-06,2.04012910234656e-06,29.449046186171472
1434,1542,0.00026723768484758384,0.0002177929510345034,2.864999135802533e-06,2.079474245505512e-06,29.469307394698262
1435,1543,0.0002667823218406981,0.00021728685629436757,2.8943274458328167e-06,2.055219108800234e-06,29.489774535410106
1436,1544,0.00026626354834685364,0.00021676981914765887,2.802307360489424e-06,2.1470655594300516e-06,29.510170770809054
1437,1545,0.00026582480561597005,0.00021568852285477964,2.7837673222076977e-06,2.2298609539113437e-06,29.530499175190926
1438,1546,0.0002654862996980922,0.00021557535032637752,2.7407059652732166e-06,2.250388971898249e-06,29.550963344983757
1439,1547,0.00026512262861865904,0.00021511265620506118,2.683935920468371e-06,2.317061320891412e-06,29.57141857407987
1440,1548,0.00026479432774928274,0.00021426611251056427,2.670034429666495e-06,2.382787094205352e-06,29.59175797365606
1441,1549,0.00026449446683593644,0.0002132465640197394,2.689983758084858e-06,2.434806523534841e-06,29.611972127109766
1442,1550,0.0002642865163962731,0.00021302733460932958,2.565980810976904e-06,2.559937367717447e-06,29.6323050186038
1443,1551,0.0002638694371207192,0.00021258138229948622,2.7252007321596393e-06,2.403604749963658e-06,29.653436925262213
1444,1552,0.00026360616261340885,0.00021175221517755183,2.7506246803361697e-06,2.4347700632495337e-06,29.673761270940304
1445,1553,0.00026342432466489095,0.00021125435053422317,2.7261559381429765e-06,2.4908414749237985e-06,29.69411097187549
1446,1554,0.00026319036217081857,0.0002108061230500139,2.7405566814189403e-06,2.4978672306615223e-06,29.71438482031226
1447,1555,0.0002627742700848053,0.00020969321333057537,2.8174050158289374e-06,2.490700659594056e-06,29.7347105583176
1448,1556,0.00026242328606433955,0.00020891827548942407,2.852517494504639e-06,2.4979835629869094e-06,29.75497054308653
1449,1557,0.00026197855990609594,0.0002080173486139916,2.9301697230373485e-06,2.4659514061730813e-06,29.77526185195893
1450,1558,0.0002615437361509837,0.00020768078747856412,2.946299338607276e-06,2.4399955286346824e-06,29.795983068645
1451,1559,0.00026109957127084155,0.00020710091123242,2.9495177312973568e-06,2.450348272544797e-06,29.816273691132665
1452,1560,0.00026040961611461237,0.0002070313188653339,2.9637364540852454e-06,2.374093270842598e-06,29.836585943587124
1453,1561,0.0002597941835366948,0.0002066071238255201,2.872568484027198e-06,2.4461374870902703e-06,29.856923609040678
1454,1562,0.0002593569981092217,0.0002056648045100204,2.946995710138878e-06,2.4222236497812515e-06,29.87764181662351
1455,1563,0.00025913147453620765,0.00020524762333187693,2.8994497989712047e-06,2.4889353214618677e-06,29.89797298423946
1456,1564,0.00025889283093184475,0.00020509759142601272,2.847415353203797e-06,2.5321085973794043e-06,29.918240423314273
1457,1565,0.0002587362834862292,0.00020487896695648084,2.904877181215796e-06,2.480854471759039e-06,29.938506021164358
1458,1566,0.0002585009698366193,0.00020440625992194103,2.952842168784972e-06,2.456628822682858e-06,29.95880156289786
1459,1567,0.00025821337685324043,0.00020389819574299515,2.9495098584523883e-06,2.4820082525721415e-06,29.97909673396498
1460,1568,0.00025777758231825194,0.0002031716165896121,2.958405766234897e-06,2.502190806629085e-06,29.99938084371388
1461,1569,0.0002571135668782663,0.00020260092423665308,3.0051871131078487e-06,2.446077151053472e-06,30.01969932205975
1462,1570,0.0002567091729388741,0.0002017920191716775,2.9413527844263876e-06,2.5503625922932725e-06,30.03987662680447
1463,1571,0.00025611006461084753,0.000202004772740182,2.955821148778399e-06,2.4547080382881535e-06,30.060143634676933
1464,1572,0.0002555640814446425,0.0002016014718942423,2.970995263757072e-06,2.4252656912829455e-06,30.08043673262
1465,1573,0.0002546898547077348,0.0002004773631468258,3.0218031844682654e-06,2.3994459716226347e-06,30.10078252479434
1466,1574,0.00025446766483953155,0.00019963655069808734,3.0773374328846954e-06,2.405773981259724e-06,30.121088447980583
1467,1575,0.0002528349447958365,0.0001956304323645372,3.3497987540293163e-06,2.3706524891006164e-06,30.141922540962696
1468,1576,0.00025194871499236603,0.00019519598348779845,3.242330484230757e-06,2.4329426662260032e-06,30.162223985418677
1469,1577,0.0002510368222398475,0.00019367518195167506,3.2939559724431207e-06,2.4422080563741257e-06,30.182562809437513
1470,1578,0.00024991541328925413,0.00019109105936140013,3.4161728393701897e-06,2.466262553415211e-06,30.202900379896164
1471,1579,0.0002489447423227895,0.00018932327154290882,3.484405464782144e-06,2.4777416132059265e-06,30.224034746177495
1472,1580,0.00024756256663529,0.0001865474682862128,3.6216799750367992e-06,2.47982985987092e-06,30.244409751147032
1473,1582,0.0002468451399998889,0.00018557946089126909,3.6365411825295183e-06,2.49002672833246e-06,30.271920072846115
1474,1583,0.00024589226014269834,0.00018544840717380536,3.6025896536188915e-06,2.4417956432704047e-06,30.29226383473724
1475,1584,0.0002445072936030569,0.00018451246157634164,3.6357259868966405e-06,2.3637572157748836e-06,30.312629259191453
1476,1585,0.00024312642492449243,0.0001834761401557845,3.669891056625825e-06,2.2951374202449696e-06,30.332932158373296
1477,1586,0.00024196900082970607,0.00018280900871896888,3.7065683652899505e-06,2.2094308457837693e-06,30.35320499446243
1478,1587,0.00024093066245861245,0.00018216241555146938,3.734178804311428e-06,2.1426458864028788e-06,30.400461295619607
1479,1588,0.0002405779500808338,0.00018136993254812603,3.7965934546933278e-06,2.1242082985774488e-06,30.725738286972046
1480,1589,0.000240315832853395,0.0001815185452389829,3.723211621902748e-06,2.1565171395384614e-06,30.746117868460715
1481,1590,0.00023991006520620984,0.0001811757585092997,3.7506605042854194e-06,2.1227701654055936e-06,30.766374560073018
1482,1591,0.00023963423842185937,0.0001808757135894263,3.7857280097578902e-06,2.0901244734854154e-06,30.786695652641356
1483,1592,0.00023921136452724983,0.00018063459221322872,3.7953858056306844e-06,2.0622914257714237e-06,30.80694395955652
1484,1593,0.00023892990451501782,0.00018047593077538297,3.834651144579597e-06,2.0107462293838876e-06,30.827235967852175
1485,1594,0.00023873441436750344,0.00018054659094928394,3.786829713262892e-06,2.031952628559059e-06,30.84755445178598
1486,1595,0.00023854902887984517,0.00018026216301853846,3.8087307815020964e-06,2.019955804628575e-06,30.867810166440904
1487,1596,0.00023835610434793243,0.0001800091373770655,3.86173369133916e-06,1.9729630057475336e-06,30.88812600169331
1488,1597,0.00023805767221743332,0.0001798720769366671,3.855672174032364e-06,1.962887354044259e-06,30.9084186386317
1489,1598,0.00023764829322861687,0.00017996301780346215,3.92761438049807e-06,1.8409131620174011e-06,30.92865782044828
1490,1599,0.00023726748947018616,0.00018115040859990292,3.898581036438804e-06,1.7131270505895208e-06,30.94894695468247
1491,1600,0.0002369519379903573,0.0001812347315878719,3.895302333865954e-06,1.676418306382586e-06,30.969274484552443
1492,1601,0.00023683949888299806,0.0001814466025159841,3.862094799786706e-06,1.67719483691469e-06,30.989572012796998
1493,1602,0.00023676352372893682,0.00018159925555676667,3.861650121525496e-06,1.6547766956915157e-06,31.010048893280327
1494,1603,0.00023669089214317836,0.00018163472234341925,3.861299564329592e-06,1.6443174156463173e-06,31.031073527410626
1495,1604,0.00023658617838076372,0.0001813629686730801,3.897219380116143e-06,1.625101590652217e-06,31.051341455429792
1496,1605,0.00023650448962067052,0.00018111320351020212,3.928308775620741e-06,1.6108198354261007e-06,31.071966709569097
1497,1606,0.00023639432609254968,0.00018070950799767345,3.969884513414459e-06,1.5985972960731643e-06,31.093056875281036
1498,1607,0.00023622196494413222,0.00018016881127751218,4.02271865343352e-06,1.5825967132284847e-06,31.113440805114806
1499,1608,0.00023602270364072702,0.00017985333571430068,4.045223515481532e-06,1.5717132771610992e-06,31.133758386597037
1500,1609,0.0002358997453629147,0.0001796204377356866,4.083865662569653e-06,1.5440651001531569e-06,31.15401307027787
1501,1610,0.00023581685555837877,0.0001794984368729383,4.088760582114858e-06,1.5430812864291897e-06,31.174282169900835
1502,1611,0.0002357378798213072,0.00017960384917182308,4.0760779077479905e-06,1.5373251572004192e-06,31.194497294723988
1503,1612,0.00023562607027940974,0.00017950585409912646,4.08437517667001e-06,1.527646441358319e-06,31.214793886989355
1504,1613,0.00023554686237816318,0.00017960197013087333,4.084433847470101e-06,1.5100553772588867e-06,31.23516812734306
1505,1614,0.0002354193559657475,0.00017995817948660914,4.056351405638068e-06,1.4897662422757675e-06,31.255291520617902
1506,1615,0.00023522820030779106,0.00018039773932911017,4.012054966176999e-06,1.4709911316910928e-06,31.27552970778197
1507,1616,0.0002348469470960966,0.00018134978890876357,3.895219827911893e-06,1.45449599082141e-06,31.29585903789848
1508,1617,0.00023449918880154533,0.0001819117932970721,3.767239280518041e-06,1.4915002699292829e-06,31.31611834280193
1509,1618,0.00023424423135071472,0.00018249058524126406,3.6874241912828123e-06,1.4879404196622546e-06,31.33676557801664
1510,1619,0.00023405117617650344,0.0001822835121989438,3.628366902084267e-06,1.5483994956716946e-06,31.357048268429935
1511,1620,0.00023390103493369294,0.00018206390792698345,3.6096818140872976e-06,1.574030886583652e-06,31.37743144016713
1512,1621,0.00023374398164965063,0.00018190516474596074,3.566646173297932e-06,1.6172355170710588e-06,31.39779061730951
1513,1622,0.0002335827307108161,0.00018154552256583698,3.560514942760135e-06,1.6432058717377765e-06,31.41805135924369
1514,1623,0.00023335576451473763,0.00018135237764377193,3.5286698043720697e-06,1.6716688827245018e-06,31.43835178297013
1515,1624,0.0002331902782830578,0.00018125283987967063,3.5376253554096094e-06,1.656118484929107e-06,31.45858693961054
1516,1625,0.00023295532543724513,0.00018117913335872267,3.5319561038582357e-06,1.645663103994008e-06,31.478844480589032
1517,1626,0.00023262203786294258,0.0001808974660434934,3.582083913084427e-06,1.5903732688604907e-06,31.499199002981186
1518,1627,0.0002319224340947313,0.00018023327176158255,3.5878194003475506e-06,1.5810968329673221e-06,31.519977615214884
1519,1628,0.000231062513956086,0.00017868112345095468,3.739275679656415e-06,1.4988633708567176e-06,31.54029295966029
1520,1629,0.00023068833248457188,0.0001772407896231663,3.791153918292256e-06,1.553600367848303e-06,31.560587899759412
1521,1630,0.00022931466091573378,0.0001776068438416613,3.622288492942667e-06,1.548493214464579e-06,31.580943250097334
1522,1632,0.00022874855652997418,0.0001772641499133646,3.6401395724158822e-06,1.5083010892450749e-06,31.611518912017345
1523,1633,0.000227224559233371,0.00017705714393033973,3.500579991326124e-06,1.516161538977005e-06,31.63178153708577
1524,1634,0.00022628762823254138,0.00017940724478130254,3.2059954796069373e-06,1.4820428655169454e-06,31.652067336253822
1525,1635,0.00022531798757102748,0.00017762932677224745,3.2185053469272333e-06,1.5503607329507706e-06,31.672306128777564
1526,1636,0.00022491040817521665,0.00017731177155737453,3.2427828159353113e-06,1.5170808458488982e-06,31.69261095672846
1527,1637,0.00022452878918557964,0.00017742700098605083,3.1990101207303246e-06,1.5111686992225546e-06,31.71294035296887
1528,1638,0.0002243088828398111,0.00017806175304009285,3.1773193493450226e-06,1.447393630626802e-06,31.73320076894015
1529,1639,0.0002238951625656934,0.00017769657276973117,3.120239917422388e-06,1.499619062173837e-06,31.753480959683657
1530,1640,0.00022358065669995296,0.00017760830302754395,3.0725500436057355e-06,1.524685323635164e-06,31.77378712967038
1531,1641,0.00022293091102964575,0.00017760840215647723,3.034360394298947e-06,1.4978904930179035e-06,31.794039075262845
1532,1642,0.0002223878090725812,0.00017935574456002254,2.827857727286159e-06,1.4753487239697082e-06,31.814366538077593
1533,1644,0.0002221770253498155,0.0001795671153648559,2.8229221080270604e-06,1.4380688904688997e-06,31.841770626604557
1534,1645,0.0002220004579764847,0.00017944352998825304,2.845781029899531e-06,1.4099117689236341e-06,31.86204725690186
1535,1646,0.0002218420372531554,0.00017980993148666242,2.778970314387938e-06,1.4242402622613622e-06,31.88232817221433
1536,1647,0.0002217017074117148,0.00018014107311215515,2.757291890333055e-06,1.3987715396229104e-06,31.9025991987437
1537,1648,0.0002215642816615572,0.00018015921967111728,2.764224376691941e-06,1.3762818223520497e-06,31.922881023027003
1538,1649,0.00022144555108931144,0.00017986425246259687,2.7896719655303485e-06,1.3684578971411078e-06,31.94310978986323
1539,1650,0.00022129651629567841,0.00017944209037873405,2.8187458161837443e-06,1.3666967755106927e-06,31.964289215393364
1540,1651,0.00022110945653230302,0.0001785262436246072,2.837452509489156e-06,1.4208687812804255e-06,31.984577763825655
1541,1652,0.00022079900053720828,0.00017770119600567791,2.888020008832516e-06,1.4217604443205225e-06,32.00485659390688
1542,1653,0.00022043986129188968,0.00017732052009543904,2.887694425071232e-06,1.424239694573834e-06,32.02512823417783
1543,1654,0.00022019500541360074,0.00017729408122768534,2.853596210560504e-06,1.4364962080310359e-06,32.045446447096765
1544,1655,0.00021997433020086188,0.00017737727506716216,2.841645544989501e-06,1.4180599683804725e-06,32.06572063732892
1545,1656,0.00021950411080002603,0.00017739848308809814,2.8928700454538194e-06,1.3176927257389675e-06,32.08604178857058
1546,1657,0.00021906384158469974,0.0001773131867968937,2.8894254417480924e-06,1.285640037032514e-06,32.10637522209436
1547,1658,0.00021862114215986413,0.00017746790147518462,2.926345255388753e-06,1.1889788130791964e-06,32.12665331829339
1548,1659,0.00021841376733789696,0.00017714074177402908,2.9946544727468848e-06,1.1326480836399027e-06,32.146995588205755
1549,1660,0.0002182287730858205,0.0001768865401155232,2.9742950904698884e-06,1.1599282065598413e-06,32.167302168905735
1550,1661,0.000218009334985539,0.00017657860632135065,2.9854106142849004e-06,1.1576622521339373e-06,32.187598418444395
1551,1662,0.00021774385374410943,0.00017641161397032292,2.9700719860267056e-06,1.1631519913519438e-06,32.20855897292495
1552,1663,0.00021761646942174639,0.00017666581372788879,2.951885509546572e-06,1.1431800598391883e-06,32.22881461493671
1553,1664,0.00021744494583791004,0.000176804886615017,2.9559548870152183e-06,1.1080510352740875e-06,32.2491460442543
1554,1665,0.00021724656329062848,0.0001768181741638098,2.945537390219198e-06,1.0973015224626683e-06,32.269409101456404
1555,1666,0.00021692367389975942,0.00017654634180569415,2.9477042326258793e-06,1.0900289767806472e-06,32.28975915629417
1556,1667,0.00021668359292286243,0.00017587424973176323,2.931243563277086e-06,1.1496907558328344e-06,32.30999278370291
1557,1668,0.0002164978829136551,0.00017570841375105366,2.873608964042595e-06,1.2053379522175472e-06,32.33028927538544
1558,1669,0.00021629887802826985,0.00017476623621934034,2.8986924781717663e-06,1.2545717027211843e-06,32.35061433073133
1559,1670,0.0002160972805592486,0.00017433678245048207,2.8599685217967922e-06,1.3160812890798618e-06,32.37122703716159
1560,1671,0.00021590092094075474,0.0001741327994269961,2.8376752377970858e-06,1.3391369135787778e-06,32.39152820967138
1561,1672,0.0002157140690248809,0.00017428317080577633,2.8122767372560436e-06,1.3308130846544143e-06,32.41182354092598
1562,1673,0.0002156464021480476,0.00017419858616531139,2.7833727218730038e-06,1.3614088764006189e-06,32.43211547937244
1563,1674,0.00021527155496742543,0.00017471575768281087,2.732512845130174e-06,1.3230668833312815e-06,32.45242011360824
1564,1675,0.00021502173629740933,0.00017465778604626328,2.7181306016152786e-06,1.3182644234993274e-06,32.47274292819202
1565,1676,0.00021456941614287213,0.00017464382251700336,2.6674927337943154e-06,1.325066628792563e-06,32.493404280394316
1566,1677,0.00021418139773824146,0.0001740781116006236,2.6716079582746253e-06,1.3387206554871605e-06,32.51369804888964
1567,1678,0.00021386400316732588,0.00017392320972783165,2.583114893707139e-06,1.410964450242283e-06,32.53437220863998
1568,1679,0.00021349729167790543,0.00017340779652411575,2.601169512990805e-06,1.4077800023881613e-06,32.554628864862025
1569,1680,0.0002133611300138701,0.00017299801071029723,2.5762209139961645e-06,1.4600910163611221e-06,32.5754581540823
1570,1681,0.00021317611057260018,0.00017291731016790994,2.5530842757057377e-06,1.4727957647632883e-06,32.59628161415458
1571,1683,0.00021312217872739584,0.00017312455656330643,2.526205930662826e-06,1.4735562857461156e-06,32.624946508556604
1572,1684,0.00021303771916185194,0.00017319764972465113,2.5207758443059366e-06,1.463231099414145e-06,32.64520706422627
1573,1685,0.0002129497731818872,0.00017345786924021427,2.4854269464861424e-06,1.4637634476811485e-06,32.66541853826493
1574,1686,0.0002128996856197435,0.00017339266819166183,2.4926465483378894e-06,1.458055194470277e-06,32.68568008579314
1575,1687,0.00021283936501644132,0.00017335947003165812,2.500863285901491e-06,1.447126212576832e-06,32.70593700557947
1576,1688,0.00021272737616523954,0.0001733667317287184,2.5187565740242613e-06,1.4173078696278539e-06,32.726176461204886
1577,1689,0.00021262929925234134,0.00017337194321834167,2.5162562469387266e-06,1.4094793564612413e-06,32.74641245044768
1578,1690,0.00021241028962413165,0.00017322145965055686,2.529875942659131e-06,1.3890070546983466e-06,32.76707588415593
1579,1691,0.00021210083997122252,0.0001727823433095798,2.547509047788082e-06,1.3843406183761912e-06,32.78733481094241
1580,1692,0.0002118148128462256,0.00017158730648399775,2.6408878696874315e-06,1.3818627665353556e-06,32.80761123076081
1581,1693,0.0002114115980242078,0.00017107567282410364,2.6400933461415864e-06,1.3934991738688294e-06,32.82786545995623
1582,1694,0.0002110129165304653,0.0001707523322334744,2.6302652233538037e-06,1.3957932063452851e-06,32.84817582461983
1583,1695,0.00021064987642420343,0.00016935804134760783,2.6680987096357438e-06,1.4610847980238164e-06,32.868504498153925
1584,1696,0.0002101191048124468,0.00016805744875372384,2.735229038931697e-06,1.4709365669405975e-06,32.8888472719118
1585,1697,0.00020957916789143854,0.00016783638785657445,2.7372513450480768e-06,1.4370266584383316e-06,32.90945506747812
1586,1698,0.00020919772723050834,0.00016728652530731604,2.777500268529007e-06,1.4136199237902238e-06,32.92974320240319
1587,1699,0.00020891773788740892,0.0001670920138892527,2.783637023273181e-06,1.3989353765424404e-06,32.950039143674076
1588,1700,0.0002086789506896712,0.0001669690780420661,2.784760042928968e-06,1.3862272218315423e-06,32.970407750457525
1589,1701,0.00020841608957624863,0.0001663966002326619,2.8007996209576697e-06,1.4011493134010039e-06,32.99075396358967
1590,1702,0.0002080628262380998,0.00016563273620233434,2.840498636976049e-06,1.4025103666004954e-06,33.011044858023524
1591,1703,0.00020773999883715862,0.00016482569384855251,2.8689254510201974e-06,1.4225050478404122e-06,33.03131836373359
1592,1704,0.0002076355942773818,0.00016385345621440273,2.9099911366006384e-06,1.468222669697268e-06,33.05248092766851
1593,1705,0.00020743205464391953,0.00016394046339920267,2.8948989254632434e-06,1.454260199008443e-06,33.07275080867112
1594,1706,0.00020729542476354823,0.00016413344407221824,2.8581536522754115e-06,1.4580444168575872e-06,33.09303744323552
1595,1707,0.00020713783737052912,0.00016380965396184686,2.850695957364069e-06,1.4821223835041584e-06,33.1133960140869
1596,1709,0.00020705366602401034,0.00016352415844168684,2.849770012548656e-06,1.5031807456836953e-06,33.14086226467043
1597,1710,0.00020693247566275019,0.00016333439799629418,2.8556899028746344e-06,1.5041178637709665e-06,33.16110444907099
1598,1711,0.00020668271287866582,0.00016331244450796373,2.854283999941518e-06,1.4827428371286906e-06,33.1812369953841
1599,1712,0.00020652354035562116,0.00016335377712263703,2.8451905835353567e-06,1.4717857397630565e-06,33.20153803844005
1600,1713,0.00020629369673056525,0.00016371938809506197,2.794083465346116e-06,1.463347398204213e-06,33.22178613487631
1601,1714,0.00020607170432980016,0.00016416415053589097,2.751478406178045e-06,1.439276973212874e-06,33.24202339537442
1602,1715,0.00020584393887977177,0.00016435686941354563,2.6838866908058325e-06,1.464820255816781e-06,33.26224781665951
1603,1716,0.00020558077478037798,0.0001648651261261572,2.6344485094993063e-06,1.4371163559227711e-06,33.282470703125
1604,1717,0.0002053321730389392,0.00016506540618092144,2.622617639123181e-06,1.4040590466785961e-06,33.30280329287052
1605,1718,0.00020514504068331626,0.0001653740295092429,2.6048563270693257e-06,1.3722447903380096e-06,33.323035965673625
1606,1719,0.0002049622015916587,0.0001657031368384501,2.585904644169713e-06,1.3400018311511472e-06,33.34325121156871
1607,1720,0.00020482675035358053,0.00016558425258272438,2.5794173268212575e-06,1.3448324502643596e-06,33.36346439179033
1608,1721,0.0002045855969418923,0.00016514659567671728,2.5720512513050896e-06,1.3718488752124127e-06,33.383712753653526
1609,1722,0.00020422818459705358,0.00016473605768835197,2.533242819090193e-06,1.4159698717799678e-06,33.40399665944278
1610,1723,0.00020386237966860902,0.00016453365658552395,2.4788431831041477e-06,1.4540291252043588e-06,33.42413339484483
1611,1724,0.00020340202969161659,0.00016460855821967703,2.4178253734835105e-06,1.461521773710443e-06,33.4444189760834
1612,1725,0.00020281441543429336,0.00016477429186603152,2.3429224652553695e-06,1.4610898915708135e-06,33.46557320933789
1613,1726,0.00020226118937481503,0.00016560815872804135,2.2527946575099145e-06,1.4125084071674543e-06,33.485914289951324
1614,1727,0.00020173354551413227,0.00016523340083181122,2.2236712164546388e-06,1.4263432517774662e-06,33.506309748627245
1615,1728,0.0002010393849390876,0.00016529757654448136,2.2352788845023643e-06,1.3389019549582589e-06,33.52665279433131
1616,1729,0.00020056380871451887,0.00016491270285506055,2.227791906487904e-06,1.3373186794579278e-06,33.54705719277263
1617,1730,0.00019996287221232397,0.00016474383812568625,2.1831350213686793e-06,1.3387683872950942e-06,33.56733719445765
1618,1731,0.0001993496533081876,0.0001641967132878754,2.112131649578459e-06,1.4031623524527624e-06,33.58759513963014
1619,1732,0.0001984131719835342,0.00016323805142283025,2.066399039429591e-06,1.4511130166408043e-06,33.6082682274282
1620,1733,0.00019804730514889706,0.00016159989754102355,2.114765251311618e-06,1.529975509475733e-06,33.629041362553835
1621,1734,0.0001972262145816851,0.00016108522055945253,2.120489628415241e-06,1.4936097738080158e-06,33.64932877011597
1622,1735,0.00019693533722433615,0.00016072404029363952,2.1236721478915885e-06,1.4974575451780757e-06,33.669621924869716
1623,1736,0.00019672379112732838,0.00015977512905670526,2.259136308750375e-06,1.4357298983119363e-06,33.68994087446481
1624,1738,0.00019648695657486964,0.000159467259010372,2.2563958230781997e-06,1.4455739333715628e-06,33.71734781097621
1625,1739,0.00019631414177835016,0.00015959248881331175,2.181087147354676e-06,1.4910781491491642e-06,33.73759617470205
1626,1740,0.0001959461001505579,0.0001594192222988613,2.167762010708091e-06,1.4849257744615648e-06,33.75785077176988
1627,1741,0.00019568795932314634,0.00015906055255940655,2.1955424927420114e-06,1.4671981836319675e-06,33.778117342852056
1628,1742,0.00019545913696913166,0.00015891936312974013,2.171605123565759e-06,1.4823722603733943e-06,33.799202653579414
1629,1743,0.00019529698665732555,0.00015907225101610505,2.171039515857751e-06,1.451434048264301e-06,33.819426716305315
1630,1744,0.00019507497283531276,0.00015910840557293776,2.1430316069654216e-06,1.4536251192720796e-06,33.840146431699395
1631,1745,0.00019482166373829525,0.0001592500742472253,2.1188932714953004e-06,1.4382656776116916e-06,33.860433518886566
1632,1746,0.00019462380784033268,0.00015954837633623927,2.098099387687595e-06,1.4094437627217446e-06,33.88068826217204
1633,1747,0.00019447538285911762,0.00015962114717928393,2.111736070354609e-06,1.3736874976287614e-06,33.90098511055112
1634,1748,0.0001943910763535691,0.00015991242239581674,2.1100020803642035e-06,1.3378633154110345e-06,33.92125694733113
1635,1749,0.0001941357785959415,0.00015959994234459107,2.129902716113987e-06,1.3236809090210575e-06,33.9415075276047
1636,1750,0.0001938274661313568,0.0001592096954222758,2.1608916516426543e-06,1.300885419265443e-06,33.96173591539264
1637,1751,0.0001935750071706108,0.00015874203378072121,2.191017459302937e-06,1.2922798796860222e-06,33.98206423595548
1638,1752,0.00019332207168328794,0.0001583853334172488,2.232375103361495e-06,1.2612987232424206e-06,34.00237828027457
1639,1753,0.00019306360923996226,0.0001583245275472538,2.2154542622910012e-06,1.2584539069798447e-06,34.0225907638669
1640,1754,0.0001926188806682244,0.00015802259613552504,2.219634054430054e-06,1.239994398839882e-06,34.042842987924814
1641,1755,0.00019213905527335943,0.0001581564181329914,2.201660191708331e-06,1.1966035223284715e-06,34.06311038322747
1642,1756,0.00019143881067932764,0.00015793868446265744,2.1776376530667155e-06,1.1723749686003046e-06,34.08339022565633
1643,1757,0.00019081887743162276,0.0001579186418094175,2.160384973593664e-06,1.1296385886268636e-06,34.10376121196896
1644,1758,0.00019046280858136828,0.00015753709568238491,2.148112038848971e-06,1.1444592510493658e-06,34.12402152642608
1645,1759,0.00019023599935035792,0.00015684152697520386,2.1064865853380437e-06,1.2329606521773643e-06,34.144314743578434
1646,1760,0.00018988517941485698,0.00015698501944490722,2.1465692249649714e-06,1.1434467720300046e-06,34.16454977169633
1647,1761,0.00018963847207165407,0.00015742674020357406,2.099761045140111e-06,1.1214121416678913e-06,34.184849495999515
1648,1762,0.0001893052438493629,0.00015779646881209405,2.0682289294749015e-06,1.0826485742519828e-06,34.20505866035819
1649,1763,0.0001888335579793172,0.00015740370599225933,2.036290095618704e-06,1.1066951030870822e-06,34.22529967222363
1650,1764,0.00018843136222932577,0.00015736237686923257,1.9478902105745694e-06,1.1590083254347484e-06,34.246440953575075
1651,1765,0.0001879171240015056,0.00015660501763751743,1.9178117528338145e-06,1.2133988835650019e-06,34.266682769171894
1652,1766,0.0001874668468635819,0.00015556229480007862,1.901282507562091e-06,1.2891726987882357e-06,34.28697954583913
1653,1767,0.00018731246565141784,0.00015522237761394548,1.8755982548639189e-06,1.3334105488833168e-06,34.307212370447814
1654,1768,0.00018713131464947972,0.0001555403492497522,1.838768434940976e-06,1.320328105031774e-06,34.327967684715986
1655,1769,0.00018696904922128692,0.00015580814330024204,1.8202544828990143e-06,1.295836109205474e-06,34.349055998027325
1656,1770,0.0001867954738577631,0.00015600835993227145,1.8203732006260782e-06,1.2583381919230872e-06,34.3695234619081
1657,1771,0.00018664902852206716,0.00015596582699822724,1.7807239275881808e-06,1.2875962247958137e-06,34.38976487610489
1658,1772,0.00018655219549813245,0.00015597611124171292,1.7448655400341576e-06,1.3127428856077963e-06,34.410063470713794
1659,1773,0.00018648373093070977,0.0001558759168222415,1.6988344598467758e-06,1.361946951000051e-06,34.430388728156686
1660,1774,0.00018638763994369815,0.00015601044046980738,1.690717609663939e-06,1.3470023377251393e-06,34.45114329084754
1661,1775,0.00018629653785182007,0.00015606171559050228,1.6878192410187239e-06,1.3356629851130557e-06,34.47143170982599
1662,1776,0.0001862199339260351,0.00015618349093792386,1.6767494448578847e-06,1.3268948539532405e-06,34.49178296420723
1663,1777,0.0001860615128310605,0.0001563593465426146,1.6542155462010317e-06,1.3160010826435584e-06,34.51242322102189
1664,1778,0.0001858830689632365,0.0001566067310172814,1.6252451951389107e-06,1.3023885994566023e-06,34.53274489194155
1665,1779,0.00018577314260238023,0.00015675681620104143,1.6071110320317358e-06,1.2945216081021453e-06,34.55300983320922
1666,1780,0.0001856360209595957,0.0001567096897929306,1.5959285081272554e-06,1.2967046085392531e-06,34.573274991475046
1667,1781,0.00018554743354393737,0.00015663801171591157,1.599542955252447e-06,1.2913992275501317e-06,34.59370580688119
1668,1782,0.0001853688165713522,0.00015650353058667844,1.6016883334462866e-06,1.28484026502109e-06,34.613989303819835
1669,1783,0.00018520309420680088,0.0001563823183223143,1.6349763670169787e-06,1.2471012214316776e-06,34.634217341430485
1670,1784,0.00018507407795947888,0.00015699102546921993,1.602121128210162e-06,1.2061841208157346e-06,34.654528244398534
1671,1785,0.00018480590058592367,0.00015642386238296833,1.629130631077128e-06,1.2090731892184077e-06,34.67477145418525
1672,1786,0.00018463942702937316,0.00015657746602275164,1.6121576814974026e-06,1.19403841916475e-06,34.69504135660827
1673,1787,0.00018453377112887144,0.00015639727113444396,1.616440759564868e-06,1.1972092398778807e-06,34.71572016272694
1674,1788,0.00018419648049464155,0.00015656751207017758,1.5878293934234835e-06,1.1750674490229152e-06,34.73597385082394
1675,1789,0.00018384248527859019,0.00015682650066685644,1.5696201847355907e-06,1.1319782764377846e-06,34.756296950392425
1676,1790,0.00018350330604360502,0.00015684462220880637,1.563680344326378e-06,1.1021880391534872e-06,34.77691634558141
1677,1791,0.00018315678943201926,0.00015715228585627523,1.5420865935852275e-06,1.0583637639891755e-06,34.79715903010219
1678,1792,0.00018293249321540755,0.00015683943622716478,1.5366724570598731e-06,1.0726332417644041e-06,34.8174718990922
1679,1793,0.00018262689864774486,0.00015715998518093393,1.5243880513177883e-06,1.0223032953633068e-06,34.83769818674773
1680,1794,0.00018227798275169106,0.0001570532784573304,1.4956335351660088e-06,1.0268368942700572e-06,34.85795298870653
1681,1795,0.00018192539523621194,0.00015695972464968694,1.471454474533267e-06,1.025112584119232e-06,34.87820026278496
1682,1796,0.00018160801046813722,0.0001562152233340457,1.4665019981461946e-06,1.0727767152629557e-06,34.898949357680976
1683,1797,0.0001813863000109956,0.00015590760984784635,1.4422375883237128e-06,1.1056314279912126e-06,34.91924296785146
1684,1798,0.00018102723220337792,0.0001559312093805234,1.4338041585019722e-06,1.0757981237834792e-06,34.94035223405808
1685,1799,0.00018055663097493003,0.0001561301686514334,1.3885763868173568e-06,1.054069845532306e-06,34.960656461305916
1686,1800,0.00018012753184665017,0.00015572209286658523,1.370920690290858e-06,1.0696232077156354e-06,34.98100898042321
1687,1801,0.00017977582610326584,0.00015556535839476228,1.3485447548249345e-06,1.072502016025421e-06,35.001250771805644
1688,1802,0.00017932537410110172,0.00015502134333965085,1.3122669516235164e-06,1.1181361245215714e-06,35.02149365469813
1689,1803,0.00017876189806550037,0.00015428930069827214,1.276818789139518e-06,1.1704409475833078e-06,35.041772660799325
1690,1805,0.00017843038014960167,0.00015430872397870864,1.1981757877220773e-06,1.213989829367226e-06,35.06928620394319
1691,1806,0.00017776126001968433,0.00015397427113042576,1.170150379771909e-06,1.2085485091539474e-06,35.089509532786906
1692,1807,0.00017741257873888378,0.00015442679464595731,1.1153509799286974e-06,1.1832274293639485e-06,35.10982595384121
1693,1808,0.0001771711289365808,0.00015432948863910282,1.1213941313432463e-06,1.1627698984045514e-06,35.130109425634146
1694,1809,0.00017697882218669595,0.00015414126730614277,1.120561112367413e-06,1.1631943756879053e-06,35.15071939211339
1695,1810,0.0001769067530788359,0.00015372846030965186,1.137405527366391e-06,1.1804237495520133e-06,35.17097648978233
1696,1811,0.00017677760718387743,0.00015360712836849196,1.1359143525951412e-06,1.181133528943406e-06,35.19138603284955
1697,1812,0.00017663944495379113,0.00015336575550054142,1.1338531153964675e-06,1.1935158299285042e-06,35.21168197784573
1698,1813,0.00017648935592623455,0.0001533509114853004,1.1386756823184961e-06,1.1751687617749187e-06,35.23194869607687
1699,1814,0.00017633996142975283,0.00015275700852962007,1.1757281665493408e-06,1.1825671234639345e-06,35.25222276058048
1700,1815,0.0001761203864177436,0.0001525272912909241,1.1748719577678017e-06,1.1844375549141473e-06,35.27282406575978
1701,1816,0.0001756760203510402,0.00015214264320915976,1.1897729095315476e-06,1.1635648046564984e-06,35.29312514141202
1702,1817,0.00017521058681914135,0.00015172163476697702,1.1956115792495666e-06,1.1532836259668663e-06,35.31341106258333
1703,1818,0.0001746220453771981,0.0001506855445562287,1.2425434585644048e-06,1.1511066235325341e-06,35.33370562735945
1704,1820,0.00017444046972323846,0.0001507773921049157,1.2369217289000278e-06,1.1293860329322498e-06,35.36119672469795
1705,1821,0.00017405494577790183,0.00015047244017784339,1.2559028496701352e-06,1.10234771033571e-06,35.381453352980316
1706,1822,0.00017379762762378956,0.00015013668130666355,1.3134635355615007e-06,1.0526310961511003e-06,35.402107435278594
1707,1823,0.00017367387178910266,0.00015022351895756797,1.3245653023871266e-06,1.0204699807663412e-06,35.42239349056035
1708,1824,0.00017350784724664794,0.000149902984236071,1.3603597174312887e-06,1.0001265836264064e-06,35.442721794359386
1709,1825,0.00017328047488553475,0.00014950682092794567,1.3997803320162054e-06,9.775850637427055e-07,35.462939967401326
1710,1826,0.0001727766572106263,0.00014868003985185892,1.4619762911677282e-06,9.476854447090099e-07,35.48317729588598
1711,1827,0.00017222787433269143,0.00014798287581372808,1.5084086866542758e-06,9.160911652420596e-07,35.50349639356136
1712,1828,0.00017153847020540813,0.00014712988764947188,1.5395112032046026e-06,9.013470523890228e-07,35.52377025410533
1713,1829,0.00017105419991725757,0.000146518289890062,1.5551128369373014e-06,8.984781657822558e-07,35.54400374274701
1714,1830,0.00017078077154399592,0.0001458693898260576,1.5262861907275094e-06,9.648519810663227e-07,35.564265492372215
1715,1831,0.00017053143974744397,0.00014572685209184567,1.5245248404018103e-06,9.559339251580203e-07,35.58452995494008
1716,1832,0.00016986383543135913,0.00014543437462739302,1.5187211370369182e-06,9.242249433596923e-07,35.60538482200354
1717,1833,0.00016939090544949913,0.0001450548098449293,1.5415952983610593e-06,8.920142620959226e-07,35.62570771481842
1718,1834,0.00016893179835467356,0.00014482000691511742,1.5134178745369973e-06,8.977612694186169e-07,35.64591286703944
1719,1835,0.00016819995421447377,0.00014438417007638346,1.5046629634972098e-06,8.769154503118216e-07,35.66618112567812
1720,1836,0.00016756086267543955,0.00014387105061629748,1.5451321410857096e-06,8.238490648284992e-07,35.6864372426644
1721,1837,0.0001674611946156637,0.00014397123425791578,1.500340440276671e-06,8.486555954981208e-07,35.70677025523037
1722,1838,0.00016700286509448408,0.00014379164947022515,1.4727978073820884e-06,8.483237550438053e-07,35.72741606365889
1723,1839,0.00016684465845513759,0.00014377014286597785,1.519012218239744e-06,7.884393406762297e-07,35.74767883308232
1724,1840,0.00016652408200493155,0.00014376397581266143,1.5114426994835625e-06,7.645679197434519e-07,35.76795107219368
1725,1841,0.0001659797700437891,0.0001434137562319523,1.525507176494879e-06,7.310942046887984e-07,35.788194205611944
1726,1843,0.000165684940198969,0.00014353983302284697,1.517837595287057e-06,6.966731223251486e-07,35.815714690834284
1727,1844,0.0001653430688165932,0.00014342445820748193,1.4958515599364113e-06,6.960095009747138e-07,35.83597055822611
1728,1845,0.00016498065788696356,0.00014328408801298143,1.5040153303625157e-06,6.656416570356977e-07,35.856280592270195
1729,1846,0.00016470360467612705,0.00014310831304683525,1.4645688370662971e-06,6.949603258628842e-07,35.87650558538735
1730,1847,0.00016440680579107105,0.00014297955831771717,1.4625401824608033e-06,6.801845648745857e-07,35.89690360985696
1731,1848,0.00016418455883661885,0.00014260349097577579,1.4900220402737662e-06,6.680847458105415e-07,35.9180824784562
1732,1849,0.0001639694620965096,0.0001421568939866203,1.5543791401412961e-06,6.268776708476348e-07,35.93870642501861
1733,1850,0.0001637936112833284,0.00014163753807801575,1.6052483556141282e-06,6.103589649171339e-07,35.95900771673769
1734,1851,0.00016364370448220049,0.00014119129954069567,1.6327862452092284e-06,6.124542489412545e-07,35.979327058419585
1735,1852,0.00016349600537916593,0.0001409830665740068,1.637368876139774e-06,6.13925004376138e-07,35.99961079377681
1736,1853,0.00016337239438203946,0.0001409232602749493,1.6214491479994001e-06,6.234642627096159e-07,36.01988516934216
1737,1854,0.00016322275366764137,0.00014082937408746966,1.591146968356548e-06,6.481909896606243e-07,36.04011111147702
1738,1855,0.00016306459746213015,0.0001408435298815322,1.564288571876458e-06,6.578181861833343e-07,36.060389834456146
1739,1857,0.00016296350521975556,0.0001406990921457693,1.5696739334841439e-06,6.56767373914481e-07,36.08775952644646
1740,1858,0.00016284675395325372,0.00014065607683952676,1.5751233665908555e-06,6.4394434478184e-07,36.10835700947791
1741,1859,0.00016273928586495244,0.00014036434765803124,1.6173006711074497e-06,6.201931495846676e-07,36.12883685529232
1742,1861,0.00016270402433021537,0.0001404285521253408,1.6157360133791304e-06,6.118112071083272e-07,36.15667288657278
1743,1862,0.000162639409242957,0.00014022015086749535,1.6284736676749703e-06,6.134521698711949e-07,36.176955982111394
1744,1863,0.00016256112822707921,0.00013993759538320403,1.644354489165807e-06,6.179987952217106e-07,36.19729279819876
1745,1864,0.0001625015629809904,0.00013990002230998195,1.6450959310193245e-06,6.150581360815228e-07,36.217582900077105
1746,1865,0.00016244028280978598,0.00013979294412100627,1.6477101986811998e-06,6.17023670196772e-07,36.2380000539124
1747,1866,0.00016237986640789105,0.0001398382426969443,1.6520989179463211e-06,6.020634531483542e-07,36.25828548241407
1748,1867,0.00016235344117247768,0.00013979936626403187,1.6579133681258378e-06,5.974941227187414e-07,36.278519864194095
1749,1868,0.00016230353174190613,0.00013975930994231025,1.6518181047827267e-06,6.026040751768615e-07,36.29922229517251
1750,1869,0.00016227656812419012,0.00013978915300232392,1.6495436947282719e-06,5.991978174583498e-07,36.31956129707396
1751,1870,0.00016224470302203618,0.00013976166944737537,1.6416883953576618e-06,6.066149621084186e-07,36.33983527868986
1752,1871,0.00016219781788193312,0.00013973253884138758,1.6301912035441901e-06,6.16336700510365e-07,36.36015191860497
1753,1872,0.00016215097761192266,0.00013971677845771687,1.6150427718905154e-06,6.283771435300631e-07,36.380890413187444
1754,1873,0.00016211564352765158,0.00013973365157227762,1.6152079863071204e-06,6.22991209230276e-07,36.40114931669086
1755,1874,0.00016208572395883824,0.00013976407062787398,1.6117421905598698e-06,6.204231425365545e-07,36.42179712560028
1756,1875,0.00016205008881374573,0.00013975621731874082,1.6103194605804394e-06,6.190676889200505e-07,36.442092216573656
1757,1876,0.00016199561022714907,0.00013976192802900617,1.6031204530408064e-06,6.202477667734851e-07,36.46238822117448
1758,1877,0.00016192104003107168,0.00013970107665214516,1.5938940669838533e-06,6.28102270908798e-07,36.48264421802014
1759,1878,0.00016183577366025184,0.00013958859312192482,1.5841605990835188e-06,6.405574547491844e-07,36.50382832810283
1760,1879,0.00016174467051003526,0.00013942883671058068,1.5798049201991075e-06,6.517784597463516e-07,36.524107716046274
1761,1880,0.00016168863004610023,0.00013926228970834718,1.5679516006871235e-06,6.746824330881819e-07,36.54436826426536
1762,1881,0.0001616011706171704,0.0001392119165646838,1.5724254512428247e-06,6.664999540058324e-07,36.56462075840682
1763,1882,0.00016149874658805962,0.00013927166638845573,1.5700344386621405e-06,6.526735812982489e-07,36.58487094473094
1764,1883,0.00016138885891858713,0.00013927309659316192,1.5698231757539011e-06,6.417530567886185e-07,36.60512593109161
1765,1884,0.0001612549554083949,0.00013913856729075928,1.5750776534229774e-06,6.365611583405844e-07,36.62535756081343
1766,1886,0.00016117275024019617,0.0001390528887056751,1.5787229112586475e-06,6.332632421934608e-07,36.65332248993218
1767,1887,0.0001609891089120951,0.00013887465745129058,1.57935855285454e-06,6.320865932259109e-07,36.673766274005175
1768,1888,0.00016038820549588306,0.00013787439982254675,1.6256565439885499e-06,6.257240233450787e-07,36.69409332703799
1769,1890,0.00016027823206819154,0.00013777691700588335,1.6332908265861827e-06,6.168406796446359e-07,36.721506983973086
1770,1891,0.00015993447647778743,0.00013742959048776153,1.6525458412810746e-06,5.979427577215154e-07,36.74178247433156
1771,1893,0.00015970211961713606,0.00013699394432743707,1.680139202800486e-06,5.906783261694128e-07,36.76920488104224
1772,1894,0.00015951343610079216,0.00013675944646171894,1.6979661372269512e-06,5.77432826680372e-07,36.78949429746717
1773,1896,0.00015933612098881808,0.0001366185828469101,1.6990110179777816e-06,5.727427962130161e-07,36.816995583474636
1774,1897,0.0001592126330240995,0.00013636003987395343,1.7091445191347294e-06,5.761147958798769e-07,36.83726724982262
1775,1898,0.00015909926325551272,0.00013623912337590465,1.680871064800418e-06,6.051429231603866e-07,36.85756152961403
1776,1899,0.00015901777539824676,0.00013586379864235853,1.696545399190271e-06,6.188522763985527e-07,36.8778560468927
1777,1900,0.00015875027593402754,0.0001356136821495389,1.7016750518230983e-06,6.119843266257633e-07,36.89822395239025
1778,1901,0.00015854935536550977,0.0001352959938713846,1.7079844006006513e-06,6.17351748811868e-07,36.91857882961631
1779,1902,0.00015834958191562908,0.0001349831005566023,1.6909878679187698e-06,6.456602679839086e-07,36.93880761694163
1780,1903,0.0001579597628798494,0.0001345217961044814,1.7126881860911251e-06,6.311084914456733e-07,36.95911247655749
1781,1904,0.00015760560851966058,0.0001346062896154921,1.6733151178316381e-06,6.266167725852123e-07,36.979431280866265
1782,1905,0.00015728385373699733,0.0001342970872827488,1.6968467474413802e-06,6.018298979834736e-07,36.999718848615885
1783,1906,0.0001568642368570451,0.00013419386779572008,1.6780575506010313e-06,5.889793555314679e-07,37.02007250022143
1784,1907,0.0001565744761853166,0.0001343064988152941,1.676409643396876e-06,5.503880936053751e-07,37.04035887867212
1785,1908,0.0001562925272057131,0.00013429390919642177,1.6528853993545199e-06,5.469764015746112e-07,37.06072954647243
1786,1910,0.00015613180350010383,0.00013402394592955088,1.669236940098188e-06,5.415488169571088e-07,37.08863313496113
1787,1912,0.00015595624404915855,0.00013373724975487874,1.6809811146227574e-06,5.409183148052227e-07,37.11628562491387
1788,1913,0.00015579741654819505,0.0001334412738400323,1.6295225529584255e-06,6.060917178578487e-07,37.13658748101443
1789,1914,0.0001555766395807679,0.0001333743439654832,1.6507108611021336e-06,5.695187004263348e-07,37.157003100030124
1790,1915,0.00015541245710736063,0.00013332404399636863,1.659361815828307e-06,5.494794952708936e-07,37.177661151625216
1791,1916,0.00015519118318774812,0.00013324048481471733,1.6392510273129887e-06,5.558188099900898e-07,37.197995397262275
1792,1917,0.00015493332007275219,0.00013335381579579223,1.5900015051697309e-06,5.67948922526265e-07,37.218339858576655
1793,1918,0.00015480414904762781,0.00013339242371496082,1.5769715228777444e-06,5.64201010388956e-07,37.238611246459186
1794,1919,0.00015460775667348488,0.0001334394810097304,1.5830014563273568e-06,5.338261100480917e-07,37.258894892409444
1795,1920,0.00015445999269448447,0.0001333393407770735,1.559627369136401e-06,5.524378226046946e-07,37.27956226374954
1796,1921,0.00015429396714028708,0.00013338746014607904,1.5670368764777657e-06,5.236138229430381e-07,37.299913947470486
1797,1922,0.00015421197601340393,0.00013345763332796374,1.574678657837199e-06,5.007556107068213e-07,37.32067408412695
1798,1923,0.00015403280666695222,0.0001336587259020614,1.5581687597122357e-06,4.792393167768449e-07,37.34091717470437
1799,1924,0.00015396528822845504,0.0001336381679912374,1.5477589677816987e-06,4.849530559400648e-07,37.36125057935715
1800,1925,0.00015388882995098904,0.00013363607300039156,1.5294036386134403e-06,4.958720564463067e-07,37.38153589144349
1801,1926,0.0001538420812766072,0.0001337049136299038,1.5172679098379915e-06,4.964488548323466e-07,37.40258994139731
1802,1927,0.00015379631716918083,0.00013381658972029824,1.5092362805375498e-06,4.887364643507091e-07,37.42283371463418
1803,1928,0.00015373902165945555,0.00013365342354067848,1.5094661645818851e-06,4.990936472958232e-07,37.44313962291926
1804,1929,0.00015367338088784942,0.00013328525371628916,1.5113486430252886e-06,5.274640741307385e-07,37.464254431426525
1805,1930,0.00015361474553399768,0.00013326606709135658,1.500934250780157e-06,5.339335934839539e-07,37.48499821964651
1806,1931,0.00015355719495585262,0.00013313615182795915,1.5016913268302823e-06,5.40412985959064e-07,37.505306667648256
1807,1932,0.00015342258468966117,0.00013291411587734346,1.4956149871412681e-06,5.552318940905056e-07,37.52617600373924
1808,1933,0.00015322402117880224,0.00013261848829523984,1.4716101507283888e-06,5.889431376278503e-07,37.546524330973625
1809,1934,0.0001530114175855031,0.00013239750713898586,1.453271914129668e-06,6.081191305220561e-07,37.567246621474624
1810,1935,0.0001527378166323086,0.00013224710025573183,1.4228405418384967e-06,6.262310958191836e-07,37.58756020758301
1811,1936,0.0001524942658651877,0.00013222555949168012,1.4147024437240718e-06,6.121681936266863e-07,37.60835952870548
1812,1937,0.0001522595421414089,0.00013195024694489862,1.4123189713870518e-06,6.186105482639779e-07,37.62864361330867
1813,1938,0.00015189866664736134,0.00013169314857491694,1.4226322286219875e-06,5.97919578622452e-07,37.64891146775335
1814,1939,0.00015148825930720887,0.00013129834933292862,1.4348014026883149e-06,5.841895947397096e-07,37.66919112484902
1815,1940,0.00015108380902476682,0.00013091093404769523,1.4457364272547709e-06,5.715510704523881e-07,37.68945318181068
1816,1941,0.000150624866318966,0.00013045948782343318,1.4396910311019793e-06,5.768468184512999e-07,37.70980892330408
1817,1942,0.00015016160545678527,0.00013011496341349074,1.4429535687913146e-06,5.617106355381355e-07,37.730822146870196
1818,1944,0.000149693419796635,0.0001298575472050452,1.4569037809240847e-06,5.266834782348955e-07,37.75835756864399
1819,1945,0.0001495278148363881,0.00012992880821477128,1.4355976400157857e-06,5.243030221458985e-07,37.77867752593011
1820,1946,0.0001491540329939686,0.00012967431002471026,1.4135376937579195e-06,5.344346031679154e-07,37.79903397709131
1821,1947,0.00014897459163205358,0.00012949875625641177,1.4407777081694687e-06,5.068058293947115e-07,37.81932262144983
1822,1948,0.00014883364249162876,0.0001296901217808246,1.4196981034569416e-06,4.946539676234757e-07,37.83965924009681
1823,1949,0.00014857614590785734,0.00012938346678672543,1.4237107345877805e-06,4.955571775254105e-07,37.85995309706777
1824,1950,0.00014830634861643695,0.00012915214326731492,1.4194538653683653e-06,4.959666695438387e-07,37.88020931556821
1825,1951,0.00014807206334042144,0.0001288956765306703,1.4439732208675889e-06,4.7366546010752445e-07,37.90052002295852
1826,1952,0.0001478972032753112,0.0001286756592486731,1.4570252224906089e-06,4.651291801732035e-07,37.92085601296276
1827,1953,0.00014769028197350947,0.00012841268407204028,1.4241562424006774e-06,5.036035477462434e-07,37.94194741267711
1828,1954,0.00014750278055054373,0.00012807582889128047,1.4731436202602305e-06,4.6955154566609465e-07,37.962288160808384
1829,1955,0.00014738283882338133,0.00012805541859143757,1.4732198195955427e-06,4.595222035988326e-07,37.98265398759395
1830,1956,0.00014727581111943875,0.00012769463974385438,1.500387122303157e-06,4.5773001525527864e-07,38.00289062876254
1831,1957,0.00014716289454873386,0.00012743957770784876,1.4942596208852467e-06,4.780720632032643e-07,38.02315462380648
1832,1958,0.00014706927410647466,0.00012705868652397657,1.5206133649501887e-06,4.804453932996179e-07,38.04380476195365
1833,1959,0.00014695028489928298,0.00012674770067897656,1.5361424243780136e-06,4.841159976526278e-07,38.064181298948824
1834,1960,0.0001468156147699086,0.00012633536853368278,1.5548460768181978e-06,4.931785468043828e-07,38.08444988820702
1835,1961,0.0001467150670664696,0.00012613037608168057,1.5813317450971615e-06,4.771373533817421e-07,38.10474489815533
1836,1962,0.0001466035369518388,0.00012596160638922189,1.5837653375882181e-06,4.804277186734744e-07,38.12498888093978
1837,1963,0.0001465134166734559,0.0001259402115827136,1.5814736631367027e-06,4.758468459375294e-07,38.145562957040966
1838,1964,0.0001464069594787852,0.00012590482912429942,1.5749385342609045e-06,4.7527450118767446e-07,38.16616153344512
1839,1965,0.00014634171006125635,0.00012594455491388767,1.5757284404221066e-06,4.639870743147601e-07,38.186423680745065
1840,1966,0.0001462679661689697,0.00012570611383371053,1.5904780017611485e-06,4.6570723176476733e-07,38.20666863489896
1841,1967,0.00014618929800835014,0.00012550324023072123,1.6111984924159634e-06,4.5740728534692576e-07,38.22745319828391
1842,1968,0.00014612335136018388,0.00012529068509700857,1.6381426628034285e-06,4.451239635141024e-07,38.247751417569816
1843,1969,0.0001460798016145616,0.0001250811315882823,1.655311602810607e-06,4.4455539981732056e-07,38.26802040543407
1844,1970,0.00014604179278229805,0.0001251365321737008,1.6505995273404761e-06,4.39926533519249e-07,38.28827737644315
1845,1971,0.0001460252927607639,0.00012516134009660964,1.6413303453206612e-06,4.4506492109476573e-07,38.308920479379594
1846,1972,0.00014600243260589528,0.0001251944243329635,1.6322885446561026e-06,4.4851228263707424e-07,38.329161228612065
1847,1973,0.00014597216564596175,0.00012512963544175217,1.6305813700235586e-06,4.536716503974e-07,38.34941341821104
1848,1974,0.00014592828971384705,0.00012499594899372356,1.6342974230221315e-06,4.5893664899021595e-07,38.36966851912439
1849,1975,0.0001458794872397984,0.00012480190048894815,1.647509399657637e-06,4.6024927542738776e-07,38.389916183426976
1850,1976,0.0001458472500655166,0.0001246869453811649,1.6613289991997822e-06,4.5470146923538844e-07,38.41026637330651
1851,1977,0.0001458057496344739,0.00012460626942749006,1.6695417518844096e-06,4.504062688139742e-07,38.430561386980116
1852,1978,0.00014577764356781125,0.00012460429564975612,1.6761530566678079e-06,4.411817351377049e-07,38.45079510193318
1853,1979,0.00014576255091842797,0.00012475382374422717,1.6708023198443773e-06,4.30070397575703e-07,38.47107591945678
1854,1980,0.00014572336187319778,0.00012472018581031273,1.6762063573493835e-06,4.2411124893912134e-07,38.491822542622685
1855,1981,0.00014568807623077255,0.00012479522934249215,1.6684407973706515e-06,4.2084389145738835e-07,38.512144160456955
1856,1982,0.00014564741275668283,0.00012492358802766653,1.6540177607461928e-06,4.183647121554352e-07,38.53242230415344
1857,1983,0.0001456080191518106,0.00012507993195605343,1.636597357642683e-06,4.1621136193303607e-07,38.552715027704835
1858,1984,0.00014554379830068208,0.00012518553091243157,1.6147727871287344e-06,4.2105395169631615e-07,38.57298477366567
1859,1985,0.00014549294563269218,0.00012530555459205623,1.5940770452966972e-06,4.2466205876689616e-07,38.59323728643358
1860,1986,0.00014543691071751164,0.00012527514510520256,1.5958043732647858e-06,4.2037218796612106e-07,38.613600607030094
1861,1987,0.00014538345741365086,0.0001250799581507463,1.615233279827908e-06,4.151166464625474e-07,38.634742168709636
1862,1988,0.00014531625228697624,0.0001249007412927708,1.6326486988116144e-06,4.089024006089297e-07,38.6549941720441
1863,1989,0.00014526415615535382,0.0001247253653703056,1.6462387035440392e-06,4.0764037496078306e-07,38.67524188756943
1864,1990,0.0001451865365405462,0.00012460506818709046,1.647350106680986e-06,4.1079672866459e-07,38.69551553763449
1865,1991,0.0001450783813299389,0.00012441665474250942,1.6582605100791275e-06,4.0791214866382196e-07,38.715823949314654
1866,1992,0.00014491522440518727,0.0001240912875636378,1.665087776750705e-06,4.173059074042396e-07,38.73608968965709
1867,1993,0.00014473700445527733,0.00012375255709866554,1.6732150692486794e-06,4.252296664124996e-07,38.75688947830349
1868,1994,0.00014455669587266836,0.00012334477667385455,1.7071760592475469e-06,4.140158606338349e-07,38.777102715335786
1869,1995,0.00014444751899877144,0.00012307640049154895,1.7262409821314238e-06,4.1087086859082385e-07,38.79743891675025
1870,1996,0.00014430355442150955,0.00012282960303715735,1.7549861923325807e-06,3.9240894610264043e-07,38.81774184573442
1871,1997,0.00014413503553100749,0.00012251841592977793,1.7748016660935906e-06,3.8686029402936475e-07,38.838035402819514
1872,1998,0.0001439216130847388,0.000122111981587182,1.7979231666327073e-06,3.830399831229718e-07,38.85830658022314
1873,2000,0.00014375861386949515,0.00012192110731773957,1.7924655696896984e-06,3.912850854858602e-07,38.88656211923808
1874,2001,0.000143489077715225,0.00012157421075249053,1.7819230165104872e-06,4.095636797629589e-07,38.906798688694835
1875,2002,0.00014312910089044525,0.00012080556364186786,1.7937263023703012e-06,4.3862742248743784e-07,38.92706466279924
1876,2003,0.00014288073572022299,0.00012038455639322257,1.7965252422301087e-06,4.5309269046993314e-07,38.94770092796534
1877,2004,0.00014274493692327598,0.00011911595236800001,1.8369846448279395e-06,5.259138106996569e-07,38.96799650043249
1878,2005,0.00014253535274429965,0.00011887892850377554,1.9245175180396337e-06,4.4112490601277916e-07,38.98825427144766
1879,2006,0.0001419883936797707,0.00011877211665632645,1.8695776143874254e-06,4.5205008795700024e-07,39.00849480647594
1880,2007,0.00014161755423680177,0.00011879773082226273,1.8388655388195817e-06,4.4311680263432053e-07,39.028763925656676
1881,2008,0.00014131705754252716,0.00011855953866622458,1.8726474243040812e-06,4.031044633261783e-07,39.04901030100882
1882,2009,0.0001404703919846205,0.0001175598601014015,1.905823306741141e-06,3.8522988158076095e-07,39.06928124371916
1883,2010,0.00013975933215853387,0.00011695947617555842,1.8832149515632436e-06,3.9677064673430206e-07,39.08952468726784
1884,2011,0.00013909333282098824,0.00011634120136444312,1.8999457760231874e-06,3.752673696313239e-07,39.10988001059741
1885,2012,0.00013855104536310015,0.00011630248463957065,1.8766327711557684e-06,3.48223301197182e-07,39.130157734267414
1886,2013,0.000138179804427772,0.0001162279725075929,1.79293348754454e-06,4.0224970447336963e-07,39.15043893828988
1887,2014,0.00013768673920749817,0.00011519600745187232,1.853304320666619e-06,3.9576885489596665e-07,39.17065677791834
1888,2015,0.00013735707338334495,0.00011450227763263385,1.895391272605116e-06,3.9008830246599433e-07,39.190941606648266
1889,2016,0.000136673262777011,0.00011371851668593503,1.9177954771608707e-06,3.7767913194672724e-07,39.21121083572507
1890,2018,0.00013640817742195533,0.00011322392950645143,1.925592663481774e-06,3.9283212806861385e-07,39.23865345027298
1891,2019,0.00013628982275184283,0.00011276586876675454,1.9292968359047637e-06,4.2309856260406535e-07,39.25897003803402
1892,2020,0.00013579432811313495,0.00011276731231474745,1.9430388613758066e-06,3.5966271846294236e-07,39.27919594198465
1893,2021,0.00013553460324788316,0.00011260975415911361,1.92629284245728e-06,3.661920664196744e-07,39.29951453208923
1894,2022,0.00013506991766915074,0.00011263814201670779,1.8889244720622002e-06,3.5425309318209624e-07,39.31981087196618
1895,2023,0.00013474050105555848,0.00011271263773653837,1.9075787154304e-06,2.9520761647161e-07,39.34008319769055
1896,2024,0.00013465681081998223,0.0001123733812326957,1.95071432875857e-06,2.776286299700841e-07,39.36032011639327
1897,2025,0.00013440199866777107,0.00011249771711150167,1.8643714993807806e-06,3.260566562461596e-07,39.38051930721849
1898,2026,0.00013426476699528628,0.00011208857456415235,1.9229979946953075e-06,2.9462124841808604e-07,39.40082651004195
1899,2027,0.00013417072593196433,0.00011204064731461572,1.919987747451372e-06,2.9302011428348933e-07,39.42114012967795
1900,2028,0.00013406187323742713,0.00011187600151344421,1.9308855845278784e-06,2.8770158787041413e-07,39.44180913642049
1901,2029,0.0001339428502813169,0.00011160343576358575,1.9386358199735894e-06,2.9530563179952784e-07,39.46206087060273
1902,2030,0.00013384506921784552,0.00011147054540323863,1.943105716952203e-06,2.9434666450848564e-07,39.48274900671095
1903,2031,0.00013375638717068842,0.00011125631930265153,1.9487419922440682e-06,3.0126479455962224e-07,39.50391135457903
1904,2032,0.00013365607741064182,0.00011114091858777066,1.9376162438298886e-06,3.1389963845722683e-07,39.524167467840016
1905,2033,0.00013353740730069624,0.00011115480878023986,1.9193693059063512e-06,3.1889054613928556e-07,39.54489397723228
1906,2034,0.0001334373233608587,0.00011138886389793959,1.8902235853335152e-06,3.1462236095839674e-07,39.566191809251904
1907,2036,0.00013337780007875589,0.00011130030407412086,1.8938117738890759e-06,3.1393782657442754e-07,39.59356022346765
1908,2037,0.0001332958755623181,0.00011131823413613381,1.8943275058079978e-06,3.0343663681043164e-07,39.61386020667851
1909,2038,0.00013319826851063986,0.00011133710741723485,1.8867659298285683e-06,2.993501795119325e-07,39.63410572707653
1910,2039,0.0001331143978071643,0.00011124472401327035,1.8949085176969596e-06,2.9205886169243533e-07,39.654360859654844
1911,2040,0.00013303078129383775,0.00011119092195241987,1.8863127576576314e-06,2.9767317648415744e-07,39.674583590589464
1912,2041,0.00013295469333400313,0.00011102440774594714,1.8895297497013262e-06,3.03498809104271e-07,39.694906091317534
1913,2042,0.0001328857863910676,0.00011091282825245127,1.8921667767256822e-06,3.0512903713595126e-07,39.715259255841374
1914,2043,0.00013280111939246216,0.00011079170956977654,1.8894817436866816e-06,3.1145923858188114e-07,39.7355156224221
1915,2044,0.0001326994173928683,0.0001107049105109797,1.895221191376084e-06,3.042294968127746e-07,39.7557854000479
1916,2045,0.0001325495275466707,0.0001105742144073925,1.8868059562880743e-06,3.1072535763974585e-07,39.77605811320245
1917,2046,0.00013233475874894294,0.00011046018226059081,1.8801605500110454e-06,3.0729709882416895e-07,39.796746879816055
1918,2047,0.00013210754602906649,0.00011013743555483034,1.8690731297198258e-06,3.279379177037881e-07,39.81707393564284
1919,2048,0.00013202224083808188,0.00011018775310607283,1.8447718738721136e-06,3.386768993287902e-07,39.83730753604323
1920,2049,0.00013190959698370193,0.00010989176533449528,1.8655290009822922e-06,3.3625416393837414e-07,39.85754830855876
1921,2050,0.00013173258237488168,0.00010964524104764343,1.8747923702535442e-06,3.339417624702827e-07,39.87782449927181
1922,2051,0.00013160648459150534,0.0001095513067110406,1.8753011017782983e-06,3.302166862681772e-07,39.89814796671271
1923,2052,0.00013126929696439385,0.00010901844577478429,1.8982117405935843e-06,3.268733783673711e-07,39.91853800043464
1924,2053,0.00013106970603907076,0.00010883048087449654,1.9079428903366633e-06,3.159796261207578e-07,39.93880605045706
1925,2054,0.00013085493636080987,0.00010880456646253723,1.9016840411852713e-06,3.0335294864199303e-07,39.9590629003942
1926,2056,0.00013080388964650935,0.00010886639927706514,1.8914268571824188e-06,3.023221797620016e-07,39.986613544635475
1927,2057,0.0001304740446710855,0.0001090480349275534,1.8575448449509432e-06,2.8505612940226804e-07,40.006867988966405
1928,2058,0.000130288367930149,0.00010902600748229484,1.8273496707576843e-06,2.988863740277313e-07,40.02712350059301
1929,2060,0.00013010796071079276,0.0001093390435664119,1.8024708740124204e-06,2.744208404256647e-07,40.05457069631666
1930,2061,0.00012997532331793834,0.0001091803230482461,1.7921485005633188e-06,2.873515264059061e-07,40.07484590727836
1931,2062,0.00012976638814993414,0.00010860972992632178,1.8263540496904156e-06,2.893117726708215e-07,40.09550475142896
1932,2063,0.00012962907641220935,0.00010825392208384935,1.845418522983457e-06,2.9209690985254384e-07,40.115860583260655
1933,2064,0.00012934398672868666,0.00010738480161407175,1.8821959149300942e-06,3.1372259653139774e-07,40.136126043275
1934,2065,0.00012905994287578198,0.00010727419149415024,1.898248101076815e-06,2.803270370863586e-07,40.15635157097131
1935,2066,0.00012880754452939303,0.00010674450058463282,1.9240234286293984e-06,2.8228096584662194e-07,40.176589446142316
1936,2068,0.00012866681459404428,0.00010684913610541278,1.9231062703619456e-06,2.586615785012045e-07,40.20449874922633
1937,2069,0.00012850582868269284,0.00010670944978084787,1.9331525143181433e-06,2.4648537586635375e-07,40.22476441971958
1938,2070,0.00012833403175325218,0.00010663444803115239,1.914256670097975e-06,2.5570170211200457e-07,40.24499206710607
1939,2071,0.00012818941839032387,0.00010659937258441525,1.9056903053546577e-06,2.5331427523620396e-07,40.26525051239878
1940,2072,0.0001280320948399089,0.00010679043012896982,1.8752159382350185e-06,2.489505328588909e-07,40.28547538071871
1941,2073,0.00012794965922985596,0.00010672284126973505,1.8669435144712008e-06,2.557382815408905e-07,40.30569758731872
1942,2074,0.0001278871702380034,0.00010680379104096183,1.8588441827587898e-06,2.494937369453681e-07,40.32596062403172
1943,2075,0.0001278265154015194,0.00010675182380306927,1.8569505358855242e-06,2.5051862395948867e-07,40.34621830843389
1944,2076,0.00012774770418534499,0.0001067280122230863,1.8496662066863792e-06,2.523029895394891e-07,40.36654136143625
1945,2077,0.00012768499981755883,0.00010673221696733773,1.8493317233415402e-06,2.4594656168057014e-07,40.38679638039321
1946,2078,0.00012762125399383724,0.00010670044919486234,1.837801641525346e-06,2.5427883837214365e-07,40.40705826878548
1947,2079,0.00012757031603010362,0.00010674636657515228,1.8304827031445126e-06,2.5191224235061893e-07,40.42729629203677
1948,2080,0.00012752794456502768,0.00010675291860708474,1.830107747432819e-06,2.4739484836147555e-07,40.44753614068031
1949,2081,0.0001274913163530463,0.00010675802182679375,1.8303423613277364e-06,2.4298709129751817e-07,40.46787160541862
1950,2082,0.00012745334662578046,0.00010676079451990183,1.8308517297833988e-06,2.3840348080446577e-07,40.4881481770426
1951,2084,0.00012743576906428794,0.0001067423307343698,1.8340703789549423e-06,2.3527345403687274e-07,40.515592464245856
1952,2085,0.00012738753010963614,0.0001067062505521469,1.8369661119643353e-06,2.311618437845885e-07,40.53591525182128
1953,2087,0.00012736123146333262,0.00010664224995481196,1.8476224758740779e-06,2.2427567497798895e-07,40.56332441326231
1954,2088,0.0001273046814885866,0.00010654007041838532,1.8548244227243399e-06,2.2163668429578884e-07,40.58362975995988
1955,2089,0.00012724369787423898,0.00010637962778038911,1.8670335087684487e-06,2.1937350061653657e-07,40.603902666829526
1956,2090,0.00012722781852418378,0.00010629321194905612,1.8704286631698665e-06,2.230319943429006e-07,40.624561209231615
1957,2091,0.0001271886717929011,0.00010620612855091311,1.8768123209653397e-06,2.2144200323345887e-07,40.644832856953144
1958,2092,0.00012716002028701436,0.00010620709460643272,1.8673012673470194e-06,2.2799130071114382e-07,40.665134431794286
1959,2093,0.00012711488344089488,0.00010621278683416528,1.860969584086046e-06,2.2924007658691343e-07,40.685423034243286
1960,2094,0.0001270157014144351,0.0001062109439164718,1.8422853352627308e-06,2.3819041453359813e-07,40.70569122489542
1961,2095,0.0001269418835219568,0.00010631189240333231,1.8215778210851873e-06,2.4142129077726186e-07,40.725958336144686
1962,2096,0.0001268974507778817,0.00010639255942946259,1.8089049650199043e-06,2.4158416982200985e-07,40.74621468409896
1963,2097,0.00012687022388340027,0.00010647152321924657,1.7997190832967997e-06,2.401509831185723e-07,40.766851926222444
1964,2098,0.00012684784205115805,0.00010648194296416209,1.7995757595639776e-06,2.3701414913561836e-07,40.787111297249794
1965,2099,0.0001268257863504353,0.00010650863650644995,1.7954418420174025e-06,2.3627314238113163e-07,40.80736440420151
1966,2100,0.0001267991881717667,0.00010658053940619397,1.7852187622119346e-06,2.3664611434533594e-07,40.827592705376446
1967,2101,0.00012676167071652402,0.0001065740122475731,1.7777904556544381e-06,2.4097539124065343e-07,40.84783556871116
1968,2102,0.00012672288213527142,0.00010652148674783524,1.7785443861454917e-06,2.4159515259812473e-07,40.86815330944955
1969,2103,0.0001266672579460396,0.00010631886246812302,1.790045962821162e-06,2.447935849704967e-07,40.88840771932155
1970,2104,0.00012660996501630525,0.000106127248465335,1.8097667130855256e-06,2.38504942011499e-07,40.90868432726711
1971,2105,0.00012654385520198124,0.00010583378666603012,1.8316296481062664e-06,2.393772054888462e-07,40.928974606096745
1972,2106,0.0001264699643294641,0.0001057132312223158,1.8453937037764898e-06,2.302796069383419e-07,40.949209491722286
1973,2107,0.00012640492584099468,0.00010575294399136651,1.8421632237325306e-06,2.230349612302857e-07,40.96964491531253
1974,2108,0.0001263673524055051,0.00010578035004524495,1.8445312335441088e-06,2.141690024819061e-07,40.98992638010532
1975,2109,0.0001262823264133454,0.00010581616555149492,1.8277960840327447e-06,2.1882000215230277e-07,41.01097157225013
1976,2110,0.00012618340728967077,0.00010581901421943211,1.8143982987098461e-06,2.2204100831401915e-07,41.0312487622723
1977,2111,0.00012610669287357055,0.00010580202339140936,1.8077712603140445e-06,2.2269568790207434e-07,41.051519088447094
1978,2112,0.0001260081793034943,0.0001056804024424715,1.8136526004272194e-06,2.1912508567506275e-07,41.07181372307241
1979,2113,0.0001259019047806275,0.00010544321376730345,1.8424447162774235e-06,2.0342438505498147e-07,41.092105771414936
1980,2114,0.00012584707136669196,0.00010528047096246465,1.8557705451886627e-06,2.008894952340693e-07,41.11237166356295
1981,2115,0.00012580039139621543,0.00010529811141906013,1.847714905634393e-06,2.0251309208113755e-07,41.133569868281484
1982,2116,0.0001257706171056061,0.0001052209541028329,1.8525859960023559e-06,2.0238030427496403e-07,41.15380764286965
1983,2117,0.0001257274671759431,0.00010524861868959221,1.8425610805063864e-06,2.053237681287022e-07,41.17407065536827
1984,2118,0.00012569502734047715,0.00010516856587416862,1.8404614517520564e-06,2.121846948787994e-07,41.19474465493113
1985,2119,0.0001256483139263104,0.00010505990363731825,1.8456429125493284e-06,2.1319811634988662e-07,41.21498122718185
1986,2120,0.00012559629149373774,0.00010479627820827305,1.8637723397156655e-06,2.1622898883080452e-07,41.23567247483879
1987,2121,0.00012554942758394376,0.00010472458252772946,1.8663912447618458e-06,2.160932608595826e-07,41.2559261880815
1988,2122,0.00012550931893064214,0.00010461918226837738,1.8775824905102618e-06,2.1143117571621404e-07,41.276242626830935
1989,2123,0.00012546464870281465,0.0001044736018127339,1.884335253122699e-06,2.1476943588537752e-07,41.29648763220757
1990,2124,0.00012541556309935635,0.00010440925312864867,1.8939464995333237e-06,2.0668449753744564e-07,41.316833570599556
1991,2125,0.00012535310665843372,0.00010425619045453326,1.8995359832683205e-06,2.1015563712172507e-07,41.336970151402056
1992,2126,0.00012527507611290124,0.00010405519151599862,1.9169327910103074e-06,2.050556686799556e-07,41.357217454351485
1993,2127,0.00012520930770201083,0.00010387515093225585,1.9227051789327164e-06,2.107104980427818e-07,41.378004408441484
1994,2128,0.00012509849216632497,0.00010368402015791057,1.9294300367717057e-06,2.1201716406973453e-07,41.39824344217777
1995,2129,0.00012500029812158336,0.00010343198200436725,1.9366637463323364e-06,2.2016786538927374e-07,41.41850926540792
1996,2130,0.00012487025262902525,0.00010321313353440692,1.9556709935955327e-06,2.1004091586629874e-07,41.43888137023896
1997,2131,0.00012477571181285091,0.00010308699433728461,1.964915729419359e-06,2.039560181372703e-07,41.459252620115876
1998,2132,0.00012472362642546183,0.00010285700060793385,1.9722364364441896e-06,2.1442614530860776e-07,41.47958923596889
1999,2133,0.00012466858086345004,0.00010303582826824063,1.9635388855950447e-06,1.9973637392589694e-07,41.49994659982622
2000,2134,0.00012455691784734983,0.00010295576840964046,1.962781002812343e-06,1.9733394095859474e-07,41.520343286916614
2001,2135,0.0001244458272893429,0.00010269398852890203,1.96901931658236e-06,2.0616455946172598e-07,41.540717765688896
2002,2136,0.0001243428877451331,0.00010249528057620828,1.9706797233183072e-06,2.140809935741745e-07,41.56102842837572
2003,2137,0.0001242642693444787,0.00010242476950673442,1.9776044993125427e-06,2.0634548446188513e-07,41.581290054135025
2004,2138,0.00012419393578081239,0.00010236803720486332,1.9655864166531875e-06,2.170034409417203e-07,41.60155510529876
2005,2139,0.000124074876835564,0.00010222292439669692,1.966974713291684e-06,2.1822053059502288e-07,41.622472484596074
2006,2140,0.0001239709437134585,0.00010211968338062714,1.9697090492882373e-06,2.1541698399489816e-07,41.64275832846761
2007,2141,0.0001238493517685965,0.00010193903535999812,1.974027428791819e-06,2.1700421206801955e-07,41.66302652657032
2008,2142,0.00012371854635668706,0.00010183267396293244,1.9811539526706566e-06,2.0743328670480495e-07,41.68329132720828
2009,2143,0.00012363064227449794,0.00010170476353393272,1.9762380751903838e-06,2.1634979886613704e-07,41.703551393933594
2010,2145,0.00012357735851286966,0.00010171988756780944,1.982092543059985e-06,2.0365455144603748e-07,41.732038023881614
2011,2146,0.0001234814674912435,0.00010174253492421198,1.9898988624324032e-06,1.839943942707468e-07,41.75231605581939
2012,2147,0.00012337419766624835,0.00010161584525326236,1.9934879181686024e-06,1.823473231299967e-07,41.77260882034898
2013,2148,0.00012319398824812977,0.00010138723757839848,2.0026111885794396e-06,1.780638783936909e-07,41.79284458421171
2014,2149,0.00012309618918439905,0.00010128989788577361,2.0086429742103373e-06,1.719861556522077e-07,41.814021370373666
2015,2150,0.00012296023033656458,0.0001011785552501431,2.0116102661456263e-06,1.6655724249651963e-07,41.83432330656797
2016,2151,0.00012274202270917337,0.00010093426270221875,2.0131276382333956e-06,1.6764836246206453e-07,41.854587281122804
2017,2152,0.00012254499651716386,0.00010088459807085101,1.998623468838997e-06,1.6741637579228744e-07,41.874837004579604
2018,2153,0.00012212939824466637,0.00010044418997366262,2.008641408000992e-06,1.59879419099384e-07,41.895111195743084
2019,2154,0.00012179533603871309,0.0001002838140822886,1.9573059169536123e-06,1.9384627868883512e-07,41.91535773687065
2020,2156,0.00012164028548272391,0.000100080078004914,1.9590599322925744e-06,1.9696081548841672e-07,41.942754458636045
2021,2157,0.00012135181495498087,9.968017664156563e-05,1.999390805547542e-06,1.6777302579398278e-07,41.96299529355019
2022,2158,0.00012110482434805012,9.975356753755052e-05,1.9859658284928316e-06,1.491598525571278e-07,41.98334896098822
2023,2159,0.00012093032960473663,9.968591696858002e-05,1.9446396092911426e-06,1.798016543245175e-07,42.00362438708544
2024,2160,0.00012063764386117097,9.96241507359947e-05,1.923029426851629e-06,1.7831988566599663e-07,42.02399077359587
2025,2161,0.00012030759688059282,9.955679944502414e-05,1.9197752402588857e-06,1.5530450329798216e-07,42.04424846731126
2026,2162,0.0001198918418390455,9.955824184238418e-05,1.878986491795256e-06,1.5437350787087477e-07,42.0645216582343
2027,2163,0.00011945825873233834,9.959988281849153e-05,1.825616365085004e-06,1.60221226299676e-07,42.08477779198438
2028,2164,0.00011939450513298271,9.937757962499405e-05,1.8294297397978972e-06,1.7226281100096952e-07,42.10508009325713
2029,2166,0.000119009645553721,9.921021296555385e-05,1.8231555043980544e-06,1.567877544186616e-07,42.13254071306437
2030,2167,0.00011870267255224151,9.87907481260432e-05,1.8259952040549542e-06,1.6519723856487607e-07,42.1528418911621
2031,2168,0.00011849707596155713,9.856656947353635e-05,1.8358608827590873e-06,1.5718976604299083e-07,42.173198523931205
2032,2169,0.00011836122779544544,9.816268995488316e-05,1.8811644024752256e-06,1.3868938158100199e-07,42.19344973098487
2033,2170,0.00011808588230948207,9.815706706718858e-05,1.8489988846633998e-06,1.4388263956594806e-07,42.21404802519828
2034,2171,0.00011799660758639003,9.81097462087348e-05,1.8535489062208273e-06,1.3513723154469543e-07,42.234300250187516
2035,2172,0.00011787604773800778,9.798842080574853e-05,1.8479607317172193e-06,1.4080196150870587e-07,42.25456651020795
2036,2173,0.00011772930000740814,9.781031444667424e-05,1.852932585355181e-06,1.3896597071820916e-07,42.2748892698437
2037,2174,0.00011766742582655533,9.754507447024678e-05,1.8609710946736443e-06,1.512640409572107e-07,42.29514645319432
2038,2175,0.00011744285111732823,9.768887675315753e-05,1.8291586845163719e-06,1.4623875190069755e-07,42.31540996301919
2039,2176,0.00011732333220452966,9.755291791076072e-05,1.8252426840967915e-06,1.5179874528010275e-07,42.3356592413038
2040,2177,0.00011719236794685988,9.749466842235583e-05,1.8248239176643927e-06,1.449460347860128e-07,42.356379362754524
2041,2178,0.00011700403701389235,9.735799377301059e-05,1.8114307248621794e-06,1.5317359922599767e-07,42.37662994489074
2042,2179,0.00011681640231013581,9.715713079467336e-05,1.8106958956688862e-06,1.552312558773583e-07,42.3967608185485
2043,2181,0.00011669850336544122,9.694374910750806e-05,1.8236614251076174e-06,1.5181400068569836e-07,42.424251064658165
2044,2182,0.00011653153346922943,9.666192979920656e-05,1.824200873853498e-06,1.6275949314878898e-07,42.44451593607664
2045,2183,0.0001164877610824494,9.659067438674269e-05,1.8248706457697905e-06,1.6483802380087938e-07,42.4647910380736
2046,2184,0.00011634437527544003,9.662510519065483e-05,1.8204507435619466e-06,1.5147626491657417e-07,42.48506166599691
2047,2185,0.00011629818732681009,9.668964120284217e-05,1.80165085403858e-06,1.59203758358211e-07,42.50588146224618
2048,2186,0.00011622132579879179,9.666935834290645e-05,1.7974870728015495e-06,1.5770967278698546e-07,42.526203935965896
2049,2187,0.000116161177051551,9.67323855467496e-05,1.7833772414923854e-06,1.595019089877545e-07,42.54643706791103
2050,2188,0.00011611963247613855,9.683123241836892e-05,1.7693187980070958e-06,1.595212077698672e-07,42.56666636001319
2051,2189,0.00011609037191257776,9.693385882649179e-05,1.7513614279341996e-06,1.6428988067439626e-07,42.58700256887823
2052,2190,0.0001160694160105695,9.695011796559037e-05,1.748912867205695e-06,1.6301693729221937e-07,42.60731324274093
2053,2191,0.00011602846409242464,9.70118487184637e-05,1.7394076925659709e-06,1.6225384483012372e-07,42.62748896330595
2054,2192,0.00011598958256215875,9.69896181106961e-05,1.7397979144888222e-06,1.601985306574419e-07,42.64773237705231
2055,2193,0.00011593788204896974,9.702545368575329e-05,1.7301301577740998e-06,1.6111267854754475e-07,42.668392550200224
2056,2194,0.00011587313520324184,9.704554933479323e-05,1.7203848078498958e-06,1.6237377899496583e-07,42.68866272177547
2057,2195,0.0001158457927262721,9.703683198474227e-05,1.7190952122836146e-06,1.618008618693686e-07,42.70930314715952
2058,2196,0.00011582232291072682,9.700171881417505e-05,1.717624845060374e-06,1.6443556459480222e-07,42.72956288326532
2059,2197,0.00011578663781612559,9.695249099988935e-05,1.7147971132292133e-06,1.686175683944099e-07,42.74980377685279
2060,2198,0.0001157264707766702,9.685720421694859e-05,1.7136810324362127e-06,1.732456235359468e-07,42.770485039800406
2061,2199,0.00011564845745930212,9.673723605517684e-05,1.7075242970792144e-06,1.835978433333137e-07,42.791577220894396
2062,2201,0.00011561021816755633,9.674954633912267e-05,1.7085161856188793e-06,1.775509972244855e-07,42.81901595275849
2063,2202,0.00011553016151537794,9.667582283149835e-05,1.7047050014377477e-06,1.807288669502107e-07,42.83931220136583
2064,2203,0.00011543160414357036,9.656236972983765e-05,1.6999787428042571e-06,1.8694469856901434e-07,42.859575839713216
2065,2204,0.0001153218492816954,9.634174652030569e-05,1.7084781273837038e-06,1.8953214875526814e-07,42.87988349888474
2066,2205,0.00011519099792768101,9.588775048665387e-05,1.7235895639095646e-06,2.067351801931511e-07,42.90018767118454
2067,2206,0.00011509853195014618,9.547720038235267e-05,1.7578366942068978e-06,2.0429646257245364e-07,42.9204930588603
2068,2207,0.00011497404115778658,9.530045996210578e-05,1.7659120327738145e-06,2.0144608679426558e-07,42.940768321976066
2069,2208,0.00011484751473560815,9.497035968406715e-05,1.7847523974716892e-06,2.029631076824102e-07,42.96107546892017
2070,2209,0.00011471264790698267,9.463350371487198e-05,1.8039565576790359e-06,2.0395786153203357e-07,42.981410240754485
2071,2210,0.0001146213705260712,9.430885139710593e-05,1.8082027603712636e-06,2.230491525252623e-07,43.00167414173484
2072,2211,0.00011452180266549052,9.42165483170699e-05,1.818162291156791e-06,2.1236314368527236e-07,43.02204786334187
2073,2212,0.0001144382073824577,9.419569979480587e-05,1.8108185007783478e-06,2.1343225798683532e-07,43.04291572608054
2074,2213,0.00011432366160421084,9.415458769520163e-05,1.8080655650340681e-06,2.0884182586685353e-07,43.06318469438702
2075,2214,0.00011420405702964418,9.398272376191289e-05,1.818234735854868e-06,2.0389859091826248e-07,43.0834677265957
2076,2215,0.00011415597557804326,9.384012462728063e-05,1.8330871921336129e-06,1.9849790294265013e-07,43.10529700294137
2077,2216,0.00011404315233025937,9.376043947441051e-05,1.8286846129327584e-06,1.9958667265212828e-07,43.125645521096885
2078,2217,0.00011397200644139859,9.363253164065697e-05,1.8320645841759337e-06,2.0188289589822862e-07,43.14591622073203
2079,2218,0.00011386207760494245,9.335495966286445e-05,1.8423939130436904e-06,2.0831788116411045e-07,43.16618146095425
2080,2219,0.00011371943693919087,9.320861391944136e-05,1.8361720669998504e-06,2.1491023497510143e-07,43.18643601797521
2081,2220,0.00011360757639055963,9.303206748894113e-05,1.8399550396794333e-06,2.175958504824164e-07,43.20671980921179
2082,2221,0.00011345782045356142,9.301964989167586e-05,1.8179084485902455e-06,2.259086075983116e-07,43.22704069316387
2083,2222,0.00011336568320408495,9.307395264586835e-05,1.8139164013836545e-06,2.1525665443800595e-07,43.24771485757083
2084,2223,0.0001132586620632489,9.299790193421636e-05,1.8134895453334366e-06,2.1258646756981693e-07,43.2679553385824
2085,2224,0.0001131917347515765,9.30714874019594e-05,1.8090319911077202e-06,2.029927438539896e-07,43.288191764615476
2086,2225,0.00011312485103915615,9.301186872134045e-05,1.800780251061306e-06,2.105179807202631e-07,43.30845829285681
2087,2226,0.00011306521850704219,9.296394542412952e-05,1.789495664716375e-06,2.2063164357489192e-07,43.32886643987149
2088,2227,0.00011301626975289206,9.289737882189894e-05,1.7865856553684919e-06,2.253034377308201e-07,43.34910188615322
2089,2228,0.00011297796826289136,9.286674621181744e-05,1.777881293086871e-06,2.3324091202052206e-07,43.3693381305784
2090,2229,0.00011295480635603879,9.274694247237871e-05,1.7845975955947462e-06,2.361887927712612e-07,43.38959452044219
2091,2231,0.00011292306682627934,9.27960604933292e-05,1.774024188694461e-06,2.386764446005522e-07,43.417012019082904
2092,2232,0.00011289781782253643,9.278275027171427e-05,1.775316452079526e-06,2.3619030300268953e-07,43.43728020787239
2093,2233,0.00011286436980436163,9.269366423167773e-05,1.7840298698911657e-06,2.3304068737722525e-07,43.45752264279872
2094,2235,0.00011285676235984942,9.272979414576774e-05,1.7807473774991023e-06,2.319494439090663e-07,43.48491906281561
2095,2236,0.00011283360812470791,9.265543691648886e-05,1.7852810487240933e-06,2.3253607209781275e-07,43.50512979645282
2096,2237,0.000112808684147691,9.256087044504992e-05,1.7873082132959644e-06,2.3747315696814234e-07,43.52548149228096
2097,2238,0.00011278265029775273,9.254648045247825e-05,1.7910542653780445e-06,2.3256271914940476e-07,43.54572960361838
2098,2239,0.00011275572390373707,9.255691915605296e-05,1.7853282564439866e-06,2.3455221832442399e-07,43.56600817665458
2099,2240,0.00011272101813187988,9.261083362054635e-05,1.777406587124053e-06,2.3361186400929833e-07,43.587079398334026
2100,2241,0.00011269883573860934,9.255977844102867e-05,1.7805733652502004e-06,2.3333236450786667e-07,43.607411530800164
2101,2242,0.00011267696241831655,9.24882819393336e-05,1.78422338954875e-06,2.346446583495452e-07,43.627790429629385
2102,2243,0.00011263781841198376,9.235280339779828e-05,1.7895490475399307e-06,2.3895245387861834e-07,43.648049945011735
2103,2244,0.00011260446148458257,9.231407558427866e-05,1.7832972848697483e-06,2.457413051606428e-07,43.668851806782186
2104,2245,0.00011254444213459005,9.227375773192345e-05,1.7701180856278006e-06,2.5695035463886004e-07,43.68910402804613
2105,2246,0.000112479236917573,9.234796716658674e-05,1.7569314919559828e-06,2.5619548314264263e-07,43.709411108866334
2106,2247,0.00011242152752379129,9.239965772454923e-05,1.7460486245800324e-06,2.5613835534417345e-07,43.72974180895835
2107,2248,0.00011234404942081944,9.247310473991511e-05,1.735522571915702e-06,2.5157189617473116e-07,43.74987754225731
2108,2249,0.00011226784017687591,9.24786953079426e-05,1.724877146432806e-06,2.5403734046052446e-07,43.77012903243303
2109,2250,0.00011218835827842908,9.25154284597255e-05,1.7201646631842344e-06,2.471283186861251e-07,43.790365455672145
2110,2251,0.00011212282824424091,9.23883327883096e-05,1.7248548075208061e-06,2.4859473807232614e-07,43.81070109643042
2111,2252,0.00011207230252736262,9.230584926699064e-05,1.7241787259258286e-06,2.524666001113687e-07,43.83099577110261
2112,2253,0.00011200228042078882,9.21500245085271e-05,1.7194901207366232e-06,2.657354704895482e-07,43.851256830617785
2113,2254,0.00011191758684247436,9.200082049485398e-05,1.7192234693995593e-06,2.7245316536247804e-07,43.87198198586702
2114,2255,0.00011182398870849941,9.182263861149581e-05,1.7170700786730932e-06,2.830649310272667e-07,43.89222322497517
2115,2256,0.00011170363270759866,9.167057199221853e-05,1.7212971777805753e-06,2.82008893757438e-07,43.912450762465596
2116,2257,0.00011157999042569608,9.159357210232428e-05,1.726571759794181e-06,2.7207007254299944e-07,43.932781419716775
2117,2258,0.00011144744180798877,9.154065023067977e-05,1.7299892596009744e-06,2.6068989812992605e-07,43.95400140155107
2118,2259,0.00011137678359649344,9.152564200919403e-05,1.7332266507070454e-06,2.518875080228944e-07,43.97433934174478
2119,2260,0.00011131141230063185,9.1584218200005e-05,1.72590136608058e-06,2.4681804398210535e-07,43.994612283073366
2120,2261,0.00011126331417264925,9.150524305089515e-05,1.723827779832024e-06,2.5197933234338654e-07,44.01488498132676
2121,2262,0.00011120225254181345,9.155484701609119e-05,1.7136469293065932e-06,2.510936232656337e-07,44.035182983614504
2122,2263,0.00011111540256962567,9.170640944667026e-05,1.6943638522599298e-06,2.465354600356112e-07,44.05544384941459
2123,2264,0.00011109643194148611,9.181107137241975e-05,1.6864689513137529e-06,2.420671055928842e-07,44.075786533765495
2124,2265,0.00011102503092230758,9.177067574096425e-05,1.6860050394582433e-06,2.394304786760879e-07,44.096068266779184
2125,2266,0.000110986652010101,9.171874081816955e-05,1.6878965494455324e-06,2.3889456974761256e-07,44.11633729189634
2126,2267,0.00011094181836407936,9.167414761718581e-05,1.6880722262399638e-06,2.3869484844939125e-07,44.13666180893779
2127,2268,0.00011090816167579885,9.160235255313345e-05,1.6923067442581496e-06,2.382741680083906e-07,44.15765734668821
2128,2269,0.0001108894464323671,9.154749222082811e-05,1.6963156388373333e-06,2.3787978231656595e-07,44.17797486670315
2129,2270,0.00011087104638202191,9.144095366302251e-05,1.7045201307073353e-06,2.3848914119260425e-07,44.19823618233204
2130,2271,0.00011085771489592886,9.140297244493814e-05,1.709949532981901e-06,2.3552471211717084e-07,44.218517255969346
2131,2272,0.00011084591169933033,9.136371362850553e-05,1.7119623267267445e-06,2.3625748035573456e-07,44.23870257195085
2132,2273,0.00011083499428311154,9.136485624539441e-05,1.7129737175295491e-06,2.3404008624216295e-07,44.25901418738067
2133,2274,0.0001108103134659893,9.137838175252703e-05,1.7116437801366877e-06,2.315493912095388e-07,44.27928421460092
2134,2275,0.0001107474643552823,9.141289520553483e-05,1.7053039852840808e-06,2.2815292969066577e-07,44.300260967575014
2135,2276,0.00011064532163626911,9.141365696167949e-05,1.6995976118587897e-06,2.2356885560017352e-07,44.3205541446805
2136,2277,0.00011052236809153837,9.144375802494811e-05,1.6801798408118995e-06,2.276811658471277e-07,44.341068809852004
2137,2278,0.00011040906567357894,9.136328991979875e-05,1.6722844896228907e-06,2.322930857551273e-07,44.36218032427132
2138,2279,0.00011026485851363055,9.113333783190746e-05,1.672963652193837e-06,2.4018841597847123e-07,44.3824400100857
2139,2280,0.00011014445464651696,9.110914110709549e-05,1.6538237358371415e-06,2.4970761810500585e-07,44.40268366783857
2140,2281,0.0001100424972944943,9.103824086285823e-05,1.6446051140285757e-06,2.55820529135031e-07,44.422963053919375
2141,2282,0.00010987657820088397,9.088703854221494e-05,1.6340235489012734e-06,2.6493041696562985e-07,44.443261347711086
2142,2283,0.00010965615534961801,9.077206441211292e-05,1.6160401053768055e-06,2.723689883737038e-07,44.46433441527188
2143,2284,0.00010946250546065616,9.059158263451281e-05,1.607739458575232e-06,2.7935282403910296e-07,44.484574707224965
2144,2285,0.00010920562010218908,9.054628658665398e-05,1.5983460612155562e-06,2.6758729033795264e-07,44.504824198782444
2145,2286,0.00010890963093056765,9.04127091259182e-05,1.594036547449408e-06,2.5565563301553743e-07,44.5251429984346
2146,2287,0.00010857676888797736,9.028571111951086e-05,1.5854265658460788e-06,2.436792110005712e-07,44.5454199006781
2147,2288,0.00010821734602276137,9.00024887555243e-05,1.5995101882239625e-06,2.2197553849974438e-07,44.56567389797419
2148,2289,0.00010786236937268751,8.969273543136912e-05,1.6115558207321035e-06,2.0540757339973483e-07,44.58593946509063
2149,2290,0.00010734169838456637,8.898731612437834e-05,1.6374783537297353e-06,1.9795987228906674e-07,44.606190408580005
2150,2291,0.00010709479874874641,8.823176284878073e-05,1.6738134688170119e-06,2.1249012117955535e-07,44.62655973434448
2151,2292,0.00010682127473260365,8.778248154495007e-05,1.6921138264163917e-06,2.117654923489656e-07,44.64678462129086
2152,2293,0.0001065517352361945,8.769205512591624e-05,1.6525822874814314e-06,2.3338572354639292e-07,44.667021214962006
2153,2294,0.00010640392926369491,8.789786448565124e-05,1.6460185103344427e-06,2.0458796746992524e-07,44.68725147843361
2154,2295,0.00010602271470506939,8.747923711208216e-05,1.6645372082615049e-06,1.8981055103721817e-07,44.70804849360138
2155,2296,0.00010587201597416035,8.722259816993951e-05,1.6689249683541034e-06,1.9601681206798142e-07,44.72843059338629
2156,2297,0.00010553901825130095,8.697366225263468e-05,1.6638562657689625e-06,1.9267933409766408e-07,44.74914651364088
2157,2298,0.00010517208396506467,8.678816654957541e-05,1.6531246802276988e-06,1.852670613212264e-07,44.769450364634395
2158,2299,0.0001047608547938041,8.653066515020866e-05,1.6378219929362918e-06,1.8519697142325237e-07,44.789696228690445
2159,2300,0.0001045281447881545,8.637291005474999e-05,1.6405604274580726e-06,1.7496304588237773e-07,44.80999142304063
2160,2301,0.00010419259461094113,8.599573235276824e-05,1.635146669225811e-06,1.845395565914783e-07,44.8303257515654
2161,2302,0.00010356920658483282,8.542303702774505e-05,1.6278351900012818e-06,1.86781765707496e-07,44.85055478103459
2162,2303,0.00010312143985454302,8.494151987327933e-05,1.6389671274098604e-06,1.7902487071650936e-07,44.870781009085476
2163,2304,0.00010298195760595424,8.469906585971981e-05,1.630337241542685e-06,1.9795193308075786e-07,44.891011064872146
2164,2305,0.00010270242125772345,8.411482638730704e-05,1.673000055258647e-06,1.8575943178299386e-07,44.911297518759966
2165,2306,0.00010257265720169066,8.389674563239536e-05,1.6769472138635264e-06,1.9064394306600436e-07,44.93161162082106
2166,2307,0.00010225273092710871,8.403914060752531e-05,1.6310045953203222e-06,1.9035443663801812e-07,44.95190207101405
2167,2308,0.00010203436314945482,8.381261855217168e-05,1.6383420618948529e-06,1.8383239783346204e-07,44.97221485711634
2168,2309,0.00010180703725211082,8.343322525323509e-05,1.6537959262923712e-06,1.835852735952011e-07,44.992474501021206
2169,2310,0.00010154691442906163,8.314415350315462e-05,1.6668993211865832e-06,1.7337677140411687e-07,45.01277488004416
2170,2311,0.000101447717154559,8.297447595000298e-05,1.6613882829396701e-06,1.859358375159315e-07,45.03308631014079
2171,2312,0.00010133936405575691,8.290934682641739e-05,1.6674479870604322e-06,1.755537358735193e-07,45.053381375968456
2172,2313,0.00010129029405455351,8.300839529639947e-05,1.6508909502297299e-06,1.772989255856743e-07,45.07366829365492
2173,2314,0.00010121589815714481,8.299422367020532e-05,1.6460837930602964e-06,1.7608365563365333e-07,45.09390520863235
2174,2315,0.00010116457171095855,8.284449038945705e-05,1.6479635543446237e-06,1.840445778055251e-07,45.114208097569644
2175,2316,0.00010111321598841523,8.283113204472904e-05,1.6471511290019003e-06,1.8105726536671806e-07,45.13452624902129
2176,2317,0.00010105730600124003,8.286038618857144e-05,1.6359968707092365e-06,1.8369511055762279e-07,45.15475632622838
2177,2318,0.00010101840647826072,8.275125838997453e-05,1.6426726338925285e-06,1.8404217493608925e-07,45.175048811361194
2178,2319,0.00010098617968497638,8.277726508132775e-05,1.6321753501265378e-06,1.887161102383257e-07,45.19531344342977
2179,2320,0.00010096047098927069,8.272959242338304e-05,1.6346437554235213e-06,1.8844410116524357e-07,45.21557736489922
2180,2321,0.00010092793472386502,8.261273580975396e-05,1.6434966160644565e-06,1.8802327534664835e-07,45.2358367908746
2181,2322,0.0001009035127019809,8.259944487975784e-05,1.6389964277216566e-06,1.914103545006492e-07,45.256430364213884
2182,2323,0.00010086718188614912,8.246891410994469e-05,1.650794900994064e-06,1.8903187662637882e-07,45.27674679458141
2183,2324,0.00010082014905522549,8.238817875998689e-05,1.6576437623610552e-06,1.855532671628059e-07,45.297015321440995
2184,2325,0.00010073857031982179,8.229186456601613e-05,1.6603807663797928e-06,1.8428980900077452e-07,45.31812374666333
2185,2326,0.00010066635486468117,8.221699956126607e-05,1.6682711826590592e-06,1.766643476824503e-07,45.33872888516635
2186,2327,0.00010058693816164138,8.221542027712079e-05,1.6594797883919642e-06,1.776720000600942e-07,45.35950355697423
2187,2328,0.00010053703034541634,8.223246031463284e-05,1.6523699226524356e-06,1.780870804259142e-07,45.38062406145036
2188,2329,0.00010050146668621389,8.216779015158788e-05,1.65448127522201e-06,1.7888637824058978e-07,45.400876730680466
2189,2330,0.00010045890169415701,8.212976851771149e-05,1.6531407324908616e-06,1.7977258515368924e-07,45.42116144672036
2190,2331,0.00010038127866373858,8.200095401865158e-05,1.6598758849776877e-06,1.7815657953101325e-07,45.441870572045445
2191,2332,0.00010032961271279017,8.196856036676856e-05,1.657632625118777e-06,1.7847260948338373e-07,45.4621660169214
2192,2333,0.0001002727652927872,8.191463102894107e-05,1.6563092515346556e-06,1.7950417484995626e-07,45.48252888582647
2193,2334,0.00010019532689189537,8.186021773344962e-05,1.6567848807104569e-06,1.767260351341198e-07,45.50289101805538
2194,2335,0.00010009591173741848,8.184722275067125e-05,1.636887478693143e-06,1.879814199815808e-07,45.523162071593106
2195,2336,9.994998877314927e-05,8.186483234417412e-05,1.6211655860675146e-06,1.873500568299994e-07,45.54358870815486
2196,2337,9.978964239591018e-05,8.1736230772747e-05,1.604629023689839e-06,2.0071213862647941e-07,45.563894264400005
2197,2338,9.962420053767384e-05,8.164158224832136e-05,1.5982104498946698e-06,2.0005137904057705e-07,45.58412042632699
2198,2339,9.948628415451736e-05,8.152824038824196e-05,1.5954597100381552e-06,2.00344666589385e-07,45.604362656362355
2199,2340,9.924808494768334e-05,8.127947331126531e-05,1.6081512826672364e-06,1.887098809745664e-07,45.62465950567275
2200,2341,9.899446973429551e-05,8.113079980595078e-05,1.5935742086376345e-06,1.9279278419683853e-07,45.64494945574552
2201,2342,9.878592114748554e-05,8.10727350757923e-05,1.5729804909007657e-06,1.9833811626855853e-07,45.66524411831051
2202,2344,9.865655649242083e-05,8.109228124148187e-05,1.5660999531310522e-06,1.9032757196284261e-07,45.69265130814165
2203,2345,9.852612649687332e-05,8.106527209812535e-05,1.5440661682354445e-06,2.0201927163935255e-07,45.71296518202871
2204,2346,9.843952834282026e-05,8.103653308635696e-05,1.5409719338076214e-06,1.9932759183870746e-07,45.7335804188624
2205,2348,9.838239407131648e-05,8.108636075463972e-05,1.5305718526474065e-06,1.9903147902026896e-07,45.76103885937482
2206,2349,9.832379879691177e-05,8.110746812095536e-05,1.5222541666858044e-06,1.99378900909837e-07,45.78136719763279
2207,2350,9.824866993629218e-05,8.110106000691668e-05,1.5001891718479978e-06,2.1457182108955146e-07,45.80199974309653
2208,2351,9.819274171801856e-05,8.116368226079088e-05,1.497060954060135e-06,2.0584499166263196e-07,45.822239375673234
2209,2352,9.814670208918547e-05,8.114428677356271e-05,1.4920142392365055e-06,2.082272923257712e-07,45.84248539991677
2210,2353,9.81101619745461e-05,8.118007695899392e-05,1.4798788283747971e-06,2.1312967318041983e-07,45.86273739673197
2211,2354,9.808766464103651e-05,8.127035443008497e-05,1.4711817161364203e-06,2.1054930495873436e-07,45.88297410029918
2212,2355,9.804888617261055e-05,8.138226882823085e-05,1.4638908228016839e-06,2.0277091163628538e-07,45.90321836899966
2213,2356,9.800705931769733e-05,8.151760048133848e-05,1.4563788720533543e-06,1.9256701158253065e-07,45.92379896901548
2214,2357,9.798762091767212e-05,8.160258041008474e-05,1.4499407792289709e-06,1.8856327152976802e-07,45.94402736797929
2215,2358,9.795858830669141e-05,8.169837616383737e-05,1.4406378309611194e-06,1.853833833242847e-07,45.96474760584533
2216,2359,9.793262528369415e-05,8.176595413194958e-05,1.4312314228094346e-06,1.8543569236502238e-07,45.98506229091436
2217,2360,9.791058125154648e-05,8.177949975183855e-05,1.4246432605061262e-06,1.8846488946466762e-07,46.00529560726136
2218,2361,9.788989772537575e-05,8.178644182076551e-05,1.415648170352611e-06,1.946974201084124e-07,46.02557945717126
2219,2362,9.787214476442895e-05,8.17922642895798e-05,1.4118121431897497e-06,1.9617590429516554e-07,46.04582022130489
2220,2363,9.785696087402551e-05,8.186972651298725e-05,1.4015454698223554e-06,1.9717796628147149e-07,46.06605431064963
2221,2364,9.784573607196168e-05,8.191846477281915e-05,1.3986672291773205e-06,1.9405990073693226e-07,46.08628563117236
2222,2365,9.7839965216923e-05,8.196363825389704e-05,1.3952681297399382e-06,1.9236456656265696e-07,46.1065927175805
2223,2366,9.783510652697306e-05,8.193896153482717e-05,1.398430411054247e-06,1.9118408816034217e-07,46.12698879279196
2224,2367,9.78300147956152e-05,8.190108344910163e-05,1.4017646498872537e-06,1.9112848476410278e-07,46.14727720338851
2225,2368,9.782484630234795e-05,8.185448429214425e-05,1.4068687898496058e-06,1.901674111707637e-07,46.167535909451544
2226,2369,9.781868356744767e-05,8.180570832333359e-05,1.4083588008826204e-06,1.9293872352878756e-07,46.18780465889722
2227,2370,9.780777258470623e-05,8.185011798072345e-05,1.4037351209951616e-06,1.920303394031171e-07,46.20804111659527
2228,2371,9.779184052846302e-05,8.190198167300066e-05,1.3980117592008268e-06,1.9097412634540845e-07,46.228414247743785
2229,2372,9.778476179587414e-05,8.199034958586585e-05,1.3929058692080927e-06,1.865353517927374e-07,46.24866790603846
2230,2373,9.775462857057048e-05,8.195606920522995e-05,1.3922402964358135e-06,1.8761564009824004e-07,46.26891096867621
2231,2374,9.772405279987504e-05,8.190494756978262e-05,1.3945092553645672e-06,1.874012676446753e-07,46.28916311915964
2232,2376,9.7711736831088e-05,8.1865064204781e-05,1.3953371132142465e-06,1.8933014941645476e-07,46.316614396870136
2233,2377,9.767785789670537e-05,8.18002954548469e-05,1.4003815092238165e-06,1.8737473496202988e-07,46.33687140699476
2234,2378,9.763783442956822e-05,8.17355956533847e-05,1.4048796179830581e-06,1.8534425963529259e-07,46.35712470859289
2235,2379,9.758966065092512e-05,8.170574560811462e-05,1.4041680219848308e-06,1.842234822962195e-07,46.377972131595016
2236,2380,9.75347548068302e-05,8.172331046170744e-05,1.3961924053065412e-06,1.8495202920573575e-07,46.398250938393176
2237,2381,9.747865395150244e-05,8.175369695414316e-05,1.3851471775250158e-06,1.8734852221091118e-07,46.418480639345944
2238,2382,9.742565676094884e-05,8.185282930276771e-05,1.3640476027287133e-06,1.932351430894002e-07,46.43874620459974
2239,2383,9.735706518131199e-05,8.180447217673049e-05,1.3581882536922553e-06,1.9707104676589575e-07,46.45902082324028
2240,2384,9.725746695941453e-05,8.17278717925081e-05,1.3497221129082943e-06,2.0323740378234813e-07,46.479285050183535
2241,2385,9.718073440583815e-05,8.156146948021607e-05,1.3504452050437471e-06,2.1148128751846029e-07,46.49955048132688
2242,2386,9.71081790900982e-05,8.153572492324812e-05,1.346288235907332e-06,2.109571807776751e-07,46.519802236929536
2243,2387,9.70342304524783e-05,8.142135520257413e-05,1.3563974489397722e-06,2.0489007605064396e-07,46.540124016813934
2244,2388,9.690088902756435e-05,8.128670479262405e-05,1.3616741798145173e-06,1.9974424367951217e-07,46.56039341818541
2245,2389,9.672985419893648e-05,8.094447564081023e-05,1.3748705788078754e-06,2.0366727700474944e-07,46.58070739079267
2246,2390,9.652622511458395e-05,8.072583889942478e-05,1.3886813851012959e-06,1.9135723641462164e-07,46.60102766007185
2247,2391,9.639800632168865e-05,8.062981982117211e-05,1.3716598012238531e-06,2.051588488278012e-07,46.62128649186343
2248,2392,9.60557770428766e-05,8.037847410091577e-05,1.3529088902724232e-06,2.148214039236596e-07,46.64156726002693
2249,2393,9.582185267405876e-05,8.019781236100316e-05,1.3603045329859428e-06,2.0209949831961673e-07,46.66186838876456
2250,2394,9.548700583277627e-05,8.00180545639439e-05,1.3422246549578044e-06,2.0467047192543252e-07,46.682202108204365
2251,2395,9.521215281358092e-05,7.985727080596475e-05,1.3280615069929153e-06,2.0742669376870074e-07,46.70278674643487
2252,2396,9.507784509323485e-05,7.96158259220626e-05,1.3244318296426353e-06,2.217700874745907e-07,46.72303711809218
2253,2397,9.497226289176655e-05,7.96035463417075e-05,1.330049280951578e-06,2.068223740543273e-07,46.743265566416085
2254,2399,9.485159239284271e-05,7.965175856922038e-05,1.3129567576243883e-06,2.070266247378447e-07,46.77071927860379
2255,2400,9.474838117682083e-05,7.954387398774153e-05,1.3111127103214964e-06,2.093380085864331e-07,46.791805361397564
2256,2401,9.462402270474124e-05,7.943449686902933e-05,1.3066432101603158e-06,2.1230937341087477e-07,46.81213156878948
2257,2402,9.459821235032872e-05,7.936029343109655e-05,1.2828574356204985e-06,2.409344563027201e-07,46.83241597190499
2258,2403,9.443263287115535e-05,7.940318221099714e-05,1.2896708219427437e-06,2.132742440730767e-07,46.85268075577915
2259,2404,9.435106581696213e-05,7.94114131868855e-05,1.2893722112325025e-06,2.0459305177515972e-07,46.87297893408686
2260,2405,9.419598211731213e-05,7.935949453314447e-05,1.286833977102596e-06,1.968147813141713e-07,46.894127395004034
2261,2406,9.40295004423527e-05,7.930612836112466e-05,1.2706530470886276e-06,2.0168416103417563e-07,46.914508229121566
2262,2408,9.392068817794099e-05,7.927390326765292e-05,1.2693137126080761e-06,1.9536477842073097e-07,46.94193284306675
2263,2409,9.38371834763665e-05,7.924492001677868e-05,1.2608243392336409e-06,1.9840200672514147e-07,46.962163782678545
2264,2410,9.37079324345831e-05,7.909430669811164e-05,1.2613578590711137e-06,2.0000471457603444e-07,46.98253532871604
2265,2411,9.360399085987809e-05,7.906488649238438e-05,1.2550529818531092e-06,1.9885745489626147e-07,47.002797595225275
2266,2412,9.348332833273477e-05,7.912451623718169e-05,1.2362893147636757e-06,1.9959189479163275e-07,47.02304688189179
2267,2413,9.332836986192062e-05,7.917264482603716e-05,1.2204723945696648e-06,1.9510010901868075e-07,47.043304211460054
2268,2415,9.323657243220527e-05,7.93710670013807e-05,1.195745146487201e-06,1.9080539659525706e-07,47.070696452632546
2269,2416,9.30779166500836e-05,7.926037939045176e-05,1.1872816319976763e-06,1.944720939655067e-07,47.091440678574145
2270,2417,9.292708717477072e-05,7.91066207291667e-05,1.1715670896476084e-06,2.1047955491279408e-07,47.11176883243024
2271,2418,9.2834800960179e-05,7.905058342932037e-05,1.1600274787589371e-06,2.1839427432692595e-07,47.132092241197824
2272,2419,9.273962255408608e-05,7.898162625513486e-05,1.1652329020242616e-06,2.105667278708603e-07,47.15239538811147
2273,2420,9.267853210712272e-05,7.894425288194604e-05,1.1621241019666917e-06,2.113038205509767e-07,47.1726003382355
2274,2421,9.261577619633028e-05,7.88934953903262e-05,1.1603784847691362e-06,2.11849595831271e-07,47.19358888641
2275,2422,9.252777283447681e-05,7.876267690672161e-05,1.1627627453858129e-06,2.1374684738970717e-07,47.21388891339302
2276,2423,9.247101734844075e-05,7.871614955055161e-05,1.1616107254385865e-06,2.1387605435032718e-07,47.234220035374165
2277,2424,9.239876361953308e-05,7.859854134290866e-05,1.160275296118767e-06,2.1974693154367485e-07,47.25447797123343
2278,2425,9.233216233568363e-05,7.850621548045467e-05,1.1666754111153172e-06,2.1591927440757931e-07,47.27472411841154
2279,2426,9.22564547228586e-05,7.835230365287067e-05,1.1726622366999713e-06,2.1775287029882272e-07,47.29494630731642
2280,2427,9.217833981708269e-05,7.819972108947477e-05,1.1815573209498348e-06,2.163045518109569e-07,47.31527444720268
2281,2428,9.21209287891597e-05,7.808316072085105e-05,1.1820300886294615e-06,2.2174671820140267e-07,47.33551889099181
2282,2429,9.205693689098499e-05,7.800165899935078e-05,1.1854309856729045e-06,2.200968034905169e-07,47.355762605555356
2283,2430,9.197898860978713e-05,7.789123303052057e-05,1.1895337218597298e-06,2.1924183606692472e-07,47.37601169105619
2284,2431,9.192288593989442e-05,7.777390020638573e-05,1.1923925425762099e-06,2.2250603077465964e-07,47.39624695293605
2285,2432,9.184910891325581e-05,7.764256741469466e-05,1.1947053996362212e-06,2.2594875021989383e-07,47.416564983315766
2286,2433,9.176496646535116e-05,7.747048756008958e-05,1.2051197206153812e-06,2.2432816991077617e-07,47.436780226416886
2287,2434,9.167223953999557e-05,7.731010005222923e-05,1.2069721116981963e-06,2.2924183707843877e-07,47.457021437585354
2288,2435,9.158701131767037e-05,7.712787686789719e-05,1.2160857803502163e-06,2.298276646271023e-07,47.47729681059718
2289,2436,9.148793237326707e-05,7.691857439280903e-05,1.2186354396571292e-06,2.3830035838867468e-07,47.497547523118556
2290,2437,9.146570225435484e-05,7.685237372575491e-05,1.227421500086343e-06,2.3391135277365034e-07,47.517879243940115
2291,2438,9.136468837939765e-05,7.680007400077926e-05,1.2184697955061861e-06,2.3799164235565347e-07,47.53819345589727
2292,2439,9.131649409398753e-05,7.667439411253786e-05,1.2205740851151799e-06,2.4363591302978737e-07,47.558869725093246
2293,2440,9.126011304083145e-05,7.659640661597202e-05,1.220573080541703e-06,2.457975619442392e-07,47.57910636160523
2294,2441,9.119677372358256e-05,7.645484355922689e-05,1.2229312114212894e-06,2.5126180501427724e-07,47.599389982409775
2295,2442,9.113747554781786e-05,7.637266418506348e-05,1.2199815377473323e-06,2.5649959852810564e-07,47.620475543662906
2296,2443,9.107812261615869e-05,7.627229264246434e-05,1.2139828911249173e-06,2.6660010624451743e-07,47.64076098613441
2297,2444,9.104894957407692e-05,7.627945407524395e-05,1.2073089621125768e-06,2.696405877707202e-07,47.66100816242397
2298,2445,9.10291991722793e-05,7.634977510525957e-05,1.1988615849983703e-06,2.690808217036019e-07,47.68130073137581
2299,2446,9.099482851200964e-05,7.630379016319829e-05,1.2033237552468886e-06,2.6578007963424563e-07,47.70151925366372
2300,2447,9.096098693885178e-05,7.627117645834097e-05,1.2051193812897196e-06,2.6386166676136233e-07,47.7221963647753
2301,2448,9.093219397558992e-05,7.63035348516696e-05,1.2004994771391492e-06,2.6236643525288245e-07,47.743008826859295
2302,2449,9.091110358507663e-05,7.632314958590832e-05,1.2011231703206098e-06,2.5767222959622e-07,47.76330116670579
2303,2450,9.089815060401023e-05,7.633189680414024e-05,1.198557929175431e-06,2.5806745081156815e-07,47.78361448459327
2304,2451,9.088625538576523e-05,7.633344929515973e-05,1.1980011674633096e-06,2.5727944159724015e-07,47.80392730887979
2305,2452,9.087237611882205e-05,7.63236548958027e-05,1.199319383477835e-06,2.5555273882409986e-07,47.824199623428285
2306,2453,9.086017562696856e-05,7.629018556508263e-05,1.2010947946936747e-06,2.559042114949183e-07,47.84532647114247
2307,2454,9.084667968061996e-05,7.623657574243663e-05,1.2044871219242335e-06,2.5652327189410027e-07,47.865534760057926
2308,2456,9.08435949230703e-05,7.622554533551361e-05,1.205508943139877e-06,2.5629601561579103e-07,47.89301517512649
2309,2457,9.083736784133417e-05,7.620709812111377e-05,1.2038170488484462e-06,2.5920992317359394e-07,47.91327655687928
2310,2458,9.08258696191868e-05,7.620421021527308e-05,1.2023079729354634e-06,2.598579674559095e-07,47.93361566308886
2311,2459,9.081379503642024e-05,7.624359799086957e-05,1.1966990147973792e-06,2.6032068975768797e-07,47.95387097261846
2312,2460,9.080360275039954e-05,7.626814310569557e-05,1.1924200264855375e-06,2.6112593798485896e-07,47.97420995403081
2313,2461,9.079241202720908e-05,7.633343042655863e-05,1.1863059445444102e-06,2.5959221552063446e-07,47.994873504154384
2314,2462,9.077954940797378e-05,7.637625343712811e-05,1.1811648905836268e-06,2.591647065009401e-07,48.015178120695055
2315,2463,9.076144608430499e-05,7.644725946223565e-05,1.1734120937759239e-06,2.580065684310084e-07,48.03547551203519
2316,2464,9.074469191548935e-05,7.646037389329483e-05,1.1684180056362917e-06,2.6001379658316e-07,48.05576092377305
2317,2465,9.072284018444333e-05,7.647014480599358e-05,1.1627256606570638e-06,2.6254387718791114e-07,48.076059523038566
2318,2466,9.070443400185406e-05,7.648492480183233e-05,1.1559428612198755e-06,2.6600805878229674e-07,48.096339005976915
2319,2467,9.068413426304585e-05,7.651274518048003e-05,1.1520650631801984e-06,2.6507384507638353e-07,48.11664006486535
2320,2468,9.066370830156105e-05,7.656501352636523e-05,1.1467556643126099e-06,2.631138132069718e-07,48.13695282675326
2321,2470,9.065235067830384e-05,7.660146659416495e-05,1.1411155497213112e-06,2.6397285869257823e-07,48.16441748756915
2322,2471,9.062377589549999e-05,7.66997603480159e-05,1.1330577162221684e-06,2.5934383852623986e-07,48.18475611601025
2323,2472,9.06063786579412e-05,7.66966822818541e-05,1.1323706429905777e-06,2.5859899461813325e-07,48.20502086728811
2324,2473,9.058721011027303e-05,7.6647670669497e-05,1.1307131090302101e-06,2.632408350473935e-07,48.225291102193296
2325,2474,9.057748227932193e-05,7.663407513582841e-05,1.1298011330899775e-06,2.6453958125937464e-07,48.24557050690055
2326,2475,9.056653350330775e-05,7.660690196060484e-05,1.1294740841520496e-06,2.6648907011824015e-07,48.265833956189454
2327,2476,9.05530944545099e-05,7.65997808131335e-05,1.1224978883275868e-06,2.728334758100528e-07,48.28612167946994
2328,2477,9.054405535583601e-05,7.660594533960512e-05,1.1228191568928001e-06,2.709918447302887e-07,48.30638146493584
2329,2478,9.05369220793218e-05,7.66096704354852e-05,1.122632641806051e-06,2.700925225776074e-07,48.32664967700839
2330,2479,9.052455933791641e-05,7.661602508891865e-05,1.1211455355769608e-06,2.697078893228148e-07,48.346904549747705
2331,2480,9.051519894496792e-05,7.65947870434944e-05,1.1224548874587172e-06,2.69586302688634e-07,48.36715814098716
2332,2481,9.050051767334045e-05,7.656073291457824e-05,1.1228861744483878e-06,2.7109230142783175e-07,48.38785682991147
2333,2482,9.048282255691359e-05,7.650845014777976e-05,1.1245347975421567e-06,2.729024433712261e-07,48.408134173601866
2334,2483,9.045762125762232e-05,7.648894657740197e-05,1.1227896351628002e-06,2.7407783285923504e-07,48.42843511607498
2335,2484,9.042758587869214e-05,7.647298114824725e-05,1.1202022097813345e-06,2.752582632631538e-07,48.448699039407074
2336,2486,9.040767561350473e-05,7.647333280114478e-05,1.1133213147400743e-06,2.801129664959209e-07,48.47618268802762
2337,2487,9.036604011583177e-05,7.651655249173162e-05,1.1077227638385875e-06,2.7722599857142774e-07,48.49644952546805
2338,2488,9.033516622630195e-05,7.663602319060708e-05,1.0959628477326773e-06,2.739514558368099e-07,48.51718870829791
2339,2489,9.031637853483008e-05,7.661540253961835e-05,1.0954126710999432e-06,2.7468492842122975e-07,48.53754279669374
2340,2490,9.029146751266283e-05,7.658067887424226e-05,1.094136709936927e-06,2.769421539051289e-07,48.55782889202237
2341,2491,9.026321953085504e-05,7.644890058378265e-05,1.0933567512292822e-06,2.8807514347795717e-07,48.57808743044734
2342,2492,9.024333672140421e-05,7.622483062938742e-05,1.1099831691689301e-06,2.918674400327493e-07,48.598352644592524
2343,2493,9.019960869263874e-05,7.631426494716566e-05,1.0967937414263836e-06,2.9174063312092376e-07,48.61864777747542
2344,2494,9.017976772658519e-05,7.631139564083334e-05,1.0934730825499738e-06,2.933641260252109e-07,48.63890536967665
2345,2495,9.015712071478625e-05,7.628371848592512e-05,1.0953464804924725e-06,2.91993742393641e-07,48.659172986634076
2346,2496,9.012621913908987e-05,7.623095732248351e-05,1.0986003913954227e-06,2.909257902652142e-07,48.67946980241686
2347,2497,9.00956749159547e-05,7.619244809524165e-05,1.0996777101911847e-06,2.9064497188012064e-07,48.699707202613354
2348,2498,9.004986800250344e-05,7.610375112275315e-05,1.1077880614652765e-06,2.8682362650975273e-07,48.71993103157729
2349,2500,9.001978832799077e-05,7.607893487235912e-05,1.1056695094011246e-06,2.884158361620406e-07,48.7478914456442
2350,2501,8.997174228631378e-05,7.609865054343564e-05,1.1048214195939845e-06,2.824877546938293e-07,48.76848323922604
2351,2502,8.99245980210857e-05,7.602250469749912e-05,1.1111861305635388e-06,2.790232017951193e-07,48.79033098835498
2352,2503,8.986634145858913e-05,7.603924717165327e-05,1.1098432183862934e-06,2.7286621030729196e-07,48.81175070814788
2353,2504,8.982078327924095e-05,7.598733904154251e-05,1.1111316089083568e-06,2.7221281486148726e-07,48.832125957123935
2354,2505,8.971076969698674e-05,7.569475386021005e-05,1.1250336842643838e-06,2.7656789941328447e-07,48.85239137057215
2355,2506,8.967884015627763e-05,7.564325549371754e-05,1.1262326437972175e-06,2.7732582245879147e-07,48.872665943577886
2356,2507,8.96560189809787e-05,7.562366395969403e-05,1.1264385288503359e-06,2.767969732781326e-07,48.89293242804706
2357,2508,8.963048136679501e-05,7.554179555198764e-05,1.1262525532330235e-06,2.8261602824771395e-07,48.91320518683642
2358,2509,8.959311011338614e-05,7.543477898142427e-05,1.130399385097251e-06,2.854337280989361e-07,48.93357955943793
2359,2510,8.952653319716761e-05,7.523645990006829e-05,1.136837756378163e-06,2.9216957333176855e-07,48.954743473790586
2360,2511,8.943213649812329e-05,7.500557421913981e-05,1.1446850771581482e-06,2.9797115074019976e-07,48.97507942933589
2361,2512,8.931536841703765e-05,7.472886384679802e-05,1.149828159000889e-06,3.088222980230731e-07,48.995312073267996
2362,2513,8.92726406064768e-05,7.45623311395838e-05,1.1603488145386062e-06,3.1068213215069307e-07,49.01559404656291
2363,2514,8.914928113796093e-05,7.450796497505461e-05,1.1516445203113639e-06,3.124870959792682e-07,49.03590218257159
2364,2515,8.906306988309318e-05,7.451572494991393e-05,1.1450022993614792e-06,3.0973219395644596e-07,49.05617065075785
2365,2516,8.901149304530203e-05,7.442741540402986e-05,1.1403092801564888e-06,3.180984839707286e-07,49.07641817256808
2366,2517,8.888831050181754e-05,7.454343911805428e-05,1.1254376778125962e-06,3.0904946056373005e-07,49.09672773536295
2367,2518,8.874735030343087e-05,7.428713487693864e-05,1.1278398384375947e-06,3.1818170421162917e-07,49.117118110880256
2368,2519,8.851813661293952e-05,7.401014755528763e-05,1.1219954980064046e-06,3.288034077587836e-07,49.137422773987055
2369,2520,8.839450827391872e-05,7.3719537535687e-05,1.1138848875418317e-06,3.5361218628133886e-07,49.157693543471396
2370,2521,8.827068276765523e-05,7.376432635940972e-05,1.1003984040842455e-06,3.5023723674030597e-07,49.17794618476182
2371,2522,8.803969328001695e-05,7.376936191604792e-05,1.0897249481175578e-06,3.3730818827934573e-07,49.19824178516865
2372,2523,8.800451665710725e-05,7.382706379628486e-05,1.0782107679401522e-06,3.395345181420875e-07,49.21857727319002
2373,2524,8.7795849915185e-05,7.366839350273139e-05,1.0720091535380236e-06,3.4073648770733845e-07,49.23896227963269
2374,2525,8.766043113127173e-05,7.360908156110622e-05,1.0684418210237032e-06,3.366931359928474e-07,49.25934109184891
2375,2526,8.745520458029831e-05,7.366723519470715e-05,1.0449202460252116e-06,3.3387669253390407e-07,49.27997346408665
2376,2527,8.731956687020069e-05,7.357966088815562e-05,1.0225508431786306e-06,3.5143975502587605e-07,49.30020744167268
2377,2528,8.711007343135834e-05,7.361817751415459e-05,1.0122311782888715e-06,3.369584134315034e-07,49.32045934442431
2378,2530,8.698859342529525e-05,7.352607013184089e-05,1.0083077165077435e-06,3.379446128376926e-07,49.348826803267
2379,2531,8.680429565716176e-05,7.352246661491844e-05,1.0008347024730703e-06,3.273482017512628e-07,49.36980821657926
2380,2532,8.667504069791316e-05,7.349747022916625e-05,9.974927396683823e-07,3.20264307206309e-07,49.39097018633038
2381,2533,8.650176986271193e-05,7.355168380561284e-05,9.886583934717735e-07,3.063502122381352e-07,49.411227686330676
2382,2534,8.639308435176545e-05,7.34550219149744e-05,9.999182111006024e-07,2.9388803257850196e-07,49.43155542295426
2383,2535,8.618785599497959e-05,7.340689810932613e-05,9.956098235817443e-07,2.824859649836018e-07,49.45189794059843
2384,2536,8.601855924893303e-05,7.350475817563282e-05,1.0016839716978561e-06,2.496961356321646e-07,49.47205108869821
2385,2537,8.578898287022905e-05,7.312583189999247e-05,1.0155413373707433e-06,2.507737596529148e-07,49.49239899404347
2386,2538,8.565619397221621e-05,7.292853159427093e-05,1.0106251572048801e-06,2.6214108058964954e-07,49.512699134647846
2387,2539,8.545289644652771e-05,7.269205171937081e-05,1.0123183578250904e-06,2.637661148905992e-07,49.53312415163964
2388,2541,8.5297185256688e-05,7.243798487515287e-05,1.0190672624317805e-06,2.6685277572173374e-07,49.56125197932124
2389,2542,8.508327431309806e-05,7.217403773189549e-05,1.0244127665566908e-06,2.6651089156356556e-07,49.58161188941449
2390,2543,8.491764510223252e-05,7.199498728735135e-05,1.023161581098805e-06,2.6910420038931263e-07,49.60189437586814
2391,2544,8.472824323979303e-05,7.192880041412003e-05,1.0254985241800213e-06,2.544457583872799e-07,49.62216003611684
2392,2545,8.454066806436532e-05,7.186259657711164e-05,1.0138802692929928e-06,2.539268794323747e-07,49.64242225047201
2393,2546,8.433909847157418e-05,7.177289853419528e-05,1.0065335027809733e-06,2.500864909569168e-07,49.66276302561164
2394,2547,8.423882140164908e-05,7.193129121261053e-05,9.939109313597663e-07,2.3684208754408923e-07,49.68300459720194
2395,2548,8.410743176082879e-05,7.180239664128625e-05,9.952182627269993e-07,2.3528524922725535e-07,49.70335381478071
2396,2549,8.3933770183487e-05,7.17401693329062e-05,9.911325359745784e-07,2.2822754908350107e-07,49.72361714579165
2397,2550,8.381552405581698e-05,7.144416332379812e-05,9.954635922845805e-07,2.416724809173066e-07,49.74396210163832
2398,2551,8.365653153858233e-05,7.14448123407056e-05,9.79465976816741e-07,2.4170594297093275e-07,49.764216205105186
2399,2552,8.351553152648422e-05,7.154835911520956e-05,9.78582821332851e-07,2.181344197946148e-07,49.784443428739905
2400,2553,8.329821114996496e-05,7.138991749146685e-05,9.693839138047346e-07,2.2144545204507616e-07,49.80473861284554
2401,2554,8.310334947878924e-05,7.112824490462097e-05,9.606372493227486e-07,2.3687320809407939e-07,49.8248784719035
2402,2555,8.292024847010583e-05,7.090460951701986e-05,9.574934451272635e-07,2.440704501813327e-07,49.84609916433692
2403,2556,8.278112803594237e-05,7.083646997765625e-05,9.536447321012001e-07,2.408210737274119e-07,49.866388438269496
2404,2557,8.265516084960966e-05,7.072819476062209e-05,9.409209364877923e-07,2.5177567241096473e-07,49.88669836707413
2405,2558,8.257933109922281e-05,7.059029813579265e-05,9.473327291197086e-07,2.5157056722330797e-07,49.90695655718446
2406,2559,8.248707699895018e-05,7.04799975170364e-05,9.508427371341814e-07,2.498652110571976e-07,49.92723723780364
2407,2560,8.240773187897793e-05,7.042379895520713e-05,9.480401470435435e-07,2.5035314533353573e-07,49.947465130127966
2408,2561,8.236453656128898e-05,7.038025657032198e-05,9.471141313201411e-07,2.5131386777655884e-07,49.96836154535413
2409,2562,8.227396289145089e-05,7.02699416351576e-05,9.417016353843882e-07,2.587004902449417e-07,49.988630306907
2410,2563,8.217973955044924e-05,7.018654973694552e-05,9.390190165257822e-07,2.602999648245898e-07,50.00891102384776
2411,2564,8.209748276392273e-05,7.008521458345019e-05,9.382321196239556e-07,2.6299469842329873e-07,50.02919897809625
2412,2565,8.19940958979896e-05,6.991691555321407e-05,9.407188410173716e-07,2.6699919346018064e-07,50.04983073286712
2413,2566,8.189896195287487e-05,6.968187539105726e-05,9.487813578246788e-07,2.729272983570807e-07,50.07006611209363
2414,2567,8.183464292036948e-05,6.953921676094855e-05,9.517573091458782e-07,2.7778530679621475e-07,50.090298257768154
2415,2568,8.177263481668086e-05,6.941076358695888e-05,9.586506946247422e-07,2.7753642834745577e-07,50.11106192972511
2416,2570,8.175698524928504e-05,6.939343148354441e-05,9.547344044271354e-07,2.816209721469275e-07,50.13851266819984
2417,2571,8.172409738293753e-05,6.933724564139606e-05,9.567599350314068e-07,2.8192523912274034e-07,50.15882974676788
2418,2572,8.168900168364468e-05,6.932187599992052e-05,9.55109046694639e-07,2.816035216777763e-07,50.179041121155024
2419,2573,8.166077014555479e-05,6.930849044420225e-05,9.514312649558785e-07,2.8379670517937617e-07,50.199298243038356
2420,2574,8.162353404419804e-05,6.926406405969515e-05,9.474448101071977e-07,2.8850218834309055e-07,50.21958447713405
2421,2575,8.159592122762476e-05,6.924213627680385e-05,9.440302800484635e-07,2.9134821503362854e-07,50.239853244274855
2422,2576,8.156814246331502e-05,6.919025974539295e-05,9.452976956875266e-07,2.924905761046794e-07,50.26007501129061
2423,2577,8.153244590864228e-05,6.914517359172838e-05,9.461927474879965e-07,2.9253448420339347e-07,50.280339716002345
2424,2578,8.148912444521401e-05,6.910279459330026e-05,9.478414492922749e-07,2.907915358990997e-07,50.301115420646966
2425,2579,8.145698457748833e-05,6.903472871651755e-05,9.508638157344477e-07,2.913617703626305e-07,50.322227627038956
2426,2581,8.141942826014469e-05,6.914256551122855e-05,9.451923351434288e-07,2.8249393974818344e-07,50.349689153023064
2427,2582,8.138313111377986e-05,6.910107691287895e-05,9.430486586341644e-07,2.851567614559255e-07,50.36993258725852
2428,2583,8.135184096697435e-05,6.91752137944629e-05,9.352874658479804e-07,2.8237525140316444e-07,50.390189037658274
2429,2584,8.132524840107103e-05,6.925717312279157e-05,9.297039260755061e-07,2.7710360175244086e-07,50.41045240033418
2430,2585,8.129890679110483e-05,6.927199777463846e-05,9.271378079807518e-07,2.75553093665885e-07,50.430828823708
2431,2586,8.126763361918663e-05,6.928494889489037e-05,9.245935967975416e-07,2.736748756320847e-07,50.451114408671856
2432,2587,8.124908250871815e-05,6.925302341661868e-05,9.261558313140618e-07,2.7345007789588617e-07,50.47135902568698
2433,2588,8.123087321194045e-05,6.926995941418364e-05,9.260622936238889e-07,2.7002908615179223e-07,50.49163357447833
2434,2589,8.12144210131633e-05,6.92531508772699e-05,9.269838339467141e-07,2.6914317964262614e-07,50.51187263522297
2435,2590,8.119758870052964e-05,6.921876194293991e-05,9.293345609682968e-07,2.6854811479067624e-07,50.532233379781246
2436,2591,8.118308306616744e-05,6.916870815664892e-05,9.322718907125082e-07,2.6916560023934445e-07,50.55249042995274
2437,2592,8.117183535088379e-05,6.911664689777721e-05,9.354252548671561e-07,2.7009359044350127e-07,50.57272064499557
2438,2593,8.116051546050218e-05,6.910361813892283e-05,9.362161548060201e-07,2.694735773519155e-07,50.593003953807056
2439,2594,8.114637287825353e-05,6.908062212000063e-05,9.366847364267275e-07,2.698903393985629e-07,50.613238415680826
2440,2595,8.11248762356687e-05,6.91005233647126e-05,9.350183306806724e-07,2.6741695641493816e-07,50.63359615020454
2441,2596,8.111873277252514e-05,6.895964486629734e-05,9.421782044038912e-07,2.7373058621888804e-07,50.653901173733175
2442,2597,8.107229357674066e-05,6.910313070012837e-05,9.343756425553974e-07,2.6254064510583224e-07,50.674130463041365
2443,2598,8.104282531831915e-05,6.910841146411849e-05,9.33177151771831e-07,2.602642336482357e-07,50.69443724863231
2444,2599,8.098196868326751e-05,6.906239643014816e-05,9.355127364625235e-07,2.564444888494117e-07,50.71469626668841
2445,2600,8.093941066741504e-05,6.900670261334989e-05,9.421347417229337e-07,2.511360636835819e-07,50.73509890306741
2446,2601,8.089383589401504e-05,6.895189246554268e-05,9.49228217377911e-07,2.449661254693252e-07,50.75588080845773
2447,2602,8.085296192380831e-05,6.887591955714176e-05,9.594967754386836e-07,2.3820746122797078e-07,50.776092384941876
2448,2603,8.08346042551236e-05,6.889712750333459e-05,9.582317120840933e-07,2.355159630948076e-07,50.79640040639788
2449,2604,8.081210001714406e-05,6.892076415593608e-05,9.517588732563012e-07,2.3737471286449745e-07,50.816683577373624
2450,2605,8.079681964346049e-05,6.895369897742977e-05,9.466647308520362e-07,2.3764733575103583e-07,50.83689962606877
2451,2606,8.077356521663448e-05,6.901167223763475e-05,9.392832262746199e-07,2.3690607162535353e-07,50.85753811709583
2452,2607,8.074872720549308e-05,6.901206290251783e-05,9.349679480014102e-07,2.386984822961156e-07,50.87780862767249
2453,2608,8.072316749269202e-05,6.908701743488601e-05,9.296638244848081e-07,2.339511812957927e-07,50.898171498440206
2454,2609,8.069447368519377e-05,6.904100495851371e-05,9.292285795294297e-07,2.361182931385759e-07,50.9184845238924
2455,2610,8.066076724118007e-05,6.898681059019935e-05,9.286698601020388e-07,2.387258049960335e-07,50.93875921703875
2456,2611,8.063305595742161e-05,6.896024447622254e-05,9.267596725603369e-07,2.405214755595698e-07,50.958993191830814
2457,2612,8.060391352877959e-05,6.8941273912535e-05,9.250184227392294e-07,2.4124553888522834e-07,50.97930701263249
2458,2613,8.058217839327916e-05,6.89599123063202e-05,9.221925006544475e-07,2.400341080414491e-07,50.99958248715848
2459,2614,8.05706230979339e-05,6.894352181254981e-05,9.214582175779202e-07,2.4125191096048725e-07,51.01985465642065
2460,2615,8.055685071342384e-05,6.894054317776913e-05,9.203865418258231e-07,2.412442117396477e-07,51.04019412025809
2461,2616,8.053679716054712e-05,6.894827425371986e-05,9.175961345941634e-07,2.412561560885624e-07,51.06044853199273
2462,2617,8.051790805832932e-05,6.893460894384367e-05,9.155081712995306e-07,2.4282174014903445e-07,51.080686651170254
2463,2618,8.048418861409308e-05,6.892437455815852e-05,9.100397594208672e-07,2.4594164617258935e-07,51.10095835477114
2464,2619,8.043451609698649e-05,6.890518254082956e-05,9.028963906231501e-07,2.50036964992542e-07,51.12122606579214
2465,2620,8.03792449515188e-05,6.887706797489627e-05,8.948641248634928e-07,2.553535727987591e-07,51.14147128816694
2466,2621,8.031507145751335e-05,6.876753009259966e-05,8.915287118220243e-07,2.632254246693448e-07,51.16175499930978
2467,2622,8.025979081011866e-05,6.880539672332271e-05,8.83213050769307e-07,2.62226357910288e-07,51.18199466355145
2468,2623,8.01957800784716e-05,6.882752229279617e-05,8.842456187832519e-07,2.5258015978429184e-07,51.2022924060002
2469,2624,8.013997306017085e-05,6.885266777677257e-05,8.825560915238412e-07,2.461744368159874e-07,51.22262294404209
2470,2625,8.007990167422615e-05,6.892112311018311e-05,8.747977407465396e-07,2.4108011565776484e-07,51.24289066903293
2471,2626,8.001593137207897e-05,6.89571352517862e-05,8.691338809688896e-07,2.367457310603876e-07,51.26315688341856
2472,2627,7.993102213320371e-05,6.895269510847505e-05,8.558168548615235e-07,2.420158476113422e-07,51.283387494273484
2473,2628,7.984276203625175e-05,6.893441237646917e-05,8.427027293834507e-07,2.481322365948077e-07,51.30361446365714
2474,2629,7.977028397574612e-05,6.890678095521695e-05,8.364502393252396e-07,2.4990006272767705e-07,51.3238498326391
2475,2630,7.973122069300585e-05,6.897429761275629e-05,8.280298589811879e-07,2.476624490437683e-07,51.34406295418739
2476,2632,7.968864177437503e-05,6.895969738650892e-05,8.297750193180692e-07,2.4311941946854165e-07,51.37144137173891
2477,2633,7.96372999315245e-05,6.88688554952384e-05,8.344575392837186e-07,2.4238690434489115e-07,51.39172021485865
2478,2634,7.957939028943985e-05,6.888668840644154e-05,8.319277648766468e-07,2.3734242342318405e-07,51.41191738843918
2479,2635,7.948409390478973e-05,6.879360149365719e-05,8.286582477030881e-07,2.4039099341016734e-07,51.43219858966768
2480,2636,7.940421926593855e-05,6.872979384611013e-05,8.226185659320356e-07,2.448239760508063e-07,51.45244198385626
2481,2637,7.928945951777064e-05,6.85898814652913e-05,8.21403008205202e-07,2.485547970427317e-07,51.472670446150005
2482,2638,7.916036563596925e-05,6.838496136384708e-05,8.273245569707307e-07,2.502158702414873e-07,51.49291288666427
2483,2639,7.899997309455533e-05,6.802613928959695e-05,8.405033412984199e-07,2.568800391974184e-07,51.51317119318992
2484,2641,7.892967821510707e-05,6.786486858806578e-05,8.479606107686364e-07,2.5852035193549253e-07,51.54110644478351
2485,2642,7.880531180046311e-05,6.786295294805991e-05,8.386310736419655e-07,2.5560481159835436e-07,51.561367264948785
2486,2643,7.864392199124713e-05,6.785166016081548e-05,8.252888104067505e-07,2.539373726364149e-07,51.58213604707271
2487,2644,7.841604946541899e-05,6.77739683610253e-05,8.137026071594433e-07,2.5050550327992526e-07,51.60285229422152
2488,2645,7.824186206493513e-05,6.783613029179613e-05,8.022843498352802e-07,2.3828882747861907e-07,51.62320530693978
2489,2646,7.799001887883836e-05,6.789846781739143e-05,7.914549132800625e-07,2.177001928646303e-07,51.64340223092586
2490,2648,7.778341349952314e-05,6.779506501067631e-05,7.844970793785624e-07,2.143377695061197e-07,51.67083672620356
2491,2649,7.746061497543952e-05,6.753010868385772e-05,7.869001912730809e-07,2.0615043788509924e-07,51.69108529575169
2492,2651,7.726942947405011e-05,6.73333027263313e-05,7.925753040691759e-07,2.0103737070270493e-07,51.71845489740372
2493,2653,7.708375528648122e-05,6.705681958285085e-05,8.004656930746389e-07,2.0222787728839794e-07,51.745809864252806
2494,2654,7.696924793846405e-05,6.716163913252324e-05,7.893290854406516e-07,1.9143179515342892e-07,51.76605243515223
2495,2655,7.664255710160494e-05,6.69960367036591e-05,7.894352834076644e-07,1.7521675638692048e-07,51.786278914660215
2496,2657,7.651965530385914e-05,6.683531112071664e-05,7.956603999304003e-07,1.7277401838385076e-07,51.814025851897895
2497,2658,7.634459520253925e-05,6.681921464414802e-05,7.863340314319174e-07,1.6620402440720382e-07,51.83433942683041
2498,2659,7.611435155079052e-05,6.681485054493517e-05,7.783976743113515e-07,1.515524262741833e-07,51.8545929081738
2499,2660,7.585682973759568e-05,6.66617364307319e-05,7.752579773119693e-07,1.4425135337440772e-07,51.87489306367934
2500,2661,7.557562092213772e-05,6.64011723707626e-05,7.760352022499222e-07,1.4140965288758828e-07,51.895164826884866
2501,2662,7.515278407327227e-05,6.606203877146284e-05,7.771288921048828e-07,1.3194563807605916e-07,51.91546330973506
2502,2664,7.488419361034843e-05,6.600080387196345e-05,7.620887586415239e-07,1.2625021519697348e-07,51.943467592820525
2503,2666,7.47090535673933e-05,6.577405888550598e-05,7.625518638054078e-07,1.3094760438332384e-07,51.97127297706902
2504,2667,7.456040734222021e-05,6.569912124961726e-05,7.654483198744586e-07,1.2068028938583545e-07,51.99209380801767
2505,2669,7.447479796758126e-05,6.560499991525895e-05,7.644373286068017e-07,1.2254247662542932e-07,52.01963941194117
2506,2670,7.435924885667524e-05,6.556229085510708e-05,7.620139802387833e-07,1.1768181991803257e-07,52.03989101015031
2507,2671,7.427587134735191e-05,6.542497956491382e-05,7.576109157023461e-07,1.2747826254146298e-07,52.06017940398306
2508,2672,7.41849988777771e-05,6.532867666083069e-05,7.619153216563901e-07,1.2371690003825087e-07,52.08047997299582
2509,2673,7.413841510699888e-05,6.530741186484486e-05,7.622650616942781e-07,1.208352625211238e-07,52.100817694328725
2510,2674,7.409744339202763e-05,6.521295754121435e-05,7.638782089178812e-07,1.2457037616344615e-07,52.121113630943
2511,2675,7.403223134822282e-05,6.513086734582474e-05,7.634991064424213e-07,1.2663729379738628e-07,52.1413465058431
2512,2676,7.393829384489892e-05,6.502016955991167e-05,7.614892984530018e-07,1.3032313004572264e-07,52.162406583316624
2513,2677,7.380588765299175e-05,6.487425312255712e-05,7.569222261451314e-07,1.3624122689833014e-07,52.182691488415
2514,2678,7.356878634275451e-05,6.462725482704619e-05,7.503803581382404e-07,1.437727934325919e-07,52.20290013588965
2515,2679,7.349236902004616e-05,6.462425274166777e-05,7.408026256874318e-07,1.460090021504071e-07,52.22323019336909
2516,2680,7.300030101333069e-05,6.422893802189331e-05,7.351356130130316e-07,1.4200068613070706e-07,52.2443766836077
2517,2681,7.283906884009428e-05,6.40947414181107e-05,7.197359266060917e-07,1.5469681559226583e-07,52.26461465284228
2518,2682,7.265889819917204e-05,6.409048897453724e-05,7.143116736695721e-07,1.425292487939088e-07,52.28558870125562
2519,2683,7.238270380678401e-05,6.382034090473788e-05,7.165928804732988e-07,1.3964340973131456e-07,52.30594881158322
2520,2684,7.222349759787769e-05,6.374782951943185e-05,7.090623283994459e-07,1.385044794451384e-07,52.326233309693635
2521,2685,7.207633123173661e-05,6.362076599223612e-05,7.084408701388922e-07,1.3711565381115746e-07,52.34648575168103
2522,2687,7.194376069294952e-05,6.355427264985046e-05,7.031134902588846e-07,1.358353140510214e-07,52.37398585025221
2523,2688,7.187252345564831e-05,6.342181101216972e-05,7.106607182852849e-07,1.3441052606257456e-07,52.39429969526827
2524,2689,7.18121603083158e-05,6.340559766430358e-05,7.073087117958853e-07,1.333475526053369e-07,52.41452555079013
2525,2690,7.174078147552625e-05,6.334345480443748e-05,7.079180365366402e-07,1.3181463057223545e-07,52.43485768698156
2526,2691,7.168031863574499e-05,6.32486619047488e-05,7.081531042126551e-07,1.3501256888696368e-07,52.45512674469501
2527,2692,7.158504674965341e-05,6.308926320291388e-05,7.116091103572468e-07,1.3796924431670532e-07,52.47759619355202
2528,2693,7.14663186398999e-05,6.293173251189745e-05,7.103793994947111e-07,1.4307921330553512e-07,52.49827493913472
2529,2694,7.135070691831878e-05,6.27990047167581e-05,7.048019955004172e-07,1.503682246556501e-07,52.51905876491219
2530,2696,7.131609488087467e-05,6.274984276895017e-05,7.025469027455062e-07,1.5407830844694304e-07,52.54658555984497
2531,2697,7.121997688691713e-05,6.2697018213553e-05,7.027754073987714e-07,1.4952045993764231e-07,52.56683045718819
2532,2698,7.119481374667955e-05,6.263635247012461e-05,6.987298146139966e-07,1.5711631304149677e-07,52.58715938124806
2533,2699,7.111651892965223e-05,6.263698974725449e-05,6.9779103776495e-07,1.5016188047482428e-07,52.607800987549126
2534,2700,7.110190587835082e-05,6.264940431938506e-05,7.045192927210949e-07,1.4073086317548053e-07,52.62804717570543
2535,2701,7.104345737038545e-05,6.264188248682213e-05,7.009026368401163e-07,1.3925485151621502e-07,52.648349206894636
2536,2702,7.099883157050102e-05,6.263315948263223e-05,6.968269563640487e-07,1.3974025242283037e-07,52.66859618667513
2537,2703,7.094885372980118e-05,6.262431163044048e-05,6.963889840316621e-07,1.360652259044092e-07,52.688883101567626
2538,2704,7.090673112196854e-05,6.263161845790028e-05,6.952021959264298e-07,1.3230907048039636e-07,52.70917627029121
2539,2705,7.087349662702268e-05,6.25966004689066e-05,6.950849690389118e-07,1.3260464677269768e-07,52.72943346761167
2540,2706,7.083802870759079e-05,6.254802992210922e-05,6.965790103788653e-07,1.3242086816929072e-07,52.7497528931126
2541,2707,7.080755616587732e-05,6.25108314622347e-05,6.970150395698194e-07,1.326574307944428e-07,52.770756742917
2542,2708,7.077815618137002e-05,6.247300989708436e-05,6.993711178063783e-07,1.3114351062218866e-07,52.79097295086831
2543,2709,7.075279204048278e-05,6.245515818523323e-05,7.017499467943344e-07,1.280134387306198e-07,52.81127567123622
2544,2710,7.073526086057345e-05,6.244840334033612e-05,7.019081565558202e-07,1.2677759546791388e-07,52.8315618885681
2545,2711,7.072221677622467e-05,6.245895401124064e-05,7.004213331619151e-07,1.2590494333648878e-07,52.85191712155938
2546,2712,7.070914990023902e-05,6.246072020379868e-05,7.002445038466111e-07,1.2459846579742414e-07,52.872204382903874
2547,2713,7.068789861017741e-05,6.246058968130726e-05,6.970791094332116e-07,1.2565178345380267e-07,52.89244959782809
2548,2714,7.06676941389129e-05,6.243507159631265e-05,6.979951751489624e-07,1.2526707911106323e-07,52.912686741910875
2549,2715,7.066381514482802e-05,6.241498341281889e-05,6.969146449544061e-07,1.279685282465058e-07,52.932998752221465
2550,2716,7.06447329894541e-05,6.235257869961948e-05,7.015294898578559e-07,1.27685939125606e-07,52.953351058997214
2551,2717,7.062215003555274e-05,6.23833359956585e-05,6.979021634211608e-07,1.259792405682624e-07,52.97370777558535
2552,2718,7.059836396351486e-05,6.234374606893083e-05,6.969432179802733e-07,1.285185714781296e-07,52.99394782818854
2553,2719,7.055785316682196e-05,6.229052713223161e-05,6.971929472939165e-07,1.2953965616511894e-07,53.015338437631726
2554,2720,7.048536066039792e-05,6.221323962227547e-05,6.952406424225516e-07,1.3197146138969343e-07,53.03565733600408
2555,2721,7.04345799660666e-05,6.211883664962574e-05,6.964609072314428e-07,1.351134244126423e-07,53.05591657105833
2556,2722,7.038490427713773e-05,6.207438173761205e-05,6.929461742526167e-07,1.3810607969995084e-07,53.07622301392257
2557,2723,7.034587173557142e-05,6.203910351391667e-05,6.886841641359111e-07,1.4199265802956362e-07,53.09653116110712
2558,2724,7.031908744149624e-05,6.202457848407928e-05,6.865630483944518e-07,1.42887847347243e-07,53.1168163921684
2559,2725,7.029291832025726e-05,6.200899555967868e-05,6.836059380241312e-07,1.447863380337277e-07,53.13713000807911
2560,2726,7.027584768280016e-05,6.198623348417253e-05,6.825607961430173e-07,1.4640062371974626e-07,53.157809141092
2561,2727,7.025486602153695e-05,6.198831280331334e-05,6.824156636127176e-07,1.442396582096436e-07,53.17804080341011
2562,2728,7.023714697252388e-05,6.198031306460733e-05,6.821743010697187e-07,1.4350908972193576e-07,53.19900903571397
2563,2729,7.02158935324292e-05,6.197284696171141e-05,6.815976898189618e-07,1.427069672528181e-07,53.219279318116605
2564,2730,7.01896640609821e-05,6.193759455763318e-05,6.814108569554489e-07,1.4379609337944243e-07,53.239525916054845
2565,2731,7.016595667278051e-05,6.193052558757022e-05,6.805573051371216e-07,1.4298580338390578e-07,53.25978422258049
2566,2732,7.014483795696116e-05,6.18923226014692e-05,6.813537315230055e-07,1.4389780402618876e-07,53.2805095706135
2567,2733,7.01199079779218e-05,6.186128400778828e-05,6.829733724109976e-07,1.4288902460235307e-07,53.30081809684634
2568,2734,7.009548513553047e-05,6.182932672294294e-05,6.845629875385834e-07,1.420528537201698e-07,53.321503697894514
2569,2736,7.008142490893144e-05,6.178885451596763e-05,6.873155268277406e-07,1.419415124686414e-07,53.348915317095816
2570,2737,7.005363702593831e-05,6.178127610010155e-05,6.881250090652202e-07,1.3911108351845652e-07,53.369058654643595
2571,2738,7.002263649210795e-05,6.178350279199757e-05,6.879863087211213e-07,1.3592706128991633e-07,53.38929976988584
2572,2739,6.99894869585465e-05,6.180289031127478e-05,6.868410997274089e-07,1.3181856499976313e-07,53.40955382399261
2573,2740,6.994590470057019e-05,6.182085555602422e-05,6.834810314030159e-07,1.2902388305158108e-07,53.42985249683261
2574,2741,6.990848505539344e-05,6.185309506152544e-05,6.80681210223427e-07,1.2485778916337314e-07,53.45021290984005
2575,2742,6.988226220674458e-05,6.186735041180695e-05,6.771696335188023e-07,1.2432154597496074e-07,53.47091320436448
2576,2743,6.986218944664064e-05,6.185610437200309e-05,6.741430549835514e-07,1.2646545248020395e-07,53.49159158859402
2577,2744,6.98352520588023e-05,6.183386246722515e-05,6.773493355977864e-07,1.2278962355992773e-07,53.51196207571775
2578,2745,6.980927149324268e-05,6.17845756201129e-05,6.809655830690446e-07,1.215040042439333e-07,53.53235381655395
2579,2746,6.978264824445995e-05,6.17443227316703e-05,6.846367601685021e-07,1.1919579111046253e-07,53.55276221875101
2580,2747,6.975744053926005e-05,6.172147422412283e-05,6.875460399764651e-07,1.1605059153725705e-07,53.573684668168426
2581,2748,6.974020848722596e-05,6.17298032662994e-05,6.880848406760091e-07,1.1295568141664648e-07,53.59391184989363
2582,2750,6.973093609362087e-05,6.173382145086847e-05,6.882493058733259e-07,1.1146215840191545e-07,53.62120509427041
2583,2751,6.970454081537299e-05,6.174111716735393e-05,6.870306467761887e-07,1.0931171802571627e-07,53.641442419961095
2584,2752,6.967850039173486e-05,6.177221142825482e-05,6.840241332151528e-07,1.0660476313285215e-07,53.66174923442304
2585,2753,6.965101043671775e-05,6.177378275320994e-05,6.805035314899292e-07,1.0721923686085227e-07,53.68197528086603
2586,2754,6.962784989323648e-05,6.178329619200834e-05,6.792737519624216e-07,1.0518161816039232e-07,53.70328679308295
2587,2755,6.960416749769073e-05,6.177723520054893e-05,6.763995921016252e-07,1.0629363761255527e-07,53.72359112184495
2588,2756,6.957015281423156e-05,6.181273783932972e-05,6.701789649512631e-07,1.0556253253892029e-07,53.74387524742633
2589,2757,6.953575838286511e-05,6.180217882743229e-05,6.64335206169387e-07,1.0902274937389493e-07,53.76410458236933
2590,2758,6.950234163037603e-05,6.18088224636684e-05,6.578109183865085e-07,1.1154099828425449e-07,53.784346122294664
2591,2759,6.947640605757107e-05,6.178870825818332e-05,6.546555953428874e-07,1.1411418459588849e-07,53.80465758871287
2592,2760,6.944351472195305e-05,6.177308393250681e-05,6.562143878264405e-07,1.1082869111818398e-07,53.825371225364506
2593,2761,6.941676453907234e-05,6.176986343562443e-05,6.567149185765125e-07,1.0797519176827898e-07,53.84561430104077
2594,2762,6.939058200358333e-05,6.175823762699832e-05,6.582455512717023e-07,1.049888863867995e-07,53.86584331281483
2595,2763,6.935736390687578e-05,6.175816348321946e-05,6.564191125286156e-07,1.0350092983701641e-07,53.88610740285367
2596,2764,6.93048776631254e-05,6.17424901841566e-05,6.539987981959376e-07,1.0223994970094289e-07,53.90637842845172
2597,2766,6.927074005564167e-05,6.177823477675482e-05,6.479422914427258e-07,1.013082364459583e-07,53.934023490175605
2598,2767,6.921387936251622e-05,6.177136815037388e-05,6.393315634025292e-07,1.049195578117051e-07,53.9543618299067
2599,2768,6.917136962542869e-05,6.176012255354234e-05,6.375358469053224e-07,1.0358886028331297e-07,53.9746536295861
2600,2769,6.91458520412497e-05,6.171459231391733e-05,6.37138539371351e-07,1.0598743336188645e-07,53.994894756004214
2601,2770,6.912266614244129e-05,6.166837919991524e-05,6.377270577325776e-07,1.0770163652002817e-07,54.01516987476498
2602,2771,6.910139692458324e-05,6.16528064587183e-05,6.350088999382625e-07,1.098501466482305e-07,54.03548491559923
2603,2772,6.908297156989862e-05,6.162965265403707e-05,6.323184326483278e-07,1.1301345893782738e-07,54.055900514125824
2604,2773,6.906201582538347e-05,6.164869478310039e-05,6.295970634664814e-07,1.117350407618265e-07,54.07618225365877
2605,2774,6.905061690623788e-05,6.164638831457188e-05,6.289225449554183e-07,1.115003142111814e-07,54.09650310501456
2606,2775,6.903490615783649e-05,6.16477969368774e-05,6.271784382056858e-07,1.1153248389022272e-07,54.117286114022136
2607,2776,6.902328617174962e-05,6.164199140650061e-05,6.260925991129483e-07,1.1203687741195187e-07,54.13761477172375
2608,2777,6.900964741112764e-05,6.16300611095379e-05,6.264768855462868e-07,1.114817446126883e-07,54.15790950786322
2609,2778,6.899343895799984e-05,6.162625464341692e-05,6.245766941418297e-07,1.1214173731646273e-07,54.17814136762172
2610,2779,6.897402668035963e-05,6.161494776969761e-05,6.245528500583031e-07,1.1135504100789868e-07,54.1983829960227
2611,2780,6.893525022511549e-05,6.159323099062161e-05,6.23804528961982e-07,1.1039739448740546e-07,54.21858383528888
2612,2782,6.892559494913975e-05,6.158291379909705e-05,6.245123476790904e-07,1.097557673251797e-07,54.24602174013853
2613,2783,6.889249023912725e-05,6.15720269029306e-05,6.223846800972764e-07,1.0966165352238936e-07,54.26627389062196
2614,2784,6.881648580800076e-05,6.153652737674483e-05,6.184264480499269e-07,1.0956939507566632e-07,54.28652594704181
2615,2785,6.873369006620404e-05,6.139625524103121e-05,6.215608251569524e-07,1.1218265736033089e-07,54.30684156436473
2616,2786,6.864896433009e-05,6.126793362473135e-05,6.268400202364204e-07,1.1126305029944254e-07,54.32727141212672
2617,2787,6.85648754077496e-05,6.109408565901212e-05,6.371123873966694e-07,1.0996658747707979e-07,54.34758302010596
2618,2788,6.849888639514941e-05,6.091624108889471e-05,6.479736735934399e-07,1.1029085703203058e-07,54.367829895578325
2619,2790,6.847588694338771e-05,6.08600488781723e-05,6.51075028347755e-07,1.1050877817378606e-07,54.39574247598648
2620,2791,6.842376737595826e-05,6.08138900552781e-05,6.573666705505615e-07,1.0362106151745445e-07,54.416017428040504
2621,2792,6.836638116381124e-05,6.073901515351945e-05,6.604936613511058e-07,1.0224293967807296e-07,54.43629632424563
2622,2793,6.829582882220924e-05,6.067537461568468e-05,6.627108946659473e-07,9.933452598650805e-08,54.456585278734565
2623,2794,6.82085711921187e-05,6.061217601785823e-05,6.636836118892175e-07,9.595590553683054e-08,54.4768391456455
2624,2795,6.81773334497596e-05,6.05484747743033e-05,6.663704712254536e-07,9.651539632017685e-08,54.49711051303893
2625,2796,6.812761680195511e-05,6.055033168947802e-05,6.59790242250697e-07,9.793826899701247e-08,54.517363894730806
2626,2797,6.809581969733994e-05,6.052300431541589e-05,6.581362369525478e-07,9.914530123985743e-08,54.5377081008628
2627,2798,6.805702776174423e-05,6.0475637906843755e-05,6.594499167801163e-07,9.868906870993006e-08,54.55802925862372
2628,2799,6.802772862846147e-05,6.043396309654551e-05,6.599220526493042e-07,9.945450054229119e-08,54.578265722841024
2629,2800,6.799965731500708e-05,6.0378699599538955e-05,6.618114061318943e-07,1.0028436541491808e-07,54.59849742799997
2630,2801,6.796290383470428e-05,6.037689237950236e-05,6.607310741308227e-07,9.787007138936888e-08,54.61876189894974
2631,2802,6.793379165423219e-05,6.0305592251977095e-05,6.65379216697102e-07,9.744072352840759e-08,54.639034282416105
2632,2803,6.791098752432047e-05,6.026351696653426e-05,6.682194481297993e-07,9.652760764882134e-08,54.659248938784
2633,2804,6.788768772916487e-05,6.019271084543995e-05,6.7295471880995e-07,9.654296956254183e-08,54.679481255821884
2634,2805,6.786885493860282e-05,6.014637202878435e-05,6.764483745923387e-07,9.579991638950795e-08,54.7004473824054
2635,2806,6.784442889476994e-05,6.012572882827106e-05,6.743575868919715e-07,9.751241975791594e-08,54.72136837430298
2636,2807,6.780849763149883e-05,6.009680459051726e-05,6.751180048936533e-07,9.605129920450361e-08,54.74165166169405
2637,2808,6.775244202078003e-05,6.0090659011014225e-05,6.711303066855507e-07,9.504799429103033e-08,54.76188583485782
2638,2810,6.774157720564359e-05,6.0069932135825216e-05,6.706529803348873e-07,9.651152664695049e-08,54.78932627290487
2639,2811,6.768806373642485e-05,6.002383294059883e-05,6.739086606001748e-07,9.251441898242681e-08,54.809611472301185
2640,2812,6.764429011074567e-05,6.000634482169645e-05,6.725578744012074e-07,9.123665450371416e-08,54.83072253409773
2641,2813,6.759202976764714e-05,5.991501348709574e-05,6.773338919763234e-07,9.036773607881628e-08,54.85094059538096
2642,2814,6.753268584712523e-05,5.9808018473928795e-05,6.792378634361966e-07,9.322887388344698e-08,54.871899235993624
2643,2815,6.743537521040744e-05,5.959992623965533e-05,6.865801044319264e-07,9.6964792643285e-08,54.893586904741824
2644,2816,6.739092697531404e-05,5.9552508556079276e-05,6.810510760553543e-07,1.0279076586812301e-07,54.91380569059402
2645,2817,6.732552879982786e-05,5.9367541543142966e-05,6.89727345729609e-07,1.0607137993888009e-07,54.93407249264419
2646,2818,6.727487135811044e-05,5.938105451484563e-05,6.74460252202851e-07,1.1492143212363018e-07,54.95437007397413
2647,2819,6.715360091390808e-05,5.9404349323907456e-05,6.759032608519963e-07,9.90218981480672e-08,54.97470058500767
2648,2820,6.707705850248055e-05,5.933783587096761e-05,6.748402305799475e-07,9.908203257134715e-08,54.9949609991163
2649,2821,6.699668144056249e-05,5.925687833258671e-05,6.727979916273464e-07,1.0118231917023057e-07,55.01522730663419
2650,2822,6.694156448754313e-05,5.926407050472562e-05,6.646615230079938e-07,1.0308787527375644e-07,55.03553593624383
2651,2823,6.690720807479665e-05,5.926464379341143e-05,6.623099160638389e-07,1.0194651207468302e-07,55.05584689695388
2652,2824,6.684999270902689e-05,5.918810320990586e-05,6.643635082899018e-07,1.0182544162220042e-07,55.07614887878299
2653,2825,6.679938701508683e-05,5.909734843950957e-05,6.677900810998144e-07,1.024137764579119e-07,55.096440156921744
2654,2826,6.671320274220636e-05,5.899125606342795e-05,6.695083785845553e-07,1.0268628929328522e-07,55.116666064597666
2655,2827,6.662360025758679e-05,5.8894594182321335e-05,6.706951875201269e-07,1.022054200064187e-07,55.13695871736854
2656,2828,6.648290624640526e-05,5.877990357745791e-05,6.711135711657373e-07,9.918669572899801e-08,55.1572921006009
2657,2829,6.643736112412868e-05,5.865552155879379e-05,6.76274987129961e-07,1.0190896940352823e-07,55.177513184025884
2658,2830,6.622263112291286e-05,5.851289249731038e-05,6.790947336885633e-07,9.187912887168519e-08,55.19778414815664
2659,2831,6.61484390377328e-05,5.852668523989213e-05,6.721553987292121e-07,9.001998105485422e-08,55.218031249940395
2660,2832,6.598492242625902e-05,5.835676591451881e-05,6.752364772332232e-07,8.757917394079857e-08,55.23831578437239
2661,2833,6.59384815185607e-05,5.796044081281284e-05,7.073604475269045e-07,9.04436230478827e-08,55.25860752072185
2662,2834,6.576445740005719e-05,5.798694247677447e-05,6.819345265984796e-07,9.581696572979286e-08,55.27887809462845
2663,2835,6.563900987057326e-05,5.787399103449623e-05,6.850122534281355e-07,9.148963017956825e-08,55.2991337319836
2664,2836,6.549095209884213e-05,5.7593444264862226e-05,6.920344691936512e-07,9.771631420433917e-08,55.31939534563571
2665,2837,6.541161472670048e-05,5.723445825300626e-05,7.139075808568107e-07,1.0380806651261081e-07,55.339653523638844
2666,2838,6.519742558733133e-05,5.710948677914681e-05,7.113666691768492e-07,9.742721164160276e-08,55.35988849028945
2667,2840,6.510728560438405e-05,5.7068384098408464e-05,7.000199386704559e-07,1.0387021192710267e-07,55.3872487032786
2668,2841,6.494631582814361e-05,5.687170500061969e-05,7.072145339468352e-07,1.0024654880555668e-07,55.40752964373678
2669,2842,6.481290473192164e-05,5.6523983730667185e-05,7.401077531548301e-07,8.878434697061497e-08,55.42783717345446
2670,2843,6.473704613947313e-05,5.656943611377215e-05,7.322546855863758e-07,8.450631698372159e-08,55.44892778247595
2671,2844,6.464074558868273e-05,5.648258418934608e-05,7.2752052146246e-07,8.829561847120467e-08,55.46914534177631
2672,2845,6.455652660810558e-05,5.627965356768456e-05,7.456276430119811e-07,8.205966103012118e-08,55.4893925441429
2673,2846,6.448978844452673e-05,5.6082707833790465e-05,7.647703973398714e-07,7.593766373375509e-08,55.50969007331878
2674,2847,6.437823771577156e-05,5.5967223948846184e-05,7.637585210077103e-07,7.734285568482654e-08,55.52994505222887
2675,2848,6.426996516681464e-05,5.570925750596263e-05,7.796016050500728e-07,7.646916103512891e-08,55.550213060341775
2676,2849,6.418290525560652e-05,5.567911655080133e-05,7.731829477945538e-07,7.71959226859657e-08,55.57137381192297
2677,2850,6.414019014656435e-05,5.5647681956712696e-05,7.730801904296646e-07,7.617062855550114e-08,55.59182438161224
2678,2851,6.408101866528062e-05,5.5606385588828556e-05,7.729999787084177e-07,7.446332893678981e-08,55.61203544214368
2679,2852,6.402877500400386e-05,5.563205002682238e-05,7.657534040015159e-07,7.391909371663288e-08,55.63228767644614
2680,2853,6.398840716175929e-05,5.562807611502666e-05,7.663080790858288e-07,6.97250255874334e-08,55.65252822358161
2681,2854,6.39308600790904e-05,5.570972605909991e-05,7.4722023297348e-07,7.489316902556899e-08,55.67275376804173
2682,2855,6.384071213684739e-05,5.569966413363152e-05,7.457728029547078e-07,6.833199736687916e-08,55.693004036322236
2683,2856,6.369563110856857e-05,5.57286272317718e-05,7.31085373885567e-07,6.561501379411062e-08,55.71321534924209
2684,2858,6.362306334568498e-05,5.5663865556333766e-05,7.281567985654256e-07,6.776298036969595e-08,55.74069294333458
2685,2859,6.35083697231847e-05,5.561718215306353e-05,7.180008505006808e-07,7.111790651143683e-08,55.76096260081977
2686,2860,6.338831000691429e-05,5.5545745454859073e-05,7.04787286626989e-07,7.946916857853255e-08,55.78120258077979
2687,2861,6.32886244083239e-05,5.5436359084315995e-05,7.044664462872735e-07,8.07600861135165e-08,55.801437517628074
2688,2862,6.320153436915362e-05,5.534125564408217e-05,7.048160366782413e-07,8.121183582890427e-08,55.821662412025034
2689,2863,6.303718258594491e-05,5.5216398680604665e-05,7.029351983389716e-07,7.914319219505347e-08,55.84192607179284
2690,2864,6.289175646584644e-05,5.511033173217518e-05,7.01424170880313e-07,7.671830248681278e-08,55.86215577274561
2691,2865,6.270520214703113e-05,5.493663632370918e-05,6.962111802071117e-07,8.064540212508388e-08,55.882381265982985
2692,2866,6.259366587670564e-05,5.485210009988944e-05,6.930711037051184e-07,8.108547397650128e-08,55.90263245534152
2693,2867,6.24674009256335e-05,5.468777259687626e-05,6.891578011191818e-07,8.880503175654258e-08,55.9228745829314
2694,2868,6.231722644786291e-05,5.445933317009431e-05,6.959227837817152e-07,8.986654399514436e-08,55.94356724899262
2695,2869,6.208229011976445e-05,5.4226160685339985e-05,6.945686652805134e-07,9.104427816193371e-08,55.963816922158
2696,2870,6.190090874522764e-05,5.3979636623041026e-05,6.970779358093329e-07,9.504927640932896e-08,55.9841497708112
2697,2871,6.182655254568499e-05,5.3782548874394036e-05,7.076251620596778e-07,9.677520506941715e-08,56.00438339076936
2698,2872,6.162805123166268e-05,5.364578405443993e-05,7.000235530519577e-07,9.8203164670318e-08,56.024651947431266
2699,2873,6.154392131256381e-05,5.349833850557882e-05,7.026897248839851e-07,1.018685558145141e-07,56.04488623328507
2700,2874,6.140279941672744e-05,5.342298752904757e-05,7.039378958597747e-07,9.404329290821226e-08,56.065206344239414
2701,2875,6.130234128257072e-05,5.334425505450662e-05,6.996338450548907e-07,9.617477775151956e-08,56.085452859289944
2702,2876,6.11787803473708e-05,5.317651047203354e-05,7.049400217502268e-07,9.528696578349902e-08,56.105849982239306
2703,2877,6.112300369318468e-05,5.314395551222463e-05,6.998800559348097e-07,9.802476216119478e-08,56.12616111058742
2704,2878,6.1028393274326325e-05,5.304633838714332e-05,6.997914051100662e-07,9.841408360823465e-08,56.14643341768533
2705,2879,6.091976135381564e-05,5.2936802527416445e-05,7.005125476537123e-07,9.778333498620749e-08,56.16667187958956
2706,2880,6.0805141583002156e-05,5.279805710297621e-05,7.010363384431443e-07,9.967210955945079e-08,56.18693012557924
2707,2881,6.066994098416783e-05,5.256134723597183e-05,7.06832860811059e-07,1.0402651400854068e-07,56.20734467078
2708,2883,6.061185107654875e-05,5.246291340790247e-05,7.088248619616259e-07,1.0606890490300188e-07,56.23513479810208
2709,2884,6.0527294966619874e-05,5.2363011849180396e-05,7.081586023250438e-07,1.0826970941890435e-07,56.25539063569158
2710,2885,6.046748459812822e-05,5.2275823682406315e-05,7.059853513715548e-07,1.1318074020063602e-07,56.27571345400065
2711,2886,6.040280423162925e-05,5.222289749113589e-05,7.011739866734468e-07,1.1681668737588953e-07,56.29681139718741
2712,2887,6.032208997367856e-05,5.221592813764493e-05,6.873835204356292e-07,1.2323266316773454e-07,56.31703426223248
2713,2888,6.0244141594900594e-05,5.2145071388552896e-05,6.791960515642571e-07,1.3071096907051296e-07,56.337322670035064
2714,2889,6.0151565164458155e-05,5.2103393545322665e-05,6.709391940535591e-07,1.3387796785998987e-07,56.357583488337696
2715,2890,6.004341038008162e-05,5.20546526479535e-05,6.653268190738184e-07,1.3354895413899328e-07,56.37832030188292
2716,2891,5.9980000837624287e-05,5.204514833999485e-05,6.627448652236704e-07,1.307403845392737e-07,56.39854153525084
2717,2892,5.992970549424123e-05,5.205516120319032e-05,6.610543087125406e-07,1.2640012039255017e-07,56.41878135688603
2718,2893,5.987565943668718e-05,5.202288427070965e-05,6.619263863600449e-07,1.2335113023770765e-07,56.43946832045913
2719,2894,5.9807071007157285e-05,5.199001847039966e-05,6.611012500127124e-07,1.2060400366305045e-07,56.45981371589005
2720,2895,5.9686904906136986e-05,5.192079771291857e-05,6.617310458611018e-07,1.1487967346073956e-07,56.480061893351376
2721,2896,5.961251456395574e-05,5.182976071539907e-05,6.616578632653393e-07,1.166175215903281e-07,56.500345944426954
2722,2897,5.949605172647439e-05,5.17538505371715e-05,6.554034409707364e-07,1.188166779595529e-07,56.520575262606144
2723,2898,5.940018042362049e-05,5.1653412650712816e-05,6.524495040648299e-07,1.2222727322593713e-07,56.54092483967543
2724,2899,5.930133438148279e-05,5.147960206273499e-05,6.494885649118661e-07,1.326846669629144e-07,56.56125916540623
2725,2901,5.922142026957063e-05,5.1425320939693254e-05,6.465819490258237e-07,1.330279839619137e-07,56.58867293410003
2726,2902,5.913111531127133e-05,5.1396363659322755e-05,6.477217694264561e-07,1.2575339576840077e-07,56.608995789662
2727,2903,5.904624462038622e-05,5.132390917192738e-05,6.544710172933983e-07,1.1776252755248576e-07,56.62934122327715
2728,2904,5.90151652171745e-05,5.135769247564552e-05,6.533964482188713e-07,1.1235082593402656e-07,56.64963020756841
2729,2905,5.900390747891667e-05,5.1378241890107365e-05,6.51495194186593e-07,1.1107136469433736e-07,56.669843099080026
2730,2906,5.896076599194528e-05,5.132517848433055e-05,6.562452492115464e-07,1.0731350154992707e-07,56.69014810677618
2731,2907,5.8930287730136964e-05,5.124933240890395e-05,6.6010745534307e-07,1.0798807678023231e-07,56.7104629278183
2732,2908,5.8873991709600104e-05,5.1133371349990844e-05,6.658665356659019e-07,1.0819550029502414e-07,56.73065119422972
2733,2909,5.8818320839583855e-05,5.1016136130889765e-05,6.747667654026058e-07,1.0545170546680332e-07,56.75090101733804
2734,2910,5.876885173507399e-05,5.091960882323836e-05,6.81933318509424e-07,1.0299097267413891e-07,56.771142268553376
2735,2911,5.871643650857905e-05,5.085966043744451e-05,6.868654863064565e-07,9.881212080699759e-08,56.791762268170714
2736,2912,5.8662065429077224e-05,5.07862474800687e-05,6.905827978827071e-07,9.699899701814479e-08,56.81204016506672
2737,2913,5.85884700099925e-05,5.0670047078697495e-05,6.98663551498701e-07,9.31787416307993e-08,56.832321903668344
2738,2914,5.853654169139763e-05,5.049798220386331e-05,7.124797161444739e-07,9.137623260895863e-08,56.85256418399513
2739,2915,5.848780107773079e-05,5.036139256154802e-05,7.112011503838382e-07,1.0143970123443842e-07,56.87281281966716
2740,2916,5.844761707314959e-05,5.0364407766030625e-05,7.098847965954764e-07,9.843613411642016e-08,56.893585118465126
2741,2917,5.8417981273569595e-05,5.029116823749966e-05,7.132896167604576e-07,9.93916868465364e-08,56.913839016109705
2742,2918,5.839528623325779e-05,5.024069680225836e-05,7.133597930232747e-07,1.0209915007666811e-07,56.934097797609866
2743,2919,5.83700999670997e-05,5.015567754870022e-05,7.196691489362791e-07,1.0177309290366881e-07,56.95435994770378
2744,2920,5.8348355467702065e-05,5.0081284135520075e-05,7.24405544267566e-07,1.0230158895063339e-07,56.9755017273128
2745,2921,5.8325239984488304e-05,5.003458358718665e-05,7.274785493256272e-07,1.0158709040453795e-07,56.99572265986353
2746,2922,5.8303814329063824e-05,4.999254954829055e-05,7.285410611414277e-07,1.0258541693589946e-07,57.01597018074244
2747,2923,5.828315825003978e-05,4.9968341547540996e-05,7.28133939934024e-07,1.0334773031585474e-07,57.03625984862447
2748,2924,5.826780261268818e-05,4.990121795058352e-05,7.324880846086958e-07,1.0417038160176993e-07,57.056489068083465
2749,2925,5.825742083536767e-05,4.9886269751414765e-05,7.328297371850609e-07,1.0428537121022973e-07,57.076747306622565
2750,2926,5.825120875567475e-05,4.9868902387142424e-05,7.333263271938124e-07,1.0490430965942004e-07,57.09701005462557
2751,2927,5.8241599000231544e-05,4.983263879006963e-05,7.358746808218575e-07,1.0502134019433388e-07,57.11729721818119
2752,2929,5.8235882420331406e-05,4.978306337632334e-05,7.415220018578588e-07,1.0375990254294773e-07,57.14472308661789
2753,2930,5.822159540406663e-05,4.9727391867803594e-05,7.453896437882999e-07,1.0403070983800341e-07,57.16500085033476
2754,2931,5.8203474109685076e-05,4.962670720667373e-05,7.526233582730572e-07,1.0505333202807697e-07,57.18525891471654
2755,2933,5.819950344011813e-05,4.960860788691932e-05,7.537783280666328e-07,1.0531122725324821e-07,57.21272641047835
2756,2934,5.819089457456042e-05,4.957104614958106e-05,7.562408319603173e-07,1.0574401053761857e-07,57.23303559515625
2757,2935,5.817896531916503e-05,4.950752962652991e-05,7.600965533336522e-07,1.0704701592985993e-07,57.253293476998806
2758,2937,5.816901545269874e-05,4.9495440245982986e-05,7.574687222995076e-07,1.0988879837206827e-07,57.28079220280051
2759,2939,5.815773579253969e-05,4.9398074498764854e-05,7.647439578861597e-07,1.1122217149132392e-07,57.308671141043305
2760,2940,5.813681070235368e-05,4.9325733297432134e-05,7.656721328932718e-07,1.1543560759888246e-07,57.328944456763566
2761,2941,5.811452434449758e-05,4.935177229143439e-05,7.613298345679934e-07,1.1494537073832608e-07,57.34921457525343
2762,2942,5.809899590274443e-05,4.9371992715285496e-05,7.575226548503553e-07,1.1517766389553866e-07,57.36945960763842
2763,2943,5.808454445604584e-05,4.936728628742451e-05,7.567866786470727e-07,1.1493913821506032e-07,57.389724960550666
2764,2944,5.8064887313983836e-05,4.934014166474739e-05,7.566646046346135e-07,1.158099602890312e-07,57.40992457885295
2765,2945,5.80501089592717e-05,4.930230600965981e-05,7.58888197274803e-07,1.1589209768638644e-07,57.43020347878337
2766,2946,5.8035826788139365e-05,4.926561857784082e-05,7.605165923365873e-07,1.165042286932672e-07,57.45049940608442
2767,2947,5.802631044848847e-05,4.9204133312202964e-05,7.641660300270406e-07,1.1805168360151063e-07,57.47121907491237
2768,2948,5.8018860326185766e-05,4.921635016616796e-05,7.638187139363151e-07,1.1643230206546592e-07,57.491526352241635
2769,2949,5.8010146431865055e-05,4.917117509997861e-05,7.660254328612039e-07,1.1787170032743984e-07,57.5119124064222
2770,2950,5.800165194741683e-05,4.914603387670916e-05,7.669792722587399e-07,1.1858253481202763e-07,57.532281247898936
2771,2951,5.799193760079408e-05,4.912549156721869e-05,7.671424240791468e-07,1.195021792783923e-07,57.55265496019274
2772,2952,5.798083554776724e-05,4.9081851257454195e-05,7.676575674874884e-07,1.222408615438168e-07,57.57301873806864
2773,2954,5.79762087115941e-05,4.908491410144941e-05,7.680497067980604e-07,1.2107975421640858e-07,57.60045573115349
2774,2955,5.79633105530403e-05,4.905190920511668e-05,7.678775463821304e-07,1.2326258841023142e-07,57.62074603512883
2775,2956,5.794267201329514e-05,4.9001867992132394e-05,7.673215576160829e-07,1.2675884450019158e-07,57.641171160154045
2776,2957,5.793095019177084e-05,4.900335484148796e-05,7.651703652282201e-07,1.2758916980006851e-07,57.6615261239931
2777,2958,5.792183963259084e-05,4.902632529184127e-05,7.628490820166414e-07,1.267023520583159e-07,57.68181942682713
2778,2959,5.791684593465207e-05,4.9051847433659157e-05,7.615598732524649e-07,1.2493997684682693e-07,57.702048189006746
2779,2960,5.791272486355079e-05,4.9065427136040464e-05,7.594589223785974e-07,1.2527085037243522e-07,57.72229305841029
2780,2961,5.79061641875835e-05,4.9063093597473225e-05,7.602754335970093e-07,1.2403162541401898e-07,57.74253527726978
2781,2962,5.789696663490817e-05,4.9042218334088075e-05,7.624120265752901e-07,1.2306280350671872e-07,57.76288886927068
2782,2963,5.788592190904964e-05,4.8988234973305135e-05,7.664258462195918e-07,1.233428473548583e-07,57.78364554233849
2783,2964,5.78775430341423e-05,4.8926188723464386e-05,7.69935351571865e-07,1.2520007949592663e-07,57.8039215169847
2784,2965,5.7871191029120164e-05,4.8878350318502765e-05,7.718337825511346e-07,1.2745028851060497e-07,57.82476792298257
2785,2966,5.786388076571679e-05,4.882573666476345e-05,7.745596532572676e-07,1.2925475683806617e-07,57.84503191430122
2786,2967,5.7851287025378114e-05,4.8783187277096144e-05,7.758110561468783e-07,1.3099891868131893e-07,57.86531302705407
2787,2968,5.783957526605085e-05,4.873946225116104e-05,7.787078673683693e-07,1.3130343412061144e-07,57.88553498778492
2788,2969,5.782759365687836e-05,4.874376619659251e-05,7.786480095411743e-07,1.2973473648741062e-07,57.90577868465334
2789,2970,5.781458765908246e-05,4.8742573352735374e-05,7.786439518436542e-07,1.2855747879105465e-07,57.92600637394935
2790,2971,5.779261844267166e-05,4.8742508693285915e-05,7.777670591133593e-07,1.272439158252144e-07,57.947114115580916
2791,2972,5.778703923494943e-05,4.871335323930843e-05,7.827040370878641e-07,1.246645624762358e-07,57.96738026384264
2792,2973,5.7753637821613926e-05,4.8672507352423526e-05,7.793755760025714e-07,1.2873747091646898e-07,57.98813963495195
2793,2974,5.773771610875206e-05,4.8631916947666026e-05,7.801064206448258e-07,1.3047349546377786e-07,58.00845048483461
2794,2975,5.772232346736514e-05,4.858600442719942e-05,7.822948299916322e-07,1.3133707402493947e-07,58.02872700896114
2795,2976,5.770619300057742e-05,4.847744852292125e-05,7.902134892305889e-07,1.3266095853502802e-07,58.049039826728404
2796,2977,5.769757176697342e-05,4.84194353531358e-05,7.946863581868745e-07,1.3312728319688732e-07,58.069322812370956
2797,2978,5.768237721508685e-05,4.8353030162929835e-05,7.983336225140549e-07,1.346010827016465e-07,58.08955869823694
2798,2979,5.76676209071871e-05,4.8201101028728225e-05,8.096229453450489e-07,1.3702904250083822e-07,58.10988580528647
2799,2980,5.765795570808912e-05,4.818577936606285e-05,8.090866890948352e-07,1.3813094510779163e-07,58.13025027513504
2800,2981,5.76476657221413e-05,4.814804857429564e-05,8.123284304424098e-07,1.3763328434215583e-07,58.150516426190734
2801,2982,5.7625200524170556e-05,4.8063018091073314e-05,8.176385257421247e-07,1.385797175675999e-07,58.17075199633837
2802,2983,5.7608834088540885e-05,4.797452455477862e-05,8.250488152101048e-07,1.3838213816612156e-07,58.19101427681744
2803,2984,5.7578314009397474e-05,4.7852092199126e-05,8.31929573302597e-07,1.4069260772455003e-07,58.21179269440472
2804,2986,5.7562805706447085e-05,4.779990524931675e-05,8.344378289944549e-07,1.418522167185784e-07,58.23930816538632
2805,2987,5.752550616737631e-05,4.770308614342118e-05,8.380667884419727e-07,1.4417521395354028e-07,58.25956309773028
2806,2988,5.749593930728444e-05,4.771707948478279e-05,8.332771173870418e-07,1.4460886486312327e-07,58.27982599660754
2807,2989,5.7473930596865535e-05,4.77134338321569e-05,8.320231544607604e-07,1.4402652201010292e-07,58.30009335000068
2808,2990,5.744475474658957e-05,4.7707505251557486e-05,8.316158169299371e-07,1.4210913257327054e-07,58.32031955011189
2809,2991,5.7413789175468254e-05,4.7672404034921886e-05,8.335729710605405e-07,1.4056554299409652e-07,58.340648440644145
2810,2992,5.737802388520354e-05,4.759713648346212e-05,8.42791497550195e-07,1.352972426239471e-07,58.36094824131578
2811,2993,5.7338638420135603e-05,4.756794267062952e-05,8.40600542707245e-07,1.3646903224336401e-07,58.381942043080926
2812,2994,5.7298333381689685e-05,4.742815959458312e-05,8.485569422626636e-07,1.384604364479925e-07,58.402978020720184
2813,2995,5.7251243493467466e-05,4.740302324225452e-05,8.473801047049601e-07,1.374419204163345e-07,58.423223715275526
2814,2996,5.72190332889924e-05,4.738637191262143e-05,8.463654256985865e-07,1.369007119385107e-07,58.443495511077344
2815,2997,5.716433150247675e-05,4.732631563787042e-05,8.486593323278061e-07,1.3514225413282668e-07,58.46381618641317
2816,2998,5.713363851900339e-05,4.7370629344968265e-05,8.40153474095342e-07,1.361474433081699e-07,58.48408336844295
2817,2999,5.7093233973223964e-05,4.7317015385163685e-05,8.425331587335299e-07,1.3508870007249792e-07,58.50431308709085
2818,3000,5.704307412279685e-05,4.7301031211136763e-05,8.402361209036197e-07,1.3396817026238895e-07,58.52454937342554
2819,3001,5.7003266802840315e-05,4.717307453805852e-05,8.504388246693941e-07,1.325804018087852e-07,58.54486499167979
2820,3002,5.6969066286941325e-05,4.710689491848661e-05,8.501963033804929e-07,1.3602083346497847e-07,58.56518668681383
2821,3003,5.6919555095358305e-05,4.689124691240841e-05,8.659297650594174e-07,1.3690105323557243e-07,58.58546397741884
2822,3004,5.683962851982801e-05,4.681844457904531e-05,8.63104431038219e-07,1.39013963040051e-07,58.605850361287594
2823,3005,5.674144987931565e-05,4.6629757921643784e-05,8.720671025017847e-07,1.3910209326540114e-07,58.626134796999395
2824,3006,5.665072025596902e-05,4.65123456991559e-05,8.672206545754302e-07,1.4661680110588178e-07,58.64639335125685
2825,3008,5.659405781884692e-05,4.634080156781374e-05,8.807440242125122e-07,1.4458160089080594e-07,58.67391537036747
2826,3009,5.651854688118433e-05,4.611503633964744e-05,8.906507434802053e-07,1.4970031067348348e-07,58.69462378881872
2827,3011,5.644993508120328e-05,4.6035887160007467e-05,8.924069301062164e-07,1.4899786201336435e-07,58.722143959254026
2828,3013,5.6397305620474195e-05,4.595771175722761e-05,8.920840775386276e-07,1.518753087860301e-07,58.7500418163836
2829,3014,5.633923020706267e-05,4.5874549106903076e-05,8.94926196043654e-07,1.5154191397230597e-07,58.77047490235418
2830,3015,5.6316394647088555e-05,4.595912959745181e-05,8.87089750008977e-07,1.486367549546977e-07,58.790762688964605
2831,3016,5.618280347667911e-05,4.5747560390367134e-05,8.891206543534667e-07,1.5440365427773043e-07,58.81102101691067
2832,3017,5.6167179707757375e-05,4.566597505791231e-05,8.996773078850206e-07,1.504431570994863e-07,58.831290853209794
2833,3018,5.61216261993815e-05,4.5628078767181645e-05,8.921640428902475e-07,1.5719070032973777e-07,58.85152878891677
2834,3019,5.6082231355486875e-05,4.5489574811103044e-05,9.02871672419733e-07,1.5639398201865059e-07,58.87175273895264
2835,3020,5.604076982868947e-05,4.549226980216874e-05,9.022124878928785e-07,1.5263751475919365e-07,58.8919778522104
2836,3021,5.601126897757005e-05,4.542329982247697e-05,9.063102914403507e-07,1.5248662406895758e-07,58.91221398022026
2837,3022,5.598283673822367e-05,4.537188799923212e-05,9.078378823423352e-07,1.532569915568198e-07,58.932466021738946
2838,3023,5.5940163142242265e-05,4.5287082185430494e-05,9.109795909775454e-07,1.5432850470363162e-07,58.952686190605164
2839,3024,5.5911639352230515e-05,4.522329526988095e-05,9.153369720668131e-07,1.5349743616814288e-07,58.9734215317294
2840,3025,5.587285491686542e-05,4.515150408978391e-05,9.202373658302645e-07,1.518977168778874e-07,58.99366621207446
2841,3026,5.583393819460796e-05,4.516990055137811e-05,9.134627063272347e-07,1.5294105799575048e-07,59.013950443826616
2842,3027,5.5794692274529613e-05,4.5092413622562926e-05,9.195870148512615e-07,1.5064085034540767e-07,59.03425193578005
2843,3028,5.575737643740932e-05,4.510472274758696e-05,9.140809990607976e-07,1.5118436992143863e-07,59.0544973872602
2844,3029,5.571522928852304e-05,4.50461759567972e-05,9.173600428134223e-07,1.4954529035916137e-07,59.074727345258
2845,3030,5.568495772677875e-05,4.500492103949343e-05,9.192135947128572e-07,1.487900740156744e-07,59.09502911102027
2846,3031,5.564751518838765e-05,4.4968752761180985e-05,9.239220112042941e-07,1.4395423151637215e-07,59.11532718781382
2847,3032,5.5612905329839716e-05,4.50420364178989e-05,9.130414386122383e-07,1.4404545258184323e-07,59.13564926572144
2848,3033,5.557518882412133e-05,4.507322784238238e-05,9.071644549355225e-07,1.4303164323837297e-07,59.155912660993636
2849,3034,5.5544590266263116e-05,4.507814603109875e-05,9.015900036614942e-07,1.450544198549425e-07,59.17612844798714
2850,3035,5.5516733222214486e-05,4.503273549093753e-05,9.02123456152151e-07,1.462763169755445e-07,59.19637668784708
2851,3036,5.54848877681253e-05,4.4973370852913846e-05,9.000769125560974e-07,1.5107477896504823e-07,59.21709929034114
2852,3037,5.5454825979008187e-05,4.491193591379907e-05,8.983238477434425e-07,1.5596515877746954e-07,59.23735145665705
2853,3038,5.542779109497307e-05,4.488764552582377e-05,8.962492406308684e-07,1.5776531628406115e-07,59.25764987710863
2854,3039,5.5406627642838775e-05,4.488477646808366e-05,8.948223631695381e-07,1.57362754305973e-07,59.277944687753916
2855,3040,5.538150764602928e-05,4.492602366238709e-05,8.892869107815159e-07,1.562614875827037e-07,59.29817626159638
2856,3041,5.5355382235311336e-05,4.495679990930483e-05,8.878156496221455e-07,1.5204258297850453e-07,59.31845251470804
2857,3042,5.532637333410657e-05,4.497438168453143e-05,8.859398182740008e-07,1.4925934668351274e-07,59.33876538090408
2858,3043,5.528990185513829e-05,4.496907792992384e-05,8.864498044262526e-07,1.4563258809519267e-07,59.35889773443341
2859,3044,5.5267324198613855e-05,4.5021816118628286e-05,8.816646322271145e-07,1.4288617577144214e-07,59.37912906892598
2860,3045,5.523863575190224e-05,4.497676175472896e-05,8.857429517700363e-07,1.4044444794729138e-07,59.39938704576343
2861,3046,5.521706520593365e-05,4.497390929766291e-05,8.836603622436274e-07,1.4065522858344663e-07,59.41962660104036
2862,3047,5.5197232066251056e-05,4.5012218757663306e-05,8.788774679010618e-07,1.396238629577138e-07,59.439956760033965
2863,3048,5.517773269257878e-05,4.506588352822254e-05,8.707471284242369e-07,1.4043778801138762e-07,59.460236337035894
2864,3049,5.5143243557973794e-05,4.512900499946164e-05,8.598273835389277e-07,1.4159647231228777e-07,59.48037926107645
2865,3050,5.509900053039239e-05,4.519896037701189e-05,8.453023576129701e-07,1.4470165772507947e-07,59.50136557966471
2866,3051,5.505245719786684e-05,4.525344499693003e-05,8.320217203807934e-07,1.478794997128873e-07,59.52161478344351
2867,3052,5.50243952718295e-05,4.522944612068187e-05,8.265153044645897e-07,1.5297961065017357e-07,59.54199156537652
2868,3053,5.499636471509489e-05,4.5229443771555897e-05,8.265726377565348e-07,1.5011945659736465e-07,59.56223212182522
2869,3054,5.4983520512966915e-05,4.521543500205813e-05,8.307835318582798e-07,1.460250192325984e-07,59.582445504143834
2870,3055,5.497213703155792e-05,4.519572992703617e-05,8.345902159000718e-07,1.4305049455210353e-07,59.603083265945315
2871,3056,5.495655776853644e-05,4.5214239254585556e-05,8.323824354662188e-07,1.418494159288695e-07,59.62334712408483
2872,3057,5.492938603896116e-05,4.5258087410270326e-05,8.252747598507655e-07,1.4185510301831852e-07,59.64368711784482
2873,3058,5.489782898302112e-05,4.5307074803592084e-05,8.202738769531527e-07,1.3880154098975085e-07,59.66399560496211
2874,3059,5.485810482701852e-05,4.5330545190472935e-05,8.139851210079341e-07,1.3877084264662445e-07,59.684274110011756
2875,3060,5.4829915570277105e-05,4.538108945294994e-05,8.081595965509032e-07,1.3672301518181284e-07,59.70455478876829
2876,3061,5.479945918173613e-05,4.5369090863667595e-05,8.087834962358196e-07,1.3425333557103335e-07,59.72482718620449
2877,3062,5.478054131903215e-05,4.536207353781372e-05,8.088572129627888e-07,1.329895651590542e-07,59.745058867149055
2878,3063,5.476589740513406e-05,4.531886594468192e-05,8.109470541728282e-07,1.3375609187238513e-07,59.765322362072766
2879,3064,5.47535908871912e-05,4.5257068957469946e-05,8.165645685640514e-07,1.3308762440807408e-07,59.78557139914483
2880,3065,5.4741352865996036e-05,4.526074095513336e-05,8.140616826782594e-07,1.3399950840800883e-07,59.805861016735435
2881,3066,5.473175880834141e-05,4.524490295320536e-05,8.111701669165642e-07,1.375154185970413e-07,59.82613510917872
2882,3067,5.4721500169546385e-05,4.5266801910659204e-05,8.05261361917528e-07,1.402084639711906e-07,59.846426338888705
2883,3068,5.470889739122408e-05,4.5283198967514414e-05,7.999154474435034e-07,1.4265439492746386e-07,59.86678317934275
2884,3069,5.4698656289123494e-05,4.531343280583017e-05,7.946688991714822e-07,1.4385344915785039e-07,59.88703644555062
2885,3070,5.46885558118703e-05,4.531822235816491e-05,7.933143903067172e-07,1.4371895506382215e-07,59.907290185801685
2886,3072,5.4675481321422525e-05,4.5348646813168245e-05,7.882508685977625e-07,1.444325822276649e-07,59.93477163184434
2887,3073,5.4656652538760886e-05,4.537716942347358e-05,7.840019505805134e-07,1.4394636094821754e-07,59.9556549647823
2888,3074,5.461732926290428e-05,4.542430802100251e-05,7.75139026376713e-07,1.4416309781346376e-07,59.975973807275295
2889,3075,5.4597691699347314e-05,4.5477862027059575e-05,7.687912100203674e-07,1.431917572084072e-07,59.99621431622654
2890,3076,5.457132139219261e-05,4.5431857349458476e-05,7.706067841932195e-07,1.4333962008019352e-07,60.01650935411453
2891,3078,5.4554523653466034e-05,4.5438317203027965e-05,7.690473136907788e-07,1.425733313530282e-07,60.04407391231507
2892,3079,5.4534010939569485e-05,4.539068146757669e-05,7.711507426069032e-07,1.431822045923763e-07,60.064329124987125
2893,3080,5.450578663440269e-05,4.536131314732247e-05,7.738754301071159e-07,1.4057191860090562e-07,60.084589602425694
2894,3081,5.447521285844004e-05,4.5337703820118576e-05,7.770403647426227e-07,1.367105390895232e-07,60.10484879091382
2895,3082,5.4440187367609553e-05,4.53020636591299e-05,7.806054476814506e-07,1.3320692316651495e-07,60.12517080269754
2896,3083,5.44053184832405e-05,4.5247544679786065e-05,7.867623610318324e-07,1.29015019313611e-07,60.14542220160365
2897,3084,5.4365498054649455e-05,4.522965380082616e-05,7.867101088799431e-07,1.2687431650238637e-07,60.16572471521795
2898,3085,5.428733286561985e-05,4.520980380624003e-05,7.836279230933853e-07,1.2412498284459685e-07,60.18599680904299
2899,3087,5.420191718121675e-05,4.516231965050013e-05,7.823518061067969e-07,1.2160794696486497e-07,60.21348275523633
2900,3088,5.4141165704509964e-05,4.5247572042683895e-05,7.692294441864175e-07,1.2012992199618953e-07,60.233776341192424
2901,3090,5.4101152702181286e-05,4.5213065472940074e-05,7.694765006246657e-07,1.1933222229945564e-07,60.26157262921333
2902,3091,5.407143333031733e-05,4.522659084086534e-05,7.661687372359505e-07,1.1831551170924884e-07,60.28184824343771
2903,3092,5.4012099593765415e-05,4.5235145829124495e-05,7.70541964789518e-07,1.0715341167457398e-07,60.30282249394804
2904,3093,5.399058892347501e-05,4.5157032479802784e-05,7.623198115200343e-07,1.210358328471887e-07,60.32308347709477
2905,3094,5.393122345087434e-05,4.5168238606227955e-05,7.707685818484006e-07,1.0552990261623845e-07,60.343363020569086
2906,3095,5.3864435223873445e-05,4.520025109436007e-05,7.628418816747469e-07,1.035765312765914e-07,60.36359282024205
2907,3096,5.379707088530639e-05,4.5169978316520575e-05,7.613281600405337e-07,1.0138109683804744e-07,60.38385005109012
2908,3097,5.367705165118758e-05,4.512928002135074e-05,7.580204761541688e-07,9.675668682951503e-08,60.404113011434674
2909,3098,5.3628514691640675e-05,4.513155429221015e-05,7.623957699273092e-07,8.730027001574299e-08,60.42438327614218
2910,3099,5.356161381904008e-05,4.502775082573604e-05,7.697760322328216e-07,8.361026709758274e-08,60.44475518912077
2911,3100,5.351003707481222e-05,4.510952763229177e-05,7.492720932878249e-07,9.077885096422017e-08,60.464992014691234
2912,3101,5.343748221811315e-05,4.4967060204024625e-05,7.502631172921357e-07,9.67790841167166e-08,60.485305855982006
2913,3102,5.336846466088022e-05,4.4942748209402574e-05,7.502017980903858e-07,9.236984705737899e-08,60.50558357872069
2914,3103,5.3310980535800235e-05,4.4960159979392773e-05,7.492527543629748e-07,8.58293012777717e-08,60.525860198773444
2915,3104,5.326632349322166e-05,4.49055438589117e-05,7.483257503570213e-07,8.775221307397468e-08,60.54612228740007
2916,3105,5.3219027695122135e-05,4.4877953598770936e-05,7.423609753942272e-07,9.174643424089296e-08,60.56705182325095
2917,3106,5.320907091449073e-05,4.486256303481111e-05,7.427360098413118e-07,9.191477812665046e-08,60.58733223378658
2918,3107,5.315197262106572e-05,4.4770302138269136e-05,7.464716133165701e-07,9.16954349630883e-08,60.60763111896813
2919,3108,5.312574056203482e-05,4.473865638798072e-05,7.44644981136606e-07,9.406343626880372e-08,60.62825595121831
2920,3109,5.3089855516706135e-05,4.4659050017515344e-05,7.503217203549811e-07,9.275882956409792e-08,60.648541185073555
2921,3110,5.3048592571527957e-05,4.461882317058204e-05,7.499271535088589e-07,9.304978658573334e-08,60.668852790258825
2922,3111,5.3006425452418386e-05,4.457979989752854e-05,7.493158690531427e-07,9.334668643584225e-08,60.68912377487868
2923,3112,5.295228899113866e-05,4.459884988020544e-05,7.423883911648156e-07,9.295551992850716e-08,60.70938105043024
2924,3113,5.290878744944778e-05,4.461102791399218e-05,7.344530315691712e-07,9.532292197638885e-08,60.72961579822004
2925,3114,5.2878509822662105e-05,4.4595981580401733e-05,7.352171568280517e-07,9.303566739798564e-08,60.7498978311196
2926,3115,5.284637434194599e-05,4.461899342409993e-05,7.33127371541564e-07,8.96107202430425e-08,60.770180280320346
2927,3116,5.280672981190202e-05,4.460791534017104e-05,7.345391520700056e-07,8.534229510309276e-08,60.79042841587216
2928,3117,5.2779897250919265e-05,4.458752294980516e-05,7.35559983082989e-07,8.367744702842147e-08,60.81066931877285
2929,3118,5.2747517405699755e-05,4.4558906105431235e-05,7.331236270498377e-07,8.573750297701409e-08,60.8308926448226
2930,3119,5.2703212130860126e-05,4.450905899652564e-05,7.340705204489991e-07,8.534479298444968e-08,60.851147334091365
2931,3120,5.2657425694068714e-05,4.4481247459342714e-05,7.303189436250027e-07,8.729887984759746e-08,60.87146762944758
2932,3121,5.2592989453134606e-05,4.447326617429458e-05,7.234770210934425e-07,8.849530679055992e-08,60.89177630469203
2933,3122,5.25730272899438e-05,4.470949740969774e-05,6.94790045885337e-07,9.156294213926941e-08,60.911991419270635
2934,3123,5.246986338692348e-05,4.4614181701841124e-05,6.960234244549195e-07,8.954474405331615e-08,60.93267942778766
2935,3124,5.241121176539793e-05,4.461129225119912e-05,6.906806257737828e-07,8.93113256460979e-08,60.952922203578055
2936,3125,5.234292952212183e-05,4.4652679934608954e-05,6.802223031540956e-07,8.880265559719197e-08,60.97320591658354
2937,3126,5.228142010249737e-05,4.4662254473064386e-05,6.707605304820694e-07,9.115603246122892e-08,60.99343243800104
2938,3127,5.223129438412982e-05,4.471527812755307e-05,6.535865317734555e-07,9.801509388422014e-08,61.013655931688845
2939,3128,5.219206554830785e-05,4.472016933267191e-05,6.497467325620793e-07,9.744288900151418e-08,61.03393850568682
2940,3129,5.214056578362536e-05,4.4627593979906335e-05,6.487676685285398e-07,1.0252951184336292e-07,61.05420921742916
2941,3130,5.208016791729279e-05,4.4532264715968316e-05,6.509282046736482e-07,1.0386211545879976e-07,61.074462750926614
2942,3131,5.20380388780803e-05,4.442222425346457e-05,6.54979722252658e-07,1.066017402089146e-07,61.09475476201624
2943,3132,5.1964911369531904e-05,4.442554384819558e-05,6.532447531642132e-07,1.0069199896941913e-07,61.11502439528704
2944,3133,5.192421801553208e-05,4.4471708125628415e-05,6.453630388182614e-07,9.988795017210507e-08,61.13531047478318
2945,3134,5.185881331374544e-05,4.453145552779381e-05,6.35501395265269e-07,9.723438332989449e-08,61.15556042920798
2946,3135,5.182089310790856e-05,4.4658661670941255e-05,6.196527181126832e-07,9.657042558404762e-08,61.175837844610214
2947,3136,5.176695942984134e-05,4.457179160621644e-05,6.205073779875322e-07,9.900940437495754e-08,61.196117512881756
2948,3137,5.1628308476787924e-05,4.4440804930654656e-05,6.172180767520614e-07,1.015322778612654e-07,61.216454717330635
2949,3139,5.155925945946109e-05,4.43920267436377e-05,6.134480194894358e-07,1.0327525209290368e-07,61.2440953347832
2950,3140,5.151728257601059e-05,4.445566506312414e-05,6.056198505797654e-07,1.0054190070888002e-07,61.26434550713748
2951,3141,5.141893873237453e-05,4.444403316691248e-05,5.996741346059045e-07,9.781642194030072e-08,61.285004219040275
2952,3142,5.139094555222275e-05,4.44491714129443e-05,5.980143616111984e-07,9.616305231664708e-08,61.305290839634836
2953,3143,5.135610739408657e-05,4.445979598929064e-05,5.95963309379629e-07,9.36678310999647e-08,61.325564418919384
2954,3144,5.128368122304745e-05,4.4416900888536584e-05,5.963934091494169e-07,9.028462430167028e-08,61.34587009623647
2955,3145,5.1259458354748306e-05,4.438635787827773e-05,5.989468709035369e-07,8.836317674352073e-08,61.36711305286735
2956,3146,5.1187588944700445e-05,4.436398694156176e-05,5.985511280311231e-07,8.380907228274505e-08,61.38735216856003
2957,3147,5.114823468522433e-05,4.434256960399238e-05,5.972843612408351e-07,8.328214688236012e-08,61.40759211964905
2958,3148,5.111397440246922e-05,4.435215200393516e-05,5.960057746468642e-07,8.01764652065416e-08,61.42787301540375
2959,3149,5.109770850496394e-05,4.4346976179298865e-05,5.969149378140245e-07,7.815829475248317e-08,61.448148778639734
2960,3150,5.107684901203263e-05,4.434415965998581e-05,5.95035319231294e-07,7.823361597338767e-08,61.468502251431346
2961,3151,5.105431788426203e-05,4.434138439967021e-05,5.927380945564371e-07,7.855525390274475e-08,61.48935918416828
2962,3152,5.103219424856253e-05,4.4356613837862715e-05,5.896697190024526e-07,7.788832206752928e-08,61.509681921452284
2963,3153,5.100474847379195e-05,4.436805256179768e-05,5.866238801766016e-07,7.704571102282572e-08,61.53004685230553
2964,3154,5.0964437343401154e-05,4.438788989955088e-05,5.825502415245649e-07,7.510450286046242e-08,61.55047436337918
2965,3155,5.09169234310339e-05,4.4367237853262054e-05,5.795004546435714e-07,7.546810313361382e-08,61.57085335999727
2966,3156,5.0877082451645034e-05,4.434531013116272e-05,5.787169281870244e-07,7.446030386120694e-08,61.59120738413185
2967,3157,5.083628090431213e-05,4.428319494921072e-05,5.779099031164797e-07,7.739869239366142e-08,61.6114815780893
2968,3158,5.079518231506584e-05,4.422686843157776e-05,5.779467665219509e-07,7.888462182685674e-08,61.63173994421959
2969,3159,5.071788442394816e-05,4.4142453630535904e-05,5.777342992923493e-07,7.980878004887668e-08,61.651996456086636
2970,3161,5.068097780076823e-05,4.414366998190487e-05,5.745757197621125e-07,7.915506212422374e-08,61.67946600820869
2971,3162,5.059951076832732e-05,4.41706991962401e-05,5.708024695721942e-07,7.207868763652777e-08,61.69970465824008
2972,3163,5.052191356494607e-05,4.413759158473277e-05,5.664436092544256e-07,7.198858876690463e-08,61.72002209536731
2973,3164,5.039074453552491e-05,4.4129257271174075e-05,5.606727211629913e-07,6.547600527209255e-08,61.740442148409784
2974,3165,5.0294539637783064e-05,4.4045504911590466e-05,5.617051624940709e-07,6.319831012518882e-08,61.76075377129018
2975,3166,5.0238839356674106e-05,4.400385528573142e-05,5.61575158726524e-07,6.192324836774448e-08,61.78101966716349
2976,3167,5.017744113915188e-05,4.39412115737805e-05,5.609525134627801e-07,6.267044307435815e-08,61.801817876286805
2977,3168,5.0109015360737995e-05,4.391558995638678e-05,5.578885398908539e-07,6.145400054426786e-08,61.82211021799594
2978,3169,5.004402214372866e-05,4.388639557270857e-05,5.553313823626402e-07,6.043127473936964e-08,61.8423787727952
2979,3170,4.997819543586628e-05,4.3879488409673813e-05,5.508992971101684e-07,5.897140550907808e-08,61.86263018567115
2980,3171,4.9913604543494395e-05,4.383737002037455e-05,5.515981897948158e-07,5.6025262517168305e-08,61.88291332218796
2981,3172,4.984768653452994e-05,4.375618189859767e-05,5.554218715560593e-07,5.372859203716778e-08,61.90319901145995
2982,3173,4.978649757355854e-05,4.364139164327427e-05,5.611502806677723e-07,5.3360312360654866e-08,61.92435253504664
2983,3174,4.973231039427025e-05,4.353907785543023e-05,5.671710419303708e-07,5.21522119536309e-08,61.94465502165258
2984,3175,4.966980503531952e-05,4.340475378758077e-05,5.739471481053423e-07,5.255797666853284e-08,61.96548080444336
2985,3176,4.963085150977638e-05,4.327824844921037e-05,5.841224193866976e-07,5.1137886669903304e-08,61.9857929199934
2986,3177,4.957242881832829e-05,4.319205404287867e-05,5.872037021343244e-07,5.083377541063778e-08,62.00603418517858
2987,3178,4.952780283416757e-05,4.311652694060923e-05,5.910684498648105e-07,5.005913949102338e-08,62.026674404740334
2988,3179,4.951068494057191e-05,4.3030145000274415e-05,5.947167082759145e-07,5.3337285753835346e-08,62.04695203527808
2989,3180,4.946962349579362e-05,4.2960892398905066e-05,6.025351838975542e-07,4.8337925791301526e-08,62.067563919350505
2990,3181,4.944656606487462e-05,4.2925579309859225e-05,6.030482163768227e-07,4.9050459124716625e-08,62.08787278737873
2991,3182,4.940565320337055e-05,4.278334414562744e-05,6.14045468087917e-07,4.818543768639412e-08,62.108175383880734
2992,3183,4.9369078001577387e-05,4.267113097828781e-05,6.222123697133268e-07,4.758233261563088e-08,62.128429809585214
2993,3184,4.933469466463324e-05,4.2594084708169284e-05,6.252081736218769e-07,4.885282202451849e-08,62.1486864509061
2994,3185,4.928725266085772e-05,4.254774982853042e-05,6.256662119897402e-07,4.828407124298935e-08,62.168931123800576
2995,3186,4.924365508577842e-05,4.253142801325953e-05,6.219623539472783e-07,4.926035330461029e-08,62.18921983893961
2996,3187,4.9194719210580174e-05,4.256292344926508e-05,6.161421599601386e-07,4.703741617137093e-08,62.20947595965117
2997,3188,4.914410142894406e-05,4.2577454008900186e-05,6.105738915356808e-07,4.609085046870645e-08,62.22972883656621
2998,3189,4.907181586165557e-05,4.2519595470219944e-05,6.09701571255806e-07,4.552046788775653e-08,62.24999361298978
2999,3190,4.8985505549354494e-05,4.2413622369423286e-05,6.153377671797155e-07,4.185055081340522e-08,62.27027297578752
3000,3191,4.89413442689507e-05,4.238013514379217e-05,6.1470912010517e-07,4.14117924106829e-08,62.290489027276635
3001,3192,4.8911620688866555e-05,4.226602601166089e-05,6.236578799911617e-07,4.0901587729405107e-08,62.310751990415156
3002,3193,4.8881576784134324e-05,4.216769901317527e-05,6.321080135736595e-07,3.927976352224555e-08,62.33099850919098
3003,3194,4.884525321168499e-05,4.22052670962372e-05,6.227768926978628e-07,4.122171884691602e-08,62.35216106567532
3004,3195,4.8816122888088894e-05,4.2160948481438236e-05,6.233263211044807e-07,4.219111956058548e-08,62.37285353895277
3005,3196,4.877644911713184e-05,4.2055356475646246e-05,6.294603958524579e-07,4.264886829610129e-08,62.39347080886364
3006,3197,4.875566948700676e-05,4.2056159488412465e-05,6.281169685763821e-07,4.183403128304731e-08,62.41372113581747
3007,3198,4.873328867326325e-05,4.211738025500142e-05,6.191416519749562e-07,4.244918985122672e-08,62.43398677557707
3008,3199,4.872007923735778e-05,4.211952303837941e-05,6.175949093017668e-07,4.246071059607087e-08,62.454587168991566
3009,3200,4.8706455815772636e-05,4.212133453295878e-05,6.158610660885952e-07,4.265106219279055e-08,62.474884213879704
3010,3201,4.869157787941703e-05,4.212170325082065e-05,6.124879995317566e-07,4.44994633278823e-08,62.49517574906349
3011,3202,4.868478958502767e-05,4.203610128027966e-05,6.197481371712832e-07,4.5120693303517054e-08,62.51542163733393
3012,3203,4.866359569113164e-05,4.201281889209301e-05,6.207155872466951e-07,4.4362092657168064e-08,62.53566128946841
3013,3204,4.8643414451954596e-05,4.202486866963609e-05,6.172807932465173e-07,4.4573784985333486e-08,62.55597686767578
3014,3205,4.8625926173762564e-05,4.200025718846626e-05,6.171935967313982e-07,4.537330179823205e-08,62.57623796258122
3015,3206,4.860872228798859e-05,4.200447544922968e-05,6.143174504344724e-07,4.610723344141813e-08,62.596530742011964
3016,3208,4.859796489952894e-05,4.1983659591884916e-05,6.140910256078977e-07,4.733950515650432e-08,62.62400573398918
3017,3210,4.858951726426448e-05,4.197340541429067e-05,6.139285675369955e-07,4.7682617460385526e-08,62.65202399995178
3018,3211,4.8576381365574974e-05,4.195695322609107e-05,6.147974105498549e-07,4.714540339853618e-08,62.672288744710386
3019,3212,4.856422389316848e-05,4.196872957771899e-05,6.120910740756935e-07,4.745835746925595e-08,62.692517331801355
3020,3213,4.8554722206279565e-05,4.1957744712463725e-05,6.123111582470958e-07,4.7386591134487965e-08,62.71277428418398
3021,3214,4.854293363798445e-05,4.193661614543906e-05,6.129727150847057e-07,4.765903416983351e-08,62.73344776965678
3022,3216,4.8538471865221737e-05,4.1945568016165244e-05,6.123238910641794e-07,4.696649384146997e-08,62.76090455427766
3023,3217,4.8524215330028735e-05,4.192248492329763e-05,6.12813812170259e-07,4.7359228502851407e-08,62.78114311769605
3024,3218,4.85037887749731e-05,4.187204748280394e-05,6.150858436058944e-07,4.808828561102167e-08,62.80143349990249
3025,3219,4.847765343513987e-05,4.182365118643252e-05,6.160292931764282e-07,4.937093169430668e-08,62.821700192056596
3026,3220,4.844262859960236e-05,4.175492558609252e-05,6.168827168160587e-07,5.188758453492541e-08,62.84202387742698
3027,3221,4.841088832828152e-05,4.171412402389951e-05,6.173087907683412e-07,5.236763966985958e-08,62.86245176102966
3028,3222,4.838147132646852e-05,4.171372103749334e-05,6.148841171736261e-07,5.1890911723892183e-08,62.88271848205477
3029,3223,4.836165426104122e-05,4.171101958122948e-05,6.136728159520676e-07,5.139065202910628e-08,62.90295938961208
3030,3224,4.832970031149999e-05,4.169950257471515e-05,6.136528680651782e-07,4.936690561330582e-08,62.92325863428414
3031,3225,4.8274052001777896e-05,4.1681986618601484e-05,6.110667429436579e-07,4.81397953739829e-08,62.94356881361455
3032,3226,4.816609257661014e-05,4.1597540781277785e-05,6.117585177994472e-07,4.509666173378881e-08,62.96385151334107
3033,3228,4.807123287905191e-05,4.149273529334042e-05,6.096476096847641e-07,4.820214888638547e-08,62.99139909725636
3034,3229,4.800231002313427e-05,4.1415762874413775e-05,6.056480288679892e-07,5.3006686004060416e-08,63.0116676222533
3035,3231,4.786638660276509e-05,4.136159566169917e-05,6.075897585624205e-07,4.2889335544171717e-08,63.03913321532309
3036,3232,4.7737812413648216e-05,4.12329422086403e-05,6.006167102219543e-07,4.9870310278837246e-08,63.059434251859784
3037,3233,4.7643402297394566e-05,4.119757162697815e-05,5.986871675790767e-07,4.589589946256494e-08,63.08005876746029
3038,3234,4.751287899970414e-05,4.098653858231098e-05,6.092104722446728e-07,4.342356949464323e-08,63.100385811179876
3039,3236,4.7442587912707196e-05,4.094555419007883e-05,6.065629190822331e-07,4.314045318060311e-08,63.12789450772107
3040,3237,4.74115948791915e-05,4.087455220484415e-05,6.063516940779189e-07,4.735257335681604e-08,63.1481619887054
3041,3238,4.7355757664160954e-05,4.078620628147544e-05,6.107863842290825e-07,4.616875403946889e-08,63.16842471156269
3042,3239,4.731857540737891e-05,4.071819539523555e-05,6.157951855890227e-07,4.4242815625314455e-08,63.18867459241301
3043,3240,4.728904436743762e-05,4.0632298341665954e-05,6.206807337957379e-07,4.4993868781428945e-08,63.208917764015496
3044,3241,4.726057872097726e-05,4.05182596891848e-05,6.268015009811487e-07,4.7430402198097525e-08,63.229180136695504
3045,3242,4.723313618400335e-05,4.049150324273466e-05,6.286133192653235e-07,4.554997486154575e-08,63.24944241344929
3046,3243,4.7207174153563624e-05,4.04704169412835e-05,6.273086311518329e-07,4.636709007617963e-08,63.27023424394429
3047,3244,4.7167059088583674e-05,4.043914761184693e-05,6.257720865401461e-07,4.701906113352853e-08,63.29045610688627
3048,3245,4.7111013488617114e-05,4.0358471399285365e-05,6.288044928820875e-07,4.644971605108757e-08,63.31072289030999
3049,3246,4.707318619649204e-05,4.032043880629431e-05,6.282990936419001e-07,4.6975645377872296e-08,63.33100931439549
3050,3247,4.702070704862513e-05,4.021403811217523e-05,6.336227596311332e-07,4.7044134013856186e-08,63.35126334242523
3051,3248,4.696027300154347e-05,4.008865847402616e-05,6.394399177636698e-07,4.7721534988061087e-08,63.371514963917434
3052,3249,4.6913973444966124e-05,3.988504288620338e-05,6.527737203935387e-07,5.01193354827358e-08,63.39179052039981
3053,3250,4.687142823668686e-05,3.9863671469803446e-05,6.495723564600214e-07,5.120332022832022e-08,63.41203081328422
3054,3251,4.682004724239554e-05,3.9816673017903573e-05,6.503983717852222e-07,4.9939050663974295e-08,63.43283533770591
3055,3252,4.677619042007132e-05,3.9729410027320696e-05,6.568392623057551e-07,4.783877696930772e-08,63.45310154091567
3056,3253,4.6736000954481754e-05,3.9631823820364296e-05,6.60613971970942e-07,4.980374144080407e-08,63.47337793838233
3057,3254,4.668583552696824e-05,3.949639627890466e-05,6.659109574172894e-07,5.303296738906912e-08,63.49399743229151
3058,3255,4.664542368509837e-05,3.9407850263305656e-05,6.667478096795178e-07,5.7009532499753054e-08,63.51424520555884
3059,3256,4.660926073202739e-05,3.929014342853415e-05,6.680421000298282e-07,6.386963031949615e-08,63.534475578926504
3060,3257,4.6571560313507355e-05,3.9314458068730005e-05,6.637000049080067e-07,6.201021956972832e-08,63.554799186997116
3061,3258,4.6535512759846445e-05,3.9229824703762475e-05,6.66481986233446e-07,6.408681937495118e-08,63.57510715443641
3062,3259,4.652432650479421e-05,3.9123886593112455e-05,6.762142121606194e-07,6.382977900755626e-08,63.59541335888207
3063,3260,4.649486750389935e-05,3.925624803387469e-05,6.6326488852798e-07,6.059705847448646e-08,63.61566896177828
3064,3261,4.645865122259968e-05,3.932027853092397e-05,6.503929685908186e-07,6.344430057675187e-08,63.635947241447866
3065,3262,4.642427489263094e-05,3.9249258161502975e-05,6.580742779274433e-07,5.942739518535252e-08,63.65623767580837
3066,3263,4.637092563257159e-05,3.922121941746111e-05,6.581049420060671e-07,5.6865679504981305e-08,63.67655998375267
3067,3264,4.632769753385276e-05,3.9221296918252954e-05,6.575343415736892e-07,5.310571998629143e-08,63.69682954158634
3068,3266,4.6301902965558346e-05,3.925746049603666e-05,6.51414588104256e-07,5.302965884791236e-08,63.7242893287912
3069,3267,4.6262387233145884e-05,3.932866622166069e-05,6.412951571969513e-07,5.207694395156752e-08,63.74462615419179
3070,3268,4.621466003962296e-05,3.932809962172208e-05,6.37012561521546e-07,5.164348026854264e-08,63.76493975892663
3071,3269,4.6168860279189515e-05,3.9346003723175216e-05,6.326802286727532e-07,4.9605426928677067e-08,63.78518665768206
3072,3270,4.610650249056427e-05,3.928486959433021e-05,6.340764942870896e-07,4.8086795336316195e-08,63.80577245634049
3073,3271,4.6031445131730467e-05,3.9237000349310706e-05,6.340320527251855e-07,4.541242551679111e-08,63.826150961220264
3074,3272,4.596945073940843e-05,3.919718697828147e-05,6.321643236730803e-07,4.5062052439616175e-08,63.846490658819675
3075,3273,4.592652277091392e-05,3.920571419618238e-05,6.296377408611792e-07,4.244311661197498e-08,63.866750691086054
3076,3274,4.588412093085639e-05,3.917958081742338e-05,6.250422510794652e-07,4.541176026383632e-08,63.886976956389844
3077,3275,4.584299208013998e-05,3.912702352022183e-05,6.26504683281702e-07,4.5092172710113366e-08,63.90726248547435
3078,3276,4.58008931909007e-05,3.904820899331906e-05,6.294728037088338e-07,4.579561604933037e-08,63.92758885957301
3079,3277,4.5755006900703883e-05,3.887705068886897e-05,6.416232639663442e-07,4.617235721714723e-08,63.94792412221432
3080,3279,4.5724986484280966e-05,3.887216321538306e-05,6.392363092853143e-07,4.6046017604476384e-08,63.97553347889334
3081,3280,4.569898120125873e-05,3.884623696209692e-05,6.407801981917537e-07,4.449422572442765e-08,63.99576611910015
3082,3281,4.566220975396329e-05,3.881773066113375e-05,6.394439989878906e-07,4.5003910295062936e-08,64.0160205764696
3083,3282,4.561219053877338e-05,3.875211929868689e-05,6.412192830341602e-07,4.478784097448969e-08,64.0366602614522
3084,3283,4.555981658967548e-05,3.8645977035097006e-05,6.451280479110259e-07,4.625590754682186e-08,64.05688941664994
3085,3284,4.549432107868639e-05,3.85409045440206e-05,6.490832193436208e-07,4.6258434122958984e-08,64.07719505671412
3086,3285,4.544259525473947e-05,3.839553394805801e-05,6.578803939217669e-07,4.6825736746379195e-08,64.09753760043532
3087,3286,4.5405539980892624e-05,3.8450224708003655e-05,6.482167963572307e-07,4.731473093166602e-08,64.11777881067246
3088,3287,4.5358388674219025e-05,3.842901463479128e-05,6.480921349004267e-07,4.484526904234848e-08,64.13803396932781
3089,3288,4.532332067332099e-05,3.841054186149816e-05,6.479786352866962e-07,4.3299245895586733e-08,64.15825068857521
3090,3289,4.528631350311937e-05,3.8369169596905324e-05,6.474812490135424e-07,4.4233141607862486e-08,64.17857843730599
3091,3290,4.5249390515941924e-05,3.8322157266164694e-05,6.478822065356732e-07,4.484111844204959e-08,64.19884575344622
3092,3291,4.520366263971781e-05,3.8328364632729436e-05,6.433941148254937e-07,4.4135685873343856e-08,64.21910381875932
3093,3292,4.514044451017165e-05,3.825549237167458e-05,6.439035158292162e-07,4.459169802049101e-08,64.23938732407987
3094,3293,4.508241272840652e-05,3.817803408064509e-05,6.443463770008413e-07,4.609148777530153e-08,64.259690169245
3095,3294,4.505548294668138e-05,3.8140551614311666e-05,6.437658131410802e-07,4.77273200958915e-08,64.27997718285769
3096,3295,4.501721131528892e-05,3.8120840488735915e-05,6.440229552026531e-07,4.561412745264747e-08,64.3001858163625
3097,3296,4.498771358252048e-05,3.810879509804744e-05,6.424506410866942e-07,4.544120736060985e-08,64.32045633159578
3098,3297,4.496231078698421e-05,3.811206392548813e-05,6.394233833984045e-07,4.56013027512036e-08,64.34097790624946
3099,3299,4.4950453466441434e-05,3.8086518977021264e-05,6.409930160013426e-07,4.540043294067469e-08,64.36983438115567
3100,3300,4.49427998945675e-05,3.8087417534130246e-05,6.385874897194391e-07,4.6950746324285955e-08,64.39055613614619
3101,3301,4.49369646761835e-05,3.8080736153992665e-05,6.391981947765734e-07,4.642465744251047e-08,64.41083182301372
3102,3302,4.492782720896126e-05,3.807039733107075e-05,6.399347626729488e-07,4.580822511610203e-08,64.4310978250578
3103,3303,4.491095376166201e-05,3.8045891057966344e-05,6.404713829559532e-07,4.603488741361375e-08,64.45133385341614
3104,3304,4.489045046808903e-05,3.802623887136722e-05,6.402509807151268e-07,4.617017895705419e-08,64.47155404277146
3105,3305,4.4877266002835336e-05,3.800568506770461e-05,6.38935577470431e-07,4.8222516042641543e-08,64.49178474396467
3106,3306,4.486817008492266e-05,3.7990280529345346e-05,6.399222173106081e-07,4.78667382471229e-08,64.51205413788557
3107,3307,4.4862720601851266e-05,3.796369173410264e-05,6.417544177872146e-07,4.8148468987648204e-08,64.53229347616434
3108,3308,4.485292779468146e-05,3.795418832006173e-05,6.41574387001207e-07,4.8299560460766244e-08,64.55259830132127
3109,3309,4.484055537788216e-05,3.790678365169332e-05,6.42871234691865e-07,5.050593792701912e-08,64.57285953033715
3110,3310,4.483017367424368e-05,3.788974422141164e-05,6.448400530242207e-07,4.920289225898303e-08,64.59314241819084
3111,3311,4.4827406202967024e-05,3.784690366675724e-05,6.502558229538074e-07,4.779443066717131e-08,64.61380832828581
3112,3312,4.480769794891007e-05,3.785002917024526e-05,6.465757131840757e-07,4.9191164682405555e-08,64.63408423960209
3113,3313,4.480068901633442e-05,3.783285131851472e-05,6.476090219451195e-07,4.917474783685099e-08,64.65433826763183
3114,3314,4.4787995217464974e-05,3.778621336974843e-05,6.504193273218364e-07,4.975885744981825e-08,64.67463483195752
3115,3315,4.4774527719743306e-05,3.7711253233642076e-05,6.558509381047881e-07,5.0476510505334766e-08,64.6949141798541
3116,3316,4.476301035453593e-05,3.765605724433917e-05,6.599814928318601e-07,5.07138181878159e-08,64.71516946516931
3117,3317,4.475262939362338e-05,3.760557087580566e-05,6.620250851572113e-07,5.268076662456028e-08,64.73542996589094
3118,3318,4.474518584990127e-05,3.76216991707844e-05,6.599551281597465e-07,5.2393539751940814e-08,64.75571193918586
3119,3319,4.4738707645145705e-05,3.764095479370478e-05,6.570304309984548e-07,5.274485414563847e-08,64.77599093783647
3120,3320,4.472378203269014e-05,3.7685644516667476e-05,6.505180833967396e-07,5.329566820552741e-08,64.79610896389931
3121,3322,4.471649893255818e-05,3.7733913034588804e-05,6.451981050270316e-07,5.3060484769906364e-08,64.82350561674684
3122,3323,4.4697926159247976e-05,3.773485997350016e-05,6.428889363119271e-07,5.341768226285483e-08,64.8438572967425
3123,3324,4.4657879590538104e-05,3.7742502510602816e-05,6.396035912554171e-07,5.1934116738111675e-08,64.86410080175847
3124,3326,4.464140171776242e-05,3.7725672205428794e-05,6.390347477039227e-07,5.2538203529440034e-08,64.89157712645829
3125,3327,4.4617650116715605e-05,3.7698508227231794e-05,6.407327094990112e-07,5.118147944937007e-08,64.91179927904159
3126,3328,4.4585652274529854e-05,3.763779028348191e-05,6.450471954324018e-07,4.973900367239242e-08,64.93199718371034
3127,3329,4.457336635045662e-05,3.762574719578349e-05,6.470037227780549e-07,4.775819268925823e-08,64.95224248245358
3128,3330,4.455383859242027e-05,3.759522501207698e-05,6.454005583255896e-07,5.046079970873984e-08,64.97256167978048
3129,3331,4.454046109019671e-05,3.761450878375681e-05,6.419144392035017e-07,5.068079144048809e-08,64.99280006159097
3130,3332,4.453136429157119e-05,3.761583704457418e-05,6.403521176702449e-07,5.120060702945605e-08,65.01304152421653
3131,3333,4.452257110954374e-05,3.761187508616077e-05,6.397138042715319e-07,5.135579806676527e-08,65.03361506480724
3132,3334,4.451310835765121e-05,3.7610035748023866e-05,6.388010407618987e-07,5.150622020083603e-08,65.05476976372302
3133,3335,4.449744082509884e-05,3.760761745697993e-05,6.370637629738226e-07,5.191857383806912e-08,65.07505666092038
3134,3336,4.4481488932858837e-05,3.76094325427332e-05,6.351810174804902e-07,5.202462153207339e-08,65.095334360376
3135,3337,4.446692859150514e-05,3.760313317513403e-05,6.335560746045429e-07,5.282346703256761e-08,65.11550089996308
3136,3338,4.445459469384191e-05,3.762135799889051e-05,6.313427970148765e-07,5.1980872480263214e-08,65.13584906980395
3137,3339,4.444430397678371e-05,3.761017769437366e-05,6.298126081733652e-07,5.360002006764023e-08,65.15609379857779
3138,3340,4.4433252054523296e-05,3.759826862206419e-05,6.299185950753493e-07,5.357974817056116e-08,65.1764161111787
3139,3341,4.4419256270887984e-05,3.759048438677887e-05,6.287180849212307e-07,5.415910348968119e-08,65.19666449911892
3140,3342,4.440468317090512e-05,3.758842802817797e-05,6.271187072366851e-07,5.4506807036029983e-08,65.21723984181881
3141,3343,4.439281893126191e-05,3.756948052742271e-05,6.27088283975103e-07,5.52455564088171e-08,65.23745669145137
3142,3344,4.4382737890139015e-05,3.757295943832489e-05,6.265553954167754e-07,5.442244976463702e-08,65.25775629468262
3143,3345,4.4374496596996034e-05,3.756209378923044e-05,6.268527559353698e-07,5.4387524841189304e-08,65.27800578065217
3144,3346,4.4360790709497094e-05,3.755530078438996e-05,6.262702974969943e-07,5.4278695013719516e-08,65.29829835705459
3145,3347,4.4342626881217905e-05,3.755167625389808e-05,6.24613284285274e-07,5.448177844670859e-08,65.31854662392288
3146,3348,4.432761615643721e-05,3.7581001016716115e-05,6.210950932067096e-07,5.356642076539984e-08,65.33879527635872
3147,3349,4.431099935477294e-05,3.760711429967202e-05,6.17142232647944e-07,5.3246272862148276e-08,65.3590408116579
3148,3350,4.430106287066665e-05,3.764425516969173e-05,6.134626255230963e-07,5.221814457439555e-08,65.3793683508411
3149,3351,4.428983195584428e-05,3.768489539173305e-05,6.098806183809342e-07,5.0613038030188847e-08,65.39963234122843
3150,3352,4.4279257092189925e-05,3.767768079755596e-05,6.094017144018471e-07,5.075591506154902e-08,65.41990472003818
3151,3353,4.424552461952637e-05,3.764127047263313e-05,6.090087224877315e-07,5.141669220159264e-08,65.44021491706371
3152,3354,4.422927552403019e-05,3.760061383972435e-05,6.101287054153233e-07,5.273746301526094e-08,65.46063322015107
3153,3355,4.4209536075085855e-05,3.755577369925123e-05,6.127136480266255e-07,5.26625895568376e-08,65.48104779981077
3154,3356,4.419048341937901e-05,3.74836305918434e-05,6.179494033531327e-07,5.273587940042874e-08,65.50135367363691
3155,3357,4.4172270681306033e-05,3.743533557931899e-05,6.213052340469635e-07,5.2388276151741076e-08,65.52167645096779
3156,3358,4.4151126751073915e-05,3.740539348112147e-05,6.229236799954022e-07,5.1649646999842226e-08,65.54214698821306
3157,3359,4.411300433057226e-05,3.734236015945745e-05,6.258977514711837e-07,5.116666564029741e-08,65.56245794985443
3158,3360,4.40781445678818e-05,3.730664511708527e-05,6.253371257463535e-07,5.181281933329919e-08,65.5827600536868
3159,3361,4.4030132868437813e-05,3.72574124629104e-05,6.249409878114026e-07,5.2331052741338956e-08,65.60300184320658
3160,3362,4.39894107982443e-05,3.726119208999381e-05,6.192452097670707e-07,5.35766610579783e-08,65.62327156681567
3161,3364,4.3976909333553565e-05,3.726157483614072e-05,6.167970928501064e-07,5.473635689117779e-08,65.65183693636209
3162,3365,4.396879258515964e-05,3.725059004557271e-05,6.170538172955932e-07,5.4766436663100744e-08,65.67219285201281
3163,3366,4.3954991408249244e-05,3.7252443413344354e-05,6.163825039148315e-07,5.387229557565721e-08,65.6924346787855
3164,3367,4.3945296062190416e-05,3.724468663415961e-05,6.1562385253469e-07,5.443709026839032e-08,65.7126407334581
3165,3368,4.3931483451320626e-05,3.7216881941023776e-05,6.178973883435873e-07,5.3562762686097956e-08,65.73292575310916
3166,3369,4.3916415385827674e-05,3.7188214385031914e-05,6.1930690551149e-07,5.351319456808653e-08,65.75319401081651
3167,3370,4.387914107401988e-05,3.714659347673033e-05,6.192516648186974e-07,5.4003094910257644e-08,65.77344795688987
3168,3371,4.3849299386887656e-05,3.710440486650751e-05,6.211774635632178e-07,5.331198847479621e-08,65.79373363032937
3169,3373,4.3830931593662664e-05,3.709720078427691e-05,6.195160191471532e-07,5.38570617914224e-08,65.82105168141425
3170,3375,4.380543625774161e-05,3.711689252111791e-05,6.145464378281459e-07,5.430793583422499e-08,65.84858419280499
3171,3376,4.3774567106169795e-05,3.710363852890631e-05,6.150909062196262e-07,5.2001951506722504e-08,65.86886194441468
3172,3377,4.3754553768831526e-05,3.708035142139869e-05,6.152893895611202e-07,5.2130845182163156e-08,65.88910120073706
3173,3378,4.371735942642334e-05,3.7070748050125284e-05,6.111648529823232e-07,5.3496284647482284e-08,65.90936530381441
3174,3379,4.3680333999489065e-05,3.700125600366794e-05,6.15374832484887e-07,5.2532967097225476e-08,65.92963096499443
3175,3380,4.3638969902936575e-05,3.6906534969401855e-05,6.196748993422005e-07,5.356859401127135e-08,65.94993292819709
3176,3381,4.359773974340327e-05,3.6866588519646234e-05,6.187792447421809e-07,5.4335877633522426e-08,65.97023079171777
3177,3383,4.357776160042507e-05,3.6860267629560606e-05,6.151118630663141e-07,5.663753402013255e-08,65.99768075533211
3178,3385,4.356602750808617e-05,3.6849469101057416e-05,6.14228209776484e-07,5.742763092639147e-08,66.02546070981771
3179,3386,4.354883958345973e-05,3.68738779675305e-05,6.095054376356024e-07,5.7990723957320456e-08,66.04582603927702
3180,3387,4.3535020953155154e-05,3.688896795847855e-05,6.078081020531365e-07,5.679719741452388e-08,66.06609914079309
3181,3388,4.351851146465639e-05,3.687538980733232e-05,6.062200872630021e-07,5.8092078469404987e-08,66.0863602058962
3182,3389,4.350306244049117e-05,3.688505088965485e-05,6.038217246045109e-07,5.797943047912148e-08,66.1068700030446
3183,3390,4.3483450349914184e-05,3.68720982979833e-05,6.028828432140449e-07,5.825236197904296e-08,66.12752759736031
3184,3391,4.344819246285231e-05,3.677863919977969e-05,6.05819950108777e-07,6.113537619848553e-08,66.1479010367766
3185,3393,4.342461985594047e-05,3.6738753814191324e-05,6.085660683896717e-07,6.002053578524299e-08,66.17541433684528
3186,3394,4.33924130826189e-05,3.6673902504815475e-05,6.086507134433706e-07,6.320034433697169e-08,66.19571678992361
3187,3395,4.3323490178678306e-05,3.649065349092014e-05,6.176967056834249e-07,6.558696309239183e-08,66.2160075288266
3188,3396,4.325081169911121e-05,3.623361115827784e-05,6.295184217870582e-07,7.220163229627965e-08,66.23630999773741
3189,3397,4.3230479950835075e-05,3.619011569464936e-05,6.248247856234868e-07,7.921163999508412e-08,66.25730880908668
3190,3398,4.319522201952787e-05,3.6210395219213476e-05,6.228866103999462e-07,7.559606963149343e-08,66.27758093643934
3191,3399,4.313698998530258e-05,3.61661515390373e-05,6.246351097431113e-07,7.244873488341707e-08,66.29786595981568
3192,3400,4.309549084482304e-05,3.611664142806291e-05,6.213087530747177e-07,7.657618860129514e-08,66.31811658199877
3193,3401,4.300703109294632e-05,3.6048910427373395e-05,6.200569800847691e-07,7.575508647252405e-08,66.3383716288954
3194,3402,4.2948883673709296e-05,3.595956785227292e-05,6.245311549838649e-07,7.440042715977269e-08,66.35865821689367
3195,3403,4.2880135505270635e-05,3.5897522758497316e-05,6.240985252715204e-07,7.416274940581181e-08,66.37894098646939
3196,3404,4.2827838607051573e-05,3.583075572316595e-05,6.22872850702072e-07,7.683543768649022e-08,66.3992876065895
3197,3405,4.2759805685717044e-05,3.566517234592826e-05,6.321514920961203e-07,7.731184188275802e-08,66.41954978369176
3198,3406,4.2697605266247944e-05,3.558497058928215e-05,6.271197486307424e-07,8.414371906583667e-08,66.44066431839019
3199,3408,4.265372649291825e-05,3.552795571342941e-05,6.327694668941578e-07,7.980761105472612e-08,66.468081953004
3200,3410,4.26089413622831e-05,3.5508301069559114e-05,6.307435498333956e-07,7.932047943900339e-08,66.49549878016114
3201,3411,4.2545081765435595e-05,3.546247412853812e-05,6.328725637601127e-07,7.538819992963522e-08,66.51572712976485
3202,3412,4.251148151222199e-05,3.540917094283078e-05,6.380757073133434e-07,7.215534962577764e-08,66.53599284682423
3203,3413,4.2441620548368945e-05,3.554169137232951e-05,6.181827576984565e-07,7.181015990548764e-08,66.55630253534764
3204,3414,4.2405022270447244e-05,3.54785770398359e-05,6.192574513701032e-07,7.338707169103144e-08,66.57655733823776
3205,3415,4.237987719525425e-05,3.540336595191667e-05,6.247737958381004e-07,7.28773284956573e-08,66.59686378203332
3206,3416,4.2359038442757304e-05,3.5426969248095246e-05,6.218353458166705e-07,7.137157364953533e-08,66.61712372023612
3207,3417,4.232997317843561e-05,3.548804002245984e-05,6.10608477224802e-07,7.358483837277554e-08,66.6373714543879
3208,3418,4.230275322884589e-05,3.546801917726716e-05,6.10949509621383e-07,7.252389553648964e-08,66.65761469025165
3209,3419,4.226808286849735e-05,3.5404102951347854e-05,6.13536058555246e-07,7.286193315970362e-08,66.67784246243536
3210,3420,4.221358085576622e-05,3.532598473178953e-05,6.158398341870112e-07,7.291977821065725e-08,66.69818482827395
3211,3421,4.218421461823879e-05,3.536266747894968e-05,6.148221877649966e-07,6.733252616391455e-08,66.71846917178482
3212,3422,4.213812477693734e-05,3.535837812170885e-05,6.092959199253541e-07,6.86787455974944e-08,66.73873080313206
3213,3423,4.209736550495829e-05,3.543078798468464e-05,6.004448797363879e-07,6.621287229097677e-08,66.75897745322436
3214,3424,4.20671222691676e-05,3.55295926364456e-05,5.87522360096248e-07,6.623060317595216e-08,66.77922095172107
3215,3426,4.2047801214142537e-05,3.556056889596339e-05,5.848555158574324e-07,6.386771596048238e-08,66.80662110261619
3216,3427,4.202321217091944e-05,3.5592432477694364e-05,5.787822298160426e-07,6.429573950646476e-08,66.82687564380467
3217,3428,4.197828485512405e-05,3.5637945201393226e-05,5.676620492568412e-07,6.637191611624117e-08,66.84722096193582
3218,3429,4.195071441915459e-05,3.5631856947629324e-05,5.629483290385867e-07,6.89374181139403e-08,66.867455618456
3219,3430,4.1910760833676575e-05,3.563657817060076e-05,5.596954276832572e-07,6.772283862432383e-08,66.88771177921444
3220,3431,4.1851753909984385e-05,3.5618675660450396e-05,5.575743469861694e-07,6.573347796722876e-08,66.9079758701846
3221,3432,4.1797521238578605e-05,3.556625655086824e-05,5.582004127024134e-07,6.49260560686228e-08,66.92823673877865
3222,3433,4.1759987267351446e-05,3.5584162666882036e-05,5.540508770342041e-07,6.353158301273649e-08,66.94864025898278
3223,3434,4.1732291068693344e-05,3.5516552251742055e-05,5.540353634649646e-07,6.753851823016443e-08,66.96888885926455
3224,3435,4.170440795704703e-05,3.550142853850819e-05,5.548799568288389e-07,6.541798502504466e-08,66.98923135641962
3225,3436,4.1696230419390675e-05,3.551261835429634e-05,5.526138861477509e-07,6.574732036168312e-08,67.00946630630642
3226,3437,4.1688459615979056e-05,3.5521688332514143e-05,5.504990133960564e-07,6.617811495043458e-08,67.02974314335734
3227,3438,4.1670620843190964e-05,3.551672511299814e-05,5.485922478454553e-07,6.679732517382716e-08,67.0500766588375
3228,3439,4.1650728967217416e-05,3.551441871143475e-05,5.455411146595428e-07,6.808991091872382e-08,67.07072346284986
3229,3440,4.1623252592237116e-05,3.546300459978153e-05,5.47959927351401e-07,6.806487189415767e-08,67.09097706712782
3230,3441,4.159156100743699e-05,3.5361970910373084e-05,5.532085084725184e-07,6.975050123387293e-08,67.11128992121667
3231,3442,4.1575297653079966e-05,3.528729456480873e-05,5.551084269943102e-07,7.369188183281333e-08,67.13156113028526
3232,3444,4.1538851186202456e-05,3.5280759677357764e-05,5.533469305351357e-07,7.246222034933315e-08,67.15902279410511
3233,3445,4.1521027122309774e-05,3.527724839318741e-05,5.520441388352182e-07,7.233373407701865e-08,67.17929243575782
3234,3446,4.1477548526972294e-05,3.52672139357865e-05,5.494126098845326e-07,7.162084923404714e-08,67.19952436629683
3235,3447,4.146044127203338e-05,3.52507532643633e-05,5.500680228907245e-07,7.090077787628295e-08,67.21976867876947
3236,3448,4.1444064862719584e-05,3.5263722926484034e-05,5.481891948923497e-07,6.98449987312051e-08,67.24006221815944
3237,3449,4.1430043300306925e-05,3.523999892606593e-05,5.482961432864179e-07,7.07082941376818e-08,67.26032371539623
3238,3450,4.141704603447721e-05,3.521907644667003e-05,5.49557243481682e-07,7.023971529903597e-08,67.28057291265577
3239,3451,4.1396009745659766e-05,3.517958635912222e-05,5.515000436361454e-07,7.014229501760856e-08,67.3008694993332
3240,3452,4.137462674159166e-05,3.513117080170583e-05,5.546743846814683e-07,6.967120930711557e-08,67.32115896698087
3241,3453,4.134753745284145e-05,3.511103538569589e-05,5.543290471744623e-07,6.932115954009397e-08,67.34141236823052
3242,3454,4.1314629397038534e-05,3.505958794374889e-05,5.571549378815621e-07,6.834920744740305e-08,67.3616089168936
3243,3455,4.1273774791565266e-05,3.505836868305935e-05,5.556213702896454e-07,6.591924056094592e-08,67.38186416309327
3244,3456,4.12281611553435e-05,3.5017208861355444e-05,5.561219108657345e-07,6.497331853307102e-08,67.40213616192341
3245,3457,4.118389289345672e-05,3.498049663239808e-05,5.583634948540766e-07,6.197613125178732e-08,67.42239138204604
3246,3458,4.115416563322832e-05,3.499456962914323e-05,5.553368111261118e-07,6.062278928239692e-08,67.44265339430422
3247,3459,4.1129204509507994e-05,3.49926903909845e-05,5.548162382212732e-07,5.883517363107587e-08,67.46298887580633
3248,3460,4.112527688619459e-05,3.4977238027717925e-05,5.5503327277917e-07,5.977061306849647e-08,67.48329587746412
3249,3461,4.110747375262167e-05,3.495238890554306e-05,5.562688480198838e-07,5.9239636687977335e-08,67.50354064255953
3250,3462,4.109764823395484e-05,3.498769312714096e-05,5.53799480188025e-07,5.719603049336303e-08,67.52383632399142
3251,3463,4.1071787296108244e-05,3.496674933096792e-05,5.520547121848675e-07,5.8449084329164716e-08,67.54409302398562
3252,3464,4.105510453008428e-05,3.4925550883002e-05,5.54669293707629e-07,5.828607100059948e-08,67.56472207605839
3253,3465,4.103597563937939e-05,3.4908534918601335e-05,5.545685457371394e-07,5.817552634066583e-08,67.58503047470003
3254,3466,4.101227063026786e-05,3.4888409600590284e-05,5.554139405321084e-07,5.69721624356497e-08,67.6053970279172
3255,3467,4.099041899593749e-05,3.4889026314997454e-05,5.538496973815925e-07,5.628957071241116e-08,67.62564760819077
3256,3468,4.0952720201195715e-05,3.486783627475455e-05,5.526567264163794e-07,5.583166622773742e-08,67.6459034057334
3257,3469,4.091925104872953e-05,3.484492699042089e-05,5.51911946472199e-07,5.552045935866499e-08,67.66614858433604
3258,3470,4.0889613854072846e-05,3.481045701865011e-05,5.502134929685999e-07,5.7702190573674e-08,67.68643833510578
3259,3471,4.08675590951595e-05,3.479114661586397e-05,5.506948731562229e-07,5.6946374773330525e-08,67.70667250268161
3260,3472,4.0823671084767365e-05,3.470699521068002e-05,5.527660739246177e-07,5.890151348411657e-08,67.72693044692278
3261,3473,4.076956074866727e-05,3.4622398351833577e-05,5.545923038757508e-07,6.012393580761805e-08,67.74725824501365
3262,3474,4.071602937739943e-05,3.454845420736066e-05,5.567846584887322e-07,5.9972858515145e-08,67.76750918477774
3263,3476,4.068072303899945e-05,3.449117019792261e-05,5.576330523382604e-07,6.132223176942362e-08,67.79501198697835
3264,3477,4.0630531658487474e-05,3.4458452700630266e-05,5.56267919226641e-07,6.093997655907975e-08,67.815335938707
3265,3478,4.059054932136168e-05,3.444646235506199e-05,5.565897206935519e-07,5.78189759364171e-08,67.83612963277847
3266,3479,4.0579828960382683e-05,3.441209467890205e-05,5.584868735693053e-07,5.8286554578757815e-08,67.85637729428709
3267,3480,4.0561577200506826e-05,3.4412317675560515e-05,5.565468657833346e-07,5.837908671129678e-08,67.87661097664386
3268,3481,4.054834786026814e-05,3.440000054063735e-05,5.566176911058992e-07,5.8217040857180757e-08,67.89683636743575
3269,3482,4.053181978211838e-05,3.439100017297514e-05,5.558755938405375e-07,5.8206367073785946e-08,67.91707079764456
3270,3483,4.051150302223041e-05,3.4395243873116985e-05,5.538857962302001e-07,5.774011868114258e-08,67.93739657755941
3271,3484,4.050078991164624e-05,3.438978744893214e-05,5.534827200699352e-07,5.7617526201474285e-08,67.95765490736812
3272,3485,4.048957192287283e-05,3.4381375205915716e-05,5.537838545636011e-07,5.7035817132110544e-08,67.97794972639531
3273,3486,4.047282702967945e-05,3.4357594850104914e-05,5.542215689492154e-07,5.730164900823831e-08,67.99821163155138
3274,3487,4.045534577922844e-05,3.4317417436467896e-05,5.565677919903977e-07,5.7225042285656877e-08,68.01849051937461
3275,3488,4.0438951307635295e-05,3.429392196866036e-05,5.562493003206659e-07,5.8253633576828e-08,68.03875655308366
3276,3489,4.042751950175193e-05,3.4243391888433485e-05,5.594388607846425e-07,5.8973900547201975e-08,68.05899369064718
3277,3491,4.042079957992628e-05,3.4260975112432905e-05,5.571743181004215e-07,5.880812864891616e-08,68.08644323144108
3278,3492,4.0410196036837345e-05,3.426332373834763e-05,5.555467461395893e-07,5.914048370938245e-08,68.10674721747637
3279,3493,4.0387801236233534e-05,3.428701752554928e-05,5.510871340031102e-07,5.899123706531499e-08,68.12701196968555
3280,3494,4.03722284831463e-05,3.430385136854745e-05,5.484465465580221e-07,5.839116490186296e-08,68.14735743124038
3281,3495,4.0359864334352115e-05,3.4307682415331006e-05,5.472404288092513e-07,5.7977763092859976e-08,68.16765600256622
3282,3496,4.034970224588726e-05,3.428585523398445e-05,5.482536916170184e-07,5.8131009573262885e-08,68.1879725176841
3283,3497,4.033056826219917e-05,3.424028741247389e-05,5.509097044294108e-07,5.811838054311735e-08,68.2082619536668
3284,3498,4.031674759545009e-05,3.422216732168995e-05,5.521965721702359e-07,5.7261455205778444e-08,68.22851893678308
3285,3500,4.030809071074129e-05,3.421622153254747e-05,5.517363433810922e-07,5.7450574438289396e-08,68.25635827612132
3286,3501,4.02957695816749e-05,3.4212130860178396e-05,5.514674943794116e-07,5.689637777023913e-08,68.27666025608778
3287,3502,4.028687753103717e-05,3.4226277514197326e-05,5.495467200830315e-07,5.651328160095263e-08,68.29728625714779
3288,3503,4.0275862338655246e-05,3.427874453731749e-05,5.431131393731076e-07,5.6598640760668026e-08,68.31758240330964
3289,3504,4.0267828329963546e-05,3.430588836138193e-05,5.394523194690489e-07,5.674167738911252e-08,68.33862773608416
3290,3505,4.025363791141412e-05,3.428921755445173e-05,5.400203912073051e-07,5.6421644488933006e-08,68.3588712150231
3291,3506,4.0242190396603925e-05,3.42693432239923e-05,5.407374475610405e-07,5.654726970012204e-08,68.37915851268917
3292,3507,4.0234288146770836e-05,3.425862329418987e-05,5.417701371105313e-07,5.579634814756531e-08,68.39940856862813
3293,3508,4.02258318840697e-05,3.424388305441694e-05,5.426986292683861e-07,5.549625369689001e-08,68.41969023272395
3294,3509,4.0220084492974125e-05,3.4236646548298876e-05,5.433346953502578e-07,5.5009099117266975e-08,68.43994222860783
3295,3510,4.0215903549286206e-05,3.4240742683228655e-05,5.427253819197299e-07,5.479070468602559e-08,68.46021769475192
3296,3511,4.021322082661757e-05,3.424426713639382e-05,5.420116371664677e-07,5.4883731855907074e-08,68.48047456517816
3297,3512,4.02103609072384e-05,3.425210569880103e-05,5.409939680294167e-07,5.4831552814319966e-08,68.50073447823524
3298,3513,4.020767235748919e-05,3.425697961831613e-05,5.400741149477759e-07,5.4995158969530324e-08,68.52100641466677
3299,3514,4.019961528848524e-05,3.427545907835323e-05,5.371221508980767e-07,5.5293470115123916e-08,68.54136044811457
3300,3515,4.01892772254394e-05,3.4274638555354126e-05,5.358937167321468e-07,5.5570150276380414e-08,68.56205761618912
3301,3516,4.0179449745975524e-05,3.425789553197501e-05,5.368316904490616e-07,5.5323730950989115e-08,68.58244995493442
3302,3517,4.0163477029995706e-05,3.425966324981461e-05,5.35385920598672e-07,5.499545741943696e-08,68.60275132022798
3303,3518,4.0148211351840335e-05,3.4255488237023046e-05,5.351621274938359e-07,5.411018398789279e-08,68.62306597828865
3304,3520,4.014507986514957e-05,3.424932288344603e-05,5.354155756373544e-07,5.4160122533000103e-08,68.6505770701915
3305,3521,4.0136752288646765e-05,3.42571400238489e-05,5.344135830990716e-07,5.3547643380714945e-08,68.6708108400926
3306,3522,4.013091041589104e-05,3.4263831071740784e-05,5.333551751896121e-07,5.335275922541377e-08,68.69101628195494
3307,3523,4.012758438401481e-05,3.426135388653429e-05,5.330314727692031e-07,5.359157697884863e-08,68.71125617902726
3308,3524,4.01243221936415e-05,3.425448410186347e-05,5.331068100717222e-07,5.387699910608057e-08,68.73148068133742
3309,3525,4.012005319843689e-05,3.425457677969433e-05,5.325413630351528e-07,5.40062788391025e-08,68.75186344236135
3310,3526,4.0113352905996025e-05,3.4244858987988194e-05,5.3259179358905e-07,5.4257598211733176e-08,68.77224641572684
3311,3528,4.011189810252798e-05,3.4262772669473385e-05,5.312281710364469e-07,5.3684372269012336e-08,68.79961408209056
3312,3529,4.010623928508376e-05,3.424889669750392e-05,5.319542567387925e-07,5.378000201919083e-08,68.8198204273358
3313,3531,4.010317094826537e-05,3.425242885276156e-05,5.313896931799504e-07,5.368451637043043e-08,68.84729669801891
3314,3532,4.010014584003261e-05,3.4176077423688404e-05,5.377817340592973e-07,5.462510757512304e-08,68.86755491700023
3315,3533,4.008739773558054e-05,3.420730029136766e-05,5.334697550527868e-07,5.453998936850143e-08,68.88785364106297
3316,3534,4.007855977916122e-05,3.422055856771533e-05,5.31017035226725e-07,5.4783085917864104e-08,68.90811336692423
3317,3535,4.006397329707084e-05,3.42330473644035e-05,5.279214274066104e-07,5.517116586012416e-08,68.92876811232418
3318,3536,4.00464296779732e-05,3.422682656598439e-05,5.261291505071377e-07,5.583116069174246e-08,68.94909421913326
3319,3537,4.003102972056955e-05,3.422078843178242e-05,5.25414338481599e-07,5.560979039711395e-08,68.96935049723834
3320,3538,4.0021963175781606e-05,3.418732291377953e-05,5.267128844248662e-07,5.675114177534193e-08,68.98972514178604
3321,3540,4.001594977010415e-05,3.4172876966155704e-05,5.274971120478221e-07,5.6810168347023196e-08,69.01711183786392
3322,3541,4.00123563897802e-05,3.4199512070840635e-05,5.271992320680545e-07,5.408519982590168e-08,69.03746482729912
3323,3542,3.999853916287986e-05,3.416354698459355e-05,5.284838152337301e-07,5.5015402594901423e-08,69.05806738138199
3324,3543,3.998370977732603e-05,3.412010234322918e-05,5.304800685314918e-07,5.5880674878193335e-08,69.07836131379008
3325,3544,3.995947772794844e-05,3.4053421290785725e-05,5.337691579174137e-07,5.6836485798858146e-08,69.09865757171065
3326,3545,3.993804584200331e-05,3.400394302947478e-05,5.360386224371302e-07,5.737165881572273e-08,69.11892868671566
3327,3546,3.992151562743461e-05,3.398262371799028e-05,5.374420763115983e-07,5.6447114632834335e-08,69.13962382543832
3328,3548,3.991196587845502e-05,3.3968908671793134e-05,5.375191701932935e-07,5.6786550472895384e-08,69.16698677930981
3329,3549,3.989881501478645e-05,3.397108834098897e-05,5.363097493801147e-07,5.6462917999633395e-08,69.18729766458273
3330,3550,3.9885103668966723e-05,3.399423998406958e-05,5.324937393272313e-07,5.659262916248278e-08,69.2083208700642
3331,3551,3.987427655448423e-05,3.398037831725792e-05,5.323127846222625e-07,5.7077039100368704e-08,69.22859413828701
3332,3552,3.9859189082057614e-05,3.396246139009769e-05,5.317808771335721e-07,5.789189206242038e-08,69.24894340801984
3333,3553,3.9848045624677026e-05,3.394820104114013e-05,5.320611991406161e-07,5.7923259213073694e-08,69.26921672839671
3334,3554,3.9834281005437423e-05,3.391969344164898e-05,5.332684341590708e-07,5.819032221977348e-08,69.28949274402112
3335,3555,3.982356342461633e-05,3.3889022473587045e-05,5.34972264232442e-07,5.8481830870486687e-08,69.30974144674838
3336,3556,3.980903428881363e-05,3.3887026721585315e-05,5.339793712454396e-07,5.822138547739159e-08,69.32994191069156
3337,3557,3.9795728261381316e-05,3.38715837252556e-05,5.350140031595247e-07,5.740045045304671e-08,69.35030358936638
3338,3558,3.9784450956494854e-05,3.3852253437507174e-05,5.355481548082406e-07,5.7671597090527026e-08,69.37094327621162
3339,3559,3.977368869475332e-05,3.383790760036208e-05,5.360751005589324e-07,5.75030088801916e-08,69.39200073760003
3340,3560,3.9755330134661634e-05,3.380565833526528e-05,5.372926731564808e-07,5.767450678315427e-08,69.41231290902942
3341,3561,3.9735569027842964e-05,3.378231632742831e-05,5.376662791675449e-07,5.7658990873920265e-08,69.43244682438672
3342,3562,3.9715661010922676e-05,3.3746642739833116e-05,5.392960413387632e-07,5.760578577019276e-08,69.45283595379442
3343,3563,3.969676266359824e-05,3.372402563880999e-05,5.398632969568103e-07,5.741040552201462e-08,69.47307099867612
3344,3564,3.968170571789911e-05,3.371744029708243e-05,5.406379590179185e-07,5.5788583063749487e-08,69.49336057435721
3345,3565,3.966560396798211e-05,3.365835796780412e-05,5.454949603850196e-07,5.522963963277917e-08,69.51383247971535
3346,3566,3.964954014268217e-05,3.363582049901557e-05,5.46422841943388e-07,5.4949122423271566e-08,69.5341249415651
3347,3567,3.963739297339296e-05,3.362630676569294e-05,5.462062659607166e-07,5.490235480928531e-08,69.55457134265453
3348,3568,3.962775551241078e-05,3.361087937010361e-05,5.466687975391123e-07,5.5018816691605014e-08,69.57488405704498
3349,3569,3.962011726610255e-05,3.3604647387986574e-05,5.455009079629046e-07,5.604607984869372e-08,69.5951428078115
3350,3570,3.9613128971164906e-05,3.361044036107468e-05,5.444174561943058e-07,5.585140481471697e-08,69.61538972333074
3351,3571,3.9606667737267145e-05,3.3609159798454914e-05,5.431458565088576e-07,5.6604937372366006e-08,69.63564508035779
3352,3572,3.9602098796895406e-05,3.3620454141867226e-05,5.414146882440393e-07,5.674977725877892e-08,69.65596407279372
3353,3573,3.959830442577553e-05,3.3613013292969764e-05,5.417641764314822e-07,5.6764936849095094e-08,69.67620162200183
3354,3574,3.959048002300666e-05,3.3584704073867624e-05,5.433289151975736e-07,5.7248679716329555e-08,69.69643410574645
3355,3575,3.958621552368638e-05,3.358271667846755e-05,5.430977292273302e-07,5.725215529455287e-08,69.71670190989971
3356,3576,3.958277201717896e-05,3.357516286359393e-05,5.430296587589694e-07,5.773125659953357e-08,69.73701197933406
3357,3577,3.9579770066941544e-05,3.358709751138937e-05,5.412503920969262e-07,5.8016863458290785e-08,69.75732857268304
3358,3578,3.957644453192451e-05,3.35987537291349e-05,5.400442197535718e-07,5.772486052538967e-08,69.77793318592012
3359,3579,3.95710274965734e-05,3.360027019405497e-05,5.386352914013764e-07,5.8440438850466084e-08,69.7981490092352
3360,3580,3.9565905057174745e-05,3.3588757258921704e-05,5.389108980456697e-07,5.880388177963414e-08,69.81840617861599
3361,3581,3.956288383454412e-05,3.357217129725304e-05,5.394880478885985e-07,5.9583205840509616e-08,69.83875069674104
3362,3582,3.9559629821203104e-05,3.3565809084093405e-05,5.399077089209991e-07,5.947436478997125e-08,69.85908919107169
3363,3583,3.955400948037427e-05,3.3561860010640575e-05,5.401340708096158e-07,5.9080876163753596e-08,69.88013338390738
3364,3584,3.954754067072235e-05,3.3568673404248035e-05,5.393834982741286e-07,5.850322837330263e-08,69.90045913122594
3365,3586,3.9543544709220015e-05,3.356014839895682e-05,5.400681182901426e-07,5.827151273617594e-08,69.92798110470176
3366,3587,3.9536225112652507e-05,3.357002701196288e-05,5.381795597633319e-07,5.8440250305630524e-08,69.94820830412209
3367,3588,3.953172033375071e-05,3.357108964253697e-05,5.38123674094288e-07,5.793939502708583e-08,69.96908781863749
3368,3589,3.952192633696168e-05,3.355577352684129e-05,5.381559997751803e-07,5.845928123685926e-08,69.98951479792595
3369,3590,3.9512113169837566e-05,3.3531258157525584e-05,5.383696070695512e-07,5.971589416164691e-08,70.00974792428315
3370,3591,3.950649094392376e-05,3.3509403275397255e-05,5.391350483379522e-07,6.057371851469804e-08,70.02998534031212
3371,3592,3.95009904460202e-05,3.348476927353388e-05,5.40039462028711e-07,6.15826552199211e-08,70.05034803692251
3372,3593,3.949628375108315e-05,3.347019325750349e-05,5.407901082310821e-07,6.181894112688392e-08,70.07056724932045
3373,3594,3.949291099054669e-05,3.345900442428909e-05,5.413291851667507e-07,6.206147145900904e-08,70.09085911884904
3374,3595,3.94869043699587e-05,3.344621371215653e-05,5.422860945808762e-07,6.178297119934075e-08,70.11121036671102
3375,3596,3.948296755026694e-05,3.3441269303909075e-05,5.426067057124073e-07,6.156311892337916e-08,70.13142915535718
3376,3597,3.947896015918332e-05,3.3441881052961986e-05,5.43018848654756e-07,6.068906196737737e-08,70.1524884160608
3377,3598,3.947639598710476e-05,3.3441473937088854e-05,5.431874952850059e-07,6.0304709716585e-08,70.17272573709488
3378,3599,3.947444776709344e-05,3.3442311671410905e-05,5.433017934967461e-07,5.991181607150735e-08,70.19300924334675
3379,3600,3.947231952630465e-05,3.3439022152027164e-05,5.435887418791018e-07,5.974099554864668e-08,70.2137863272801
3380,3601,3.946944829820961e-05,3.343139181185002e-05,5.441423132499108e-07,5.966333538604812e-08,70.23401941917837
3381,3602,3.9466422760561934e-05,3.3421125852149026e-05,5.452926609990577e-07,5.923702984223366e-08,70.25436584744602
3382,3604,3.946400268605782e-05,3.340438056383734e-05,5.465025320618151e-07,5.945968016023281e-08,70.28212917596102
3383,3605,3.9460122592861194e-05,3.3392118032538274e-05,5.4762332124766e-07,5.9177134784632385e-08,70.30233105458319
3384,3606,3.9454449564133206e-05,3.337314611393829e-05,5.494926034119084e-07,5.8637741607583336e-08,70.32256726641208
3385,3607,3.945177481531797e-05,3.336732399750475e-05,5.501320154723989e-07,5.8313066308923294e-08,70.3429163750261
3386,3608,3.944751984107663e-05,3.336099746997998e-05,5.508959486879368e-07,5.775628842172851e-08,70.36321587581187
3387,3609,3.944230044029656e-05,3.3353990544896965e-05,5.514742901291078e-07,5.7356699410852374e-08,70.38346596527845
3388,3610,3.943541836795756e-05,3.333799141028834e-05,5.529121138673616e-07,5.68305818995603e-08,70.40367844700813
3389,3611,3.943007507337048e-05,3.3323596346015835e-05,5.537006414324169e-07,5.6947231303047713e-08,70.42393063846976
3390,3612,3.9426603502052163e-05,3.331249690988883e-05,5.548931205054666e-07,5.6517538710867e-08,70.44417734164745
3391,3613,3.942424290987392e-05,3.3302897636071966e-05,5.555640462691074e-07,5.657048111108783e-08,70.46446945145726
3392,3614,3.9421888196870796e-05,3.330282093386829e-05,5.554204230864689e-07,5.648630321378171e-08,70.4846970224753
3393,3615,3.941846493718876e-05,3.330064486633116e-05,5.55357926628158e-07,5.6424080457601683e-08,70.50490157492459
3394,3616,3.941327440233199e-05,3.330034565432208e-05,5.548755014087895e-07,5.641737339220172e-08,70.52512778714299
3395,3617,3.9405578109723815e-05,3.3284399280929746e-05,5.551855151190239e-07,5.693236776038332e-08,70.54545914940536
3396,3619,3.940174720036804e-05,3.328880029279936e-05,5.539478054800678e-07,5.7346885276799856e-08,70.57291268743575
3397,3620,3.939277264630175e-05,3.3249805898902096e-05,5.561542981742027e-07,5.8142376565763136e-08,70.59320418536663
3398,3621,3.938471723799132e-05,3.323023828970723e-05,5.564300084733734e-07,5.901788635503461e-08,70.61336553189903
3399,3622,3.937746152197718e-05,3.3226378053223767e-05,5.562779952903089e-07,5.883035158503259e-08,70.63361425604671
3400,3623,3.937152999983196e-05,3.32209213433898e-05,5.557801620897804e-07,5.928070355443557e-08,70.65393580775708
3401,3624,3.936561995452169e-05,3.3217415256441094e-05,5.555403707877942e-07,5.928009902026586e-08,70.67418196238577
3402,3625,3.936051566875316e-05,3.320706887886046e-05,5.557721117707012e-07,5.957256721856799e-08,70.69513147510588
3403,3626,3.935745724646039e-05,3.3197985946556556e-05,5.565060833484693e-07,5.944104664191398e-08,70.71536498796195
3404,3627,3.935489767518392e-05,3.319640483629223e-05,5.567403545081682e-07,5.910892938100152e-08,70.73558947164565
3405,3628,3.9352266914747004e-05,3.31865781813504e-05,5.574784428627265e-07,5.9090430476933475e-08,70.75589476898313
3406,3629,3.93502352749723e-05,3.3179832779214385e-05,5.580403159927707e-07,5.8999933583020805e-08,70.7761166896671
3407,3630,3.934686501485042e-05,3.316756486891961e-05,5.587502354935203e-07,5.917977909956098e-08,70.79637243784964
3408,3631,3.9343190912751326e-05,3.315249910476324e-05,5.595079590815239e-07,5.956122171728491e-08,70.81661454495043
3409,3632,3.934087204500609e-05,3.3114787255681863e-05,5.627331312503748e-07,5.98753476820476e-08,70.8368411231786
3410,3634,3.933683536010636e-05,3.3126099369877406e-05,5.614239015652884e-07,5.964969745760721e-08,70.86439146660268
3411,3635,3.933196458019742e-05,3.3101110025972884e-05,5.626306681948213e-07,6.045478722763219e-08,70.88464831933379
3412,3636,3.932821297780598e-05,3.3094412885361045e-05,5.63008927536101e-07,6.037108170839227e-08,70.90561116114259
3413,3637,3.932034076100201e-05,3.308964436675888e-05,5.630313280315808e-07,6.003831139273286e-08,70.92586338426918
3414,3638,3.931309335051363e-05,3.307170287465417e-05,5.645074511696492e-07,5.963159641629622e-08,70.9461150020361
3415,3639,3.9304631247489056e-05,3.308232947292563e-05,5.628181846217237e-07,5.94119928346189e-08,70.9664154984057
3416,3640,3.929581361691681e-05,3.307401821037829e-05,5.629812333422213e-07,5.919830731163103e-08,70.98676103632897
3417,3641,3.92867970571012e-05,3.307453946354996e-05,5.617769799920468e-07,5.944877936307715e-08,71.00702210329473
3418,3642,3.927751428894765e-05,3.306205285053915e-05,5.616488299011625e-07,5.989731393968748e-08,71.02724885568023
3419,3643,3.92617992470042e-05,3.304463068259272e-05,5.615962681778797e-07,6.012058826326807e-08,71.04747820459306
3420,3644,3.924271587089036e-05,3.300605093390707e-05,5.634851456339836e-07,6.018134806434525e-08,71.067726704292
3421,3646,3.9235200166661186e-05,3.298331008687878e-05,5.650249354660695e-07,6.016407251217137e-08,71.09515602700412
3422,3647,3.9213683758275774e-05,3.2899278563678687e-05,5.717685297516418e-07,5.967198970806654e-08,71.11542108096182
3423,3648,3.9194771771780237e-05,3.285459448619264e-05,5.743717366870672e-07,5.964599187169193e-08,71.13568201102316
3424,3649,3.917076597776304e-05,3.28111105756654e-05,5.775225355390362e-07,5.844300467072806e-08,71.1559785651043
3425,3650,3.915161818435291e-05,3.2727864090317263e-05,5.835177965748907e-07,5.885761282867382e-08,71.17622861266136
3426,3651,3.913190919788539e-05,3.266425343917187e-05,5.874259670419795e-07,5.933960882937244e-08,71.19645352382213
3427,3652,3.911077195268403e-05,3.255443757087433e-05,5.934607512982226e-07,6.217268688274758e-08,71.21709230728447
3428,3653,3.909767008636768e-05,3.251054260375632e-05,5.952915816377407e-07,6.34211666233962e-08,71.23790398146957
3429,3654,3.9075655240230287e-05,3.243202671471637e-05,5.977635334453408e-07,6.659931910605103e-08,71.25859018042684
3430,3655,3.9061150527550884e-05,3.244648078972269e-05,5.95104627866159e-07,6.636234591666028e-08,71.27887363079935
3431,3656,3.904349009484441e-05,3.2460936799436314e-05,5.91266331041622e-07,6.698899849918759e-08,71.29953564237803
3432,3657,3.90217871818054e-05,3.247673227460274e-05,5.878681451607095e-07,6.663734555955631e-08,71.31979225296527
3433,3658,3.8996218719488746e-05,3.2522423777956857e-05,5.813342413060467e-07,6.604525284714192e-08,71.34007451869547
3434,3659,3.898274282392937e-05,3.252089988756416e-05,5.804345276108326e-07,6.574976602568875e-08,71.36040551401675
3435,3660,3.8968179837211526e-05,3.252368200019155e-05,5.782942778909189e-07,6.615550581107853e-08,71.38065312895924
3436,3661,3.8955925571691416e-05,3.253388880806848e-05,5.758799574221104e-07,6.632371894018282e-08,71.4009100664407
3437,3662,3.8936699901766034e-05,3.2543326073741985e-05,5.727377655327627e-07,6.659961726964205e-08,71.42115037888288
3438,3663,3.891946637565964e-05,3.2599107085458276e-05,5.650431787238634e-07,6.699275029627274e-08,71.44137534499168
3439,3665,3.8908483809370456e-05,3.2598968587328116e-05,5.636308537807735e-07,6.73206684234605e-08,71.46882840525359
3440,3666,3.888927899548662e-05,3.259950424012817e-05,5.612564197877868e-07,6.772105574805751e-08,71.48909314256161
3441,3667,3.886252774882523e-05,3.260912028224914e-05,5.580994766513766e-07,6.724127000623259e-08,71.50930754747242
3442,3668,3.8847154339990694e-05,3.2579415010162386e-05,5.586900400409522e-07,6.808389294187858e-08,71.52953167632222
3443,3669,3.882573878695443e-05,3.2547461223320765e-05,5.581286547104742e-07,6.969910165289222e-08,71.54977913293988
3444,3670,3.8806300115114266e-05,3.2514376997686616e-05,5.582860699442731e-07,7.090624179849239e-08,71.57010832615197
3445,3671,3.879642302011337e-05,3.253071368523885e-05,5.533218969546504e-07,7.324903653280132e-08,71.59044083859771
3446,3672,3.8782278914777615e-05,3.249731187079529e-05,5.567409254045301e-07,7.175577899370211e-08,71.61068613734096
3447,3673,3.877144216052023e-05,3.2461602614283526e-05,5.605734410151491e-07,7.041051360852122e-08,71.63090021908283
3448,3674,3.875524340717218e-05,3.247073873852158e-05,5.583835364223215e-07,7.006693044273873e-08,71.65121895540506
3449,3675,3.874067240046114e-05,3.247953780528434e-05,5.558744150395347e-07,7.023904447814533e-08,71.67152011487633
3450,3676,3.8728134534862965e-05,3.2446044496783314e-05,5.58263829197802e-07,6.994517461016351e-08,71.69183201901615
3451,3677,3.870704540139505e-05,3.2394856901148524e-05,5.637021189715236e-07,6.751673105312894e-08,71.712133388035
3452,3678,3.8682681187419195e-05,3.234861330093061e-05,5.63942473199306e-07,6.946431544955217e-08,71.73242507781833
3453,3679,3.865050060106458e-05,3.230851819138326e-05,5.655528737684361e-07,6.864536719969597e-08,71.75278205424547
3454,3680,3.860411100737041e-05,3.228545406833801e-05,5.620281868401869e-07,6.983750706305344e-08,71.77306083962321
3455,3681,3.855284393609125e-05,3.2242825366376706e-05,5.599394014307073e-07,7.106245554074722e-08,71.79340886231512
3456,3682,3.849400177566301e-05,3.2113792189512464e-05,5.568373870988438e-07,8.118357151621105e-08,71.81366532947868
3457,3683,3.843426556848787e-05,3.212652359743984e-05,5.532405396582451e-07,7.753365744655778e-08,71.83391799964011
3458,3685,3.838144488438679e-05,3.209918707604241e-05,5.502579193712997e-07,7.796786146313783e-08,71.86140193697065
3459,3686,3.828806426688521e-05,3.1934177204676113e-05,5.548388265917902e-07,8.05498796291198e-08,71.88245843723416
3460,3687,3.822927585978571e-05,3.1802579358676795e-05,5.594390734426166e-07,8.323057666827438e-08,71.90281116310507
3461,3688,3.818296889430839e-05,3.158877044067184e-05,5.727154698877953e-07,8.670437547585975e-08,71.92307814769447
3462,3689,3.810220095480224e-05,3.164461773965784e-05,5.649256229590526e-07,8.083269855538803e-08,71.94385567493737
3463,3691,3.807414008613646e-05,3.157303125375761e-05,5.642947939102589e-07,8.581608932762568e-08,71.97155903838575
3464,3692,3.800040738745974e-05,3.151085990582043e-05,5.627778372291982e-07,8.617691093473333e-08,71.99194827396423
3465,3694,3.7932981853105725e-05,3.1440133956471726e-05,5.626513824248848e-07,8.663340723851499e-08,72.01933301333338
3466,3695,3.7866756825707146e-05,3.133491772410963e-05,5.65717878404772e-07,8.746603175497922e-08,72.03956742864102
3467,3696,3.777782238935418e-05,3.1266595281420804e-05,5.63523482975433e-07,8.759922781790468e-08,72.05985924322158
3468,3697,3.7766284258310904e-05,3.1341917399542296e-05,5.593857698069082e-07,8.305091606995302e-08,72.08009744342417
3469,3698,3.7678671461606423e-05,3.127456592232071e-05,5.538217815706171e-07,8.658877235795398e-08,72.10039910115302
3470,3699,3.765947498957149e-05,3.1229687072291756e-05,5.501566579631525e-07,9.282213376482083e-08,72.12063181679696
3471,3700,3.7613430781832956e-05,3.119132098976502e-05,5.528336184674951e-07,8.937736073929817e-08,72.14087432343513
3472,3701,3.756377706691042e-05,3.111592567825713e-05,5.548970442104028e-07,8.98880946549251e-08,72.16114050522447
3473,3702,3.750506721484341e-05,3.1092040148969035e-05,5.534122787149648e-07,8.789042787247312e-08,72.18138942401856
3474,3703,3.742560172893715e-05,3.0919860063045746e-05,5.557082797140999e-07,9.486588687504125e-08,72.20160907506943
3475,3704,3.735246899307177e-05,3.080439636611664e-05,5.547377952812049e-07,1.0006946741430864e-07,72.22182442620397
3476,3705,3.7273187282645007e-05,3.071029623752829e-05,5.570653169211378e-07,9.922378759053329e-08,72.24208118300885
3477,3706,3.721289976491779e-05,3.059065484866573e-05,5.649164176496673e-07,9.730807397553921e-08,72.26238080393523
3478,3707,3.717354906948383e-05,3.059735520930096e-05,5.679355941417901e-07,8.96837918764972e-08,72.28265788406134
3479,3708,3.708146470317099e-05,3.059168209619069e-05,5.602600372510492e-07,8.871822344698067e-08,72.30292861629277
3480,3709,3.7016443487502546e-05,3.0465440344404742e-05,5.652469394565837e-07,8.985337485319676e-08,72.32316361740232
3481,3710,3.6968738799013777e-05,3.039440705737749e-05,5.701046390738423e-07,8.732853508978614e-08,72.34346223529428
3482,3711,3.689755550675032e-05,3.0386883259253436e-05,5.709851881641633e-07,8.008203658552506e-08,72.36376892589033
3483,3712,3.681694797476452e-05,3.0379587805039043e-05,5.629438411081529e-07,8.079217586439434e-08,72.3840054133907
3484,3713,3.677169004456024e-05,3.0339274595414246e-05,5.623551169825909e-07,8.088642793200859e-08,72.40427054092288
3485,3714,3.672552256232098e-05,3.0479693186792425e-05,5.454312040804929e-07,7.915173347236259e-08,72.42493323329836
3486,3715,3.663607599424082e-05,3.0409713349909707e-05,5.47158691709662e-07,7.547757272344973e-08,72.44524367246777
3487,3716,3.658907656968985e-05,3.0367643769617752e-05,5.4497145051726e-07,7.717182948994955e-08,72.46551568713039
3488,3717,3.655621699710499e-05,3.0397706052541967e-05,5.420591999530084e-07,7.379189450329405e-08,72.48576441127807
3489,3718,3.6509034473728335e-05,3.035161838961045e-05,5.411530199211837e-07,7.458858849060434e-08,72.50603641290218
3490,3719,3.6475917177534955e-05,3.0293168922402107e-05,5.432239127419387e-07,7.505091277134576e-08,72.5262860134244
3491,3720,3.643094916989362e-05,3.0191943100067987e-05,5.475435418383487e-07,7.63570651442145e-08,72.54662348330021
3492,3721,3.6380676503730084e-05,3.010402587633733e-05,5.519471916059174e-07,7.571787113335795e-08,72.56687198765576
3493,3722,3.6314697762810386e-05,3.0008993956871082e-05,5.558555069432649e-07,7.4714873650666e-08,72.58708131033927
3494,3723,3.624733988621861e-05,2.9891715497004078e-05,5.6067203497541e-07,7.489040394604298e-08,72.60732463281602
3495,3724,3.6184999588647116e-05,2.9835551773598906e-05,5.641865758630244e-07,7.075820564179708e-08,72.6275645615533
3496,3725,3.6125466380642355e-05,2.9834161782132344e-05,5.576935582711705e-07,7.143690157983032e-08,72.64787057507783
3497,3726,3.606298212431048e-05,2.9817523841783864e-05,5.551916234625725e-07,6.935420479008928e-08,72.66853350400925
3498,3727,3.602083209793503e-05,2.97697423194635e-05,5.544771518167569e-07,7.063182603039616e-08,72.6887611746788
3499,3728,3.59603837462837e-05,2.968115635315637e-05,5.539301305885018e-07,7.399260872423154e-08,72.70976423099637
3500,3729,3.5868603432513657e-05,2.9554190887936597e-05,5.607198953613012e-07,7.072135909640505e-08,72.73000663518906
3501,3730,3.5794775703027626e-05,2.9352915694924508e-05,5.748800597122075e-07,6.930594109810383e-08,72.75022734515369
3502,3731,3.5711416278550785e-05,2.929543069372485e-05,5.747181654512276e-07,6.688039303136581e-08,72.77049080468714
3503,3732,3.562509899075121e-05,2.932429574873442e-05,5.63569751870272e-07,6.651057233140702e-08,72.79069358482957
3504,3733,3.557405652625496e-05,2.9370307327765157e-05,5.571257249452996e-07,6.324919490368084e-08,72.81093039456755
3505,3734,3.555219997707288e-05,2.947168151024688e-05,5.439207979931447e-07,6.413104868945496e-08,72.83165725786239
3506,3735,3.5496450524933387e-05,2.9411215536902535e-05,5.428304813906459e-07,6.569301741243928e-08,72.8519070353359
3507,3736,3.546274898759832e-05,2.931971183149913e-05,5.501988142328728e-07,6.410490137704638e-08,72.87221226934344
3508,3737,3.5416379370415624e-05,2.9224760637174357e-05,5.53025060962935e-07,6.613681236119172e-08,72.89242568612099
3509,3738,3.535241135708854e-05,2.919032634081695e-05,5.473044949907191e-07,6.890400663644015e-08,72.9126947298646
3510,3740,3.530452605645313e-05,2.918545609806331e-05,5.449073601240199e-07,6.699963571496181e-08,72.94015178270638
3511,3741,3.5256696106106855e-05,2.9140836497592906e-05,5.422811395738969e-07,6.930482127749817e-08,72.96038755401969
3512,3742,3.52338571631565e-05,2.917046492435272e-05,5.385008801694272e-07,6.783834371095095e-08,72.98070236947387
3513,3743,3.521422349671607e-05,2.9141234339148957e-05,5.39156641773322e-07,6.814227398338875e-08,73.00104017555714
3514,3744,3.520095243569039e-05,2.9092822671703247e-05,5.40109953274733e-07,7.070302312398142e-08,73.02132502943277
3515,3745,3.5185643720973535e-05,2.9106436293352238e-05,5.379731703876659e-07,6.994757237446344e-08,73.04155057203025
3516,3746,3.5166214828860086e-05,2.9104656972504523e-05,5.374813818806223e-07,6.867440375493433e-08,73.06180416978896
3517,3747,3.5146266821432846e-05,2.910917927491498e-05,5.35215114584309e-07,6.849364006747804e-08,73.08206421229988
3518,3748,3.512388805938695e-05,2.9110006738828768e-05,5.305975197508104e-07,7.07906123050079e-08,73.10233995784074
3519,3749,3.5104451008033635e-05,2.9111830819201234e-05,5.273270141379378e-07,7.19350047453019e-08,73.12257410772145
3520,3750,3.5085826470251306e-05,2.9103012037564842e-05,5.254799803680433e-07,7.280146290060286e-08,73.14361094869673
3521,3751,3.506137176807174e-05,2.9098576758732206e-05,5.210578155540948e-07,7.522168537985809e-08,73.16392807010561
3522,3752,3.504612314287632e-05,2.9072455579332525e-05,5.213424498427078e-07,7.602430651167142e-08,73.1841543391347
3523,3753,3.502767319087567e-05,2.9034431828353024e-05,5.240735946296142e-07,7.525054162265097e-08,73.20441461633891
3524,3754,3.500112509193756e-05,2.9034416531388435e-05,5.220329747196289e-07,7.463788133528353e-08,73.22465945594013
3525,3755,3.4978811732586946e-05,2.9019752139203365e-05,5.200618759599495e-07,7.584408337840822e-08,73.24494304135442
3526,3756,3.495980792106718e-05,2.8998773996905832e-05,5.204555460020683e-07,7.564784641406651e-08,73.26523954607546
3527,3757,3.494273986534968e-05,2.900371895729564e-05,5.178459304341767e-07,7.605616037122757e-08,73.28550848830491
3528,3758,3.492850018352913e-05,2.9012441874761485e-05,5.148940795621753e-07,7.671175131458963e-08,73.30574087705463
3529,3759,3.491073609732502e-05,2.9008669154524625e-05,5.117154120017732e-07,7.849128227826618e-08,73.32599695492536
3530,3760,3.4895164815515826e-05,2.9003425721911814e-05,5.098373209154255e-07,7.933658844497549e-08,73.3462914051488
3531,3761,3.487867663592293e-05,2.9000779645079765e-05,5.088840226046778e-07,7.890567647963881e-08,73.36652849800885
3532,3762,3.486631552079178e-05,2.897346330432778e-05,5.097097703481451e-07,7.957545129825506e-08,73.38680621329695
3533,3763,3.485210345311357e-05,2.897184375749604e-05,5.101977695945988e-07,7.78281999671549e-08,73.4070438677445
3534,3764,3.483212558279692e-05,2.8964112622176107e-05,5.103699103667847e-07,7.643138569529721e-08,73.42729923594743
3535,3765,3.4813782679780796e-05,2.8966058634324948e-05,5.097998347972367e-07,7.497256974834788e-08,73.44765870831907
3536,3766,3.479085207577126e-05,2.896573996638181e-05,5.069387317375871e-07,7.557247920135808e-08,73.46797500364482
3537,3767,3.476894971275044e-05,2.8980851413627078e-05,5.031435738288792e-07,7.566625608345711e-08,73.48828256782144
3538,3768,3.475783067810503e-05,2.8983856190530875e-05,5.006919643694885e-07,7.670548438792662e-08,73.50856278743595
3539,3769,3.4753590014901625e-05,2.898221824927003e-05,5.004792327482984e-07,7.6657943814861e-08,73.52888148836792
3540,3770,3.474772287629982e-05,2.896178543558967e-05,5.022539763997421e-07,7.633976767127308e-08,73.54929185565561
3541,3771,3.474095409274114e-05,2.8949035162582258e-05,5.037725665604946e-07,7.54193264553937e-08,73.5696521513164
3542,3772,3.473256054153556e-05,2.893421706576673e-05,5.055170324058535e-07,7.431731517102938e-08,73.58991146367043
3543,3773,3.472165794361319e-05,2.8932818051576837e-05,5.057491283327575e-07,7.313486087087748e-08,73.6102478262037
3544,3774,3.471378830094995e-05,2.8963342850595594e-05,5.027455555375043e-07,7.229898949793188e-08,73.63050190825015
3545,3775,3.470134811483765e-05,2.89733285139058e-05,5.000939243145655e-07,7.270803577861956e-08,73.65159256383777
3546,3776,3.468882484893112e-05,2.8970382891863044e-05,4.982650435663817e-07,7.357915214042588e-08,73.67181515693665
3547,3777,3.467682233280502e-05,2.8993007803649947e-05,4.936208463028997e-07,7.476060661260736e-08,73.6920346012339
3548,3778,3.4669666431906774e-05,2.901322978904872e-05,4.908030251412584e-07,7.48406391445471e-08,73.71228819712996
3549,3779,3.466313492438802e-05,2.904452274544138e-05,4.884450712286327e-07,7.341614666603106e-08,73.73257440514863
3550,3780,3.465764180504405e-05,2.905645284689913e-05,4.869932901171425e-07,7.31256056973493e-08,73.75285029783845
3551,3781,3.4652798814203796e-05,2.907369814483202e-05,4.855145455834207e-07,7.239552135375658e-08,73.77412727288902
3552,3782,3.4644753431959104e-05,2.9088976132878165e-05,4.835885426517108e-07,7.19891872563831e-08,73.79434541240335
3553,3783,3.463733685700134e-05,2.9095947748294553e-05,4.820196219247161e-07,7.211928894596242e-08,73.81458439491689
3554,3784,3.463086367743971e-05,2.909520063861804e-05,4.808578016450152e-07,7.270850223715198e-08,73.83489715959877
3555,3785,3.462482924495428e-05,2.9074944232402197e-05,4.812756375218934e-07,7.371286373331483e-08,73.85524168610573
3556,3786,3.46149845742385e-05,2.904427957252388e-05,4.824503668864597e-07,7.462013328500292e-08,73.87554739136249
3557,3787,3.460664062439278e-05,2.9034025585455934e-05,4.832923176724597e-07,7.396918622122503e-08,73.89585921727121
3558,3788,3.4597685586722844e-05,2.9004357681276526e-05,4.860838876562212e-07,7.324890288841049e-08,73.91601935401559
3559,3789,3.459203032953175e-05,2.8986907147939526e-05,4.875438069293745e-07,7.296851122984773e-08,73.93625494465232
3560,3790,3.458709453395971e-05,2.8970019953820912e-05,4.890321602803026e-07,7.267529773357681e-08,73.95656382385641
3561,3791,3.4581271476753715e-05,2.8973731815217856e-05,4.877550235996951e-07,7.299894255389094e-08,73.97693090606481
3562,3792,3.4575147101858154e-05,2.8982205918631516e-05,4.85773454270863e-07,7.352066405180085e-08,73.99723176192492
3563,3793,3.4569306089499694e-05,2.897670070273018e-05,4.850338837389781e-07,7.422665493797335e-08,74.01746078301221
3564,3794,3.4563633347024505e-05,2.8981814698293822e-05,4.846844199338797e-07,7.349744493918879e-08,74.03769493289292
3565,3795,3.455989999808276e-05,2.895809590154099e-05,4.865428456671941e-07,7.363756398698271e-08,74.05811668094248
3566,3796,3.455683011228151e-05,2.895013183182374e-05,4.882439215881115e-07,7.242590645766537e-08,74.07838200312108
3567,3797,3.455378351167546e-05,2.8948165367854333e-05,4.890383100351446e-07,7.152350434696828e-08,74.09876094479114
3568,3798,3.4550749770706194e-05,2.8947806392822348e-05,4.890036487671347e-07,7.129068902124976e-08,74.11904415674508
3569,3800,3.4547814300563136e-05,2.8944818615153965e-05,4.892089573782187e-07,7.10906111626982e-08,74.1465523224324
3570,3802,3.454207272539805e-05,2.8947986449593575e-05,4.892089873683983e-07,7.019964021204972e-08,74.17397889029235
3571,3803,3.453510882749462e-05,2.8952132415932182e-05,4.881659081622344e-07,7.013173299400866e-08,74.19425096176565
3572,3804,3.452697582498466e-05,2.894580330868897e-05,4.878178281731008e-07,7.029942345646792e-08,74.21445872634649
3573,3806,3.4523506025758576e-05,2.8952296485437123e-05,4.877559194743394e-07,6.936503455780573e-08,74.24184538796544
3574,3807,3.4518639719745354e-05,2.89313383441484e-05,4.898108287197511e-07,6.891930883994389e-08,74.2621745383367
3575,3808,3.451524381458155e-05,2.8932644986557334e-05,4.897246610115077e-07,6.8535221790914e-08,74.28241690807045
3576,3809,3.45122391463026e-05,2.893857969318033e-05,4.892049138470737e-07,6.81610314651531e-08,74.30270273797214
3577,3810,3.450957590074376e-05,2.8946539039556355e-05,4.880865767185343e-07,6.821710940020637e-08,74.3230844931677
3578,3811,3.450604007664391e-05,2.895672749214396e-05,4.862733989010615e-07,6.865785954893332e-08,74.3433622950688
3579,3812,3.450247486095284e-05,2.8963407415671553e-05,4.850253868607184e-07,6.888135766741035e-08,74.36366096418351
3580,3813,3.449889191345657e-05,2.8957949682694295e-05,4.839770698996366e-07,7.011715317659113e-08,74.38390952162445
3581,3814,3.449620866495236e-05,2.8954814840689884e-05,4.842112801917115e-07,6.992810223453584e-08,74.40417136438191
3582,3815,3.449409063468012e-05,2.8950948765728032e-05,4.843222835277417e-07,6.999190336746697e-08,74.4244275437668
3583,3816,3.4491987602718984e-05,2.895181918633413e-05,4.842152522610081e-07,6.980158937747699e-08,74.44468211103231
3584,3817,3.448994383845651e-05,2.895450471694557e-05,4.83694643368743e-07,6.984926878235089e-08,74.46538223605603
3585,3818,3.4488217804680134e-05,2.896088227026618e-05,4.827682628572076e-07,6.996529058418813e-08,74.48564307205379
3586,3819,3.44867799553548e-05,2.896879212688559e-05,4.81735332729752e-07,7.006345011716942e-08,74.50587680656463
3587,3820,3.4485616903390384e-05,2.8971885140146665e-05,4.813273605087745e-07,7.004581581559718e-08,74.52626734413207
3588,3821,3.448446671810838e-05,2.8970186127364557e-05,4.811341966898126e-07,7.029386238456915e-08,74.54650968685746
3589,3822,3.4482748623975724e-05,2.896407714162903e-05,4.818366416532006e-07,7.003050658146846e-08,74.56677565071732
3590,3823,3.448076124454716e-05,2.8953967326976135e-05,4.825890695532175e-07,7.009032220388437e-08,74.58743646088988
3591,3825,3.447924734259324e-05,2.8929238509585377e-05,4.852283114199892e-07,6.977257188079696e-08,74.61487587727606
3592,3826,3.447620742485825e-05,2.8926089971204336e-05,4.855712922100688e-07,6.944045315532224e-08,74.63597070612013
3593,3827,3.4472272012163036e-05,2.8923975986106915e-05,4.857385027934766e-07,6.909109981213529e-08,74.6562722036615
3594,3828,3.4468340786692197e-05,2.89290622655574e-05,4.857312217895327e-07,6.819663032394676e-08,74.67655635159463
3595,3829,3.4462785186740004e-05,2.893631342491025e-05,4.852638292814997e-07,6.738334690147572e-08,74.69680368900299
3596,3830,3.445512848486878e-05,2.8951026500571958e-05,4.843901759613269e-07,6.602002246835569e-08,74.71703189890832
3597,3831,3.444768669567516e-05,2.8964989836906883e-05,4.828680389705548e-07,6.540164690627303e-08,74.73724923469126
3598,3832,3.4441975265819916e-05,2.897079378223701e-05,4.818802274384545e-07,6.523792091983655e-08,74.75759416073561
3599,3833,3.44389528043845e-05,2.8972142361148745e-05,4.811239737878753e-07,6.555707053570057e-08,74.77783118281513
3600,3834,3.443660511025959e-05,2.8976535055948507e-05,4.806006709280689e-07,6.540633450303924e-08,74.79811572935432
3601,3835,3.443353114955449e-05,2.8969374095845484e-05,4.807120581037173e-07,6.570364726718301e-08,74.81842330656946
3602,3836,3.443093851602683e-05,2.898344118275342e-05,4.795022136911459e-07,6.524751963619535e-08,74.8387340111658
3603,3837,3.442875284973269e-05,2.8988950807863833e-05,4.788710368317241e-07,6.510916735516191e-08,74.85911628045142
3604,3838,3.4425087380376734e-05,2.90002746948994e-05,4.777125414903689e-07,6.476872705736486e-08,74.87938560638577
3605,3839,3.441837054510658e-05,2.9015183299679803e-05,4.7588735252388266e-07,6.443137201879578e-08,74.89978219009936
3606,3840,3.4412661951626856e-05,2.9023904862649693e-05,4.7444965526151505e-07,6.442605363620143e-08,74.92003326956183
3607,3841,3.440668951681344e-05,2.9012721419160575e-05,4.746775005648467e-07,6.471930920044022e-08,74.94030285067856
3608,3842,3.440209691464314e-05,2.8983153696014646e-05,4.766304022139408e-07,6.52639196489087e-08,74.96061366423965
3609,3843,3.439964419930212e-05,2.8962528104978535e-05,4.781668139273117e-07,6.554479550504667e-08,74.98092680890113
3610,3844,3.439526082389672e-05,2.8941684460416408e-05,4.79760550505062e-07,6.559708584296948e-08,75.00124875176698
3611,3845,3.4388615301788114e-05,2.8924560802593443e-05,4.80746928806715e-07,6.565852111275163e-08,75.02151580061764
3612,3846,3.437713486252322e-05,2.8900418756287622e-05,4.817797061146026e-07,6.5891904508957e-08,75.04177896212786
3613,3848,3.437278052694778e-05,2.889311037045625e-05,4.81647544984654e-07,6.631947066449865e-08,75.06910403538495
3614,3849,3.436401289370347e-05,2.889046751863344e-05,4.80720073099957e-07,6.663446440704603e-08,75.08934954646975
3615,3850,3.4357836916221604e-05,2.8887172529377896e-05,4.801221000676573e-07,6.694433861671355e-08,75.10970589332283
3616,3851,3.435323874794931e-05,2.8895189792481563e-05,4.792356842877298e-07,6.656921125904509e-08,75.13000752776861
3617,3852,3.434930525503067e-05,2.8887755245064665e-05,4.793201999518656e-07,6.683480104473515e-08,75.15030910540372
3618,3853,3.4343489905072245e-05,2.887511400022985e-05,4.798587021406748e-07,6.697888834356499e-08,75.17058468237519
3619,3854,3.4329200688146714e-05,2.8845658755951192e-05,4.811550545638692e-07,6.719913865568275e-08,75.1908288570121
3620,3855,3.431156105372916e-05,2.880290250090314e-05,4.822327947472821e-07,6.86330605353198e-08,75.21110868919641
3621,3856,3.428951491732589e-05,2.8784256190928332e-05,4.811490975321014e-07,6.93767751076543e-08,75.23136187996715
3622,3857,3.42698880644981e-05,2.8767127513469128e-05,4.793876359341231e-07,7.088841916877428e-08,75.25161469727755
3623,3858,3.4248031394117505e-05,2.879036406086913e-05,4.744560906356307e-07,7.131064268920699e-08,75.27187216375023
3624,3859,3.421816238634681e-05,2.883072291402363e-05,4.67866282691495e-07,7.087766454082287e-08,75.29210850782692
3625,3860,3.417790153606491e-05,2.8871488269365757e-05,4.610403479235994e-07,6.960097874631625e-08,75.31235408131033
3626,3861,3.4140279274245495e-05,2.8949068468981014e-05,4.4851404300983997e-07,7.060703751660782e-08,75.33255819883198
3627,3862,3.407914165319022e-05,2.8980178546398658e-05,4.4392225616142367e-07,6.59740545177327e-08,75.35287587158382
3628,3863,3.4049157299155606e-05,2.8871411923050088e-05,4.5158586612620364e-07,6.618867148434859e-08,75.37312362529337
3629,3864,3.401491932145977e-05,2.8841893687975647e-05,4.5185883936712864e-07,6.54437239812836e-08,75.3933692695573
3630,3865,3.398747312387522e-05,2.880497894192988e-05,4.517078047651852e-07,6.654161342934884e-08,75.41362529341131
3631,3866,3.395675428346547e-05,2.8795088862037863e-05,4.5020858515808876e-07,6.595795698467227e-08,75.43386243470013
3632,3867,3.391650614358224e-05,2.8747762288201245e-05,4.504156995746646e-07,6.645868596343488e-08,75.4541620882228
3633,3869,3.3888239708603795e-05,2.8678841764188418e-05,4.515051411739225e-07,6.943465326761484e-08,75.48160666879267
3634,3871,3.3849078752309836e-05,2.862444973332951e-05,4.51782362343414e-07,7.068053955461878e-08,75.50906756240875
3635,3872,3.3805444976393886e-05,2.8601925151723845e-05,4.4828736374591263e-07,7.206461872109161e-08,75.52930353209376
3636,3873,3.376065097467947e-05,2.8606368465574665e-05,4.4438547306240464e-07,7.104277784807582e-08,75.54956522583961
3637,3874,3.36976575031062e-05,2.8573378550409798e-05,4.416397864604446e-07,7.078810880919546e-08,75.57025921344757
3638,3875,3.363905133855436e-05,2.8497743183288217e-05,4.4406835238943534e-07,7.00624631371787e-08,75.59051573369652
3639,3876,3.3595594658173315e-05,2.844707910075091e-05,4.459822597005104e-07,6.886929604173007e-08,75.6108030276373
3640,3877,3.355598226879083e-05,2.836713671727815e-05,4.529313517183212e-07,6.595320343294672e-08,75.63107642158866
3641,3878,3.352740869988013e-05,2.831986119507637e-05,4.54260149077425e-07,6.649460140295081e-08,75.65221090894192
3642,3879,3.3487302763128275e-05,2.8316043085582195e-05,4.5229659973198464e-07,6.482936802262368e-08,75.67244957387447
3643,3880,3.346272992814344e-05,2.830811573468666e-05,4.5025123375184484e-07,6.521018559383293e-08,75.69272088631988
3644,3881,3.3432260940060515e-05,2.8281630776538694e-05,4.5056975108878783e-07,6.449326526339448e-08,75.71297367289662
3645,3882,3.3407737916432684e-05,2.8241519042383214e-05,4.532085040861763e-07,6.341338331877074e-08,75.73323231283575
3646,3883,3.338399734569894e-05,2.8259370831141556e-05,4.4658859574921013e-07,6.587405570652864e-08,75.75356235355139
3647,3884,3.335065295615415e-05,2.8214892237055927e-05,4.457561521938149e-07,6.781991971600749e-08,75.7738068671897
3648,3885,3.330659284247736e-05,2.819152699436016e-05,4.4698772435807715e-07,6.451886045364277e-08,75.79402426630259
3649,3886,3.327042274070151e-05,2.8134575569330283e-05,4.4737498946851357e-07,6.620972766860953e-08,75.8142583752051
3650,3887,3.320603581695089e-05,2.8037385313733183e-05,4.4746274846061977e-07,6.940230186115104e-08,75.83446875587106
3651,3888,3.3128003200527e-05,2.7921753120997338e-05,4.46984374856552e-07,7.364063309641406e-08,75.85486007388681
3652,3889,3.30526085249349e-05,2.7818844585613835e-05,4.4222607146410957e-07,8.115032246799666e-08,75.87512795533985
3653,3890,3.2942406652968424e-05,2.784548809548251e-05,4.243372758434211e-07,8.535457990516982e-08,75.89534968975931
3654,3891,3.2820198709307724e-05,2.785423397691644e-05,4.1741895868167747e-07,7.91775145574511e-08,75.91557987872511
3655,3892,3.2740025654053014e-05,2.786046471294976e-05,4.0981488290764976e-07,7.814121120267562e-08,75.93584166280925
3656,3893,3.2710674616456167e-05,2.7896526018775004e-05,4.0542064097275623e-07,7.599421879536049e-08,75.95706078223884
3657,3894,3.259683415302197e-05,2.786632137412343e-05,3.937835522742483e-07,7.926772561560565e-08,75.97736720740795
3658,3895,3.2552685141524816e-05,2.783083638654057e-05,3.973687787407312e-07,7.481609675769326e-08,75.99759613815695
3659,3896,3.251056620802738e-05,2.7787365597172683e-05,3.955635460038867e-07,7.675651508158312e-08,76.01822689641267
3660,3898,3.246773574111954e-05,2.7764311339572227e-05,3.9427628282612433e-07,7.606615732860651e-08,76.04561888799071
3661,3899,3.245779740223018e-05,2.774376539456363e-05,3.919171109812486e-07,7.948608978540612e-08,76.06592190172523
3662,3900,3.239854628177897e-05,2.7772033501037926e-05,3.8646828783888637e-07,7.618299023521824e-08,76.086200511083
3663,3901,3.236651808866008e-05,2.7728495037202785e-05,3.8859272037612846e-07,7.52095847696013e-08,76.10636673588306
3664,3902,3.2334163589507296e-05,2.7694680009858538e-05,3.8790002230141673e-07,7.604833566345909e-08,76.12656745687127
3665,3903,3.229071816327749e-05,2.7651865212181753e-05,3.8606858851014357e-07,7.781670659943008e-08,76.14681780338287
3666,3905,3.226910373673073e-05,2.7610676999561573e-05,3.8589731782977194e-07,7.99453558871441e-08,76.1743825841695
3667,3906,3.22336030107375e-05,2.7576694468962085e-05,3.865547396060393e-07,7.913611457150249e-08,76.19471726100892
3668,3907,3.216132347062022e-05,2.7501027522274512e-05,3.9010374407079513e-07,7.59258507637758e-08,76.21494824998081
3669,3908,3.214819061288179e-05,2.7481548058775954e-05,3.9027945424330206e-07,7.63848011672818e-08,76.2357823131606
3670,3909,3.208485753826753e-05,2.7448948255208495e-05,3.9094598330350046e-07,7.264494500240316e-08,76.25612891186029
3671,3910,3.206339772553987e-05,2.74790761859009e-05,3.823756348609267e-07,7.605651910297031e-08,76.2764198128134
3672,3911,3.201394165099624e-05,2.7459921553000596e-05,3.843012107073241e-07,7.110079909224025e-08,76.29671073518693
3673,3912,3.198614167364648e-05,2.7456767793551237e-05,3.842951894606256e-07,6.864219854889931e-08,76.31699602305889
3674,3913,3.196397836854332e-05,2.7465938446010583e-05,3.824768121463756e-07,6.732718010689757e-08,76.33725539315492
3675,3914,3.1954290602204016e-05,2.744075239176037e-05,3.822221704787521e-07,6.913165056561264e-08,76.35750976577401
3676,3915,3.194141271993022e-05,2.7461980752260834e-05,3.794038620742174e-07,6.85393346927213e-08,76.3777468772605
3677,3916,3.191596955444303e-05,2.7428747376428095e-05,3.8282892149241376e-07,6.589329630907982e-08,76.39797665830702
3678,3917,3.190126655072024e-05,2.7407718571698495e-05,3.8270399308043545e-07,6.66508048217391e-08,76.41820657812059
3679,3918,3.188230154036436e-05,2.7414389203315256e-05,3.812632554705205e-07,6.552797823438964e-08,76.43843527976424
3680,3919,3.185776933589498e-05,2.7436581182899942e-05,3.780508169590057e-07,6.406799834049828e-08,76.45875844359398
3681,3920,3.1833622259821536e-05,2.748585959298183e-05,3.717534265112554e-07,6.302284017271507e-08,76.47898618504405
3682,3922,3.1817341420828326e-05,2.7538819214544362e-05,3.6594142391753926e-07,6.191079671085744e-08,76.50681491289288
3683,3923,3.18015348763744e-05,2.7535465203978068e-05,3.643700194844565e-07,6.223694775517676e-08,76.52758842520416
3684,3924,3.178831081539605e-05,2.7532416909024183e-05,3.6334079537955885e-07,6.22485952576282e-08,76.548398764804
3685,3925,3.1778108295746204e-05,2.751208054266634e-05,3.635116358797333e-07,6.309113942825329e-08,76.56907794903964
3686,3926,3.1767086732357945e-05,2.748676192858469e-05,3.6545492762908926e-07,6.257755274823649e-08,76.58936827909201
3687,3927,3.175520566313544e-05,2.7480348425217326e-05,3.6595675212179243e-07,6.152897167001877e-08,76.60966633632779
3688,3928,3.1737813314582204e-05,2.74791550581069e-05,3.6654251046418607e-07,5.9323315183343947e-08,76.62994182668626
3689,3929,3.172438218197743e-05,2.7485288977317e-05,3.6562205196337164e-07,5.8287268502671296e-08,76.65028417482972
3690,3930,3.170990855534288e-05,2.748120799156121e-05,3.6422396265967925e-07,5.864609371848802e-08,76.67048352304846
3691,3931,3.169429888188133e-05,2.7468980846215045e-05,3.6242590380624303e-07,6.01058997603859e-08,76.69072136003524
3692,3932,3.168635472959615e-05,2.746326168488367e-05,3.6002301471482904e-07,6.22862897564186e-08,76.71107614785433
3693,3933,3.1677538872919386e-05,2.7453454896297263e-05,3.605608647242101e-07,6.18475329380018e-08,76.73133014608175
3694,3934,3.165723927020447e-05,2.742945424820721e-05,3.6197381520413057e-07,6.080468699559582e-08,76.75153797864914
3695,3935,3.164618053393083e-05,2.741910420342543e-05,3.6256553055750203e-07,6.014210249303817e-08,76.77182868123055
3696,3936,3.163379462134943e-05,2.7409872528437886e-05,3.630502925039813e-07,5.934191678717278e-08,76.79211830627173
3697,3937,3.162357986114782e-05,2.7396834013799205e-05,3.641058447155235e-07,5.856874001933737e-08,76.81234590429813
3698,3938,3.161651001372804e-05,2.738469666611955e-05,3.652763762570012e-07,5.7904958503847816e-08,76.83267446327955
3699,3939,3.1610974522379444e-05,2.737172804715479e-05,3.6658324493565706e-07,5.734140258680848e-08,76.85297637432814
3700,3940,3.16057836954506e-05,2.7355393726370447e-05,3.684093208629653e-07,5.6629676045050083e-08,76.87324556522071
3701,3941,3.160253543404469e-05,2.7351370018913268e-05,3.6893786229029216e-07,5.617867922284998e-08,76.89348911121488
3702,3942,3.1599180184689245e-05,2.7345698105663677e-05,3.69354639085332e-07,5.599356881722472e-08,76.9137448836118
3703,3943,3.159294833585159e-05,2.7326845882429702e-05,3.7082615342793297e-07,5.578409191425577e-08,76.93400309607387
3704,3944,3.158932358334805e-05,2.7330805782910903e-05,3.7028735311058655e-07,5.5564426933127696e-08,76.9542732629925
3705,3945,3.158239921779824e-05,2.731570757758748e-05,3.709035454855124e-07,5.57656185355635e-08,76.97456522472203
3706,3946,3.15747030137043e-05,2.729719091141445e-05,3.7211223074687506e-07,5.5638979482109325e-08,76.99486526381224
3707,3947,3.1566538506014014e-05,2.7271172938819613e-05,3.7378954712024735e-07,5.5747009599192704e-08,77.01510605029762
3708,3948,3.155820351372515e-05,2.7250884682664787e-05,3.7487749866827533e-07,5.585438443776105e-08,77.03538814093918
3709,3949,3.154792497179487e-05,2.7227635734532375e-05,3.758707343167679e-07,5.615818940948203e-08,77.05563549697399
3710,3950,3.153973434981656e-05,2.7217415755386184e-05,3.759823034449962e-07,5.624955599804167e-08,77.07587490044534
3711,3951,3.153010499763438e-05,2.7191983457738455e-05,3.7731360976913143e-07,5.649854422046086e-08,77.09663462638855
3712,3952,3.1522588784562644e-05,2.7181129002341998e-05,3.7803628799076887e-07,5.610969023129555e-08,77.11689584888518
3713,3953,3.151569812760354e-05,2.718118269988285e-05,3.7778613270749665e-07,5.5665410064572254e-08,77.13712840992957
3714,3954,3.1509997852449736e-05,2.7173167210930542e-05,3.78811224832413e-07,5.4871839319506586e-08,77.15745055489242
3715,3955,3.1504256582234174e-05,2.716969914132386e-05,3.7926358637021624e-07,5.419215772081516e-08,77.1777946613729
3716,3956,3.149707577215436e-05,2.7153929463488775e-05,3.80476407601911e-07,5.3838223264647103e-08,77.19804335013032
3717,3957,3.149120023834939e-05,2.714989131842247e-05,3.8042293349153117e-07,5.370795850116081e-08,77.2183082588017
3718,3958,3.148376436773769e-05,2.71364447205327e-05,3.8103293632983524e-07,5.369902839066328e-08,77.23905858770013
3719,3959,3.148089877566498e-05,2.7106432923819516e-05,3.829485798277052e-07,5.449800535684138e-08,77.25937908142805
3720,3960,3.146658548364281e-05,2.7094572765248125e-05,3.840573898816062e-07,5.3143881957862154e-08,77.27964160218835
3721,3961,3.145729371474597e-05,2.7090318430897837e-05,3.8393704229636243e-07,5.276048608845144e-08,77.29987723007798
3722,3962,3.144785177463838e-05,2.706652230238676e-05,3.8687873971788076e-07,5.125420750728114e-08,77.32010227907449
3723,3963,3.1439993508608676e-05,2.705878133160199e-05,3.8714340689847636e-07,5.0977810802192155e-08,77.34035788383335
3724,3964,3.1432517902692655e-05,2.70375688935548e-05,3.890430605572773e-07,5.0451840356507945e-08,77.36066161002964
3725,3965,3.142221493387859e-05,2.702912196768474e-05,3.8872488365368416e-07,5.0584412965700705e-08,77.38095395546407
3726,3967,3.141765994104743e-05,2.701380659562728e-05,3.901022118344073e-07,5.028312270760777e-08,77.4084217660129
3727,3968,3.140884077668667e-05,2.7006279856367537e-05,3.8906801512588495e-07,5.1188076906028864e-08,77.42866377811879
3728,3969,3.140330664126653e-05,2.7016770303622277e-05,3.863947733972712e-07,5.225886036715375e-08,77.44896264001727
3729,3970,3.140065273247147e-05,2.7011480025524632e-05,3.869277999357529e-07,5.198947075893065e-08,77.46930138766766
3730,3971,3.13985077649316e-05,2.700801762901856e-05,3.87253892958852e-07,5.179512063245244e-08,77.48961172718555
3731,3972,3.1396306975644356e-05,2.700361142794234e-05,3.8788074585970134e-07,5.1388808910500275e-08,77.50997781939805
3732,3973,3.1394634962510046e-05,2.700385278888765e-05,3.882133078679485e-07,5.0864909494290986e-08,77.53031068481505
3733,3974,3.1392014917605454e-05,2.6997954382397797e-05,3.8864719529554945e-07,5.0758858225216187e-08,77.55065388604999
3734,3975,3.138969381034004e-05,2.6995718746592843e-05,3.8856599134006256e-07,5.0831515034656647e-08,77.57098146341741
3735,3976,3.13877517614327e-05,2.6996977031164585e-05,3.8821468858959636e-07,5.0862784437215796e-08,77.59130937606096
3736,3977,3.138665707346053e-05,2.699618998256334e-05,3.8853842777292505e-07,5.050828131679362e-08,77.61153462715447
3737,3978,3.138583315095235e-05,2.699844814976602e-05,3.8828970863039553e-07,5.044879148823681e-08,77.63180983159691
3738,3978,3.138583315095235e-05,2.699844814976602e-05,3.8828970863039553e-07,5.044879148823681e-08,77.64519543666393
