{
  "N": 10,
  "method": "LiL-Q",
  "n_outer_iters": 9,
  "solve_time_total": 0.5154688358306885,
  "training_time": 0.5154688358306885,
  "pde_mse": 0.002924527188512056,
  "cont_mse": 0.0025051357460717408,
  "rel_l2_u": 0.02885634689706813,
  "rel_l2_v": 0.12957534942996524,
  "rel_l2_p": 0.4826619470209992,
  "final_loss": 0.002924527188512056,
  "converged": true
}