iter,phase,t_cum_s,loss_total,loss_xmom,loss_ymom,loss_cont,loss_bc,w_xmom,w_ymom,w_cont,w_bc,lr_or_mu,grad_norm,eps_u,eps_v,eps_p,eps_p_meanfree,accepted,n_evals
1,lm,0.563,1.1808960633237846,0.7241628788191641,0.3332727147856757,0.1125333743828488,0.010927095336095868,1.0,1.0,1.0,1.0,0.005000000000000001,12.133983802664076,0.07899856907477676,0.3593610668065859,2.2169576656398275,1.0009742546919331,1,4
2,lm,0.768,0.9372518162430477,0.577457591993715,0.25787855987813724,0.10000326582510503,0.0019123985460903616,1.0,1.0,1.0,1.0,0.005000000000000001,5.808896359666632,0.08167298697857232,0.3468961579113088,2.150964759355529,0.9886922049181938,1,6
3,lm,0.989,0.6841896151031945,0.44799534344797,0.16621529531765455,0.06582041619604986,0.004158560141520218,1.0,1.0,1.0,1.0,0.005000000000000001,4.347016550524537,0.06663086881344321,0.26900244228178805,2.1320699960245055,0.9736721281617762,1,8
4,lm,1.193,0.4846552197556979,0.2951490800525484,0.1397936273074392,0.049638651913400486,7.386048230976494e-05,1.0,1.0,1.0,1.0,0.005000000000000001,4.021389619601055,0.06003644106747222,0.33166299081725564,1.9952402558193691,0.9452771694072762,1,10
5,lm,1.397,0.3080461882939686,0.19678105408690774,0.07354232676889125,0.03431313771759678,0.0034096697205728563,1.0,1.0,1.0,1.0,0.005000000000000001,2.586696996383094,0.04922164691477453,0.27772585290542107,1.8074295048662405,0.9029670959873805,1,12
6,lm,1.601,0.18882667272565407,0.10443364234484559,0.06228258748500075,0.022087306239866558,2.3136655941162325e-05,1.0,1.0,1.0,1.0,0.005000000000000001,2.0276077673746213,0.04563457382380982,0.3066454655681514,1.632388431197223,0.8318068097267831,1,14
7,lm,1.806,0.07823173822623772,0.042660545643229665,0.023608975866117488,0.011956069931953934,6.146784936628253e-06,1.0,1.0,1.0,1.0,0.005000000000000001,1.4764098297284687,0.03960887802759571,0.29155572233993043,1.5002566401581967,0.7720718282376814,1,16
8,lm,2.010,0.03563462115380733,0.0177383053372161,0.010813439250246502,0.0069999931009676625,8.288346537706448e-05,1.0,1.0,1.0,1.0,0.005000000000000001,0.7335360015830997,0.035525302023845136,0.2651544452998252,1.410722173102607,0.7104075560795631,1,18
9,lm,2.194,0.03441790157318981,0.017886957351069058,0.010456175997534796,0.005615766790549897,0.0004590014340360582,1.0,1.0,1.0,1.0,0.0010000000000000002,0.44607282644682844,0.03297035204848056,0.22904831778642648,1.255416986119447,0.6228139925652265,1,19
10,lm,2.399,0.014113658532105862,0.006710977125998645,0.004550430853737231,0.002838641875515989,1.36086768539965e-05,1.0,1.0,1.0,1.0,0.0010000000000000002,0.6681649656968487,0.03211062856746246,0.20531776926013992,1.1378072932803696,0.5590294407016926,1,21
11,lm,2.603,0.00609778970214327,0.0025031818430790082,0.0017473994187399305,0.0018423775164830881,4.8309238412428665e-06,1.0,1.0,1.0,1.0,0.0010000000000000002,0.3388602124643974,0.030201819739660494,0.18841109240088152,1.0375673556740475,0.5043825007467196,1,23
12,lm,2.807,0.003550356466027021,0.0012000355600009227,0.0009676023120599282,0.0013826359953749605,8.259859120953526e-08,1.0,1.0,1.0,1.0,0.0010000000000000002,0.1994669313706341,0.02857334390446344,0.1749868096679336,0.9624104415423266,0.4623657227317018,1,25
13,lm,3.012,0.002571835865225196,0.0007929767286230475,0.0006689128185445939,0.0011099430002934705,3.3177640842144686e-09,1.0,1.0,1.0,1.0,0.0010000000000000002,0.12503440840416113,0.02750855087155406,0.1649077727755491,0.9059009447430267,0.4310866674919245,1,27
14,lm,3.216,0.00208942111049385,0.0006251272074012272,0.0005322777256195198,0.0009319952943497272,2.0883123375814564e-08,1.0,1.0,1.0,1.0,0.0010000000000000002,0.054604056781705,0.026602107230316148,0.15751786688834285,0.8611676019736331,0.40690142669179263,1,29
15,lm,3.420,0.001769366952710156,0.0005187970771758476,0.00044637758036753937,0.0008041914132573635,8.819094051961197e-10,1.0,1.0,1.0,1.0,0.0010000000000000002,0.03621572357157974,0.02582305680795255,0.15139488492785574,0.8226293640824082,0.386579361899408,1,31
16,lm,3.624,0.001537951393222213,0.00044626956026623494,0.0003858306096303891,0.0007058509549715178,2.6835407099891256e-10,1.0,1.0,1.0,1.0,0.0010000000000000002,0.02430444923356017,0.025120864213745785,0.14632751446020137,0.788665014394238,0.36909939666638397,1,33
17,lm,3.809,0.0014760904999110216,0.0004932166858252266,0.00046109128629863303,0.0005214650819830934,3.1744580406863333e-07,1.0,1.0,1.0,1.0,0.00020000000000000006,0.018451033302652138,0.02319693342916074,0.13350264113386306,0.7044523212692644,0.3261747509340151,1,34
18,lm,4.013,0.0009436641632782184,0.0002842284615150459,0.0002688221267259561,0.0003905795878968299,3.398714038654763e-08,1.0,1.0,1.0,1.0,0.00020000000000000006,0.136825573258588,0.02165263251494553,0.12529727232853646,0.6427618671722206,0.29401685915076814,1,36
19,lm,4.218,0.000726664330534505,0.0002116691146685153,0.00020071475709157542,0.0003142387927481163,4.1666026297917666e-08,1.0,1.0,1.0,1.0,0.00020000000000000006,0.06059903634252793,0.020545152692413457,0.11897863137926211,0.5970456271299946,0.2708236232150942,1,38
20,lm,4.422,0.0005888348312786675,0.00016851382695772156,0.00015837159898363416,0.00026188484534478017,6.455999253169946e-08,1.0,1.0,1.0,1.0,0.00020000000000000006,0.052258893967935205,0.019636485639599275,0.11413717092182425,0.5613048819551262,0.25318542154742596,1,40
21,lm,4.626,0.0004961256842908425,0.00013995087939259104,0.00013242321641290317,0.00022373702745121464,1.456103413351568e-08,1.0,1.0,1.0,1.0,0.00020000000000000006,0.034824691618987914,0.01885103762457063,0.11022908590741692,0.5315074971540682,0.23914808425847525,1,42
22,lm,4.830,0.0004294067038382101,0.00012067910576218527,0.00011446781233821182,0.00019425903240294812,7.533348649465232e-10,1.0,1.0,1.0,1.0,0.00020000000000000006,0.02314047201634265,0.01815001404104939,0.10679530999841587,0.5059831147928301,0.2274013209841646,1,44
23,lm,5.035,0.0003780272492290847,0.00010661759721160382,0.00010059711926365097,0.00017080689805910426,5.634694725645175e-09,1.0,1.0,1.0,1.0,0.00020000000000000006,0.018930556494485908,0.017520056261072423,0.10372667600539423,0.4835394983570369,0.21723526715110464,1,46
24,lm,5.239,0.00033677517288125796,9.562139338884e-05,8.950244225090456e-05,0.0001516493241091827,2.013132330686298e-09,1.0,1.0,1.0,1.0,0.00020000000000000006,0.017436742565095392,0.0169600505752063,0.10101510257605519,0.4636653110004725,0.20830623946219173,1,48
25,lm,5.443,0.00030296455689928414,8.668536609017418e-05,8.049473848837702e-05,0.00013578445149522642,8.255065176645874e-13,1.0,1.0,1.0,1.0,0.00020000000000000006,0.014989966285651342,0.016463147907363182,0.09863507919278382,0.44612099369311736,0.20043589025971065,1,50
26,lm,5.648,0.0002749881204078735,7.921251360887017e-05,7.316471818870751e-05,0.00012261034493542,5.436748758350639e-10,1.0,1.0,1.0,1.0,0.00020000000000000006,0.011603970291391437,0.016020750287203792,0.096511648448227,0.4306479577646099,0.19346760170407384,1,52
27,lm,5.852,0.000251677121388722,7.287599681025415e-05,6.716242228039295e-05,0.00011163769805407669,1.0042439982033785e-09,1.0,1.0,1.0,1.0,0.00020000000000000006,0.008623952987709543,0.015625348787422912,0.09457086578826611,0.4169332030020717,0.1872540277464502,1,54
28,lm,6.056,0.00023208566804882325,6.746007580073766e-05,6.217872588477156e-05,0.00010244563896314368,1.2274001703077631e-09,1.0,1.0,1.0,1.0,0.00020000000000000006,0.006642753074966418,0.015269605385597055,0.09276558287795453,0.40469624107266067,0.18168123406511189,1,56
29,lm,6.261,0.000215441607020799,6.278596725948532e-05,5.7971584681042816e-05,9.468275051727116e-05,1.3045629997253351e-09,1.0,1.0,1.0,1.0,0.00020000000000000006,0.005411617488724173,0.014945995733148174,0.09106955009405163,0.39371614771107516,0.17666218212595164,1,58
30,lm,6.466,0.00020113085078772997,5.8700144092868866e-05,5.4361497431400734e-05,8.806794447697872e-05,1.2647864816554963e-09,1.0,1.0,1.0,1.0,0.00020000000000000006,0.004614619002968464,0.014647902674143986,0.08946712700974752,0.38381034411485304,0.17212263481922732,1,60
31,lm,6.670,0.0001886887071002346,5.508137322141748e-05,5.1221746853911875e-05,8.238441631431531e-05,1.170710589909036e-09,1.0,1.0,1.0,1.0,0.00020000000000000006,0.0040820030412412785,0.01437067050312205,0.08794865818129911,0.374819307431225,0.16799804772696378,1,62
32,lm,6.874,0.0001777758394173635,5.1842910513242e-05,4.846515849941418e-05,7.746670833379428e-05,1.0620709129850075e-09,1.0,1.0,1.0,1.0,0.00020000000000000006,0.003707693070444322,0.014111696636806448,0.08650863130518927,0.36660340503658767,0.1642339831781028,1,64
33,lm,7.079,0.00016814376236137527,4.892688249841578e-05,4.602974588340237e-05,7.31861869719422e-05,9.470076149183267e-10,1.0,1.0,1.0,1.0,0.00020000000000000006,0.003403810147714138,0.013869733400462457,0.0851440813246282,0.3590426754958955,0.16078431489001416,1,66
34,lm,7.283,0.00015960160171141834,4.629473341550719e-05,4.386710513812864e-05,6.943893918592742e-05,8.239718551046617e-10,1.0,1.0,1.0,1.0,0.00020000000000000006,0.003108310086291789,0.013644053392458172,0.08385309786315209,0.35203624380030174,0.15760846692410083,1,68
35,lm,7.467,0.00015677819755644478,4.971120406794034e-05,4.687654120852964e-05,6.014673076824552e-05,4.372151172929277e-08,1.0,1.0,1.0,1.0,4.000000000000002e-05,0.0027989506865228005,0.01295466842673624,0.07913515809663085,0.32884900945946866,0.14728369268275096,1,69
36,lm,7.672,0.00012496097202558656,3.705191460221962e-05,3.659082730619069e-05,5.127495059654901e-05,4.327952062724066e-08,1.0,1.0,1.0,1.0,4.0000000000000024e-05,0.03589024331023009,0.012337464088945585,0.07561563755287423,0.31011236093712996,0.1389315584323095,1,71
37,lm,7.876,0.00010728358723377061,3.101361547485398e-05,3.114979055607066e-05,4.505769027822348e-05,6.249092462249363e-08,1.0,1.0,1.0,1.0,4.0000000000000024e-05,0.021371305250036887,0.011816456375093421,0.07249329838041042,0.29366812008177495,0.1315813781773347,1,73
38,lm,8.080,9.4309796750861e-05,2.695717839723975e-05,2.718730836464611e-05,4.01035619525859e-05,6.174803638925341e-08,1.0,1.0,1.0,1.0,4.0000000000000024e-05,0.0170144026646751,0.011349414865477593,0.06963034825857964,0.2791056833594259,0.1250237774228715,1,75
39,lm,8.285,8.397057563186078e-05,2.3898424617198675e-05,2.4123274066263715e-05,3.591867450868987e-05,3.0202439708521414e-08,1.0,1.0,1.0,1.0,4.0000000000000024e-05,0.015372662181541909,0.010921920630180016,0.0670300967386286,0.2659930462740379,0.11908432750094974,1,77
40,lm,8.489,7.544535278459867e-05,2.1400900662062074e-05,2.170506718843497e-05,3.233272372956591e-05,6.661204535718741e-09,1.0,1.0,1.0,1.0,4.0000000000000024e-05,0.013695261888904372,0.010527877321196632,0.06468210609580058,0.25423606506352614,0.1137337979993521,1,79
41,lm,8.693,6.836023837485642e-05,1.9333089224768723e-05,1.976230548978671e-05,2.9264497262232858e-05,3.463980681296084e-10,1.0,1.0,1.0,1.0,4.0000000000000024e-05,0.011708018548017961,0.01016217099668658,0.06254210298674504,0.24375732314640772,0.10891694151693114,1,81
42,lm,8.898,6.238639551904385e-05,1.7605731578353135e-05,1.813726069049742e-05,2.6643371209794127e-05,3.2040399167617215e-11,1.0,1.0,1.0,1.0,4.0000000000000024e-05,0.009989093788792983,0.009819973438159548,0.06056711426668543,0.2344073977573573,0.10454823190751249,1,83
43,lm,9.102,5.72800748239399e-05,1.6141113961612174e-05,1.672862682177487e-05,2.4410190636296298e-05,1.4340425655283806e-10,1.0,1.0,1.0,1.0,4.0000000000000024e-05,0.00863461344536318,0.00949806887779763,0.05873053172459731,0.22598330015228157,0.10054295885578061,1,85
44,lm,9.306,5.288097067549975e-05,1.488407719848649e-05,1.5487849335234375e-05,2.2508630174895382e-05,4.139668835073126e-10,1.0,1.0,1.0,1.0,4.0000000000000024e-05,0.007504402020388722,0.009194548104385537,0.05702264279945886,0.21828567507522906,0.09683334924818723,1,87
45,lm,9.510,4.906609676727224e-05,1.3798055024367575e-05,1.4387363332962501e-05,2.0879516379925366e-05,1.1620300167997468e-09,1.0,1.0,1.0,1.0,4.0000000000000024e-05,0.00657042718440016,0.008908507904972284,0.05544181711576742,0.2111552776427143,0.0933709244893994,1,89
46,lm,9.715,4.572668847434465e-05,1.2852107926024839e-05,1.340675559256263e-05,1.9465621071890454e-05,2.203883866725229e-09,1.0,1.0,1.0,1.0,4.0000000000000024e-05,0.005843848040416048,0.008639911614444063,0.053985578017479795,0.20448004245205206,0.09012348058744737,1,91
47,lm,9.919,4.276849776826969e-05,1.2016704150156125e-05,1.2529258724344127e-05,1.8219620267967322e-05,2.9146258021178254e-09,1.0,1.0,1.0,1.0,4.0000000000000024e-05,0.005321164053184788,0.008389107979095487,0.05264725040547853,0.19818592330825713,0.08706948666799255,1,93
48,lm,10.124,4.011967001682181e-05,1.1268534958515499e-05,1.1740940887447573e-05,1.710716427979189e-05,3.029891066844128e-09,1.0,1.0,1.0,1.0,4.0000000000000024e-05,0.004926712342282104,0.008156117274228419,0.05141638836534076,0.1922211767430064,0.08419215823638934,1,95
49,lm,10.328,3.7731121367624814e-05,1.0592693778845957e-05,1.1031088294795832e-05,1.6104556919532674e-05,2.7823744503527615e-09,1.0,1.0,1.0,1.0,4.0000000000000024e-05,0.004536964496208625,0.007940123486980474,0.05027974530604198,0.1865417263006462,0.08147551509002375,1,97
50,lm,10.532,3.556836325025961e-05,9.979856973092408e-06,1.0391167808134961e-05,1.5194878481165169e-05,2.4599878670776173e-09,1.0,1.0,1.0,1.0,4.0000000000000024e-05,0.0040784087981623465,0.007739439991633489,0.04922242687999066,0.18110434046779048,0.0789030964536203,1,99
51,lm,10.736,3.360280389022065e-05,9.422685064453547e-06,9.812872942222006e-06,1.4365071018462521e-05,2.1748650825788584e-09,1.0,1.0,1.0,1.0,4.0000000000000024e-05,0.00356578078980683,0.007551851282684611,0.048229366164567064,0.17586814735655357,0.07645859482642688,1,101
52,lm,10.942,3.180786170013616e-05,8.914097787924459e-06,9.287471260652923e-06,1.3604379476242862e-05,1.9131753159127273e-09,1.0,1.0,1.0,1.0,4.0000000000000024e-05,0.00306698091489576,0.007375061688354013,0.04728680009435374,0.17079956077259054,0.07412732175770247,1,103
53,lm,11.146,3.0159299706985646e-05,8.447282807697776e-06,8.806576004521503e-06,1.290380420710695e-05,1.6366876594201315e-09,1.0,1.0,1.0,1.0,4.0000000000000024e-05,0.002651139636338443,0.00720705859038626,0.04638353727488789,0.16587601171318,0.07189765979471059,1,105
54,lm,11.350,2.8636864291235208e-05,8.016351829670138e-06,8.363132622866093e-06,1.2256043546211619e-05,1.3362924873521286e-09,1.0,1.0,1.0,1.0,4.0000000000000024e-05,0.002352118589758382,0.007046324216186965,0.04551184465799631,0.161087100703697,0.06976204225757887,1,107
55,lm,11.554,2.722531566687042e-05,7.616906095744658e-06,7.951926606600155e-06,1.1655448048224928e-05,1.0349163006780625e-09,1.0,1.0,1.0,1.0,4.0000000000000024e-05,0.0021566462922117734,0.0068919006769579275,0.04466770353817825,0.15643361678551995,0.06771720924986388,1,109
56,lm,11.759,2.5914328714769525e-05,7.246218078917685e-06,7.569571680027649e-06,1.1097773395203137e-05,7.655606210594094e-10,1.0,1.0,1.0,1.0,4.0000000000000024e-05,0.00202111914107992,0.0067433387701295346,0.043850332705219736,0.15192498648617708,0.06576359379063902,1,111
57,lm,11.963,2.4697420459525646e-05,6.902955205904995e-06,7.214135465515311e-06,1.057977895252718e-05,5.508355781612682e-10,1.0,1.0,1.0,1.0,4.0000000000000024e-05,0.0019023255645601355,0.006600569701812392,0.043061161150670435,0.14757557351624045,0.0639039042823535,1,113
58,lm,12.168,2.3570342739029926e-05,6.5865501589272194e-06,6.88458211288291e-06,1.009881446268883e-05,3.960045309642016e-10,1.0,1.0,1.0,1.0,4.0000000000000024e-05,0.0017764023598228396,0.0064637422710894085,0.04230260150518082,0.14340049068440913,0.06214127300496593,1,115
59,lm,12.372,2.252948354191332e-05,6.296486229633756e-06,6.580205135352372e-06,9.652499007424806e-06,2.9316950238812107e-10,1.0,1.0,1.0,1.0,4.0000000000000024e-05,0.0016395072017144213,0.006333066219224338,0.04157695597931051,0.13941190423871586,0.060477541147497954,1,117
60,lm,12.576,2.1570720442915244e-05,6.031785744007253e-06,6.300185640788758e-06,9.238520122340031e-06,2.289357792081647e-10,1.0,1.0,1.0,1.0,4.0000000000000024e-05,0.0014993950720482976,0.006208691502849326,0.04088565741466341,0.1356166981789539,0.05891217587538191,1,119
61,lm,12.780,2.0688902948778995e-05,5.7908366041230535e-06,6.043342945710785e-06,8.854533297161325e-06,1.901017838312143e-10,1.0,1.0,1.0,1.0,4.0000000000000024e-05,0.0013665392325676574,0.006090635882076049,0.04022890343512354,0.13201578144780302,0.05744199923760881,1,121
62,lm,12.985,1.987787585852892e-05,5.5715007645824204e-06,5.8080742880150715e-06,8.49813469286575e-06,1.6611306567522385e-10,1.0,1.0,1.0,1.0,4.0000000000000024e-05,0.001248674127690156,0.0059787583704878884,0.03960563347975746,0.12860470595966414,0.056061576561524544,1,123
63,lm,13.189,1.913082751914691e-05,5.371355801057035e-06,5.5924342589885505e-06,8.16688798385164e-06,1.4947524968577714e-10,1.0,1.0,1.0,1.0,4.0000000000000024e-05,0.001149163642037581,0.005872768628541733,0.03901374172961096,0.12537499421186224,0.05476395213249981,1,125
64,lm,13.393,1.8440750118001025e-05,5.187939420399431e-06,5.394287757678381e-06,7.858387460630505e-06,1.3547929271077434e-10,1.0,1.0,1.0,1.0,4.0000000000000024e-05,0.001067813788169773,0.005772260076271143,0.038450408285009896,0.12231564231442363,0.0535414428397415,1,127
65,lm,13.598,1.7800861257528002e-05,5.018929408942829e-06,5.2114754795262434e-06,7.570334604905609e-06,1.2176415331966593e-10,1.0,1.0,1.0,1.0,4.0000000000000024e-05,0.0010024891161931671,0.005676754262379416,0.03791245067681497,0.1194144601709577,0.052386307458308204,1,129
66,lm,13.802,1.7204907946781086e-05,4.862244479646694e-06,5.0419503671688774e-06,7.30060538162816e-06,1.0771833735572815e-10,1.0,1.0,1.0,1.0,4.0000000000000024e-05,0.0009504603351519723,0.0055857454412171935,0.037396630471833545,0.11665909113941605,0.051291215924654986,1,131
67,lm,14.006,1.6647335619195296e-05,4.716080478017642e-06,4.8838675400943395e-06,7.047293852264946e-06,9.37488183670428e-11,1.0,1.0,1.0,1.0,4.0000000000000024e-05,0.0009090890274458659,0.005498737634301618,0.03689988256776494,0.1140376814025748,0.05024951766411571,1,133
68,lm,14.211,1.6123344102552077e-05,4.578905795511455e-06,4.735628869210889e-06,6.8087288348557116e-06,8.060297402393321e-11,1.0,1.0,1.0,1.0,4.0000000000000024e-05,0.0008759670299603982,0.005415270686667142,0.03641946073582351,0.11153924707108677,0.04925534886439889,1,135
69,lm,14.415,1.5628866504453795e-05,4.449437134826564e-06,4.595892233309185e-06,6.5834682176022124e-06,6.89187158329198e-11,1.0,1.0,1.0,1.0,4.0000000000000024e-05,0.0008488594006043777,0.005334935382398591,0.03595300939996391,0.10915382122108613,0.04830363202161505,1,137
70,lm,14.619,1.5160503607266858e-05,4.326609129840516e-06,4.463556941504719e-06,6.3702784952285255e-06,5.904069309718165e-11,1.0,1.0,1.0,1.0,4.0000000000000024e-05,0.0008257195663288078,0.00525737969441255,0.03549857906473345,0.10687246387838568,0.04739001612892245,1,139
71,lm,14.823,1.4715436962432906e-05,4.209544120842355e-06,4.3377351342121925e-06,6.1681066821811115e-06,5.102519724756287e-11,1.0,1.0,1.0,1.0,4.0000000000000024e-05,0.0008048191152545509,0.005182308832207047,0.035054603760915425,0.10468720025436119,0.04651079240533629,1,141
72,lm,15.028,1.4291335607702869e-05,4.097524019102958e-06,4.217716810778727e-06,5.97605005030443e-06,4.472751675542691e-11,1.0,1.0,1.0,1.0,4.0000000000000024e-05,0.0007848868965352853,0.005109481492842622,0.034619856409542155,0.1025909301397035,0.045662806394734246,1,143
73,lm,15.232,1.3886265971632966e-05,3.989964513957672e-06,4.10293417659069e-06,5.793327384781599e-06,3.989630300668692e-11,1.0,1.0,1.0,1.0,4.0000000000000024e-05,0.0007651555965811263,0.00503870413594407,0.03419339441378887,0.10057733246660283,0.04484337669260897,1,145
74,lm,15.436,1.3498611144945613e-05,3.8863916723403015e-06,3.992929198592949e-06,5.619254031673995e-06,3.624233836681567e-11,1.0,1.0,1.0,1.0,4.0000000000000024e-05,0.0007452934059046361,0.004969824493002562,0.03377450427045107,0.09864077619514824,0.04405022416332002,1,147
75,lm,15.640,1.3127003133211865e-05,3.78642118357032e-06,3.887326572265263e-06,5.453221899315912e-06,3.347806037063907e-11,1.0,1.0,1.0,1.0,4.0000000000000024e-05,0.0007252631723953668,0.00490272501439913,0.03336265094866016,0.09677624120689507,0.04328141224553362,1,149
76,lm,15.845,1.2770269468950939e-05,3.689740588045038e-06,3.785812852660662e-06,5.294684691925864e-06,3.133631937654833e-11,1.0,1.0,1.0,1.0,4.0000000000000024e-05,0.0007051698068766328,0.004837316598560193,0.03295743527522778,0.09497924920067939,0.042535297489465614,1,151
77,lm,16.049,1.2427393678209628e-05,3.5960947080183303e-06,3.6881214209089626e-06,5.143147970838804e-06,2.9578443531779904e-11,1.0,1.0,1.0,1.0,4.0000000000000024e-05,0.0006851414127276821,0.004773532739715832,0.032558560586420114,0.09324580323331237,0.04181048889679541,1,153
78,lm,16.254,1.209748772829707e-05,3.505274265056788e-06,3.594022295933489e-06,4.998163168387578e-06,2.7998919213966602e-11,1.0,1.0,1.0,1.0,4.0000000000000024e-05,0.0006652630387328388,0.004711324148334814,0.0321658084421369,0.0915723344319172,0.041105814452734396,1,155
79,lm,16.458,1.1779773804024564e-05,3.417107425965161e-06,3.503315520591182e-06,4.859324427130441e-06,2.6430337779701615e-11,1.0,1.0,1.0,1.0,4.0000000000000024e-05,0.0006455592624625366,0.004650653895318551,0.031779022214711634,0.08995565474404917,0.04042029323274301,1,157
80,lm,16.662,1.1473572518375834e-05,3.3314538241448007e-06,3.4158268626159173e-06,4.726267082455758e-06,2.4749159356227668e-11,1.0,1.0,1.0,1.0,4.0000000000000024e-05,0.0006260092043891205,0.0045914931557192,0.0313980967957231,0.08839291488645748,0.03975311154647126,1,159
81,lm,16.866,1.1178294834730327e-05,3.2482004750159316e-06,3.331404770844104e-06,4.5986667080742726e-06,2.2880796018395088e-11,1.0,1.0,1.0,1.0,4.0000000000000024e-05,0.0006065749999566403,0.004533817639829696,0.031022972436351146,0.08688156670225886,0.039103601720793975,1,161
82,lm,17.071,1.0893435422319877e-05,3.1672589456092816e-06,3.249917821167728e-06,4.476237853884896e-06,2.0801657972067848e-11,1.0,1.0,1.0,1.0,4.0000000000000024e-05,0.0005872288158713223,0.004477604780275283,0.030653630785678433,0.08541932898663383,0.03847122232744611,1,163
83,lm,17.275,1.0618565764944153e-05,3.0885631504749482e-06,3.1712521981595946e-06,4.358731880200412e-06,1.8536109198492125e-11,1.0,1.0,1.0,1.0,4.0000000000000024e-05,0.0005679700402561582,0.004422831695507231,0.030290091463595757,0.08400415568574852,0.03785553894330971,1,165
84,lm,17.479,1.035332600056765e-05,3.0120672271396827e-06,3.095309032212709e-06,4.245933593695121e-06,1.6147520138383756e-11,1.0,1.0,1.0,1.0,4.0000000000000024e-05,0.0005488302604974796,0.004369473888415353,0.02993240794424297,0.08263420540747175,0.03725620489537765,1,167
85,lm,17.683,1.0097415109181761e-05,2.9377430859835786e-06,3.022001614905755e-06,4.137656683970161e-06,1.3724322266196315e-11,1.0,1.0,1.0,1.0,4.0000000000000024e-05,0.0005298677336284896,0.004317504581892574,0.02958066205921236,0.0813078115027801,0.03667294185901037,1,169
86,lm,17.888,9.850579621593247e-06,2.8655774121745734e-06,2.951252633795988e-06,4.033738212099783e-06,1.136352290237993e-11,1.0,1.0,1.0,1.0,4.0000000000000024e-05,0.0005111551804051066,0.0042668945548544595,0.029234956968313807,0.08002345253810787,0.03610552058758849,1,171
87,lm,18.072,9.826966537922191e-06,3.034057486355431e-06,3.068853378697329e-06,3.7179719283309286e-06,6.083744538502536e-09,1.0,1.0,1.0,1.0,8.000000000000005e-06,0.0004927653363896254,0.004057360909769828,0.02778676471915537,0.07479512860212705,0.0339263590693711,1,172
88,lm,18.276,8.704774655666e-06,2.6427254142856883e-06,2.7100776617001975e-06,3.3499656362736734e-06,2.0059434064423424e-09,1.0,1.0,1.0,1.0,8.000000000000005e-06,0.008438335448389433,0.0038735358036924984,0.02646606877936992,0.07033908748274882,0.03190032863651915,1,174
89,lm,18.481,7.81600028199286e-06,2.336970212310045e-06,2.431206474930806e-06,3.0473472715624617e-06,4.76323189546746e-10,1.0,1.0,1.0,1.0,8.000000000000005e-06,0.00688023249887326,0.003708045283932894,0.02526763396900327,0.06644655043265772,0.03011733529464983,1,176
90,lm,18.686,7.085593154465631e-06,2.088601223894241e-06,2.2011179744267464e-06,2.7958469976559462e-06,2.6958488697654804e-11,1.0,1.0,1.0,1.0,8.000000000000005e-06,0.005800583633619755,0.003558424868429976,0.02418609203962608,0.06304544682112823,0.028553118256675974,1,178
91,lm,18.890,6.485559686572231e-06,1.8899220755525785e-06,2.0106711505523805e-06,2.5849438081756866e-06,2.265229158675902e-11,1.0,1.0,1.0,1.0,8.000000000000005e-06,0.004823647260319205,0.003422559016846678,0.023208516209970376,0.06006424786453518,0.027177671942326134,1,180
92,lm,19.094,5.990351296613598e-06,1.731079169642654e-06,1.8541517911409354e-06,2.4050364738611097e-06,8.386196889978631e-11,1.0,1.0,1.0,1.0,8.000000000000005e-06,0.00396319166760772,0.0032988201271091193,0.02232040516143436,0.05744078474084787,0.025960802953471893,1,182
93,lm,19.298,5.576505707336201e-06,1.6026154699118602e-06,1.7250823036286385e-06,2.248703518964372e-06,1.0441483133155253e-10,1.0,1.0,1.0,1.0,8.000000000000005e-06,0.0032362181467303274,0.0031858511248518376,0.021509769528623872,0.055120770910440146,0.024875603365736677,1,184
94,lm,19.503,5.224429314777112e-06,1.496747870239298e-06,1.6169516696726361e-06,2.1106297070281817e-06,1.0006783699613329e-10,1.0,1.0,1.0,1.0,8.000000000000005e-06,0.0026524536763786067,0.0030823822477699346,0.02076710315855985,0.05305614936461573,0.023899421498353626,1,186
95,lm,19.707,4.919148794457876e-06,1.4075488237155013e-06,1.5243590001287042e-06,1.9871485255758953e-06,9.244503777568035e-11,1.0,1.0,1.0,1.0,8.000000000000005e-06,0.002216943337203848,0.0029871811067017796,0.020084217478699793,0.05120457106902871,0.02301360930126868,1,188
96,lm,19.911,4.649829543124181e-06,1.330687973297517e-06,1.4432967615429037e-06,1.8757586776497514e-06,8.613063400945449e-11,1.0,1.0,1.0,1.0,8.000000000000005e-06,0.0019204607129558208,0.002899088723067544,0.0194535545987239,0.04952950291646019,0.022203024926618922,1,190
97,lm,20.115,4.4088088693928004e-06,1.263079699142828e-06,1.3709343393905025e-06,1.7747178716280619e-06,7.695923140819618e-11,1.0,1.0,1.0,1.0,8.000000000000005e-06,0.0017349569439466088,0.00281706470688851,0.018868159653368577,0.048000262459336335,0.021455594650787765,1,192
98,lm,20.320,4.1906693163337425e-06,1.2025556169644585e-06,1.3053042411094011e-06,1.6827488951459485e-06,6.056311393411995e-11,1.0,1.0,1.0,1.0,8.000000000000005e-06,0.0016215178604991889,0.002740212235706391,0.018321915552464235,0.04659167621107021,0.020761882812660313,1,194
99,lm,20.525,3.99154185506197e-06,1.1476006110150107e-06,1.2450518812520814e-06,1.598851628734408e-06,3.773406047025931e-11,1.0,1.0,1.0,1.0,8.000000000000005e-06,0.0015434901267034255,0.0026677840207807316,0.017809729213592064,0.045283417387931325,0.020114626011312194,1,196
100,lm,20.729,3.808622231132459e-06,1.0971555211973716e-06,1.1892575768276169e-06,1.5221939428563015e-06,1.51902511695442e-11,1.0,1.0,1.0,1.0,8.000000000000005e-06,0.0014751087243971778,0.002599176337235507,0.01732756548793661,0.04405921528690661,0.019508261694366605,1,198
101,lm,20.934,3.63982793206607e-06,1.0504726795684972e-06,1.1373015913312217e-06,1.4520520794964004e-06,1.5816699503458052e-12,1.0,1.0,1.0,1.0,8.000000000000005e-06,0.0014031157354503596,0.0025339165035829997,0.016872345823460654,0.04290610402346672,0.01893849990532531,1,200
102,lm,21.138,3.4835493262478988e-06,1.0070113372309747e-06,1.0887571094578724e-06,1.3877786760683948e-06,2.2034906566450184e-12,1.0,1.0,1.0,1.0,8.000000000000005e-06,0.001324293961805272,0.002471647119890494,0.01644176970197941,0.04181379493404221,0.018401969318415673,1,202
103,lm,21.342,3.338480111816062e-06,9.663665796988968e-07,1.0433114148165706e-06,1.3287858080222948e-06,1.6309278298853954e-11,1.0,1.0,1.0,1.0,8.000000000000005e-06,0.0012416678823696172,0.002412108725860831,0.016034115296402904,0.04077418463196432,0.017895946934217307,1,204
104,lm,21.547,3.2035176020109187e-06,9.282266268292174e-07,1.0007165968295219e-06,1.2745362851527453e-06,3.8093199434263326e-11,1.0,1.0,1.0,1.0,8.000000000000005e-06,0.0011607188038831211,0.0023551212897716797,0.01564805532261327,0.03978097323305301,0.01741816452848812,1,206
105,lm,21.751,3.077713378778355e-06,8.923501317435898e-07,9.607642073202516e-07,1.2245391674605832e-06,5.987225393037206e-11,1.0,1.0,1.0,1.0,8.000000000000005e-06,0.0010864010228466968,0.0023005645648442714,0.015282502007842065,0.03882935642828088,0.016966675031844694,1,208
106,lm,21.955,2.9602493496881006e-06,8.585531527739717e-07,9.23273719345521e-07,1.1783471356910802e-06,7.534187752741011e-11,1.0,1.0,1.0,1.0,8.000000000000005e-06,0.0010214814378067933,0.0022483579420878187,0.014936482560715858,0.03791575803114846,0.016539759762256946,1,210
107,lm,22.159,2.85041975728436e-06,8.26697725343546e-07,8.880859266671633e-07,1.1355546598909602e-06,8.144538269002959e-11,1.0,1.0,1.0,1.0,8.000000000000005e-06,0.0009662732608442051,0.0021984413120481714,0.014609044347986525,0.037037580270310705,0.016135861873845754,1,212
108,lm,22.364,2.747610747630129e-06,7.966787665367079e-07,8.550568842336067e-07,1.0957966063704146e-06,7.849048939931961e-11,1.0,1.0,1.0,1.0,8.000000000000005e-06,0.0009193308485978611,0.0021507588544804604,0.014299190950753727,0.03619296373568992,0.015753538121455874,1,214
109,lm,22.568,2.651278198122611e-06,7.684102159953484e-07,8.240519211180817e-07,1.058747028785247e-06,6.90322239336019e-11,1.0,1.0,1.0,1.0,8.000000000000005e-06,0.0008784501569544773,0.002105247320874692,0.014005850445103067,0.035380562155471605,0.015391425727020068,1,216
110,lm,22.772,2.560928084909601e-06,7.418129765528858e-07,7.949409459571069e-07,1.0241177794253874e-06,5.638297422053515e-11,1.0,1.0,1.0,1.0,8.000000000000005e-06,0.0008414782939806962,0.0020618294630439316,0.013727873996799455,0.03459934408787837,0.015048222425804093,1,218
111,lm,22.977,2.4761026353668074e-06,7.168065988345644e-07,7.67596030148789e-07,9.916565708045432e-07,4.343557891085001e-11,1.0,1.0,1.0,1.0,8.000000000000005e-06,0.0008067569411122118,0.0020204122210095285,0.013464058174483743,0.033848432814399025,0.014722676999076133,1,220
112,lm,23.181,2.396372781417117e-06,6.933051446608409e-07,7.41891262631089e-07,9.611442914916576e-07,3.208263352936228e-11,1.0,1.0,1.0,1.0,8.000000000000005e-06,0.0007732507656681097,0.0019808885123287893,0.013213181111435336,0.03312698978662094,0.014413586721673277,1,222
113,lm,23.385,2.321335370720174e-06,6.712164732292054e-07,7.177040927066722e-07,9.323916337200126e-07,2.3171064283512788e-11,1.0,1.0,1.0,1.0,8.000000000000005e-06,0.0007404804499073424,0.001943141158698718,0.012974042287047426,0.03243413997666865,0.014119798242710428,1,224
114,lm,23.589,2.2506129637406204e-06,6.504437335464262e-07,6.949171718283059e-07,9.052352893472895e-07,1.676901859877087e-11,1.0,1.0,1.0,1.0,8.000000000000005e-06,0.0007083647232004544,0.0019070476059627648,0.012745497923129307,0.03176893242999281,0.013840209412576753,1,226
115,lm,23.794,2.1838544385831975e-06,6.308879308439718e-07,6.734199415067621e-07,8.795340464046032e-07,1.251982786023089e-11,1.0,1.0,1.0,1.0,8.000000000000005e-06,0.0006770450496276799,0.0018724844605296279,0.01252648741695933,0.0311303272031749,0.01357377084054643,1,228
116,lm,23.998,2.1207353573879094e-06,6.124507357903275e-07,6.531096019253305e-07,8.551650833496952e-07,9.93632255652706e-12,1.0,1.0,1.0,1.0,8.000000000000005e-06,0.0006467395873409668,0.001839331283983037,0.012316049475625965,0.030517200113354955,0.013319486939574344,1,230
117,lm,24.202,2.060957676185769e-06,5.950370130092118e-07,6.338914191003974e-07,8.320206652659306e-07,8.578810229286605e-12,1.0,1.0,1.0,1.0,8.000000000000005e-06,0.000617648120276489,0.0018074734315262197,0.012113328882961625,0.029928358208380034,0.013076416671926784,1,232
118,lm,24.407,2.0042487700786986e-06,5.785567897303829e-07,6.156785106341241e-07,8.100053454935393e-07,8.12422065272031e-12,1.0,1.0,1.0,1.0,8.000000000000005e-06,0.0005899079412410216,0.0017768039451866971,0.011917575971185595,0.029362560664109916,0.012843674244649477,1,234
119,lm,24.611,1.9503599311909212e-06,5.629265645953701e-07,5.983913082053497e-07,7.890336950245172e-07,8.36336568413787e-12,1.0,1.0,1.0,1.0,8.000000000000005e-06,0.0005635869904419846,0.001747224630116492,0.011728141124914921,0.028818541424083265,0.012620429835963176,1,236
120,lm,24.815,1.8990645543657149e-06,5.480699827018147e-07,5.819568783628123e-07,7.690285275429769e-07,9.165758110909459e-12,1.0,1.0,1.0,1.0,8.000000000000005e-06,0.00053869693648544,0.0017186464850472273,0.011544466378681261,0.028295031166827283,0.012405910254155175,1,238
121,lm,25.019,1.8501562161505337e-06,5.33917983107992e-07,5.663082358737609e-07,7.499195570130164e-07,1.0440155764233572e-11,1.0,1.0,1.0,1.0,8.000000000000005e-06,0.0005152124928137576,0.0016909896579875051,0.011366075690353647,0.027790777133800747,0.012199399336188816,1,240
122,lm,25.224,1.8034468125729311e-06,5.20408563759131e-07,5.513837329963446e-07,7.316424108006354e-07,1.2105016819880281e-11,1.0,1.0,1.0,1.0,8.000000000000005e-06,0.0004930892599524631,0.0016641830781343023,0.01119256498010152,0.027304560036108254,0.012000237896642136,1,242
123,lm,25.428,1.7587648697181022e-06,5.074863129211146e-07,5.371265653832462e-07,7.141379190108519e-07,1.4072402889544984e-11,1.0,1.0,1.0,1.0,8.000000000000005e-06,0.0004722771974555256,0.0016381638879638554,0.011023592612720491,0.026835207746093777,0.011807823107208466,1,244
124,lm,25.632,1.7159540882229978e-06,4.951018355280217e-07,5.234844037612558e-07,6.97351605826684e-07,1.6243107036324707e-11,1.0,1.0,1.0,1.0,8.000000000000005e-06,0.0004527293723972918,0.0016128767714931023,0.01085887069524828,0.026381605802685275,0.011621607277022347,1,246
125,lm,25.836,1.6748721351185517e-06,4.832111687943707e-07,5.104091390083345e-07,6.812333183803866e-07,1.8508935459924933e-11,1.0,1.0,1.0,1.0,8.000000000000005e-06,0.0004344064698785956,0.001588273248745914,0.010698157351850432,0.025942704959604154,0.011441096082364008,1,248
126,lm,26.041,1.6353896585406006e-06,4.7177524429083926e-07,4.978567150155576e-07,6.657369407973077e-07,2.0758436896221514e-11,1.0,1.0,1.0,1.0,8.000000000000005e-06,0.0004172776914155212,0.0015643109834376063,0.010541250002006019,0.025517526105686687,0.011265846342365363,1,250
127,lm,26.245,1.5973894756870077e-06,4.6075942087563176e-07,4.857870173431586e-07,6.508201539235559e-07,2.288354466161594e-11,1.0,1.0,1.0,1.0,8.000000000000005e-06,0.00040131875780233776,0.0015409531315822812,0.010387979585107277,0.025105162922799757,0.011095463454058123,1,252
128,lm,26.449,1.5607658728665776e-06,4.5013308858562196e-07,4.7416378495553095e-07,6.36444213586029e-07,2.4785739395704624e-11,1.0,1.0,1.0,1.0,8.000000000000005e-06,0.00038650794720582437,0.0015181677435782762,0.01023820562858302,0.024704782644084964,0.010929598593490795,1,254
129,lm,26.654,1.5254239571808706e-06,4.398693289468378e-07,4.629545160317215e-07,6.225737310714079e-07,2.6381130903393855e-11,1.0,1.0,1.0,1.0,8.000000000000005e-06,0.0003728213145116227,0.0014959272214226673,0.010091812035957989,0.024315625251933617,0.010767945768519605,1,256
130,lm,26.858,1.4912790093876273e-06,4.299446111458306e-07,4.521303455915415e-07,6.091764483804069e-07,2.7604269848314233e-11,1.0,1.0,1.0,1.0,8.000000000000005e-06,0.00036022828210750064,0.0014742078258259568,0.00994870346793055,0.023937001428083506,0.010610238785105119,1,258
131,lm,27.062,1.4582558028999338e-06,4.203385040568221e-07,4.41665880856998e-07,5.962230073418253e-07,2.8410644288283344e-11,1.0,1.0,1.0,1.0,8.000000000000005e-06,0.0003486885749042147,0.0014529892246331253,0.009808802197184505,0.02356828953759399,0.010456248166703729,1,260
132,lm,27.266,1.426287871096146e-06,4.110333886666836e-07,4.315389886072165e-07,5.836867159843148e-07,2.877783793092667e-11,1.0,1.0,1.0,1.0,8.000000000000005e-06,0.00033815103252265283,0.0014322540732800767,0.009672045332148405,0.023208931898871035,0.01030577805058544,1,262
133,lm,27.471,1.395316720983252e-06,4.0201416179960365e-07,4.2173053611703723e-07,5.71543317737573e-07,2.8705329038163304e-11,1.0,1.0,1.0,1.0,8.000000000000005e-06,0.00032855429732557914,0.0014119876191719103,0.009538382322047602,0.022858430559802308,0.010158663074538296,1,264
134,lm,27.675,1.3652910039885755e-06,3.932679284489974e-07,4.1222409299824335e-07,5.597707695857445e-07,2.8212955590214307e-11,1.0,1.0,1.0,1.0,8.000000000000005e-06,0.00031982891263878315,0.0013921773240875442,0.009407772673784101,0.02251634276556783,0.010014765263233192,1,266
135,lm,27.879,1.3361656632002465e-06,3.8478368539436447e-07,4.03005605095163e-07,5.483490345408727e-07,2.7338169846326492e-11,1.0,1.0,1.0,1.0,8.000000000000005e-06,0.0003119001013970296,0.0013728125014469451,0.009280183829081374,0.022182276268900392,0.009873970923107982,1,268
136,lm,28.083,1.307901080808691e-06,3.765520026146941e-07,3.9406305361037706e-07,5.372598922565562e-07,2.613232706374414e-11,1.0,1.0,1.0,1.0,8.000000000000005e-06,0.00030469047910501514,0.0013538839678300014,0.009155589166929051,0.021855884598407444,0.009736187557401285,1,270
137,lm,28.288,1.2804622503069585e-06,3.685647111623818e-07,3.853861130727166e-07,5.264867697101389e-07,2.4656361721325264e-11,1.0,1.0,1.0,1.0,8.000000000000005e-06,0.0002981221611261924,0.0013353837105410733,0.009033966112584954,0.021536862371008655,0.009601340818141133,1,272
138,lm,28.492,1.253817996061272e-06,3.608146068540108e-07,3.769658209702916e-07,5.160145919732759e-07,2.297626369376219e-11,1.0,1.0,1.0,1.0,8.000000000000005e-06,0.00029211804174970765,0.0013173045746787476,0.008915294348787912,0.02122494071061379,0.009469371518009386,1,274
139,lm,28.696,1.2279402590788704e-06,3.532951786386412e-07,3.687942701971852e-07,5.058296514816221e-07,2.1158761421848076e-11,1.0,1.0,1.0,1.0,8.000000000000005e-06,0.0002866023392980764,0.0012996399743547477,0.008799554138146926,0.020919882819169663,0.00934023273186852,1,276
140,lm,28.901,1.2028034629724879e-06,3.460003691382158e-07,3.6086433323188825e-07,4.959194930495347e-07,1.926755284911568e-11,1.0,1.0,1.0,1.0,8.000000000000005e-06,0.0002815007179787902,0.001282383633069597,0.008686724776256888,0.02062147973665891,0.009213887023690413,1,278
141,lm,29.105,1.178383968923738e-06,3.389243729462102e-07,3.53169424403109e-07,4.862728112528866e-07,1.7360321532117462e-11,1.0,1.0,1.0,1.0,8.000000000000005e-06,0.0002767403707538412,0.0012655293579694475,0.008576783202300235,0.020329546322994125,0.009090303839081217,1,280
142,lm,29.309,1.1546596233051566e-06,3.320614760022194e-07,3.457033039552759e-07,4.76879356695414e-07,1.548665224707305e-11,1.0,1.0,1.0,1.0,8.000000000000005e-06,0.00027225038562522823,0.001249070851805624,0.008469702797327793,0.020043917492511852,0.008969457105032698,1,282
143,lm,29.513,1.1316093969024648e-06,3.254059370185975e-07,3.3845992502574733e-07,4.6772984800662554e-07,1.3686851494574354e-11,1.0,1.0,1.0,1.0,8.000000000000005e-06,0.0002679625624901272,0.0012330015649884352,0.008365452398887111,0.019764444731194788,0.008851323076713638,1,284
144,lm,29.718,1.1092131105525334e-06,3.189519096492496e-07,3.314333222686638e-07,4.588158870453572e-07,1.1991589262803554e-11,1.0,1.0,1.0,1.0,8.000000000000005e-06,0.0002638126734304875,0.0012173145883989825,0.00826399555506441,0.019490992922458792,0.00873587846509103,1,286
145,lm,29.922,1.0874512386700303e-06,3.126934020309532e-07,3.24617538821592e-07,4.501298755966665e-07,1.0422220818598245e-11,1.0,1.0,1.0,1.0,8.000000000000005e-06,0.0002597420062425547,0.0012020025857559728,0.008165290031730789,0.019223437502700065,0.008623098870148312,1,288
146,lm,30.126,1.0663047796998516e-06,3.0662426867864396e-07,3.180065867246741e-07,4.416649326784999e-07,8.991618033638524e-12,1.0,1.0,1.0,1.0,8.000000000000005e-06,0.00025569894646704905,0.0011870577625784022,0.00806928757519983,0.018961661958592994,0.008512957532361977,1,290
147,lm,30.330,1.0457551810347556e-06,3.0073822854069015e-07,3.1159443483490274e-07,4.3341481232365034e-07,7.70533551243895e-12,1.0,1.0,1.0,1.0,8.000000000000005e-06,0.00025164033851590614,0.0011724718673069088,0.00797593392000534,0.018705555668989227,0.008405424401840882,1,292
148,lm,30.535,1.0257843054419654e-06,2.9502890241733764e-07,3.053750177627815e-07,4.253738223125465e-07,6.562949299567503e-12,1.0,1.0,1.0,1.0,8.000000000000005e-06,0.0002475324132317653,0.001158236219063939,0.007885169019896507,0.018455012083949767,0.008300465511562705,1,294
149,lm,30.739,1.0063744264358205e-06,2.8948986289015466e-07,2.993422593778793e-07,4.1753674473614756e-07,5.559431638875981e-12,1.0,1.0,1.0,1.0,8.000000000000005e-06,0.00024335115248032635,0.00114434175598293,0.007796927470563444,0.018209927224120733,0.00819804262921262,1,296
150,lm,30.943,9.875082412109472e-07,2.841146903773901e-07,2.9349010488607134e-07,4.098987594917731e-07,4.686455712575822e-12,1.0,1.0,1.0,1.0,8.000000000000005e-06,0.00023908205806667465,0.0011307790979418763,0.0077111390859485,0.01797019847631486,0.008098113153291014,1,298
151,lm,31.148,9.691688915069519e-07,2.7889702977580617e-07,2.87812556314123e-07,4.024553718591383e-07,3.9335578844356695e-12,1.0,1.0,1.0,1.0,8.000000000000005e-06,0.0002347193755145299,0.0011175386179249065,0.007627729586739268,0.017735723656440737,0.008000630213065836,1,300
152,lm,31.352,9.513399848672337e-07,2.738306432790531e-07,2.823037072535421e-07,3.9520234521936335e-07,3.2891152750770685e-12,1.0,1.0,1.0,1.0,8.000000000000005e-06,0.00023026488974270626,0.0011046105169264196,0.007546621359687315,0.017506400308605716,0.007905542929746321,1,302
153,lm,31.556,9.340056109793155e-07,2.6890945620388457e-07,2.769577738582446e-07,3.8813563979338616e-07,2.741123800132287e-12,1.0,1.0,1.0,1.0,8.000000000000005e-06,0.00022572644118281916,0.0010919848982693162,0.007467734249353634,0.01728212520870428,0.007812796796658743,1,304
154,lm,31.760,9.17150349898062e-07,2.6412759388664293e-07,2.7176912017808263e-07,3.8125135805186627e-07,2.2777814701857156e-12,1.0,1.0,1.0,1.0,8.000000000000005e-06,0.0002211163228790736,0.0010796518382333318,0.0073909863487782055,0.017062794043097834,0.007722334139689972,1,306
155,lm,31.965,9.007592708265943e-07,2.5947940882926655e-07,2.6673227690615945e-07,3.745456971948461e-07,1.8878963220809692e-12,1.0,1.0,1.0,1.0,8.000000000000005e-06,0.0002164497027288351,0.0010676014508934162,0.007316294761959676,0.01684830123502408,0.007634094624123074,1,308
156,lm,32.169,8.848179216291117e-07,2.5495949820199314e-07,2.618419534218843e-07,3.6801490885943487e-07,1.5611457994478203e-12,1.0,1.0,1.0,1.0,8.000000000000005e-06,0.0002117431900082432,0.0010558239460035344,0.007243576317763521,0.016638539894908357,0.007548015780066923,1,310
157,lm,32.374,8.693123103512208e-07,2.505627125069336e-07,2.5709304362525464e-07,3.616552660014947e-07,1.2882175378992596e-12,1.0,1.0,1.0,1.0,8.000000000000005e-06,0.00020701362758632045,0.0010443096794715112,0.007172748221440013,0.016433401873525547,0.0074640335249605205,1,312
158,lm,32.578,8.542288807176902e-07,2.462841566766276e-07,2.5248062646597865e-07,3.5546303671475926e-07,1.0608603246848068e-12,1.0,1.0,1.0,1.0,8.000000000000005e-06,0.00020227715637859535,0.0010330491965565216,0.007103728635822499,0.01623277789997041,0.007382082667502129,1,314
159,lm,32.783,8.395544838962381e-07,2.4211918513094844e-07,2.4799996228350666e-07,3.4943446461067483e-07,8.718711081078427e-13,1.0,1.0,1.0,1.0,8.000000000000005e-06,0.00019754856333617244,0.0010220332682404636,0.007036437188997558,0.016036557787998444,0.0073020973824824064,1,316
160,lm,32.987,8.252763488510763e-07,2.380633923847649e-07,2.4364648614639704e-07,3.435657552805329e-07,7.150393814318382e-13,1.0,1.0,1.0,1.0,8.000000000000005e-06,0.00019284089809823971,0.0010112529214460271,0.00697079540899515,0.015844630696732365,0.007224011650307172,1,318
161,lm,33.191,8.113820534010817e-07,2.3411260073070902e-07,2.3941579932383516e-07,3.378530682806741e-07,5.850658634081643e-13,1.0,1.0,1.0,1.0,8.000000000000005e-06,0.00018816532207814878,0.0010006994638036902,0.006906727088461311,0.015656885432000448,0.007147759658040925,1,320
162,lm,33.395,7.978594977536561e-07,2.302628463469429e-07,2.3530365988596063e-07,3.3229251405277294e-07,4.774679797504418e-13,1.0,1.0,1.0,1.0,8.000000000000005e-06,0.00018353114301509032,0.0009903645036195216,0.0068441585839042725,0.015473210776208253,0.007073276161068942,1,322
163,lm,33.600,7.846968818429662e-07,2.2651036495670506e-07,2.313059732581319e-07,3.268801551469043e-07,3.8848122490935307e-13,1.0,1.0,1.0,1.0,8.000000000000005e-06,0.00017894598263472615,0.000980239965605119,0.006783019054732042,0.015293495835138927,0.007000496805908727,1,324
164,lm,33.804,7.718826873449014e-07,2.2285157790635166e-07,2.2741878334569028e-07,3.216120111304523e-07,3.149624071835372e-13,1.0,1.0,1.0,1.0,8.000000000000005e-06,0.00017441602552773056,0.0009703181027865258,0.006723240647489447,0.01511763039088233,0.006929358415453785,1,326
165,lm,34.009,7.594056647951857e-07,2.1928307927933144e-07,2.236382646572811e-07,3.1648406655992e-07,2.542986530921564e-13,1.0,1.0,1.0,1.0,8.000000000000005e-06,0.0001699463042761221,0.0009605915049126061,0.006664758630592734,0.014945505251172587,0.006859799238333574,1,328
166,lm,34.213,7.472548258290476e-07,2.1580162442378422e-07,2.1996071567018877e-07,3.1149228141065106e-07,2.04324423664625e-13,1.0,1.0,1.0,1.0,8.000000000000005e-06,0.00016554098275421833,0.0009510531035576978,0.006607511484270245,0.014777012586335528,0.006791759164085261,1,330
167,lm,34.417,7.354194402260024e-07,2.124041200686048e-07,2.1638255352522976e-07,3.066326033845694e-07,1.632475983735064e-13,1.0,1.0,1.0,1.0,8.000000000000005e-06,0.00016120361072072015,0.0009416961740921205,0.006551440950269027,0.014612046246743357,0.0067251799060200025,1,332
168,lm,34.621,7.238890371801056e-07,2.0908761603401225e-07,2.129003100191741e-07,3.019009815419263e-07,1.2958499285663617e-13,1.0,1.0,1.0,1.0,8.000000000000005e-06,0.00015693733153703462,0.0009325143346314534,0.006496492045252328,0.014450502054378398,0.006660005153294779,1,334
169,lm,34.826,7.126534100173747e-07,2.0584929841587386e-07,2.0951062876182067e-07,2.9729338073265053e-07,1.0210702965485533e-13,1.0,1.0,1.0,1.0,8.000000000000005e-06,0.00015274503481057665,0.0009235015421176969,0.006442613041776444,0.014292278064609455,0.006596180693981208,1,336
170,lm,35.030,7.017026234727946e-07,2.0268648403192968e-07,2.062102633018353e-07,2.928057963479329e-07,7.97910968407395e-14,1.0,1.0,1.0,1.0,8.000000000000005e-06,0.00014862945301475066,0.0009146520856853403,0.006389755420309995,0.014137274794476943,0.0065336545106333245,1,338
171,lm,35.234,6.910270225919355e-07,1.995966158698471e-07,2.0299607599277043e-07,2.884342689465339e-07,6.178278413499064e-14,1.0,1.0,1.0,1.0,8.000000000000005e-06,0.00014459320676559847,0.0009059605775483858,0.0063378737959539876,0.013985395416571327,0.006472376850151575,1,340
172,lm,35.438,6.806172423258364e-07,1.9657725925111998e-07,1.9986503734743248e-07,2.841748983630567e-07,4.736422720625795e-14,1.0,1.0,1.0,1.0,8.000000000000005e-06,0.00014063880778271962,0.0008974219416603767,0.006286925823201921,0.013836545917466561,0.006412300269554636,1,342
173,lm,35.643,6.704642169600398e-07,1.9362609843223048e-07,1.9681422564396585e-07,2.800238569552116e-07,3.592863198030629e-14,1.0,1.0,1.0,1.0,8.000000000000005e-06,0.0001367686299244113,0.0008890314004681807,0.006236872082299531,0.01369063522171749,0.006353379659523086,1,344
174,lm,35.847,6.605591886152302e-07,1.907409333917317e-07,1.938408265602005e-07,2.759774017031431e-07,2.6960154852461667e-14,1.0,1.0,1.0,1.0,8.000000000000005e-06,0.00013298485978494512,0.0008807844601221867,0.0061876759506347325,0.01354757528275388,0.006295572247586854,1,346
175,lm,36.052,6.508937141887099e-07,1.8791967658237956e-07,1.9094213265252657e-07,2.7203188493552194e-07,2.0018281756474577e-14,1.0,1.0,1.0,1.0,8.000000000000005e-06,0.00012928943732465277,0.0008726768945131175,0.0061393034625028065,0.013407281142723389,0.006238837582760758,1,348
176,lm,36.256,6.414596702503289e-07,1.8516034948547126e-07,1.8811554252564723e-07,2.681837635132505e-07,1.472595993161493e-14,1.0,1.0,1.0,1.0,8.000000000000005e-06,0.00012568399557527388,0.0008647047285198242,0.006091723160598992,0.013269670963522094,0.006183137503596615,1,350
177,lm,36.460,6.322492555664142e-07,1.8246107884720249e-07,1.8535855959237575e-07,2.6442960636607826e-07,1.076075766863488e-14,1.0,1.0,1.0,1.0,8.000000000000005e-06,0.00012216980652757732,0.0008568642208623143,0.006044905942288606,0.01313466603207293,0.006128436091466913,1,352
178,lm,36.664,6.232549910663921e-07,1.798200925281571e-07,1.826687903564767e-07,2.6076610033333686e-07,7.848421441949347e-15,1.0,1.0,1.0,1.0,8.000000000000005e-06,0.00011874773825929851,0.0008491518469009572,0.005998824903545856,0.013002190742104226,0.006074699610886579,1,354
179,lm,36.869,6.144697172177067e-07,1.772357149459226e-07,1.8004394219826558e-07,2.5719005431526553e-07,5.758252944221521e-15,1.0,1.0,1.0,1.0,8.000000000000005e-06,0.00011541822624166804,0.0008415642817146965,0.0059534551831016864,0.012872172555451518,0.006021896438579328,1,356
180,lm,37.053,6.139722371728995e-07,1.785267537636241e-07,1.9293959811718802e-07,2.424569059151319e-07,4.897937695549447e-11,1.0,1.0,1.0,1.0,1.600000000000001e-06,0.00011218126023587295,0.0008100144699584021,0.005753766750649511,0.012279794297639857,0.005804565522473276,1,357
181,lm,37.257,5.726918321314457e-07,1.6625269821268975e-07,1.7834624209053398e-07,2.280686826001007e-07,2.4209228121345948e-11,1.0,1.0,1.0,1.0,1.600000000000001e-06,0.0022114085960096763,0.0007786927895540298,0.005566006176833591,0.011749403622241649,0.005583078369703863,1,359
182,lm,37.462,5.355639807953002e-07,1.5532370453128612e-07,1.651447974617509e-07,2.1507661641749523e-07,1.886238476803204e-11,1.0,1.0,1.0,1.0,1.600000000000001e-06,0.001972947429918006,0.000749342320371544,0.005388715127067379,0.011258369895702289,0.005378047003738597,1,361
183,lm,37.666,5.022692668740689e-07,1.455089208667993e-07,1.53445590520059e-07,2.0329163228585436e-07,2.312320135630116e-11,1.0,1.0,1.0,1.0,1.600000000000001e-06,0.0017521670140593904,0.0007218773505892354,0.005221610157887887,0.010804096227862553,0.005187963698810596,1,363
184,lm,37.870,4.723441372155914e-07,1.3665442529136362e-07,1.4309612397987166e-07,1.925595108679595e-07,3.407707639658044e-11,1.0,1.0,1.0,1.0,1.600000000000001e-06,0.0015528942049759576,0.0006961713786611688,0.005064138165909487,0.010383416012653548,0.005011505461599182,1,365
185,lm,38.074,4.453909440879691e-07,1.28645634681044e-07,1.339459636391618e-07,1.827499930202768e-07,4.9352747486546116e-11,1.0,1.0,1.0,1.0,1.600000000000001e-06,0.0013739129028311587,0.0006721067670949246,0.004915779254678225,0.00999325125101265,0.0048474725140502,1,367
186,lm,38.279,4.210572481485589e-07,1.213931110016279e-07,1.2584731286819548e-07,1.7375176570099933e-07,6.505857773613113e-11,1.0,1.0,1.0,1.0,1.600000000000001e-06,0.0012141345849307375,0.0006495780976253146,0.004776046042116713,0.009630757518112184,0.004694738077789152,1,369
187,lm,38.483,3.9902392029425444e-07,1.148208592389632e-07,1.1865649345421002e-07,1.6546966069534652e-07,7.690690573465639e-11,1.0,1.0,1.0,1.0,1.600000000000001e-06,0.0010738082024127672,0.0006284916256632612,0.004644466643535903,0.009293370155824912,0.004552244621883993,1,371
188,lm,38.687,3.790040167100134e-07,1.0885998531664326e-07,1.1223924192262916e-07,1.578227640331257e-07,8.202543761523882e-11,1.0,1.0,1.0,1.0,1.600000000000001e-06,0.0009540115604322852,0.0006087622855600517,0.004520572769008066,0.008978805009018017,0.004419012318203812,1,373
189,lm,38.892,3.6074467491290284e-07,1.0344630225780644e-07,1.0647583861797576e-07,1.5074270855257776e-07,7.982548454289651e-11,1.0,1.0,1.0,1.0,1.600000000000001e-06,0.0008555257115833972,0.0005903097992049415,0.004403895030394581,0.008685034396155202,0.004294146182059472,1,375
190,lm,39.096,3.440274966600591e-07,9.851990152139234e-08,1.0126410497738029e-07,1.4417181533127302e-07,7.167483001349675e-11,1.0,1.0,1.0,1.0,1.600000000000001e-06,0.0007777325303760389,0.0005730553337404854,0.004293962931889642,0.008410251053381567,0.004176837527841773,1,377
191,lm,39.300,3.286662681710646e-07,9.4025365916682e-08,9.651985739318576e-08,1.3806110476478598e-07,5.994009641085626e-11,1.0,1.0,1.0,1.0,1.600000000000001e-06,0.0007181470049062911,0.0005569196138552556,0.004190307848976475,0.008152830484328811,0.004066360235711117,1,379
192,lm,39.504,3.145028029929335e-07,8.991204888891561e-08,9.217531963610952e-08,1.3236839868205835e-07,4.703578584999778e-11,1.0,1.0,1.0,1.0,1.600000000000001e-06,0.000672832491676436,0.0005418226739837308,0.004092468210952074,0.007911299477942045,0.0039620642439035245,1,381
193,lm,39.708,3.0140227523859217e-07,8.613428592545301e-08,8.81764280833358e-08,1.2705673728291128e-07,3.4823946892063786e-11,1.0,1.0,1.0,1.0,1.600000000000001e-06,0.0006373871018327775,0.0005276848663603511,0.003999996051322881,0.007684314627837173,0.0038633685289506917,1,383
194,lm,39.913,2.8924909445543963e-07,8.265152651461155e-08,8.447994120704394e-08,1.220932168185747e-07,2.4409915209498365e-11,1.0,1.0,1.0,1.0,1.600000000000001e-06,0.0006078987305136466,0.0005144284926946531,0.003912463731103533,0.007470650590541391,0.003769754822833798,1,385
195,lm,40.117,2.7794372117086376e-07,7.942834979580758e-08,8.105092850536911e-08,1.1744822538796646e-07,1.621748172061401e-11,1.0,1.0,1.0,1.0,1.600000000000001e-06,0.0005814683862359863,0.0005019794699868793,0.003829469633494497,0.007269194997029659,0.003680762360389793,1,387
196,lm,40.321,2.6740030104516105e-07,7.643430667378192e-08,7.78608235451161e-08,1.1309497836207354e-07,1.0192464189476366e-11,1.0,1.0,1.0,1.0,1.600000000000001e-06,0.0005562842492211304,0.0004902686415855989,0.0037506420553179032,0.0070789460339479296,0.0035959834151541416,1,389
197,lm,40.525,2.575447955972403e-07,7.364356424602654e-08,7.488597337533756e-08,1.090092384317841e-07,6.0195440921172e-12,1.0,1.0,1.0,1.0,1.600000000000001e-06,0.0005314335681361826,0.000479232570873663,0.003675641090880121,0.006899009392285985,0.0035150592224108775,1,391
198,lm,40.730,2.4831334301452506e-07,7.103438624551336e-08,7.21065393064361e-08,1.051691256793936e-07,3.291783182011633e-12,1.0,1.0,1.0,1.0,1.600000000000001e-06,0.0005066340552237018,0.0004688138273987978,0.003604158742607992,0.00672859271786242,0.0034376759408417208,1,393
199,lm,40.934,2.3965073017553075e-07,6.858852428188237e-08,6.950563401515671e-08,1.0155495542444501e-07,1.6164540466416552e-12,1.0,1.0,1.0,1.0,1.600000000000001e-06,0.00048198581105380863,0.00045896087065497293,0.003535917699328289,0.006566997126544884,0.003363560437830434,1,395
200,lm,41.138,2.315089733182728e-07,6.629060159955683e-08,6.706863498630225e-08,9.814907079453033e-08,6.659378833899621e-13,1.0,1.0,1.0,1.0,1.600000000000001e-06,0.00045777927560086435,0.0004496276659532494,0.0034706692429345857,0.006413606342610666,0.003292475827435913,1,397
201,lm,41.342,2.2384604979616719e-07,6.412755106990199e-08,6.478264955401765e-08,9.493565787057293e-08,1.913016746469261e-13,1.0,1.0,1.0,1.0,1.600000000000001e-06,0.00043436189339430745,0.00044077315496660166,0.0034081906692309087,0.00626787450543211,0.00322421681326657,1,399
202,lm,41.547,2.1662481500961408e-07,6.208813919434053e-08,6.263611610236466e-08,9.190054429268806e-08,1.5420220855255406e-14,1.0,1.0,1.0,1.0,1.600000000000001e-06,0.00041205459784422386,0.00043236067381510464,0.003348282512243811,0.0061293137659492024,0.0031586049775355184,1,401
203,lm,41.751,2.0981211117270094e-07,6.016258222375165e-08,6.061852154385966e-08,8.903098950205575e-08,1.790303386354148e-14,1.0,1.0,1.0,1.0,1.600000000000001e-06,0.0003911067010063853,0.0004243573797744303,0.003290765779314136,0.005997482630141672,0.003095484202561337,1,403
204,lm,41.955,2.0337805223210485e-07,5.834224527039199e-08,5.872020989353722e-08,8.631547793290268e-08,1.1913527296036099e-13,1.0,1.0,1.0,1.0,1.600000000000001e-06,0.0003716781994642311,0.00041673372195850824,0.003235479342929796,0.005871975739812528,0.003034716418692648,1,405
205,lm,42.160,1.9729545971373444e-07,5.661940997861273e-08,5.69322562130753e-08,8.374352660208191e-08,2.6691996450550486e-13,1.0,1.0,1.0,1.0,1.600000000000001e-06,0.00035383982536267187,0.00040946297321089737,0.003182277588891424,0.0057524154962244,0.002976177842534473,1,407
206,lm,42.364,1.9153942438651152e-07,5.498709706037419e-08,5.524638411397782e-08,8.13055164281148e-08,4.267840446898292e-13,1.0,1.0,1.0,1.0,1.600000000000001e-06,0.0003375831288997838,0.00040252082903206144,0.0031310283798430777,0.0056384456761291715,0.0029197558187826146,1,409
207,lm,42.568,1.860869724340078e-07,5.343893286547296e-08,5.3654910744988695e-08,7.899255311109993e-08,5.757124462121334e-13,1.0,1.0,1.0,1.0,1.600000000000001e-06,0.0003228351704478582,0.0003958850727711313,0.0030816113572076217,0.0055297269812478725,0.0028653463155279973,1,411
208,lm,42.773,1.8091681805286868e-07,5.196905164001143e-08,5.215070843567046e-08,7.679635945853546e-08,6.985186513380838e-13,1.0,1.0,1.0,1.0,1.600000000000001e-06,0.0003094745786014602,0.0003895353022034572,0.0030339165708784927,0.005425934308173202,0.002812852062044273,1,413
209,lm,42.977,1.7600918587921113e-07,5.057202654811621e-08,5.072717594589379e-08,7.470919744841792e-08,7.859367832137853e-13,1.0,1.0,1.0,1.0,1.600000000000001e-06,0.00029734734752200385,0.0003834527106079557,0.0029878434002137146,0.005326755427457879,0.0027621812666594123,1,415
210,lm,43.181,1.7134568703321116e-07,4.924282302909336e-08,4.937821468679406e-08,7.272381569027507e-08,8.336270486421097e-13,1.0,1.0,1.0,1.0,1.600000000000001e-06,0.00028628160974380264,0.0003776199140452951,0.0029432997117263683,0.005231890715388216,0.0027132468182936038,1,417
211,lm,49.688,1.669092331358494e-07,4.7976768379368004e-08,4.80982067753973e-08,7.083341648132624e-08,8.414997578745322e-13,1.0,1.0,1.0,1.0,1.600000000000001e-06,0.0002761008751529109,0.0003720208162569415,0.002900201192130926,0.005141053582171604,0.002665965858057946,1,419
212,lm,50.115,1.626839741018936e-07,4.676953190856078e-08,4.6881992879650154e-08,6.903163630401705e-08,8.130096656277324e-13,1.0,1.0,1.0,1.0,1.600000000000001e-06,0.0002666352435616921,0.0003666405027471992,0.0028584707964004444,0.005053971274741274,0.0026202596067215617,1,421
213,lm,50.320,1.5865524795791134e-07,4.5617110876647243e-08,4.5724848664170126e-08,6.731253412838996e-08,7.542887040087639e-13,1.0,1.0,1.0,1.0,1.600000000000001e-06,0.00025773011808336303,0.0003614651562666219,0.002818038259611831,0.004970385789920818,0.0025760533450580442,1,423
214,lm,50.549,1.5480953395378247e-07,4.451581851709507e-08,4.462245937857051e-08,6.567058291413977e-08,6.731439771186064e-13,1.0,1.0,1.0,1.0,1.600000000000001e-06,0.00024925213473967834,0.00035648198707461206,0.002778839633096657,0.004890054700262234,0.002533276462657396,1,425
215,lm,50.753,1.5113440334548517e-07,4.3462271652401716e-08,4.35708927102827e-08,6.410066095174005e-08,5.780310607100885e-13,1.0,1.0,1.0,1.0,1.600000000000001e-06,0.00024109230788854275,0.00035167917252682185,0.002740816819533476,0.0048127517620425156,0.002491862512758136,1,427
216,lm,50.958,1.4761846493891938e-07,4.245337650490111e-08,4.25665703847923e-08,6.259804091861488e-08,4.771306110832339e-13,1.0,1.0,1.0,1.0,1.600000000000001e-06,0.00023316669854236074,0.00034704580184647375,0.0027039170933168275,0.004738267233872244,0.0024517492310753503,1,429
217,lm,51.162,1.4425130459843429e-07,4.148631218355196e-08,4.1606239211136523e-08,6.115837557505356e-08,3.776286922602327e-13,1.0,1.0,1.0,1.0,1.600000000000001e-06,0.00022541512152913137,0.000342571823213287,0.0026680926032823056,0.004666407883212151,0.0024128784959474227,1,431
218,lm,51.366,1.4102341937109862e-07,4.055851196645357e-08,4.0686942297471897e-08,5.977767985453419e-08,2.85252638994504e-13,1.0,1.0,1.0,1.0,1.600000000000001e-06,0.0002177985122611922,0.00033824799132208536,0.0026332998620287574,0.004596996692639206,0.002375196221222713,1,433
219,lm,51.571,1.3792614769978362e-07,3.966764287289473e-08,3.9805991079055504e-08,5.845230968350081e-08,2.040643325839885e-13,1.0,1.0,1.0,1.0,1.600000000000001e-06,0.0002102955425475447,0.0003340658144808512,0.0025994992307510458,0.0045298723022346495,0.002338652184233071,1,435
220,lm,51.775,1.3495159761077026e-07,3.881158422680185e-08,3.8960938689150566e-08,5.717893822040128e-08,1.364744165846466e-13,1.0,1.0,1.0,1.0,1.600000000000001e-06,0.00020289897977009,0.0003300175010037733,0.0025666544109390725,0.004464888236521361,0.0023031997982596855,1,437
221,lm,51.979,1.3209257477651468e-07,3.7988405946261404e-08,3.814955503185156e-08,5.595453037838648e-08,8.342001523507256e-14,1.0,1.0,1.0,1.0,1.600000000000001e-06,0.0001956121647894617,0.0003260959051072833,0.002534731954723157,0.004401911970512372,0.002268795842469592,1,439
222,lm,52.183,1.293425122281426e-07,3.719634725525855e-08,3.736980379057535e-08,5.4776316540546266e-08,4.46417624385146e-14,1.0,1.0,1.0,1.0,1.600000000000001e-06,0.00018844583264567905,0.0003222944728705589,0.002503700804807693,0.004340823888292794,0.0022354001642552693,1,441
223,lm,52.388,1.266954031928736e-07,3.643379639770404e-08,3.6619821476141366e-08,5.364176631716801e-08,1.900186019152649e-14,1.0,1.0,1.0,1.0,1.600000000000001e-06,0.00018141540957303988,0.0003186071889762195,0.002473531873163616,0.004281516183118077,0.0022029753682761277,1,443
224,lm,52.592,1.2414573823336457e-07,3.569927181662735e-08,3.589789854212792e-08,5.254856307738241e-08,4.797226907204372e-15,1.0,1.0,1.0,1.0,1.600000000000001e-06,0.0001745388122674803,0.0003150285249894875,0.0024441976654833754,0.004223891741409971,0.0021714865051997018,1,445
225,lm,52.796,1.2168844750300893e-07,3.499140510281279e-08,3.520246251250513e-08,5.149457985139704e-08,3.629395741556952e-17,1.0,1.0,1.0,1.0,1.600000000000001e-06,0.00016783474320925283,0.0003115533899340079,0.002415671956110211,0.004167863045420619,0.0021409007714727098,1,447
226,lm,53.001,1.1931884863805021e-07,3.430892590526122e-08,3.4532063046614736e-08,5.047785702397157e-08,2.6622026907233256e-15,1.0,1.0,1.0,1.0,1.600000000000001e-06,0.00016132141270841933,0.0003081770837914003,0.002387929515258537,0.004113351120706864,0.0021111872283421903,1,449
227,lm,53.205,1.1703260049740797e-07,3.3650648863047344e-08,3.3885358812314956e-08,4.949658210542485e-08,1.0716620807684689e-14,1.0,1.0,1.0,1.0,1.600000000000001e-06,0.00015501563256945146,0.0003048952544550167,0.0023609458887202533,0.004060284548027647,0.0020823165466468726,1,451
228,lm,53.409,1.1482566273172535e-07,3.301546252252621e-08,3.3261106041109894e-08,4.854907172127702e-08,2.2446812218236285e-14,1.0,1.0,1.0,1.0,1.600000000000001e-06,0.00014893219817667627,0.0003017038585037332,0.00233469722776602,0.004008598551860433,0.0020542607812346915,1,453
229,lm,53.613,1.1269426094739826e-07,3.240232013243187e-08,3.2658148610030754e-08,4.76337558411508e-08,3.636378482399442e-14,1.0,1.0,1.0,1.0,1.600000000000001e-06,0.00014308350031017454,0.0002985991259703358,0.002309160165521829,0.0039582341722942446,0.0020269931765646626,1,455
230,lm,53.817,1.1063485708504017e-07,3.1810232145203344e-08,3.2075409492463634e-08,4.674916418549741e-08,5.126187577972147e-14,1.0,1.0,1.0,1.0,1.600000000000001e-06,0.00013747930508531498,0.0002955775291909845,0.002284311734921012,0.003909137522409104,0.002000488003817085,1,457
231,lm,54.021,1.0864412451768248e-07,3.1238260216969423e-08,3.151188342169629e-08,4.589391466845373e-08,6.621056302956942e-14,1.0,1.0,1.0,1.0,1.600000000000001e-06,0.00013212666106579896,0.0002926357556182603,0.0022601293223313045,0.003861259129902883,0.0019747204279571473,1,459
232,lm,54.226,1.067189273099973e-07,3.068551248649276e-08,3.0966630598818865e-08,4.5066703696286597e-08,8.052839909481903e-14,1.0,1.0,1.0,1.0,1.600000000000001e-06,0.00012702989566761665,0.0002897706844163033,0.002236590650724558,0.003814553358627394,0.0019496664023586725,1,461
233,lm,54.430,1.0485630304615656e-07,3.015113990163084e-08,3.043877128887302e-08,4.4266298108297996e-08,9.374735470576237e-14,1.0,1.0,1.0,1.0,1.600000000000001e-06,0.00012219068442696738,0.0002869793665300922,0.00221367378601502,0.003768977904455836,0.0019253025879009174,1,463
234,lm,54.634,1.0305344864818315e-07,2.9634333377112514e-08,2.992748115918921e-08,4.349152853811967e-08,1.0557376174243779e-13,1.0,1.0,1.0,1.0,1.600000000000001e-06,0.00011760817007621908,0.0002842590078867669,0.0021913571604689507,0.0037244933587036737,0.0019016062928885775,1,465
235,lm,54.838,1.0130770862621452e-07,2.9134321582721955e-08,2.943198721736141e-08,4.274128397583089e-08,1.1585030026745005e-13,1.0,1.0,1.0,1.0,1.600000000000001e-06,0.00011327912786834394,0.0002816069553421448,0.0021696196076902556,0.003681062832061654,0.0018785554303784398,1,467
236,lm,55.042,9.961656526133605e-08,2.8650369188307008e-08,2.8951564230032847e-08,4.201450732128786e-08,1.2452170834306163e-13,1.0,1.0,1.0,1.0,1.600000000000001e-06,0.0001091981671785617,0.0002790206849557893,0.00214844040405551,0.0036386516315512637,0.0018561284891094744,1,469
237,lm,55.247,9.797763027629683e-08,2.8181775415593796e-08,2.8485531518261798e-08,4.1310191736900144e-08,1.3160554108274646e-13,1.0,1.0,1.0,1.0,1.600000000000001e-06,0.00010535796491181656,0.00027649779222751965,0.002127799312548152,0.0035972269840041818,0.0018343045149890839,1,471
238,lm,55.451,9.638863762491879e-08,2.7727872781263937e-08,2.8033250043067914e-08,4.0627377632067554e-08,1.3716851938937832e-13,1.0,1.0,1.0,1.0,1.600000000000001e-06,0.0001017495254772324,0.0002740359839071536,0.002107676625447764,0.003556757799574199,0.0018130631000347318,1,473
239,lm,55.655,9.484743709330828e-08,2.7288025939691073e-08,2.7594119713269035e-08,3.996515013230145e-08,1.4130804671951492e-13,1.0,1.0,1.0,1.0,1.600000000000001e-06,9.8362460782919e-05,0.00027163307105919707,0.0020880532034142528,0.0035172144696483222,0.001792384376459777,1,475
240,lm,55.859,9.335198847775813e-08,2.6861630560771126e-08,2.7167576865499224e-08,3.932263691295105e-08,1.4413853672955572e-13,1.0,1.0,1.0,1.0,1.600000000000001e-06,9.518528267079932e-05,0.00026928696308232215,0.0020689105088932827,0.003478568694222074,0.0017722490137522242,1,477
241,lm,56.064,9.190035616014946e-08,2.6448112200215936e-08,2.6753091881782954e-08,3.8699006296549256e-08,1.4578160132474717e-13,1.0,1.0,1.0,1.0,1.600000000000001e-06,9.220569927457599e-05,0.0002669956624588394,0.0020502306328808776,0.0034407933344946127,0.0017526382172139692,1,479
242,lm,56.268,9.049070395534197e-08,2.604692513960868e-08,2.6350166918398333e-08,3.809346553796942e-08,1.4635936552706269e-13,1.0,1.0,1.0,1.0,1.600000000000001e-06,8.941090662380412e-05,0.0002647572600183296,0.0020319963142596013,0.0034038622869922773,0.0017335337267767284,1,481
243,lm,56.472,8.912129014728078e-08,2.5657551185245037e-08,2.5958333736630508e-08,3.750525923510542e-08,1.4599029980681681e-13,1.0,1.0,1.0,1.0,1.600000000000001e-06,8.678786430878136e-05,0.00026256993058128145,0.002014190951669032,0.0033677503760008534,0.0017149178152556313,1,483
244,lm,56.677,8.779046266464404e-08,2.527949842871708e-08,2.557715162608448e-08,3.6933667823162673e-08,1.4478667981849944e-13,1.0,1.0,1.0,1.0,1.600000000000001e-06,8.432355054594104e-05,0.00026043192884990426,0.0019967986080794056,0.0033324332621823384,0.001696773285536726,1,485
245,lm,56.881,8.649665437236463e-08,2.4912299975566102e-08,2.5206205421588676e-08,3.637800612185525e-08,1.4285335460697766e-13,1.0,1.0,1.0,1.0,1.600000000000001e-06,8.200518737648743e-05,0.0002583415854952741,0.001979804008724878,0.0032978873648363462,0.001679083466470575,1,487
246,lm,57.085,8.523837847285352e-08,2.455551265829223e-08,2.4845103614783073e-08,3.583762191239057e-08,1.4028738764967e-13,1.0,1.0,1.0,1.0,1.600000000000001e-06,7.982043052203974e-05,0.00025629730335763193,0.0019631925329243655,0.0032640897961885716,0.0016618322072609797,1,489
247,lm,57.290,8.401422402498234e-08,2.4208715746577434e-08,2.4493476563325508e-08,3.531189453696411e-08,1.3717811529800542e-13,1.0,1.0,1.0,1.0,1.600000000000001e-06,7.775752388071258e-05,0.0002542975537536255,0.0019469502007233048,0.0032310183062461556,0.0016450038704982116,1,491
248,lm,57.494,8.282285159213305e-08,2.3871509669990464e-08,2.4150974802385103e-08,3.480023351216589e-08,1.3360759157981146e-13,1.0,1.0,1.0,1.0,1.600000000000001e-06,7.580541627851312e-05,0.00025234087288113986,0.0019310636552865295,0.0031986512367672567,0.0016285833239675837,1,493
249,lm,57.698,8.166298903803143e-08,2.3543514769846944e-08,2.381726746042008e-08,3.430207715664494e-08,1.2965111946918512e-13,1.0,1.0,1.0,1.0,1.600000000000001e-06,7.395384121887143e-05,0.0002504258583067677,0.0019155201417936053,0.003166967483420477,0.0016125559313711509,1,495
250,lm,57.902,8.053342748629118e-08,2.3224370090582215e-08,2.3492040782499825e-08,3.3816891235383474e-08,1.2537782566311254e-13,1.0,1.0,1.0,1.0,1.600000000000001e-06,7.219336380500011e-05,0.0002485511655579259,0.0019003074837921224,0.0031359464650339867,0.0015969075422457386,1,497
251,lm,58.106,7.943301745910176e-08,2.2913732221997816e-08,2.3174996760376285e-08,3.334416762554173e-08,1.2085118593780657e-13,1.0,1.0,1.0,1.0,1.600000000000001e-06,7.051539757898681e-05,0.00024671550483236113,0.001885414057752273,0.0031055680990535604,0.0015816244812235179,1,499
252,lm,58.310,7.836066520791915e-08,2.2611274200491605e-08,2.286585186960389e-08,3.288342300828773e-08,1.161295359341819e-13,1.0,1.0,1.0,1.0,1.600000000000001e-06,6.891219724242253e-05,0.0002449176378324286,0.0018708287664953326,0.0030758127822942565,0.0015666935369188948,1,501
253,lm,58.515,7.731532924462844e-08,2.231668447429832e-08,2.256433591108142e-08,3.243419759284353e-08,1.1126640517277311e-13,1.0,1.0,1.0,1.0,1.600000000000001e-06,6.737683057597556e-05,0.0002431563747488286,0.0018565410122469983,0.003046661376495702,0.0015521019505988752,1,503
254,lm,58.719,7.629601708017883e-08,2.202966593571865e-08,2.2270190954531137e-08,3.199605387906665e-08,1.0631086238753537e-13,1.0,1.0,1.0,1.0,1.600000000000001e-06,6.590313566468905e-05,0.00024143057141212904,0.0018425406696986053,0.0030180951975882593,0.0015378374047906255,1,505
255,lm,58.923,7.530178217171425e-08,2.1749935021878248e-08,2.1983170379222838e-08,3.1568575462898936e-08,1.0130771423048069e-13,1.0,1.0,1.0,1.0,1.600000000000001e-06,6.448566757936426e-05,0.0002397391265967814,0.0018288180595673832,0.0029900960083852316,0.001523888011939156,1,507
256,lm,59.127,7.433172107671686e-08,2.1477220883430385e-08,2.1703038006947945e-08,3.115136588866398e-08,9.629767454565788e-14,1.0,1.0,1.0,1.0,1.600000000000001e-06,6.311963850460336e-05,0.00023808097951662587,0.0018153639230329458,0.002962646013777103,0.0015102423032863335,1,509
257,lm,59.332,7.338497081164807e-08,2.1211264619386234e-08,2.142956732199076e-08,3.0744047552792646e-08,9.131747842464939e-14,1.0,1.0,1.0,1.0,1.600000000000001e-06,6.180085474975223e-05,0.00023645510749893206,0.0018021693972627734,0.0029357278581835494,0.0014968892179332447,1,511
258,lm,59.536,7.246070640690205e-08,2.0951818574798927e-08,2.1162540772539035e-08,3.034626065960514e-08,8.639995895570924e-14,1.0,1.0,1.0,1.0,1.600000000000001e-06,6.052565439697729e-05,0.00023486052383792972,0.0017892259922725365,0.002909324624324959,0.0014838180922140125,1,513
259,lm,59.740,7.155813865166362e-08,2.069864569842859e-08,2.090174914668184e-08,2.995766223242359e-08,8.157412958369041e-14,1.0,1.0,1.0,1.0,1.600000000000001e-06,5.9290845765599763e-05,0.0002332962758297896,0.0017765255691694723,0.0028834198332928188,0.001471018649384565,1,515
260,lm,59.944,7.067651201696045e-08,2.0451518955557292e-08,2.0646991017226172e-08,2.9577925178938424e-08,7.686523856347124e-14,1.0,1.0,1.0,1.0,1.600000000000001e-06,5.809365033720738e-05,0.00023176144298659107,0.0017640603199701504,0.0028579974451948538,0.0014584809896123051,1,517
261,lm,60.149,6.981510274732721e-08,2.0210220792089068e-08,2.039807224914228e-08,2.9206737411216824e-08,7.229487903459507e-14,1.0,1.0,1.0,1.0,1.600000000000001e-06,5.693165020494352e-05,0.00023025513540832004,0.0017518227488560129,0.0028330418600967205,0.0014461955802408033,1,519
262,lm,60.353,6.897321710948985e-08,1.9974542645029114e-08,2.015480556405681e-08,2.8843801019315818e-08,6.788108810162831e-14,1.0,1.0,1.0,1.0,1.600000000000001e-06,5.5802739921445185e-05,0.00022877649232153085,0.001739805655007774,0.002808537919021268,0.0014341532463748175,1,521
263,lm,60.557,6.815018978486819e-08,1.974428449499455e-08,1.9917010155086285e-08,2.8488831496318178e-08,6.363846918965125e-14,1.0,1.0,1.0,1.0,1.600000000000001e-06,5.4705084729826195e-05,0.00022732468075732247,0.0017280021168606496,0.002784470904600429,0.0014223451616764853,1,523
264,lm,60.762,6.734538239564151e-08,1.9519254456567963e-08,1.9684511347233137e-08,2.814155701345864e-08,5.957838177875563e-14,1.0,1.0,1.0,1.0,1.600000000000001e-06,5.363708326723288e-05,0.00022589889436648426,0.0017164054777528512,0.0027608265412882834,0.0014107628393857847,1,525
265,lm,60.966,6.655818215183591e-08,1.9299268402590497e-08,1.9457140297777515e-08,2.7801717742341924e-08,5.570912597844556e-14,1.0,1.0,1.0,1.0,1.600000000000001e-06,5.259733529177648e-05,0.00022449835236093644,0.0017050093328898122,0.002737590994940433,0.0013993981235490185,1,527
266,lm,61.170,6.578800060728908e-08,1.9084149617963112e-08,1.9234733732126526e-08,2.746906522103026e-08,5.203616918327683e-14,1.0,1.0,1.0,1.0,1.600000000000001e-06,5.1584614001601555e-05,0.00022312229855334377,0.001693807517471267,0.0027147508715191374,0.001388243180341581,1,529
267,lm,61.374,6.503427251474283e-08,1.887372847965399e-08,1.9017133709793728e-08,2.71433617629006e-08,4.856239450475989e-14,1.0,1.0,1.0,1.0,1.600000000000001e-06,5.059784244233334e-05,0.0002217700005060753,0.0016827940959657055,0.00269229321502475,0.0013772904895621905,1,531
268,lm,61.579,6.429645476921329e-08,1.8667842160219956e-08,1.8804187417542275e-08,2.68243799030897e-08,4.528836137195179e-14,1.0,1.0,1.0,1.0,1.600000000000001e-06,4.963607246951232e-05,0.0002204407487549313,0.0016719633523151266,0.002670205504501311,0.0013665328361809907,1,533
269,lm,61.783,6.357402542976646e-08,1.846633435113038e-08,1.859574698420738e-08,2.651190188184017e-08,4.221258852774822e-14,1.0,1.0,1.0,1.0,1.600000000000001e-06,4.86984677960734e-05,0.00021913385611041275,0.001661309781027655,0.0026484756500005343,0.0013559633019567588,1,535
270,lm,61.987,6.286648281185156e-08,1.826905500384376e-08,1.839166931602228e-08,2.620571916016101e-08,3.933182451084386e-14,1.0,1.0,1.0,1.0,1.600000000000001e-06,4.778428818672006e-05,0.00021784865701867463,0.0016508280790677409,0.002627091987708896,0.001345575257122337,1,537
271,lm,62.191,6.217334464079738e-08,1.8075860086181107e-08,1.8191815947024163e-08,2.590563196626367e-08,3.66413284370808e-14,1.0,1.0,1.0,1.0,1.600000000000001e-06,4.689287623044268e-05,0.00021658450697109892,0.0016405131383444513,0.0026060432741075107,0.0013353623520519634,1,539
272,lm,62.396,6.14941472607553e-08,1.7886611351966904e-08,1.799605290334626e-08,2.561144887030881e-08,3.413513333443721e-14,1.0,1.0,1.0,1.0,1.600000000000001e-06,4.602364533179851e-05,0.0002153407819659505,0.0016303600388550249,0.0025853186792233027,0.0013253185090058037,1,541
273,lm,62.600,6.082844489154383e-08,1.770117612245368e-08,1.780425057859924e-08,2.5322986384182375e-08,3.1806308537231235e-14,1.0,1.0,1.0,1.0,1.600000000000001e-06,4.517606908996472e-05,0.00021411687799250632,0.0016203640422628503,0.002564907779270263,0.0013154379138750687,1,543
274,lm,62.804,6.01758089280339e-08,1.7519427077761033e-08,1.7616283617952554e-08,2.50400685851383e-08,2.964718202179755e-14,1.0,1.0,1.0,1.0,1.600000000000001e-06,4.4349671528819034e-05,0.00021291221054899623,0.001610520585886457,0.0025448005481815985,0.001305715007911643,1,545
275,lm,63.008,5.9535827277384985e-08,1.734124205683609e-08,1.743203080991152e-08,2.4762526761068052e-08,2.7649569318998276e-14,1.0,1.0,1.0,1.0,1.600000000000001e-06,4.354401802677937e-05,0.00021172621417951147,0.0016008252770378412,0.002524987348802896,0.0012961444795098315,1,547
276,lm,63.212,5.890810372975282e-08,1.7166503866158635e-08,1.7251374982965748e-08,2.449019907567024e-08,2.580495820448008e-14,1.0,1.0,1.0,1.0,1.600000000000001e-06,4.275870729304632e-05,0.00021055834202613746,0.0015912738876551044,0.002505458923372553,0.0012867212560227022,1,549
277,lm,63.417,5.82922573579131e-08,1.6995100094450136e-08,1.7074202907147447e-08,2.4222930251634853e-08,2.4104680663937362e-14,1.0,1.0,1.0,1.0,1.600000000000001e-06,4.199336366633246e-05,0.00020940806539303095,0.001581862349143808,0.002486206383465163,0.0012774404955908558,1,551
278,lm,63.621,5.7687921944020415e-08,1.6826922934043372e-08,1.6900405198961428e-08,2.3960571270958178e-08,2.2540057437352185e-14,1.0,1.0,1.0,1.0,1.600000000000001e-06,4.1247630124126746e-05,0.00020827487332001281,0.0015725867474249689,0.0024672211995693093,0.0012682975790303552,1,553
279,lm,63.825,5.7094745429680495e-08,1.6661869007883268e-08,1.672987622840195e-08,2.3702979090877768e-08,2.1102517514216836e-14,1.0,1.0,1.0,1.0,1.600000000000001e-06,4.052116187138243e-05,0.00020715827215678204,0.0015634433180984292,0.002448495190346383,0.0012592881017804286,1,555
280,lm,64.030,5.6512389387675954e-08,1.6499839201645352e-08,1.6562514028103565e-08,2.3450016374224946e-08,1.9783702085632093e-14,1.0,1.0,1.0,1.0,1.600000000000001e-06,3.9813620581171303e-05,0.00020605778514438505,0.0015544284417736444,0.002430020511545704,0.0012504078659214008,1,557
281,lm,64.234,5.594052851321914e-08,1.634073850047582e-08,1.639822020360929e-08,2.3201551233592705e-08,1.8575541339050467e-14,1.0,1.0,1.0,1.0,1.600000000000001e-06,3.9124669399686764e-05,0.00020497295199459014,0.0015455386394718244,0.0024117896448631,0.0012416528722915899,1,559
282,lm,64.438,5.5378850132968034e-08,1.6184475830641394e-08,1.6236899844213935e-08,2.295745698779859e-08,1.7470314120833176e-14,1.0,1.0,1.0,1.0,1.600000000000001e-06,3.8453968326453e-05,0.00020390332847178622,0.001536770568104235,0.0023937953866109887,0.0012330193126837568,1,561
283,lm,64.643,5.4827053731217086e-08,1.6030963905057395e-08,1.607846143510557e-08,2.2717611930358616e-08,1.6460695504064023e-14,1.0,1.0,1.0,1.0,1.600000000000001e-06,3.780117049143468e-05,0.00020284848597504723,0.0015281210160414266,0.0023760308363494718,0.001224503562193799,1,563
284,lm,64.847,5.428485049159492e-08,1.58801190733156e-08,1.592281676912726e-08,2.2481899109373162e-08,1.5539778891532002e-14,1.0,1.0,1.0,1.0,1.600000000000001e-06,3.7165919149305374e-05,0.0002018080111215566,0.0015195868987420732,0.002358489385623878,0.0012161021716662127,1,565
285,lm,65.051,5.3751962853241776e-08,1.573186117540995e-08,1.5769880859052454e-08,2.2250206117674423e-08,1.4701104948199568e-14,1.0,1.0,1.0,1.0,1.600000000000001e-06,3.654784534681889e-05,0.00020078150532733404,0.0015111652544126477,0.0023411647067314908,0.001207811860305182,1,567
286,lm,65.255,5.32281240812664e-08,1.5586113399593104e-08,1.5619571850279925e-08,2.2022424892733812e-08,1.393865955032116e-14,1.0,1.0,1.0,1.0,1.600000000000001e-06,3.5946566201384475e-05,0.00019976858438840848,0.0015028532397570028,0.002324050741580594,0.0011996295084296925,1,569
287,lm,65.459,5.271307785102769e-08,1.544280214409525e-08,1.5471810933560797e-08,2.179845152649747e-08,1.3246874177543708e-14,1.0,1.0,1.0,1.0,1.600000000000001e-06,3.536168400923779e-05,0.00019876887806697093,0.001494648125748096,0.002307141690785524,0.0011915521503811516,1,571
288,lm,65.664,5.2206577844843506e-08,1.5301856882898027e-08,1.5326522257907684e-08,2.1578186083413657e-08,1.2620624141385507e-14,1.0,1.0,1.0,1.0,1.600000000000001e-06,3.479278569455347e-05,0.00019778202967630086,0.0014865472934791797,0.002290432003011186,0.0011835769676423113,1,573
289,lm,65.868,5.170838736166781e-08,1.5163210034978976e-08,1.5183632843949718e-08,2.1361532427531125e-08,1.2055207991104592e-14,1.0,1.0,1.0,1.0,1.600000000000001e-06,3.4239443405682534e-05,0.0001968076956702289,0.0014785482300662144,0.002273916364473178,0.0011757012821003708,1,575
290,lm,66.073,5.12182789389713e-08,1.5026796837935874e-08,1.5043072497483448e-08,2.1148398057216635e-08,1.1546335344021068e-14,1.0,1.0,1.0,1.0,1.600000000000001e-06,3.370121488779048e-05,0.0001958455452346374,0.0014706485246245465,0.002257589688775704,0.0011679225495175658,1,577
291,lm,66.277,5.073603398638714e-08,1.4892555225006332e-08,1.4904773723827377e-08,2.0938693947447133e-08,1.1090106296110957e-14,1.0,1.0,1.0,1.0,1.600000000000001e-06,3.3177645109961284e-05,0.00019489525988592368,0.001462845864291158,0.00224144710705828,0.0011602383531945498,1,579
292,lm,66.482,5.026144243134982e-08,1.4760425706304472e-08,1.4768671642627248e-08,2.073233439942661e-08,1.0682991489127862e-14,1.0,1.0,1.0,1.0,1.600000000000001e-06,3.2668267573174697e-05,0.00019395653307309406,0.0014551380303431576,0.0022254839584563333,0.0011526463978339622,1,581
293,lm,66.686,4.979430237606954e-08,1.463035125389372e-08,1.4634703903165903e-08,2.0529236897201832e-08,1.0321808079976823e-14,1.0,1.0,1.0,1.0,1.600000000000001e-06,3.2172606331802945e-05,0.00019302906978704027,0.0014475228943928566,0.002209695780827114,0.0011451445035918011,1,583
294,lm,66.890,4.93344197655056e-08,1.45022771907467e-08,1.450281060078778e-08,2.0329321970272273e-08,1.0003698843837183e-14,1.0,1.0,1.0,1.0,1.600000000000001e-06,3.169017842958087e-05,0.0001921125861758303,0.0014399984146506353,0.0021940783019419657,0.0011377306003446971,1,585
295,lm,67.094,4.888160806701174e-08,1.437615108349395e-08,1.4372934194442138e-08,2.0132513062967565e-08,9.726108082633933e-15,1.0,1.0,1.0,1.0,1.600000000000001e-06,3.122049588079743e-05,0.0001912068091673527,0.0014325626322997196,0.0021786274309630294,0.001130402722172309,1,587
296,lm,67.298,4.8435687959997894e-08,1.4251922639179821e-08,1.4245019424808959e-08,1.9938736409246082e-08,9.486763030890835e-15,1.0,1.0,1.0,1.0,1.600000000000001e-06,3.0763068503463884e-05,0.00019031147610350802,0.001425213667935498,0.0021633392502294186,0.001123159001998305,1,589
297,lm,67.503,4.7996487036994185e-08,1.4129543606028593e-08,1.4119013234012571e-08,1.9747920913305748e-08,9.28364727798198e-15,1.0,1.0,1.0,1.0,1.600000000000001e-06,3.031740608100787e-05,0.00018942633437879825,0.00141794971813836,0.0021482100075083652,0.0011159976664964597,1,591
298,lm,67.707,4.756383951454869e-08,1.4008967677684594e-08,1.399486468627391e-08,1.9559998035604875e-08,9.114985310677867e-15,1.0,1.0,1.0,1.0,1.600000000000001e-06,2.9883021106011292e-05,0.00018855114108829281,0.0014107690521032617,0.002133236108489148,0.001108917031147872,1,593
299,lm,67.911,4.7137585954548293e-08,1.3890150401707508e-08,1.3872524890187994e-08,1.9374901683434838e-08,8.97921795883463e-15,1.0,1.0,1.0,1.0,1.600000000000001e-06,2.9459430998189412e-05,0.00018768566268844876,0.0014036700084001609,0.002118414109695351,0.001101915495507468,1,595
300,lm,68.115,4.671757299577997e-08,1.3773049091513469e-08,1.3751946922207585e-08,1.919256810707362e-08,8.874985298544212e-15,1.0,1.0,1.0,1.0,1.600000000000001e-06,2.9046160585611946e-05,0.0001868296746634614,0.0013966509918333504,0.002103740711710423,0.0010949915386836452,1,597
301,lm,68.319,4.630365309479722e-08,1.36576227422499e-08,1.3633085751711204e-08,1.9012935799726397e-08,8.801109721380603e-15,1.0,1.0,1.0,1.0,1.600000000000001e-06,2.8642744039906974e-05,0.00018598296120470641,0.0013897104704055185,0.002089212752710686,0.0010881437149918296,1,599
302,lm,68.524,4.589568427696338e-08,1.3543831950193826e-08,1.3515898167768352e-08,1.8835945402426997e-08,8.756574198265767e-15,1.0,1.0,1.0,1.0,1.600000000000001e-06,2.8248726849956634e-05,0.00018514531489528075,0.001382846972382556,0.0020748272023721954,0.0010813706497924387,1,601
303,lm,68.728,4.549352989620049e-08,1.3431638835742027e-08,1.3400342707187292e-08,1.8661539612763566e-08,8.740507604453007e-15,1.0,1.0,1.0,1.0,1.600000000000001e-06,2.7863667672321088e-05,0.00018431653640824238,0.0013760590834639437,0.002060581156058721,0.0010746710355157819,1,603
304,lm,68.932,4.509705840440345e-08,1.3321006969991346e-08,1.3286379584679532e-08,1.8489663097564687e-08,8.752167888935663e-15,1.0,1.0,1.0,1.0,1.600000000000001e-06,2.74871396655457e-05,0.00018349643421333584,0.0013693454440775225,0.0020464718293002394,0.0010680436278701542,1,605
305,lm,69.136,4.4706143129278065e-08,1.3211901304609794e-08,1.317397062411391e-08,1.832026240962959e-08,8.790924768546625e-15,1.0,1.0,1.0,1.0,1.600000000000001e-06,2.7118732018164695e-05,0.00018268482429039464,0.0013627047467524114,0.0020324965525360217,0.0010614872422103055,1,607
306,lm,69.340,4.4320662061264426e-08,1.3104288105294509e-08,1.3063079192054473e-08,1.815328590767108e-08,8.856244361974502e-15,1.0,1.0,1.0,1.0,1.600000000000001e-06,2.6758050747736746e-05,0.00018188152985552965,0.0013561357336218049,0.0020186527662243562,0.0010550007500814004,1,609
307,lm,69.544,4.39404976485879e-08,1.2998134887965238e-08,1.2953670132797346e-08,1.798868368015336e-08,8.947671955455079e-15,1.0,1.0,1.0,1.0,1.600000000000001e-06,2.6404719697035132e-05,0.00018108638109326695,0.0013496371940126945,0.0020049380160790786,0.0010485830759186412,1,611
308,lm,69.749,4.356553660050554e-08,1.2893410358494142e-08,1.284570970526827e-08,1.7826407471923994e-08,9.064819135780332e-15,1.0,1.0,1.0,1.0,1.600000000000001e-06,2.6058381018991457e-05,0.00018029921489815993,0.001343207962139761,0.0019913499486435412,0.0010422331939012877,1,613
309,lm,69.953,4.3195669698492454e-08,1.2790084355315585e-08,1.2739165521523498e-08,1.7666410614308434e-08,9.20734493321803e-15,1.0,1.0,1.0,1.0,1.600000000000001e-06,2.5718695727273762e-05,0.00017951987462765903,0.0013368469149106917,0.001977886307085375,0.0010359501249664808,1,615
310,lm,70.157,4.2830791615205196e-08,1.2688127794817158e-08,1.2634006487263145e-08,1.7508647958181105e-08,9.374943782667762e-15,1.0,1.0,1.0,1.0,1.600000000000001e-06,2.5385343760015935e-05,0.00017874820985427984,0.0013305529698014488,0.001964544927116581,0.0010297329339484912,1,617
311,lm,70.361,4.247080074071958e-08,1.2587512619522955e-08,1.2530202744115147e-08,1.735307580975364e-08,9.567327827973657e-15,1.0,1.0,1.0,1.0,1.600000000000001e-06,2.5058024101340084e-05,0.00017798407613743588,0.0013243250828606312,0.0019513237332721397,0.001023580726884958,1,619
312,lm,70.566,4.211559901609872e-08,1.2488211749039645e-08,1.2427725613694186e-08,1.71996518691503e-08,9.784214585750038e-15,1.0,1.0,1.0,1.0,1.600000000000001e-06,2.4736454642014315e-05,0.00017722733479219672,0.0013181622467759982,0.0019382207352207116,0.001017492648425669,1,621
313,lm,70.770,4.1765091773839265e-08,1.2390199033436183e-08,1.2326547543198563e-08,1.7048335171891995e-08,1.0025312518865153e-14,1.0,1.0,1.0,1.0,1.600000000000001e-06,2.4420371861254588e-05,0.00017647785267035652,0.001312063489047015,0.00192523402435734,0.001011467879395968,1,623
314,lm,70.974,4.141918758489275e-08,1.2293449208856481e-08,1.2226642053435463e-08,1.6899086032296823e-08,1.029030398047444e-14,1.0,1.0,1.0,1.0,1.600000000000001e-06,2.4109530424323322e-05,0.00017573550194714343,0.001306027870221525,0.0019123617705173253,0.0010055056344671054,1,625
315,lm,71.178,4.107779811257603e-08,1.2197937855803577e-08,1.2127983687987095e-08,1.6751865989948327e-08,1.0578837029739575e-14,1.0,1.0,1.0,1.0,1.600000000000001e-06,2.3803702823275316e-05,0.00017500015991345552,0.0013000544822501386,0.001899602218815943,0.0009996051599418655,1,627
316,lm,71.383,4.0740837972245756e-08,1.2103641359357172e-08,1.2030547964492748e-08,1.660663775788728e-08,1.089050855255236e-14,1.0,1.0,1.0,1.0,1.600000000000001e-06,2.3502678495858997e-05,0.00017427170877641442,0.001294142446889944,0.0018869536867244365,0.0009937657316766175,1,629
317,lm,71.587,4.040822459729564e-08,1.2010536871368848e-08,1.1934311327644331e-08,1.646336517342559e-08,1.1224856867589023e-14,1.0,1.0,1.0,1.0,1.600000000000001e-06,2.3206263471489994e-05,0.00017355003546169642,0.0012882909141823983,0.0018744145611107922,0.0009879866530844179,1,631
318,lm,71.791,4.007987811088372e-08,1.1918602274814348e-08,1.1839251103802923e-08,1.632201315092014e-08,1.1581346308280105e-14,1.0,1.0,1.0,1.0,1.600000000000001e-06,2.2914279459838687e-05,0.0001728350314252232,0.001282499061033151,0.0018619832955838911,0.000982267253256539,1,633
319,lm,71.976,4.0077373885455743e-08,1.2029406254759554e-08,1.231896077401197e-08,1.5716100230008014e-08,1.2906626676204161e-11,1.0,1.0,1.0,1.0,3.200000000000002e-07,2.2626563093026457e-05,0.00016963369093128927,0.001255920834712288,0.0018029301683024261,0.0009641851061299363,1,634
320,lm,72.180,3.843975864609069e-08,1.1556408997143754e-08,1.1778270865787677e-08,1.5092707845139204e-08,1.2370938020052093e-11,1.0,1.0,1.0,1.0,3.2000000000000027e-07,0.0005153646467808074,0.0001664290654885556,0.0012304115511650858,0.0017470614725477826,0.0009382988271533869,1,636
321,lm,72.384,3.691777681919705e-08,1.1118839882113813e-08,1.12796777533091e-08,1.4506657148327781e-08,1.2602035446358862e-11,1.0,1.0,1.0,1.0,3.200000000000003e-07,0.00048270726501334474,0.00016333413270251099,0.001205950476912897,0.001693241687181348,0.0009135928267158625,1,638
322,lm,72.588,3.549540018133721e-08,1.0710964820675165e-08,1.0815514435751378e-08,1.39555802069091e-08,1.334071800156833e-11,1.0,1.0,1.0,1.0,3.200000000000003e-07,0.00045345027372600664,0.00016035696341126885,0.0011825580362444658,0.0016414669953885225,0.0008900728836352057,1,640
323,lm,72.792,3.416320802791007e-08,1.0329333476399364e-08,1.038246549206271e-08,1.3437141167632848e-08,1.4267891815150667e-11,1.0,1.0,1.0,1.0,3.200000000000003e-07,0.00042650559803756384,0.00015749566354333408,0.0011602046988289318,0.001591680190864514,0.0008677004460205514,1,642
324,lm,72.997,3.291355643059757e-08,9.97138536711074e-09,9.97785443091044e-09,1.2949153523453591e-08,1.516310912278481e-11,1.0,1.0,1.0,1.0,3.200000000000003e-07,0.0004015299711703354,0.0001547472827190407,0.0011388514367248396,0.0015438228619592124,0.0008464356015857832,1,644
325,lm,73.201,3.173982445002356e-08,9.634994049458973e-09,9.59936401072451e-09,1.2489595590503045e-08,1.587079933702887e-11,1.0,1.0,1.0,1.0,3.200000000000003e-07,0.0003783289400256873,0.00015210873939499423,0.0011184567410456945,0.0014978399278191758,0.0008262377463581624,1,646
326,lm,73.405,3.063613383147253e-08,9.318315919922054e-09,9.244932660779841e-09,1.20565988568102e-08,1.6286393960437805e-11,1.0,1.0,1.0,1.0,3.200000000000003e-07,0.00035677901215951633,0.00014957690395407027,0.0010989787210187536,0.0014536805038020846,0.0008070650427232755,1,648
327,lm,73.609,2.9597193423233315e-08,9.01972199404012e-09,8.912688031101033e-09,1.1648431536004024e-08,1.6351862088139354e-11,1.0,1.0,1.0,1.0,3.200000000000003e-07,0.0003367846804571392,0.0001471485611264672,0.0010803758219505104,0.0014112971344580221,0.0007888742873129031,1,650
328,lm,73.813,2.8618199167843518e-08,8.7377587026564e-09,8.60090568352622e-09,1.1263482955256138e-08,1.6051826404758977e-11,1.0,1.0,1.0,1.0,3.200000000000003e-07,0.0003182582489098543,0.00014482037045808672,0.0010626070558981931,0.0013706444330842515,0.0007716210812069461,1,652
329,lm,74.018,2.7694765359663043e-08,8.47112150035966e-09,8.307986507353753e-09,1.0900250150928508e-08,1.540720102112342e-11,1.0,1.0,1.0,1.0,3.200000000000003e-07,0.0003011110841233187,0.00014258884971693716,0.0010456320648347542,0.0013316776713834329,0.0007552601759203746,1,654
330,lm,74.222,2.6822875457516387e-08,8.218635353773447e-09,8.032446775236261e-09,1.0557326902452825e-08,1.446642605385232e-11,1.0,1.0,1.0,1.0,3.200000000000003e-07,0.00028525091994128615,0.00014045038266857993,0.0010294111503686225,0.0012943516091738284,0.0007397459145279146,1,656
331,lm,74.426,2.5998845629735397e-08,7.979239606566396e-09,7.772915409761948e-09,1.0233395043361638e-08,1.3295570045413675e-11,1.0,1.0,1.0,1.0,3.200000000000003e-07,0.00027058245500080597,0.00013840124520535943,0.001013905325987219,0.0012586196915589441,0.0007250327104216354,1,658
332,lm,74.630,2.521929600880789e-08,7.751975789326213e-09,7.528133799291883e-09,9.927217715126243e-09,1.1968705063551557e-11,1.0,1.0,1.0,1.0,3.200000000000003e-07,0.0002570096807194514,0.00013643764271995863,0.0009990764088881228,0.0012244336382879618,0.0007110755181399385,1,660
333,lm,74.834,2.4481126390967423e-08,7.535977482642928e-09,7.2969550730407715e-09,9.63763416986576e-09,1.0559665417962667e-11,1.0,1.0,1.0,1.0,3.200000000000003e-07,0.00024443871204534313,0.00013455575222120453,0.000984887148059646,0.0011917433829157832,0.0006978302645122674,1,662
334,lm,75.038,2.3781494091857982e-08,7.330461509159159e-09,7.078341105796811e-09,9.363555689806605e-09,9.135787095407958e-12,1.0,1.0,1.0,1.0,3.200000000000003e-07,0.00023278039869876327,0.00013275176432778617,0.0009713013759792751,0.0011604972844941701,0.0006852542182284787,1,664
335,lm,75.242,2.3117792894623006e-08,7.1347199864444155e-09,6.871356871579678e-09,9.103962241182238e-09,7.753795416676374e-12,1.0,1.0,1.0,1.0,3.200000000000003e-07,0.00022195216826434422,0.00013102192165874096,0.000958284166821407,0.0011306425240773465,0.0006733062866635769,1,666
336,lm,75.447,2.2487632712111833e-08,6.94811292848638e-09,6.675162558430567e-09,8.857899535650311e-09,6.4576895445732374e-12,1.0,1.0,1.0,1.0,3.200000000000003e-07,0.0002118789799912992,0.00012936255188694318,0.0009458019866102253,0.0011021255975037002,0.0006619472365846006,1,668
337,lm,75.651,2.1888820121792863e-08,6.77006127839126e-09,6.489004296197427e-09,8.624476260919673e-09,5.278286284501693e-12,1.0,1.0,1.0,1.0,3.200000000000003e-07,0.00020249338887679623,0.00012777009428896022,0.000933822822166939,0.0010748928350162506,0.0006511398432556046,1,670
338,lm,75.855,2.1319340028431928e-08,6.600040323494318e-09,6.312204387066915e-09,8.402861312964496e-09,4.2340049061990025e-12,1.0,1.0,1.0,1.0,3.200000000000003e-07,0.00019373500327817897,0.00012624111995801306,0.0009223162813630157,0.0010488908906779643,0.0006408489745120465,1,672
339,lm,76.060,2.077733868581797e-08,6.437573523485044e-09,6.144151738825634e-09,8.192280948621766e-09,3.3324748855280493e-12,1.0,1.0,1.0,1.0,3.200000000000003e-07,0.00018554957719286023,0.00012477234580001603,0.0009112536600290973,0.0010240671675834593,0.0006310416194980056,1,674
340,lm,76.265,2.0261108215120878e-08,6.282226796175612e-09,5.984293015084204e-09,7.992015816357132e-09,2.5725875039275e-12,1.0,1.0,1.0,1.0,3.200000000000003e-07,0.00017788801594616934,0.0001233606430811706,0.0009006079748604366,0.0010003701604122904,0.0006216868725452298,1,676
341,lm,76.469,1.976907259863961e-08,6.133603298446576e-09,5.832124730824281e-09,7.801397880476987e-09,1.9466888917654003e-12,1.0,1.0,1.0,1.0,3.200000000000003e-07,0.00017070548238648636,0.00012200304139020642,0.0008903539644523999,0.000977749710381991,0.0006127558817164667,1,678
342,lm,76.673,1.929977505331335e-08,5.991338714944122e-09,5.687186388615977e-09,7.619807269554745e-09,1.442680198505243e-12,1.0,1.0,1.0,1.0,3.200000000000003e-07,0.00016396069871569332,0.00012069672870312827,0.0008804680618309072,0.0009561571783006124,0.0006042217709778045,1,680
343,lm,76.877,1.885186665844826e-08,5.8550970639333575e-09,5.5490546128824494e-09,7.4466691009165e-09,1.0458807159544482e-12,1.0,1.0,1.0,1.0,3.200000000000003e-07,0.0001576154691384627,0.00011943904854116822,0.0008709283435367239,0.0009355455458470199,0.0005960595441428453,1,682
344,lm,77.081,1.8424096113663236e-08,5.72456701273822e-09,5.417338206084597e-09,7.281450330868993e-09,7.405639714243348e-13,1.0,1.0,1.0,1.0,3.200000000000003e-07,0.00015163439239952186,0.00011822749493573736,0.0008617144603131933,0.0009158694614636397,0.0005882459772928001,1,684
345,lm,77.285,1.80153005088263e-08,5.599458675010577e-09,5.2916740131823645e-09,7.123656681322167e-09,5.111393111924782e-13,1.0,1.0,1.0,1.0,3.200000000000003e-07,0.00014598471436711125,0.00011705970582528645,0.0008528075543849258,0.0008970852424651718,0.0005807595049414224,1,686
346,lm,77.490,1.7624397038673305e-08,5.47950086850458e-09,5.171723490619373e-09,6.9728296881120755e-09,3.4299143727658713e-13,1.0,1.0,1.0,1.0,3.200000000000003e-07,0.00014063626046775178,0.00011593345556012051,0.0008441901682289927,0.0008791508491110501,0.000573580104492152,1,688
347,lm,77.694,1.725037558841533e-08,5.364438794940201e-09,5.0571698813328205e-09,6.828543898334463e-09,2.230138078438762e-13,1.0,1.0,1.0,1.0,3.200000000000003e-07,0.00013556139711775478,0.00011484664699514191,0.0008358461489044526,0.0008620258413890289,0.0005666891826017297,1,690
348,lm,77.898,1.689229214189793e-08,5.254032106472445e-09,4.94771590389758e-09,6.690404244397919e-09,1.3988712999003543e-13,1.0,1.0,1.0,1.0,3.200000000000003e-07,0.00013073499911648505,0.00011379730341881183,0.0008277605512177199,0.0008456713266803432,0.0005600694656972871,1,692
349,lm,78.102,1.654926294974484e-08,5.148053313693892e-09,4.843081870469763e-09,6.558043604477938e-09,8.416110324641364e-14,1.0,1.0,1.0,1.0,3.200000000000003e-07,0.00012613439528070226,0.00011278356077917499,0.0008199195425798721,0.0008300499059015558,0.000553704896114227,1,694
350,lm,78.306,1.6220459410211124e-08,5.046286497266362e-09,4.743004165208292e-09,6.431120554745228e-09,4.819299124265876e-14,1.0,1.0,1.0,1.0,3.200000000000003e-07,0.00012173928971650561,0.00011180366022095656,0.0008123103115358489,0.0008151256217008225,0.0005475805356553446,1,696
351,lm,78.511,1.590510357694187e-08,4.948526268197398e-09,4.6472340037591954e-09,6.309317312055089e-09,2.5992930186206168e-14,1.0,1.0,1.0,1.0,3.200000000000003e-07,0.00011753166348669889,0.00011085594121096683,0.0008049209811689536,0.0008008639114037308,0.0005416824761227801,1,698
352,lm,78.715,1.560246423833373e-08,4.854576947002083e-09,4.555536418445099e-09,6.192337857227985e-09,1.3015658561293372e-14,1.0,1.0,1.0,1.0,3.200000000000003e-07,0.00011349564975342242,0.00010993883515573139,0.0007977405285539958,0.000787231565534502,0.0005359977577844942,1,700
353,lm,78.919,1.5311853479675696e-08,4.7642519084670304e-09,4.467689411946683e-09,6.079906228918132e-09,5.930343852832249e-15,1.0,1.0,1.0,1.0,3.200000000000003e-07,0.00010961740008561689,0.00010905085965159917,0.0007907587102940484,0.0007741966922307175,0.0005305142948189178,1,702
354,lm,79.123,1.5032623664658712e-08,4.677373064055738e-09,4.383483233110186e-09,5.971764976335539e-09,2.3911572497343275e-15,1.0,1.0,1.0,1.0,3.200000000000003e-07,0.00010588493159791566,0.00010819061325078561,0.0007839659945124144,0.0007617286863604506,0.000525220808002681,1,704
355,lm,79.327,1.4764164763358733e-08,4.5937704452934615e-09,4.302719740164211e-09,5.867673753919517e-09,8.239815431351646e-16,1.0,1.0,1.0,1.0,3.200000000000003e-07,0.0001022879728151968,0.0001073567707455591,0.0007773534990884192,0.0007497982028005197,0.0005201067636053427,1,706
356,lm,79.532,1.4505901969434222e-08,4.513281863232685e-09,4.225211822742655e-09,5.767408045525324e-09,2.379335600766655e-16,1.0,1.0,1.0,1.0,3.200000000000003e-07,9.881779948223879e-05,0.000106548078894662,0.0007709129356122207,0.0007383771320291512,0.0005151623180545543,1,708
357,lm,79.736,1.4257293548197696e-08,4.4357526179926496e-09,4.1507828614057e-09,5.670758002814741e-09,6.598460530357059e-17,1.0,1.0,1.0,1.0,3.200000000000003e-07,9.546707093738785e-05,0.00010576335252033788,0.0007646365590369889,0.0007274385777870073,0.0005103782679224631,1,710
358,lm,79.940,1.4017828882146205e-08,4.3610352458037415e-09,4.079266213972611e-09,5.577527387171205e-09,3.519864724152295e-17,1.0,1.0,1.0,1.0,3.200000000000003e-07,9.22296606717669e-05,0.00010500147094797766,0.0007585171221780822,0.000716956834994583,0.0005057460042886484,1,712
359,lm,80.144,1.378702667141228e-08,4.288989285466052e-09,4.010504719350348e-09,5.487532601583512e-09,6.501236743649121e-17,1.0,1.0,1.0,1.0,3.200000000000003e-07,8.910049746365955e-05,0.00010426137469115024,0.0007525478347084363,0.0007069073671845073,0.0005012574714116716,1,714
360,lm,80.348,1.3564433266284253e-08,4.219481057491345e-09,3.944350215627953e-09,5.4006018027866246e-09,1.9037833090870434e-16,1.0,1.0,1.0,1.0,3.200000000000003e-07,8.60754024395364e-05,0.00010354206233380487,0.0007467223264782256,0.0006972667831437909,0.0004969051286566876,1,716
361,lm,80.553,1.3349621110212301e-08,4.152383448075076e-09,3.880663071526326e-09,5.316574084521368e-09,5.060895314589361e-16,1.0,1.0,1.0,1.0,3.200000000000003e-07,8.315094149882434e-05,0.00010284258761217099,0.0007410346140560119,0.0006880128118225174,0.0004926819157313975,1,718
362,lm,80.757,1.3142187276445497e-08,4.087575692091575e-09,3.81931173073618e-09,5.235298725281262e-09,1.128336481749324e-15,1.0,1.0,1.0,1.0,3.200000000000003e-07,8.032428540760375e-05,0.00010216205661981421,0.0007354790708521358,0.0006791242761386107,0.0004885812205149686,1,720
363,lm,80.961,1.2941752089583738e-08,4.0249431572630955e-09,3.7601722708413695e-09,5.156634491646618e-09,2.1698326538415715e-15,1.0,1.0,1.0,1.0,3.200000000000003e-07,7.759308114307666e-05,0.00010149962511312984,0.0007300503998547681,0.0006705810640925586,0.0004845968494071339,1,722
364,lm,81.165,1.2747957820007678e-08,3.964377122421167e-09,3.7031279791469976e-09,5.080448993299802e-09,3.725139711462806e-15,1.0,1.0,1.0,1.0,3.200000000000003e-07,7.49553400725328e-05,0.00010085449594516096,0.0007247436089779744,0.0006623640989842416,0.00048072299967651084,1,724
365,lm,81.369,1.2560467447096648e-08,3.905774554119068e-09,3.6480689447421913e-09,5.006618084823844e-09,5.8634115436122675e-15,1.0,1.0,1.0,1.0,3.200000000000003e-07,7.240933825937741e-05,0.00010022591654961554,0.0007195539886777889,0.0006544553074740898,0.0004769542337705706,1,726
366,lm,81.573,1.237896348505708e-08,3.849037881222703e-09,3.5948916688352974e-09,4.935025308760692e-09,8.626238384991226e-15,1.0,1.0,1.0,1.0,3.200000000000003e-07,6.995353397833167e-05,9.961317653012408e-05,0.0007144770914433504,0.0006468375862961574,0.0004732854553662364,1,728
367,lm,81.777,1.2203146868462572e-08,3.794074767187604e-09,3.5434986939014927e-09,4.865561378573202e-09,1.202880027419752e-14,1.0,1.0,1.0,1.0,3.200000000000003e-07,6.758649724830982e-05,9.901560532587516e-05,0.0007095087131897738,0.0006394947679026689,0.0004697118868634493,1,730
368,lm,81.982,1.2032735894132222e-08,3.740797882720053e-09,3.493798251800179e-09,4.798123696725592e-09,1.606288639546829e-14,1.0,1.0,1.0,1.0,3.200000000000003e-07,6.530685546024858e-05,9.843256993338913e-05,0.0007046448761676808,0.0006324115851814255,0.00046622904842295854,1,732
369,lm,82.186,1.1867465215982874e-08,3.689124679564943e-09,3.445703929554909e-09,4.732615905866737e-09,2.070099628352057e-14,1.0,1.0,1.0,1.0,3.200000000000003e-07,6.311325010719432e-05,9.78634727439318e-05,0.0006998818133307229,0.0006255736353662436,0.00046283273823778236,1,734
370,lm,82.390,1.1707084891859855e-08,3.638977166218504e-09,3.3991343538885055e-09,4.6689474711804006e-09,2.5900572446278825e-14,1.0,1.0,1.0,1.0,3.200000000000003e-07,6.100430334041859e-05,9.730774943570777e-05,0.000695215953895993,0.0006189673438881564,0.00045951901403006663,1,736
371,lm,82.594,1.1551359479819118e-08,3.590281687717531e-09,3.354012892743881e-09,4.607033291178509e-09,3.160817919894418e-14,1.0,1.0,1.0,1.0,3.200000000000003e-07,5.897859537465635e-05,9.676486695910467e-05,0.0006906439101991381,0.0006125799275272292,0.0004562841756824692,1,738
372,lm,82.798,1.1400067181459682e-08,3.5429687089839017e-09,3.3102673740675284e-09,4.546793335193032e-09,3.7763215218754565e-14,1.0,1.0,1.0,1.0,3.200000000000003e-07,5.703464826914572e-05,9.62343216314532e-05,0.0006861624654694621,0.0006063993585258611,0.0004531247490088591,1,740
373,lm,83.003,1.125299903263894e-08,3.4969726048055506e-09,3.2678298203879745e-09,4.488152306420839e-09,4.4301024575957214e-14,1.0,1.0,1.0,1.0,3.200000000000003e-07,5.5170915905927e-05,9.571563728973237e-05,0.0006817685626611909,0.0006004143282236427,0.0004500374704488993,1,742
374,lm,83.207,1.1109958135930342e-08,3.4522314546774005e-09,3.226636198118813e-09,4.431039327547465e-09,5.115558666316885e-14,1.0,1.0,1.0,1.0,3.200000000000003e-07,5.3385781922725994e-05,9.520836356363887e-05,0.0006774592940489104,0.0005946142115754869,0.0004470192727965937,1,744
375,lm,83.411,1.0970758937451324e-08,3.4086868453803815e-09,3.1866261816418825e-09,4.375387648978088e-09,5.826145097323532e-14,1.0,1.0,1.0,1.0,3.200000000000003e-07,5.167755442158259e-05,9.471207421119731e-05,0.0006732318916895704,0.0005889890322704954,0.0004440672717499432,1,746
376,lm,83.615,1.0835226543699863e-08,3.366283679688479e-09,3.1477429315436648e-09,4.321134377165379e-09,6.555530234074145e-14,1.0,1.0,1.0,1.0,3.200000000000003e-07,5.004447061664778e-05,9.42263656021154e-05,0.0006690837186578689,0.0005835294286775314,0.00044117875350315004,1,748
377,lm,83.819,1.0703196076935555e-08,3.324969993164713e-09,3.1099328849101712e-09,4.268220221826186e-09,7.297703448460346e-14,1.0,1.0,1.0,1.0,3.200000000000003e-07,4.8484699682765995e-05,9.375085522131248e-05,0.0006650122607590607,0.000578226620559952,0.0004383511629384263,1,750
378,lm,84.024,1.057451206844454e-08,3.284696778081145e-09,3.073145558690753e-09,4.216589261258608e-09,8.04704140340887e-14,1.0,1.0,1.0,1.0,3.200000000000003e-07,4.699634648423814e-05,9.328518031429434e-05,0.000661015119093643,0.0005730723769030458,0.00043558209277258736,1,752
379,lm,84.228,1.0449027887240124e-08,3.2454178156182878e-09,3.0373333640927643e-09,4.16618872396422e-09,8.798356485171452e-14,1.0,1.0,1.0,1.0,3.200000000000003e-07,4.5577458262894694e-05,9.282899659819949e-05,0.0006570900029510891,0.0005680589846751708,0.00043286927340050347,1,754
380,lm,84.432,1.0326605202239863e-08,3.207089515383815e-09,3.0024514322643524e-09,4.116968785413025e-09,9.546917867098688e-14,1.0,1.0,1.0,1.0,3.200000000000003e-07,4.422603071171622e-05,9.238197706494292e-05,0.0006532347234446314,0.0005631792189983052,0.0004302105634386781,1,756
381,lm,84.637,1.020711347713089e-08,3.1696707624607733e-09,2.9684574507589902e-09,4.068882379488186e-09,1.0288442294063171e-13,1.0,1.0,1.0,1.0,3.200000000000003e-07,4.2940012978762744e-05,9.194381086077427e-05,0.0006494471874119209,0.0005584263139946232,0.0004276039409149103,1,758
382,lm,84.841,1.0090429495524099e-08,3.1331227726924094e-09,2.9353115088859207e-09,4.0218850229004135e-09,1.1019104535537591e-13,1.0,1.0,1.0,1.0,3.200000000000003e-07,4.171731708702619e-05,9.151420223763672e-05,0.0006457253919197411,0.0005537939351713809,0.00042504749516220975,1,760
383,lm,85.045,9.976436915038807e-09,3.0974089547357406e-09,2.902975953387324e-09,3.9759346518788094e-09,1.1735503693188651e-13,1.0,1.0,1.0,1.0,3.200000000000003e-07,4.055582024233665e-05,9.109286959390768e-05,0.0006420674190598186,0.0005492761529582179,0.0004225394192021285,1,762
384,lm,85.249,9.86502584898913e-09,3.062494779767953e-09,2.871415252423109e-09,3.930991470223716e-09,1.2434657435341362e-13,1.0,1.0,1.0,1.0,3.200000000000003e-07,3.945337523654041e-05,9.067954456414535e-05,0.0006384714311535902,0.0005448674172131425,0.0004200780028153622,1,764
385,lm,85.454,9.75609247357332e-09,3.0283476583189495e-09,2.8405958678423998e-09,3.887017807849606e-09,1.311395623651981e-13,1.0,1.0,1.0,1.0,3.200000000000003e-07,3.840781470325023e-05,9.027397118901462e-05,0.0006349356663037013,0.0005405625332898805,0.00041766162600349025,1,766
386,lm,85.658,9.649538659639278e-09,2.99493682357237e-09,2.8104861353660755e-09,3.843977989096978e-09,1.377116038541718e-13,1.0,1.0,1.0,1.0,3.200000000000003e-07,3.7416959118743576e-05,8.987590513495069e-05,0.0006314584342282463,0.0005363566387856307,0.0004152887530416742,1,768
387,lm,85.862,9.54527162717408e-09,2.9622332214103974e-09,2.781056152059299e-09,3.801838210162345e-09,1.440435420395343e-13,1.0,1.0,1.0,1.0,3.200000000000003e-07,3.647862223655868e-05,8.948511298498899e-05,0.0006280381124495384,0.0005322451820025699,0.0004129579269384687,1,770
388,lm,86.066,9.443203621506043e-09,2.9302094069814616e-09,2.7522776706824795e-09,3.760566424516245e-09,1.50119325857562e-13,1.0,1.0,1.0,1.0,3.200000000000003e-07,3.5590617932847066e-05,8.910137156368509e-05,0.0006246731426475912,0.0005282239012165906,0.000410667764330172,1,772
389,lm,86.270,9.343251609733696e-09,2.898839446990764e-09,2.7241240007043004e-09,3.720132236321472e-09,1.5592571715871082e-13,1.0,1.0,1.0,1.0,3.200000000000003e-07,3.475076669026073e-05,8.872446732935342e-05,0.0006213620273855294,0.0005242888049721228,0.0004084169507632546,1,774
390,lm,86.474,9.245336996029154e-09,2.8680988279995977e-09,2.6965699151279608e-09,3.6805068008357014e-09,1.6145206589345746e-13,1.0,1.0,1.0,1.0,3.200000000000003e-07,3.395690239747492e-05,8.83541958020775e-05,0.000618103326925489,0.0005204361539686925,0.00040620423636523106,1,776
391,lm,86.679,9.149385355004973e-09,2.8379643701447734e-09,2.669591563462979e-09,3.641662731370057e-09,1.6669002716352922e-13,1.0,1.0,1.0,1.0,3.200000000000003e-07,3.320687759430887e-05,8.79903610361333e-05,0.0006148956563940051,0.0005166624433020353,0.00040402843179829646,1,778
392,lm,86.883,9.055326181444455e-09,2.8084141460731237e-09,2.643166389546045e-09,3.603574012395498e-09,1.7163342978785675e-13,1.0,1.0,1.0,1.0,3.200000000000003e-07,3.249857042050402e-05,8.763277512558315e-05,0.0006117376829760019,0.0005129643863589307,0.00040188840459323086,1,780
393,lm,87.088,8.963092655976102e-09,2.7794274047977482e-09,2.6172730546229695e-09,3.566215918529942e-09,1.7627802544127865e-13,1.0,1.0,1.0,1.0,3.200000000000003e-07,3.182988964890827e-05,8.728125777179851e-05,0.0006086281234531776,0.0005093388993676145,0.0003997830756638319,1,782
394,lm,87.292,8.872621425001772e-09,2.750984500315686e-09,2.591891365100678e-09,3.529564938239641e-09,1.806213457656781e-13,1.0,1.0,1.0,1.0,3.200000000000003e-07,3.1198781784825673e-05,8.693563583807847e-05,0.000605565741807469,0.0005057830869963259,0.00039771141619735444,1,784
395,lm,87.497,8.783852395235476e-09,2.72306682495096e-09,2.5670022049875353e-09,3.4935987028328637e-09,1.8466246411596336e-13,1.0,1.0,1.0,1.0,3.200000000000003e-07,3.060323342333222e-05,8.659574298016432e-05,0.0006025493470103869,0.0005022942288026943,0.00039567244471358867,1,786
396,lm,87.701,8.696728539989095e-09,2.695656746197647e-09,2.5425874720371677e-09,3.45829591990062e-09,1.884018536595789e-13,1.0,1.0,1.0,1.0,3.200000000000003e-07,3.0041278758028978e-05,8.626141928751345e-05,0.0005995777909640952,0.0004988697667396477,0.00039366522435844325,1,788
397,lm,87.905,8.611195718017161e-09,2.6687375480001474e-09,2.518630017969356e-09,3.423636310775422e-09,1.9184127223655807e-13,1.0,1.0,1.0,1.0,3.200000000000003e-07,2.9511002719244283e-05,8.593251093823586e-05,0.0005966499665182988,0.0004955072932106231,0.0003916888603547692,1,790
398,lm,88.109,8.527202503594389e-09,2.6422933758298733e-09,2.495113592347901e-09,3.3896005518920823e-09,1.9498352453273184e-13,1.0,1.0,1.0,1.0,3.200000000000003e-07,2.901054420342259e-05,8.560886990100339e-05,0.0005937648056926747,0.0004922045403658323,0.0003897424977248064,1,792
399,lm,88.313,8.444700027193606e-09,2.6163091849203826e-09,2.4720227896636044e-09,3.356170220181626e-09,1.9783242799398324e-13,1.0,1.0,1.0,1.0,3.200000000000003e-07,2.853810000113137e-05,8.529035364041313e-05,0.0005909212779474016,0.0004889593696471308,0.00038782531910242955,1,794
400,lm,88.518,8.363641825782713e-09,2.5907706919457237e-09,2.449343000186582e-09,3.3233277410442566e-09,2.0039260615114662e-13,1.0,1.0,1.0,1.0,3.200000000000003e-07,2.8091927326070322e-05,8.497682485413878e-05,0.0005881183885981581,0.00048576976248019334,0.00038593654270090464,1,796
401,lm,88.722,8.283983702611434e-09,2.5656643297878663e-09,2.427060363062471e-09,3.2910563403432967e-09,2.026694177996741e-13,1.0,1.0,1.0,1.0,3.200000000000003e-07,2.7670345635888536e-05,8.466815122241688e-05,0.0005853551773019413,0.0004826338114822302,0.00038407542048621193,1,798
402,lm,88.926,8.205683595231561e-09,2.5409772049366664e-09,2.4051617227399524e-09,3.259339998782173e-09,2.0466877276882103e-13,1.0,1.0,1.0,1.0,3.200000000000003e-07,2.7271739472796805e-05,8.436420517510486e-05,0.0005826307166489316,0.00047954971231125573,0.0003822412363569255,1,800
403,lm,89.130,8.128701452126987e-09,2.5166970579053185e-09,2.38363458792247e-09,3.228163409171819e-09,2.0639712737982398e-13,1.0,1.0,1.0,1.0,3.200000000000003e-07,2.6894556930761627e-05,8.40648636776053e-05,0.0005799441108139934,0.0004765157561635185,0.0003804333045596887,1,802
404,lm,89.335,8.052999116486359e-09,2.492812225992289e-09,2.3624670930479017e-09,3.197511936153498e-09,2.0786129267029274e-13,1.0,1.0,1.0,1.0,3.200000000000003e-07,2.6537313133062455e-05,8.377000802798189e-05,0.0005772944943546467,0.0004735303229334587,0.0003786509681418064,1,804
405,lm,89.539,7.97854021724044e-09,2.4693116083119282e-09,2.3416479619281374e-09,3.1673715785505744e-09,2.0906844979884294e-13,1.0,1.0,1.0,1.0,3.200000000000003e-07,2.619858828624724e-05,8.34795236692911e-05,0.0005746810309730441,0.0004705918747657033,0.00037689359750274324,1,806
406,lm,89.743,7.905290066814063e-09,2.446184633073572e-09,2.321166473865709e-09,3.1377289338802774e-09,2.1002599450496278e-13,1.0,1.0,1.0,1.0,3.200000000000003e-07,2.587702887748267e-05,8.319330000839463e-05,0.000572102912447638,0.0004676989502219007,0.0003751605890578115,1,808
407,lm,90.169,7.833215564865182e-09,2.4234212269607616e-09,2.301012431715189e-09,3.108571164749405e-09,2.107414398254377e-13,1.0,1.0,1.0,1.0,3.200000000000003e-07,2.5571345936583967e-05,8.29112302537069e-05,0.000569559357544385,0.00046485015895471506,0.000373451363970257,1,810
408,lm,90.374,7.762285108254859e-09,2.4010117864282028e-09,2.281176131787586e-09,3.0798859675331074e-09,2.1122250596296812e-13,1.0,1.0,1.0,1.0,3.200000000000003e-07,2.528031477238284e-05,8.263321125797188e-05,0.000567049611070543,0.00046204417669498286,0.00037176536694071173,1,812
409,lm,90.578,7.692468505939748e-09,2.3789471504409864e-09,2.2616483357655413e-09,3.05166154280926e-09,2.1147692396051098e-13,1.0,1.0,1.0,1.0,3.200000000000003e-07,2.5002773677795785e-05,8.23591433685197e-05,0.0005645729428664858,0.00045927974088280654,0.0003701020651066482,1,814
410,lm,90.782,7.623736899398434e-09,2.357218575357255e-09,2.242420244290454e-09,3.0238865673087867e-09,2.1151244193941935e-13,1.0,1.0,1.0,1.0,3.200000000000003e-07,2.4737622872736178e-05,8.208893028860212e-05,0.000562128646932552,0.0004565556463419844,0.00036846094691788105,1,816
411,lm,90.986,7.55606268780168e-09,2.33581771098801e-09,2.2234834719915484e-09,2.996550168018989e-09,2.1133680313376606e-13,1.0,1.0,1.0,1.0,3.200000000000003e-07,2.4483822391502546e-05,8.182247894922887e-05,0.0005597160406223442,0.00045387074169135416,0.0003668415212080689,1,818
412,lm,91.190,7.48941945754003e-09,2.3147365783073894e-09,2.2048300243541396e-09,2.969641897193448e-09,2.109576850530845e-13,1.0,1.0,1.0,1.0,3.200000000000003e-07,2.424039075682939e-05,8.15596993844973e-05,0.0005573344637704542,0.00045122392591526563,0.00036524331620515935,1,820
413,lm,91.395,7.42378191605446e-09,2.293967548319769e-09,2.186452275681154e-09,2.9431517093272793e-09,2.103827262573991e-13,1.0,1.0,1.0,1.0,3.200000000000003e-07,2.400640355930531e-05,8.130050460758847e-05,0.0005549832779268979,0.0004486141450473209,0.00036366587859044545,1,822
414,lm,91.599,7.359125829569962e-09,2.2735033223604157e-09,2.1683429484483805e-09,2.917069939290288e-09,2.096194708760841e-13,1.0,1.0,1.0,1.0,3.200000000000003e-07,2.3780991210226612e-05,8.104481050447165e-05,0.0005526618656408124,0.00044604038953170624,0.00036210877268170555,1,824
415,lm,91.803,7.295427964649378e-09,2.253336913399227e-09,2.1504950943207682e-09,2.891387281610737e-09,2.086753186457646e-13,1.0,1.0,1.0,1.0,3.200000000000003e-07,2.356333757436067e-05,8.079253572538764e-05,0.0005503696297242066,0.0004435016914820683,0.000360571579609333,1,826
416,lm,92.008,7.2326660331208365e-09,2.233461628594349e-09,2.1329020755861826e-09,2.866094771279514e-09,2.0755766079029837e-13,1.0,1.0,1.0,1.0,3.200000000000003e-07,2.3352677533144324e-05,8.054360158141738e-05,0.0005481059925820489,0.0004409971224038089,0.00035905389652414373,1,828
417,lm,92.212,7.170818640216488e-09,2.213871052681828e-09,2.1155575483490626e-09,2.8411837655096446e-09,2.0627367595181674e-13,1.0,1.0,1.0,1.0,3.200000000000003e-07,2.314829621509375e-05,8.029793194327987e-05,0.0005458703955159417,0.0004385257909770142,0.0003575553358545693,1,830
418,lm,92.417,7.109865236002676e-09,2.1945590325786424e-09,2.0984554463112828e-09,2.816645926573269e-09,2.0483053948116941e-13,1.0,1.0,1.0,1.0,3.200000000000003e-07,2.2949525765269348e-05,8.005545315836621e-05,0.000543662298148913,0.0004360868411624898,0.0003560755246088416,1,832
419,lm,92.621,7.0497860693738635e-09,2.1755196626064615e-09,2.0815899657894155e-09,2.7924732057529847e-09,2.0323522500271476e-13,1.0,1.0,1.0,1.0,3.200000000000003e-07,2.2755745036226972e-05,7.9816093950928e-05,0.0005414811777575936,0.00043367945034842567,0.0003546141036856765,1,834
420,lm,92.825,6.990562144886093e-09,2.156747270617974e-09,2.0649555514269007e-09,2.768657828170028e-09,2.014946711908386e-13,1.0,1.0,1.0,1.0,3.200000000000003e-07,2.256637693314467e-05,7.957978533984875e-05,0.0005393265286951079,0.0004313028277687343,0.0003531707272250407,1,836
421,lm,93.029,6.932175182227904e-09,2.1382364051880904e-09,2.04854688283366e-09,2.745192278490634e-09,1.9961571551882072e-13,1.0,1.0,1.0,1.0,3.200000000000003e-07,2.2380886670293136e-05,7.93464605557719e-05,0.0005371978618113551,0.000428956212936684,0.0003517450620020204,1,838
422,lm,93.233,6.8746075777140314e-09,2.1199818230837618e-09,2.032358861877228e-09,2.7220692876697774e-09,1.9760508326498185e-13,1.0,1.0,1.0,1.0,3.200000000000003e-07,2.2198780789827473e-05,7.911605496010699e-05,0.0005350947038883385,0.00042663887434929464,0.00035033678680314247,1,840
423,lm,93.438,6.817842368537299e-09,2.101978477859818e-09,2.016386600951253e-09,2.6992818202923943e-09,1.9546943383503e-13,1.0,1.0,1.0,1.0,3.200000000000003e-07,2.2019604360454375e-05,7.888850597131898e-05,0.0005330165971076327,0.0004243501082197036,0.0003489455919038291,1,842
424,lm,93.642,6.761863198352431e-09,2.0842215087390053e-09,2.0006254114564438e-09,2.6768230628012917e-09,1.9321535568985116e-13,1.0,1.0,1.0,1.0,3.200000000000003e-07,2.1842940751464815e-05,7.866375298478577e-05,0.0005309630984676618,0.0004220892372747105,0.0003475711784527483,1,844
425,lm,93.846,6.7066542857433196e-09,2.0667062304739693e-09,1.9850707934544994e-09,2.6546864124449552e-09,1.908493698948382e-13,1.0,1.0,1.0,1.0,3.200000000000003e-07,2.166840852972084e-05,7.844173730371537e-05,0.0005289337793068574,0.0004198556097011142,0.0003462132579941246,1,846
426,lm,94.050,6.652200393665535e-09,2.0494281234720045e-09,1.969718425506917e-09,2.63286546673646e-09,1.8837795015261054e-13,1.0,1.0,1.0,1.0,3.200000000000003e-07,2.14956611182451e-05,7.822240207456986e-05,0.0005269282247861928,0.00041764859817554746,0.0003448715519632725,1,848
427,lm,94.254,6.598486801232794e-09,2.0323828247062173e-09,1.9545641551836472e-09,2.6113540138578855e-09,1.8580748504372964e-13,1.0,1.0,1.0,1.0,3.200000000000003e-07,2.132438421468111e-05,7.80056922102114e-05,0.0005249460333732222,0.0004154675989144129,0.00034354579116272616,1,850
428,lm,94.458,6.545499276791699e-09,2.015566118912873e-09,1.9396039901945223e-09,2.5901460233661274e-09,1.83144318176651e-13,1.0,1.0,1.0,1.0,3.200000000000003e-07,2.115429530110113e-05,7.779155433439355e-05,0.0005229868163616656,0.00041331203082492555,0.0003422357153315021,1,852
429,lm,94.663,6.493224052706099e-09,1.9989739304908545e-09,1.9248340897971804e-09,2.569235637647986e-09,1.803947700787632e-13,1.0,1.0,1.0,1.0,3.200000000000003e-07,2.0985140313467205e-05,7.757993671280281e-05,0.000521050197386062,0.00041118133463606917,0.00034094107265824914,1,854
430,lm,94.867,6.441647801517793e-09,1.982602315781122e-09,1.910250756750918e-09,2.54861716390988e-09,1.7756507587248155e-13,1.0,1.0,1.0,1.0,3.200000000000003e-07,2.0816694483968558e-05,7.737078919640399e-05,0.000519135811969721,0.00040907497218882905,0.0003396616193761371,1,856
431,lm,95.071,6.390757613425776e-09,1.966447455860307e-09,1.8958504297075853e-09,2.5282850663927736e-09,1.7466146511107052e-13,1.0,1.0,1.0,1.0,3.200000000000003e-07,2.064875907960355e-05,7.716406315682475e-05,0.0005172433070351172,0.00040699242567159146,0.0003383971193362267,1,858
432,lm,95.276,6.340540975210313e-09,1.9505056495291204e-09,1.8816296760383687e-09,2.508233959569678e-09,1.7169007314627718e-13,1.0,1.0,1.0,1.0,3.200000000000003e-07,2.0481160513807337e-05,7.695971143218774e-05,0.0005153723404722431,0.0004049331969534286,0.00033714734359649597,1,860
433,lm,95.480,6.290985750087398e-09,1.93477330704294e-09,1.8675851847689297e-09,2.488458601289032e-09,1.686569864955332e-13,1.0,1.0,1.0,1.0,3.200000000000003e-07,2.0313748766470817e-05,7.675768827614412e-05,0.0005135225807009942,0.0004028968069003312,0.0003359120700344457,1,862
434,lm,95.684,6.2420801591215295e-09,1.919246943835922e-09,1.853713760412441e-09,2.4689538866153573e-09,1.6556825780896095e-13,1.0,1.0,1.0,1.0,3.200000000000003e-07,2.014639540185872e-05,7.655794929844738e-05,0.0005116937062290781,0.0004008827947017865,0.00033469108300610657,1,864
435,lm,95.888,6.193812763249764e-09,1.9039231749251554e-09,1.8400123164916776e-09,2.4497148419957733e-09,1.6242983715863192e-13,1.0,1.0,1.0,1.0,3.200000000000003e-07,1.9978993768140414e-05,7.636045141223667e-05,0.0005098854052317351,0.00039889071729346236,0.00033348417294570484,1,866
436,lm,96.092,6.146172446685093e-09,1.888798709598872e-09,1.8264778697997535e-09,2.4307366196499012e-09,1.5924763656564328e-13,1.0,1.0,1.0,1.0,3.200000000000003e-07,1.9811455284367255e-05,7.616515278939806e-05,0.0005080973751283,0.00039692014872880823,0.0003322911360421318,1,868
437,lm,96.297,6.09914840115711e-09,1.8738703461397507e-09,1.813107534876726e-09,2.4120144926727332e-09,1.560274678996647e-13,1.0,1.0,1.0,1.0,3.200000000000003e-07,1.9643710048249985e-05,7.59720128092094e-05,0.0005063293221956661,0.00039497067966388666,0.00033111177392283644,1,870
438,lm,96.501,6.0527301109214274e-09,1.8591349672328496e-09,1.7998985187374279e-09,2.393543849902928e-09,1.5277504822162507e-13,1.0,1.0,1.0,1.0,3.200000000000003e-07,1.947570444438303e-05,7.578099201200295e-05,0.000504580961178469,0.0003930419166923761,0.00032994589331653945,1,872
439,lm,96.705,6.006907338994458e-09,1.8445895355289769e-09,1.78684811581259e-09,2.3753201916357913e-09,1.4949601709942717e-13,1.0,1.0,1.0,1.0,3.200000000000003e-07,1.930739982154489e-05,7.559205205059568e-05,0.0005028520148547491,0.00039113348184057595,0.00032879330575798915,1,874
440,lm,96.909,5.9616701138278565e-09,1.8302310893557825e-09,1.7739537032633286e-09,2.357339125325452e-09,1.461958832934144e-13,1.0,1.0,1.0,1.0,3.200000000000003e-07,1.913877168899514e-05,7.540515565182552e-05,0.000501142213733321,0.00038924501205258834,0.0003276538273252054,1,876
441,lm,97.113,5.917008716977343e-09,1.8160567388390419e-09,1.7612127365987313e-09,2.339596361481324e-09,1.4288005824564027e-13,1.0,1.0,1.0,1.0,3.200000000000003e-07,1.8969807992071688e-05,7.522026657219561e-05,0.0004994512956368388,0.00038737615858975064,0.00032652727832460144,1,878
442,lm,97.317,5.87291367139414e-09,1.8020636623001945e-09,1.7486227452478535e-09,2.3220877100560445e-09,1.3955379004758367e-13,1.0,1.0,1.0,1.0,3.200000000000003e-07,1.8800508201422283e-05,7.50373495557534e-05,0.0004977790053765186,0.00038552658661317565,0.00032541348305972973,1,880
443,lm,97.522,5.82937573052684e-09,1.7882491026604106e-09,1.7361813287447981e-09,2.304809076880615e-09,1.362222410180404e-13,1.0,1.0,1.0,1.0,3.200000000000003e-07,1.8630882007869643e-05,7.48563702960379e-05,0.0004961250943776432,0.00038369597452400444,0.00032431226957182026,1,882
444,lm,97.726,5.786385867966097e-09,1.7746103644396511e-09,1.7238861528888217e-09,2.287756460267855e-09,1.3289036976893668e-13,1.0,1.0,1.0,1.0,3.200000000000003e-07,1.8460948514539677e-05,7.467729540288468e-05,0.0004944893203838304,0.0003818840135695812,0.00032322346941364346,1,884
445,lm,97.930,5.743935267659492e-09,1.7611448106246278e-09,1.7117349459977676e-09,2.270925948016611e-09,1.2956302048601472e-13,1.0,1.0,1.0,1.0,3.200000000000003e-07,1.8290734549524592e-05,7.450009235463942e-05,0.0004928714471133397,0.00038009040733993514,0.000322146917421183,1,886
446,lm,98.134,5.702015315017049e-09,1.7478498599288508e-09,1.6997254959173844e-09,2.2543137143114184e-09,1.2624485939636834e-13,1.0,1.0,1.0,1.0,3.200000000000003e-07,1.81202742454335e-05,7.432472947809466e-05,0.0004912712439634821,0.0003783148712964903,0.00032108245150588513,1,888
447,lm,98.338,5.660617588062722e-09,1.7347229840826707e-09,1.6878556464800266e-09,2.237916017145694e-09,1.2294035433141625e-13,1.0,1.0,1.0,1.0,3.200000000000003e-07,1.7949608271134373e-05,7.415117590432819e-05,0.0004896884856923479,0.00037655713221030875,0.000320029912455098,1,890
448,lm,98.543,5.619733849678143e-09,1.7217617055332247e-09,1.6761232948302672e-09,2.2217291954834736e-09,1.196538311777166e-13,1.0,1.0,1.0,1.0,3.200000000000003e-07,1.7778781576389872e-05,7.39794015426223e-05,0.0004881229521459758,0.0003748169277491953,0.0003189891437547605,1,892
449,lm,98.747,5.579356039821797e-09,1.7089635951711962e-09,1.6645263883526302e-09,2.205749666898973e-09,1.163893989978094e-13,1.0,1.0,1.0,1.0,3.200000000000003e-07,1.760784461829956e-05,7.380937704379435e-05,0.00048657442799068145,0.00037309400604446617,0.0003179599914210386,1,894
450,lm,98.951,5.539476268595228e-09,1.6963262700643094e-09,1.653062922286381e-09,2.189973925256413e-09,1.1315098812520229e-13,1.0,1.0,1.0,1.0,3.200000000000003e-07,1.7436850807617867e-05,7.364107378078523e-05,0.00048504270241336774,0.00037138812516928737,0.00031694230381552825,1,896
451,lm,99.155,5.500086809504053e-09,1.6838473917432131e-09,1.641730937112431e-09,2.1743985383317144e-09,1.0994231669373379e-13,1.0,1.0,1.0,1.0,3.200000000000003e-07,1.726585678187622e-05,7.347446380832509e-05,0.00048352756890708803,0.0003696990527380107,0.00031593593153213375,1,898
452,lm,99.360,5.461180093312606e-09,1.6715246641917834e-09,1.6305285164162059e-09,2.1590201457857186e-09,1.0676691889849896e-13,1.0,1.0,1.0,1.0,3.200000000000003e-07,1.7094921092374525e-05,7.330951984664488e-05,0.0004820288250116223,0.00036802656547107657,0.00031494072722289566,1,900
453,lm,99.564,5.422748702030946e-09,1.6593558322673448e-09,1.619453784549354e-09,2.1438354571241965e-09,1.0362809005087951e-13,1.0,1.0,1.0,1.0,3.200000000000003e-07,1.6924104781978954e-05,7.31462152489716e-05,0.0004805462720932154,0.00036637044874626343,0.00031395654551003,1,902
454,lm,99.769,5.384785363626232e-09,1.6473386800701668e-09,1.6085049047757805e-09,2.1288412498121087e-09,1.0052896817706662e-13,1.0,1.0,1.0,1.0,3.200000000000003e-07,1.6753468815491813e-05,7.29845239835769e-05,0.00047907971510200803,0.000364730496191165,0.00031298324282994823,1,904
455,lm,99.973,5.347282946663629e-09,1.6354710295211755e-09,1.5976800773608287e-09,2.1140343673518013e-09,9.747242982231556e-14,1.0,1.0,1.0,1.0,3.200000000000003e-07,1.6583075754422687e-05,7.282442060179797e-05,0.0004776289623806741,0.00036310650928604034,0.00031202067735022055,1,906
456,lm,100.177,5.3102344556045634e-09,1.623750739011673e-09,1.5869775378414346e-09,2.0994117175762348e-09,9.446117522107133e-14,1.0,1.0,1.0,1.0,3.200000000000003e-07,1.641298777812755e-05,7.266588022595398e-05,0.00047619382548944717,0.00036149829695555506,0.00031106870887748943,1,908
457,lm,100.381,5.273633026218742e-09,1.6121757021636898e-09,1.5763955554034282e-09,2.084970270976314e-09,9.149767531078608e-14,1.0,1.0,1.0,1.0,3.200000000000003e-07,1.6243266921516076e-05,7.25088785209102e-05,0.0004747741189697731,0.00035990567516929763,0.00031012719875385706,1,910
458,lm,100.585,5.23747192131355e-09,1.6007438466447199e-09,1.565932431442828e-09,2.0707070590141524e-09,8.858421184832239e-14,1.0,1.0,1.0,1.0,3.200000000000003e-07,1.6073974567468433e-05,7.235339167554234e-05,0.00047336966020781454,0.00035832846656316407,0.000309196009794855,1,912
459,lm,100.790,5.2017445267843056e-09,1.5894531330906737e-09,1.555586498136712e-09,2.05661917271638e-09,8.57228405395949e-14,1.0,1.0,1.0,1.0,3.200000000000003e-07,1.590517162478551e-05,7.219939638575414e-05,0.00047198026926847795,0.0003567665001066332,0.0003082750062029389,1,914
460,lm,100.994,5.166444347698671e-09,1.5783015541503823e-09,1.5453561171688455e-09,2.042703760951622e-09,8.29154278214564e-14,1.0,1.0,1.0,1.0,3.200000000000003e-07,1.5736917150243297e-05,7.204686983492621e-05,0.0004706057687117229,0.00035521961067797335,0.0003073640535199553,1,916
461,lm,101.198,5.131565004957107e-09,1.567287133504062e-09,1.5352396785976513e-09,2.028958029219781e-09,8.016363561242408e-14,1.0,1.0,1.0,1.0,3.200000000000003e-07,1.556926905592815e-05,7.189578967728671e-05,0.0004692459834778327,0.0003536876387992376,0.0003064630185667408,1,918
462,lm,101.402,5.0971002317731635e-09,1.5564079250394391e-09,1.525235599749929e-09,2.015379238048482e-09,7.746893531343066e-14,1.0,1.0,1.0,1.0,3.200000000000003e-07,1.540228397199623e-05,7.174613402107627e-05,0.00046790074072237313,0.0003521704302145293,0.0003055717694064386,1,920
463,lm,101.606,5.063043870569224e-09,1.5456620120222122e-09,1.5153423241130893e-09,2.0019647018342662e-09,7.483259965681297e-14,1.0,1.0,1.0,1.0,3.200000000000003e-07,1.5236016618146747e-05,7.159788141139511e-05,0.0004665698697380364,0.0003506678356452898,0.0003046901752992442,1,922
464,lm,101.810,5.029389870115976e-09,1.5350475063754967e-09,1.5055583206602616e-09,1.988711787357134e-09,7.22557230839084e-14,1.0,1.0,1.0,1.0,3.200000000000003e-07,1.507051931963062e-05,7.145101082129849e-05,0.00046525320177961905,0.00034917971039874566,0.0003038181066600872,1,924
465,lm,102.015,4.9961322825871455e-09,1.5245625479455186e-09,1.495882082720818e-09,1.975617912697345e-09,6.973922346407918e-14,1.0,1.0,1.0,1.0,3.200000000000003e-07,1.490584328417558e-05,7.130550162862518e-05,0.0004639505699832832,0.00034770591414786235,0.0003029554350425675,1,926
466,lm,102.219,4.9632652609420276e-09,1.5142053038512446e-09,1.4863121274070975e-09,1.962680545850618e-09,6.728383306739457e-14,1.0,1.0,1.0,1.0,3.200000000000003e-07,1.4742037189184234e-05,7.116133361165213e-05,0.00046266180927023455,0.0003462463105459591,0.0003021020331202944,1,928
467,lm,102.423,4.93078305644286e-09,1.503973967929025e-09,1.476846994749942e-09,1.9498972036416333e-09,6.489012225962184e-14,1.0,1.0,1.0,1.0,3.200000000000003e-07,1.4579147600073201e-05,7.101848692914168e-05,0.00046138675625090233,0.00034480076700911646,0.0003012577746525667,1,930
468,lm,102.627,4.898680016237649e-09,1.4938667600608281e-09,1.4674852472103233e-09,1.9372654504516047e-09,6.25585148924792e-14,1.0,1.0,1.0,1.0,3.200000000000003e-07,1.4417219092418267e-05,7.087694211668731e-05,0.0004601252491316949,0.00034336915443494703,0.00030042253449493546,1,932
469,lm,102.831,4.866950581122341e-09,1.4838819257699224e-09,1.45822546886136e-09,1.9247828972205058e-09,6.028927055336198e-14,1.0,1.0,1.0,1.0,3.200000000000003e-07,1.42562941561186e-05,7.073668006549712e-05,0.00045887712764036866,0.00034195134690654993,0.00029959618856641407,1,934
470,lm,103.036,4.835589283300811e-09,1.4740177355346035e-09,1.449066264988162e-09,1.912447200277868e-09,5.808250017777355e-14,1.0,1.0,1.0,1.0,3.200000000000003e-07,1.4096413153048776e-05,7.059768201976156e-05,0.00045764223295625923,0.0003405472215253432,0.0002987786138691374,1,936
471,lm,103.240,4.804590744451056e-09,1.4642724844769044e-09,1.440006261547352e-09,1.9002560602393146e-09,5.593818748460909e-14,1.0,1.0,1.0,1.0,3.200000000000003e-07,1.3937614185553143e-05,7.045992956164157e-05,0.00045642040764674874,0.0003391566580847533,0.0002979696884721276,1,938
472,lm,103.444,4.773949673598099e-09,1.454644491747614e-09,1.4310441046309644e-09,1.888207221037897e-09,5.385618162372151e-14,1.0,1.0,1.0,1.0,3.200000000000003e-07,1.3779933476706201e-05,7.032340460416492e-05,0.0004552114956157293,0.0003377795389050793,0.0002971692915162755,1,940
473,lm,103.648,4.743660865352199e-09,1.4451321002383085e-09,1.4221784600715117e-09,1.876298468840448e-09,5.1836201929945414e-14,1.0,1.0,1.0,1.0,3.200000000000003e-07,1.3623405078388704e-05,7.01880893812994e-05,0.00045401534203318053,0.00033641574856974944,0.0002963773032151222,1,942
474,lm,103.852,4.713719198068387e-09,1.4357336760796631e-09,1.4134080130579722e-09,1.8645276310629043e-09,4.9877867846981126e-14,1.0,1.0,1.0,1.0,3.200000000000003e-07,1.3468060959728566e-05,7.005396643480309e-05,0.00045283179329260717,0.0003350651737965743,0.00029559360487626624,1,944
475,lm,104.056,4.6841196320492e-09,1.4264476082119503e-09,1.4047314676781488e-09,1.852892575480203e-09,4.7980678897966053e-14,1.0,1.0,1.0,1.0,3.200000000000003e-07,1.331393157783406e-05,6.992101861521474e-05,0.00045166069699754415,0.00033372770313629807,0.0002948180788874539,1,946
476,lm,104.261,4.6548572079755896e-09,1.4172723080979753e-09,1.3961475467139394e-09,1.8413912091193879e-09,4.6144044286973546e-14,1.0,1.0,1.0,1.0,3.200000000000003e-07,1.3161044988937448e-05,6.978922906398786e-05,0.0004505019018736023,0.00033240322691631196,0.0002940506087461016,1,948
477,lm,104.465,4.625927045179885e-09,1.4082062092863453e-09,1.3876549911120272e-09,1.8300214775085e-09,4.43672730121662e-14,1.0,1.0,1.0,1.0,3.200000000000003e-07,1.3009427965657599e-05,6.965858121320886e-05,0.000449355257781624,0.00033109163694298625,0.0002932910790505397,1,950
478,lm,104.669,4.597324340202353e-09,1.3992477670798282e-09,1.3792525598660522e-09,1.818781363662311e-09,4.2649594162004954e-14,1.0,1.0,1.0,1.0,3.200000000000003e-07,1.2859104767822903e-05,6.952905877275488e-05,0.0004482206156660777,0.000329792826442531,0.0002925393755341754,1,952
479,lm,104.873,4.569044365196379e-09,1.3903954582077456e-09,1.3709390296305905e-09,1.8076688872015825e-09,4.099015646138063e-14,1.0,1.0,1.0,1.0,3.200000000000003e-07,1.2710098837314457e-05,6.940064572614639e-05,0.00044709782753200964,0.00032850668984226843,0.0002917953850625122,1,954
480,lm,105.077,4.541082466520297e-09,1.3816477804458221e-09,1.3627131944408635e-09,1.7966821035935554e-09,3.93880400560463e-14,1.0,1.0,1.0,1.0,3.200000000000003e-07,1.2562431313615873e-05,6.92733263229759e-05,0.0004459867464254753,0.0003272331226666144,0.0002910589956527105,1,956
481,lm,105.282,4.513434063316672e-09,1.3730032522947859e-09,1.3545738654946008e-09,1.7858191032676232e-09,3.784225966203611e-14,1.0,1.0,1.0,1.0,3.200000000000003e-07,1.2416122089447228e-05,6.914708507423406e-05,0.0004448872264307626,0.00032597202136773267,0.0002903300964813364,1,958
482,lm,105.486,4.486094646150389e-09,1.3644604127464762e-09,1.3465198709300377e-09,1.7750780106982919e-09,3.6351775583399703e-14,1.0,1.0,1.0,1.0,3.200000000000003e-07,1.2271189412594945e-05,6.902190674377932e-05,0.0004437991226310223,0.0003247232832567855,0.00028960857790711437,1,960
483,lm,105.690,4.4590597756252e-09,1.3560178208948318e-09,1.3385500554940858e-09,1.7644569837450008e-09,3.491549128051029e-14,1.0,1.0,1.0,1.0,3.200000000000003e-07,1.2127650256813067e-05,6.889777634298541e-05,0.0004427222911130934,0.00032348680631292615,0.00028889433147682916,1,962
484,lm,105.894,4.4323250811744436e-09,1.3476740556752665e-09,1.3306632803590255e-09,1.7539542128626213e-09,3.353227752999787e-14,1.0,1.0,1.0,1.0,3.200000000000003e-07,1.1985520027787614e-05,6.877467912629577e-05,0.0004416565889517212,0.00032226248914719885,0.0002881872499323722,1,964
485,lm,106.098,4.405886259716745e-09,1.3394277155562703e-09,1.322858422972139e-09,1.7435679202386113e-09,3.220094972549488e-14,1.0,1.0,1.0,1.0,3.200000000000003e-07,1.1844812983885884e-05,6.865260058299376e-05,0.0004406018742113556,0.0003210502308844363,0.0002874872272422214,1,966
486,lm,106.303,4.379739074478853e-09,1.3312774182691118e-09,1.3151343767171566e-09,1.7332963591874408e-09,3.0920305143865836e-14,1.0,1.0,1.0,1.0,3.200000000000003e-07,1.1705541920219303e-05,6.853152643687707e-05,0.0004395580059313002,0.00031984993105520085,0.00028679415859832316,1,968
487,lm,106.507,4.353879353794782e-09,1.323221800511005e-09,1.3074900508319344e-09,1.7231378133468597e-09,2.9689104983384426e-14,1.0,1.0,1.0,1.0,3.200000000000003e-07,1.1567718431204126e-05,6.841144263364453e-05,0.00043852484412584494,0.0003186614895339514,0.0002861079404261887,1,970
488,lm,106.712,4.32830298989611e-09,1.3152595176766827e-09,1.2999243700574597e-09,1.7130905960701444e-09,2.8506091822695856e-14,1.0,1.0,1.0,1.0,3.200000000000003e-07,1.1431353166748212e-05,6.82923353448072e-05,0.0004375022497968606,0.000317484806445148,0.00028542847040834336,1,972
489,lm,106.916,4.303005937823557e-09,1.3073892435880968e-09,1.2924362745767244e-09,1.7031530496705985e-09,2.736998813768218e-14,1.0,1.0,1.0,1.0,3.200000000000003e-07,1.1296455539494686e-05,6.817419095652219e-05,0.0004364900849166064,0.00031631978213953984,0.00028475564747810285,1,974
490,lm,107.120,4.277984214309807e-09,1.299609670280633e-09,1.2850247197585961e-09,1.6933235447636415e-09,2.6279506936281502e-14,1.0,1.0,1.0,1.0,3.200000000000003e-07,1.1163033716529561e-05,6.805699606584619e-05,0.0004354882124360459,0.0003151663170859136,0.0002840893718362662,1,976
491,lm,107.324,4.2532338966422665e-09,1.2919195076482779e-09,1.2776886759420753e-09,1.6836004797029354e-09,2.523334897824802e-14,1.0,1.0,1.0,1.0,3.200000000000003e-07,1.1031095103632006e-05,6.794073747899702e-05,0.0004344964962912574,0.0003140243118571643,0.0002834295449597475,1,978
492,lm,107.528,4.228751121654821e-09,1.284317483262567e-09,1.2704271282642547e-09,1.6739822799144923e-09,2.4230213507076304e-14,1.0,1.0,1.0,1.0,3.200000000000003e-07,1.0900645984271357e-05,6.78254022039319e-05,0.00043351480140701456,0.0003128936670409186,0.00028277606960225223,1,980
493,lm,107.733,4.2045320846820486e-09,1.276802342114385e-09,1.2632390765049856e-09,1.6644673972669669e-09,2.3268795711520153e-14,1.0,1.0,1.0,1.0,3.200000000000003e-07,1.0771691740186135e-05,6.77109774488793e-05,0.000432542993703813,0.0003117742832588882,0.00028212884980262793,1,982
494,lm,107.937,4.180573038555231e-09,1.2693728463613357e-09,1.256123534840461e-09,1.6550543095557682e-09,2.23477976654805e-14,1.0,1.0,1.0,1.0,3.200000000000003e-07,1.064423674674083e-05,6.759745061663873e-05,0.0004315809401091629,0.0003106660611021247,0.00028148779089688105,1,984
495,lm,108.141,4.1568702925634325e-09,1.2620277750952024e-09,1.2490795316522686e-09,1.645741519890753e-09,2.1465925208471802e-14,1.0,1.0,1.0,1.0,3.200000000000003e-07,1.0518284602192833e-05,6.748480930135327e-05,0.00043062850855131267,0.00030956890107630025,0.00028085279950376983,1,986
496,lm,108.345,4.133420211577112e-09,1.2547659241037843e-09,1.2421061094316787e-09,1.63652755614822e-09,2.0621893428932172e-14,1.0,1.0,1.0,1.0,3.200000000000003e-07,1.0393838162861956e-05,6.737304128335336e-05,0.0004296855679768982,0.0003084827036243264,0.0002802237835399494,1,988
497,lm,108.549,4.110219215045144e-09,1.2475861056437624e-09,1.235202324465101e-09,1.627410970504839e-09,1.9814431441272307e-14,1.0,1.0,1.0,1.0,3.200000000000003e-07,1.027089927061307e-05,6.726213452789138e-05,0.00042875198835981175,0.00030740736911512436,0.0002796006522156485,1,990
498,lm,108.754,4.087263776052876e-09,1.240487148227873e-09,1.2283672467103202e-09,1.6183903388356234e-09,1.904227905878421e-14,1.0,1.0,1.0,1.0,3.200000000000003e-07,1.0149469126093431e-05,6.715207717945834e-05,0.00042782764071088564,0.0003063427977584854,0.0002789833160366667,1,992
499,lm,108.958,4.064550420508706e-09,1.2334678964165974e-09,1.2215999596196444e-09,1.6094642602751458e-09,1.8304197317645594e-14,1.0,1.0,1.0,1.0,3.200000000000003e-07,1.0029548066155578e-05,6.70428575572845e-05,0.0004269123970785524,0.00030528888968925144,0.00027837168680431006,1,994
500,lm,109.162,4.042075726202563e-09,1.2265272105479347e-09,1.2148995599985406e-09,1.6006313566941267e-09,1.7598961961260044e-14,1.0,1.0,1.0,1.0,3.200000000000003e-07,9.911135887823704e-06,6.693446415540097e-05,0.00042600613057588055,0.0003042455448991627,0.00027776567760393354,1,996
501,lm,109.366,4.01983632201636e-09,1.2196639666181916e-09,1.2082651577203142e-09,1.5918902723035575e-09,1.692537429641851e-14,1.0,1.0,1.0,1.0,3.200000000000003e-07,9.79423154494032e-06,6.682688563662144e-05,0.000425108715366199,0.0003032126632818538,0.0002771652028130936,1,998
502,lm,109.570,3.997828886993947e-09,1.212877055966326e-09,1.2016958756519404e-09,1.5832396731208846e-09,1.628225479627071e-14,1.0,1.0,1.0,1.0,3.200000000000003e-07,9.678833443653152e-06,6.672011083202575e-05,0.00042422002670156186,0.00030219014458511285,0.0002765701780896028,1,1000
503,lm,109.774,3.976050149627719e-09,1.2061653851670694e-09,1.1951908493907688e-09,1.5746782466199897e-09,1.5668449891158632e-14,1.0,1.0,1.0,1.0,3.200000000000003e-07,9.564939103337876e-06,6.66141287320501e-05,0.00042333994090876877,0.0003011778884734909,0.00027598052036505367,1,1002
504,lm,109.979,3.9544968869863866e-09,1.1995278758018172e-09,1.1887492271073733e-09,1.5662047012492045e-09,1.5082827991548838e-14,1.0,1.0,1.0,1.0,3.200000000000003e-07,9.452545719990105e-06,6.650892849124585e-05,0.0004224683354054287,0.0003001757944994157,0.00027539614784308333,1,1004
505,lm,110.183,3.933165923999284e-09,1.1929634642941259e-09,1.182370169390777e-09,1.5578177660268456e-09,1.4524287535602102e-14,1.0,1.0,1.0,1.0,3.200000000000003e-07,9.341649701821493e-06,6.640449941943788e-05,0.00042160508872295067,0.00029918376213815533,0.00027481697999289,1,1006
506,lm,110.387,3.91205413268876e-09,1.18647110164582e-09,1.176052849092588e-09,1.549516190197612e-09,1.3991752739680106e-14,1.0,1.0,1.0,1.0,3.200000000000003e-07,9.232246992776435e-06,6.630083097993585e-05,0.00042075008049400584,0.0002982016907954928,0.0002742429375314156,1,1008
507,lm,110.591,3.891158431404842e-09,1.1800497533512377e-09,1.169796451095818e-09,1.5412987427800668e-09,1.3484177718902395e-14,1.0,1.0,1.0,1.0,3.200000000000003e-07,9.124332931650755e-06,6.619791278807214e-05,0.000419903191480564,0.000297229479811562,0.00027367394242421104,1,1010
508,lm,110.796,3.870475784162018e-09,1.173698399155736e-09,1.1636001722042293e-09,1.533164212261657e-09,1.3000540396046163e-14,1.0,1.0,1.0,1.0,3.200000000000003e-07,9.017902261210056e-06,6.609573460933023e-05,0.0004190643035849411,0.0002962670285229891,0.00027310991787584706,1,1012
509,lm,111.000,3.850003199910502e-09,1.167416032888942e-09,1.1574632209000837e-09,1.5251114062674852e-09,1.2539853990923362e-14,1.0,1.0,1.0,1.0,3.200000000000003e-07,8.912949267343222e-06,6.599428635375835e-05,0.0004182332998340366,0.0002953142362505639,0.000272550788307504,1,1014
510,lm,111.204,3.829737731831476e-09,1.1612016623459587e-09,1.1513848172313224e-09,1.517139151098321e-09,1.2101155873913287e-14,1.0,1.0,1.0,1.0,3.200000000000003e-07,8.809467767401443e-06,6.589355807409467e-05,0.0004174100644212462,0.0002943710023147678,0.0002719964793626447,1,1016
511,lm,111.408,3.809676476751554e-09,1.1550543090531181e-09,1.1453641926547656e-09,1.5092462915275937e-09,1.1683516076826989e-14,1.0,1.0,1.0,1.0,3.200000000000003e-07,8.707451002579483e-06,6.579353996531298e-05,0.00041659448268744687,0.0002934372261067027,0.0002714469178755502,1,1018
512,lm,111.612,3.789816574386346e-09,1.1489730081379103e-09,1.1394005898216025e-09,1.501431690393013e-09,1.1286033820139225e-14,1.0,1.0,1.0,1.0,3.200000000000003e-07,8.60689185187509e-06,6.569422235930645e-05,0.000415786441144976,0.0002925128070724242,0.0002709020318878688,1,1020
513,lm,111.817,3.7701552068041775e-09,1.1429568081656457e-09,1.133493262460536e-09,1.4936942283391043e-09,1.0907838891969406e-14,1.0,1.0,1.0,1.0,3.200000000000003e-07,8.507782731063543e-06,6.559559572571471e-05,0.0004149858274897831,0.0002915976447716778,0.0002703617506053266,1,1022
514,lm,112.021,3.750689597802663e-09,1.1370047710071053e-09,1.127641475216891e-09,1.4860328034899963e-09,1.0548088670261342e-14,1.0,1.0,1.0,1.0,3.200000000000003e-07,8.410115473281903e-06,6.5497650666091e-05,0.000414192530582718,0.0002906916388831338,0.0002698260043973008,1,1024
515,lm,112.225,3.731417012199407e-09,1.1311159716313269e-09,1.1218445034332558e-09,1.4784463311638324e-09,1.0205970991741448e-14,1.0,1.0,1.0,1.0,3.200000000000003e-07,8.313881789227028e-06,6.54003779142016e-05,0.00041340644049188695,0.0002897946892471154,0.0002692947247907219,1,1026
516,lm,112.429,3.7123347554177973e-09,1.1252894980164916e-09,1.116101633098751e-09,1.4709337435996174e-09,9.880702937245794e-15,1.0,1.0,1.0,1.0,3.200000000000003e-07,8.219072699793414e-06,6.530376833344332e-05,0.00041262744847028575,0.0002889066958960105,0.0002687678444458388,1,1028
517,lm,112.634,3.693440172779734e-09,1.1195244509690947e-09,1.1104121606268766e-09,1.4634939896541368e-09,9.571529625431894e-15,1.0,1.0,1.0,1.0,3.200000000000003e-07,8.125678972952017e-06,6.520781291388969e-05,0.00041185544698841756,0.00028802755909407616,0.00026824529714518077,1,1030
518,lm,112.838,3.6747306489852975e-09,1.1138199439959101e-09,1.1047753926976253e-09,1.4561260345656175e-09,9.277726143991565e-15,1.0,1.0,1.0,1.0,3.200000000000003e-07,8.033691069124352e-06,6.511250276882166e-05,0.0004110903297006043,0.00028715717934618316,0.00026772701778273963,1,1032
519,lm,113.043,3.6562036076338126e-09,1.10817510316524e-09,1.0991906461642047e-09,1.4488288597111234e-09,8.998593244142778e-15,1.0,1.0,1.0,1.0,3.200000000000003e-07,7.943098954427192e-06,6.501782913742868e-05,0.00041033199149962535,0.00028629545745071587,0.0002672129423384475,1,1034
520,lm,113.247,3.6378565105811544e-09,1.1025890669323935e-09,1.0936572478932013e-09,1.4416014622944327e-09,8.733461126828682e-15,1.0,1.0,1.0,1.0,3.200000000000003e-07,7.853892354213647e-06,6.492378337896382e-05,0.00040958032848579037,0.00028544229453075976,0.00026670300787737824,1,1036
521,lm,113.452,3.6196868575020428e-09,1.0970609860781775e-09,1.0881745345798948e-09,1.434442855159731e-09,8.48168423929683e-15,1.0,1.0,1.0,1.0,3.200000000000003e-07,7.766060594333294e-06,6.483035696967658e-05,0.00040883523798330675,0.00028459759205396807,0.0002661971525342393,1,1038
522,lm,113.656,3.6016921853301674e-09,1.0915900234929743e-09,1.0827418526543722e-09,1.4273520665375993e-09,8.242645220929925e-15,1.0,1.0,1.0,1.0,3.200000000000003e-07,7.67959272376132e-06,6.473754150664566e-05,0.0004080966185445086,0.0002837612518626057,0.00026569531547985273,1,1040
523,lm,113.860,3.5838700677936914e-09,1.086175354115489e-09,1.0773585581325474e-09,1.420328139794115e-09,8.015751539859419e-15,1.0,1.0,1.0,1.0,3.200000000000003e-07,7.594477534181112e-06,6.46453286992356e-05,0.0004073643699552704,0.00028293317622977765,0.0002651974369280118,1,1042
524,lm,114.064,3.5662181149316833e-09,1.0808161647482866e-09,1.0720240164902006e-09,1.4133701332578364e-09,7.800435359671789e-15,1.0,1.0,1.0,1.0,3.200000000000003e-07,7.510703407333597e-06,6.455371037281644e-05,0.00040663839322990623,0.00028211326786418267,0.00026470345810613894,1,1044
525,lm,114.268,3.5487339725826925e-09,1.0755116539738282e-09,1.0667376025147573e-09,1.4064771199426184e-09,7.596151488704947e-15,1.0,1.0,1.0,1.0,3.200000000000003e-07,7.428258540732347e-06,6.44626784630811e-05,0.000405918590621355,0.0002813014299494679,0.00026421332124579,1,1046
526,lm,114.473,3.531415321935126e-09,1.0702610320216946e-09,1.06149870017119e-09,1.3996481873619784e-09,7.402380262268257e-15,1.0,1.0,1.0,1.0,3.200000000000003e-07,7.34713077946883e-06,6.437222501934853e-05,0.0004052048656251619,0.0002804975661828389,0.0002637269695717899,1,1048
527,lm,114.677,3.5142598790635134e-09,1.0650635206048702e-09,1.0563067025140288e-09,1.3928824373219097e-09,7.218622705043175e-15,1.0,1.0,1.0,1.0,3.200000000000003e-07,7.267307825522565e-06,6.428234219669788e-05,0.0004044971229683869,0.00027970158078641504,0.00026324434727558263,1,1050
528,lm,114.881,3.4972653944791237e-09,1.059918352852626e-09,1.0511610115196382e-09,1.3861789857032162e-09,7.044403643796672e-15,1.0,1.0,1.0,1.0,3.200000000000003e-07,7.188777001947929e-06,6.419302225906898e-05,0.00040379526862374085,0.0002789133785603461,0.0002627653995099087,1,1052
529,lm,115.085,3.480429652709889e-09,1.0548247731869356e-09,1.0460610379998943e-09,1.3795369622570538e-09,6.879266004748213e-15,1.0,1.0,1.0,1.0,3.200000000000003e-07,7.111525506022892e-06,6.410425757634018e-05,0.0004030992098059639,0.0002781328648831843,0.000262290072371022,1,1054
530,lm,115.289,3.463750471803174e-09,1.049782037126351e-09,1.0410062014347023e-09,1.3729555104656082e-09,6.722776512105832e-15,1.0,1.0,1.0,1.0,3.200000000000003e-07,7.0355401426578735e-06,6.40160406242903e-05,0.0004024088549711651,0.00027735994576410833,0.0002618183128841594,1,1056
531,lm,115.494,3.447225702975806e-09,1.044789411274251e-09,1.0359959299212996e-09,1.366433787262306e-09,6.574517949474268e-15,1.0,1.0,1.0,1.0,3.200000000000003e-07,6.960807685164259e-06,6.392836397980798e-05,0.00040172411381114357,0.00027659452784349386,0.0002613500689839568,1,1058
532,lm,115.698,3.430853230128035e-09,1.0398461731326457e-09,1.0310296599871078e-09,1.3599709629129072e-09,6.434095374520274e-15,1.0,1.0,1.0,1.0,3.200000000000003e-07,6.8873145452933765e-06,6.38412203233856e-05,0.00040104489726582157,0.00027583651844651397,0.0002608852895114491,1,1060
533,lm,115.902,3.4146309694636274e-09,1.0349516110006093e-09,1.026106836537175e-09,1.3535662207968744e-09,6.301128968801081e-15,1.0,1.0,1.0,1.0,3.200000000000003e-07,6.815047043634895e-06,6.37546024356899e-05,0.0004003711175057217,0.00027508582558599556,0.000260423924184239,1,1062
534,lm,116.106,3.398556869059141e-09,1.030105023845279e-09,1.0212269127170814e-09,1.347218757239332e-09,6.175257448530329e-15,1.0,1.0,1.0,1.0,3.200000000000003e-07,6.74399121352624e-06,6.366850319739704e-05,0.00039970268793970665,0.0002743423579999886,0.0002599659235933059,1,1064
535,lm,116.310,3.3826289084863383e-09,1.0253057212461948e-09,1.0163893497618924e-09,1.34092778134221e-09,6.056136041027576e-15,1.0,1.0,1.0,1.0,3.200000000000003e-07,6.6741329486699555e-06,6.358291558728465e-05,0.0003990395232167099,0.0002736060251478941,0.00025951123919215326,1,1066
536,lm,116.514,3.366845098382708e-09,1.02055302322744e-09,1.0115936169663894e-09,1.3346925147525363e-09,5.9434363421584355e-15,1.0,1.0,1.0,1.0,3.200000000000003e-07,6.605457922787242e-06,6.349783268259893e-05,0.0003983815392163833,0.0002728767372790122,0.000259059823266067,1,1068
537,lm,116.718,3.3512034800838343e-09,1.015846260129502e-09,1.0068391915300196e-09,1.3285121915794518e-09,5.836844860956801e-15,1.0,1.0,1.0,1.0,3.200000000000003e-07,6.537951702250398e-06,6.341324765474404e-05,0.0003977286530402194,0.00027215440540195586,0.00025861162893738856,1,1070
538,lm,116.923,3.335702125226408e-09,1.0111847725677611e-09,1.0021255584623734e-09,1.322386058134938e-09,5.736061335216363e-15,1.0,1.0,1.0,1.0,3.200000000000003e-07,6.471599687808386e-06,6.332915377149624e-05,0.00039708078301870664,0.00027143894131884686,0.0002581666101357045,1,1072
539,lm,117.127,3.3203391353677017e-09,1.0065679112364776e-09,9.974522104759744e-10,1.3163133728529016e-09,5.6408023480550895e-15,1.0,1.0,1.0,1.0,3.200000000000003e-07,6.406386978358973e-06,6.32455443941334e-05,0.0003964378487060043,0.0002707302576741386,0.00025772472159875745,1,1074
540,lm,117.331,3.305112641578666e-09,1.001995036871387e-09,9.928186478700385e-10,1.3102934060420588e-09,5.550795181852778e-15,1.0,1.0,1.0,1.0,3.200000000000003e-07,6.3422988255934005e-06,6.316241297923875e-05,0.00039579977087525145,0.0002700282679313135,0.0002572859188525844,1,1076
541,lm,117.536,3.2900208041374268e-09,9.974655200948476e-10,9.882243784988709e-10,1.3043254397637896e-09,5.465779918046798e-15,1.0,1.0,1.0,1.0,3.200000000000003e-07,6.279319899077381e-06,6.307975307246596e-05,0.00039516647150026935,0.00026933288640945143,0.0002568501581940089,1,1078
542,lm,117.740,3.2750618120565865e-09,9.929787413031265e-10,9.836689175631792e-10,1.2984087676800545e-09,5.385510226195387e-15,1.0,1.0,1.0,1.0,3.200000000000003e-07,6.21743516424423e-06,6.299755831337369e-05,0.0003945378737743253,0.00026864402828263254,0.00025641739668820436,1,1080
543,lm,117.944,3.260233882803264e-09,9.88534090567787e-10,9.791517876148365e-10,1.2925426948702463e-09,5.3097503945536245e-15,1.0,1.0,1.0,1.0,3.200000000000003e-07,6.156629247794775e-06,6.291582243073798e-05,0.0003939139020772338,0.0002679616096051031,0.0002559875921418024,1,1082
544,lm,118.148,3.245535261877837e-09,9.841309675574783e-10,9.746725183628422e-10,1.28672653768191e-09,5.238275606614167e-15,1.0,1.0,1.0,1.0,3.200000000000003e-07,6.096886752459497e-06,6.283453924274956e-05,0.0003932944819958648,0.00026728554732425924,0.0002555607031111384,1,1084
545,lm,118.352,3.23096422251216e-09,9.797687813696886e-10,9.702306467032544e-10,1.2809596235675812e-09,5.170871635609135e-15,1.0,1.0,1.0,1.0,3.200000000000003e-07,6.038191933009366e-06,6.275370265709652e-05,0.0003926795402968466,0.0002666157592842907,0.0002551366888706477,1,1086
546,lm,118.557,3.2165190652273335e-09,9.754469504369028e-10,9.65825716492196e-10,1.275241290964371e-09,5.1073338637787126e-15,1.0,1.0,1.0,1.0,3.200000000000003e-07,5.9805294068396535e-06,6.267330666916492e-05,0.0003920690049410138,0.00026595216424642117,0.00025471550941136664,1,1088
547,lm,118.761,3.202198117556024e-09,9.711649024767782e-10,9.614572785393876e-10,1.269570889071726e-09,5.047468132290093e-15,1.0,1.0,1.0,1.0,3.200000000000003e-07,5.923883199658154e-06,6.25933453618493e-05,0.0003914628050477955,0.000265294681880469,0.0002542971254259086,1,1090
548,lm,118.965,3.187999733646116e-09,9.669220742922267e-10,9.571248904880769e-10,1.2639477777785546e-09,4.991087258315257e-15,1.0,1.0,1.0,1.0,3.200000000000003e-07,5.868237623608115e-06,6.251381290359356e-05,0.00039086087091873425,0.0002646432327920772,0.00025388149830151026,1,1092
549,lm,119.169,3.1739222939103807e-09,9.627179117095583e-10,9.528281167034404e-10,1.2583713274825304e-09,4.9380148514826766e-15,1.0,1.0,1.0,1.0,3.200000000000003e-07,5.813576614748318e-06,6.243470354904409e-05,0.0003902631339961031,0.000263997738513731,0.00025346859009483375,1,1094
550,lm,119.373,3.159964204709385e-09,9.585518694919238e-10,9.48566528234666e-10,1.2528409189008769e-09,4.888081918299286e-15,1.0,1.0,1.0,1.0,3.200000000000003e-07,5.759884387062129e-06,6.235601163866492e-05,0.0003896695268907991,0.0002633581215236867,0.0002530583635426892,1,1096
551,lm,119.577,3.146123897977058e-09,9.544234112032781e-10,9.443397026649249e-10,1.247355942983401e-09,4.8411254546373155e-15,1.0,1.0,1.0,1.0,3.200000000000003e-07,5.7071448032528495e-06,6.22777315964198e-05,0.00038907998335114874,0.0002627243052342262,0.0002526507820328851,1,1098
552,lm,119.782,3.132399830895744e-09,9.503320090786494e-10,9.401472240857994e-10,1.241915800738193e-09,4.796993102348728e-15,1.0,1.0,1.0,1.0,3.200000000000003e-07,5.655341715835155e-06,6.219985792982627e-05,0.0003884944382610252,0.00026209621402577184,0.0002522458096054748,1,1100
553,lm,119.986,3.1187904855421194e-09,9.462771439809335e-10,9.359886829359518e-10,1.236519903089007e-09,4.755536227697496e-15,1.0,1.0,1.0,1.0,3.200000000000003e-07,5.6044591640883404e-06,6.212238522907507e-05,0.0003879128276216671,0.00026147377320418343,0.0002518434109284906,1,1102
554,lm,120.190,3.105294368559989e-09,9.422583052142007e-10,9.318636759835637e-10,1.2311676707473074e-09,4.716614916801641e-15,1.0,1.0,1.0,1.0,3.200000000000003e-07,5.554480899215858e-06,6.204530816752663e-05,0.00038733508856194835,0.00026085690905309204,0.00025144355130723983,1,1104
555,lm,120.394,3.0919100108020854e-09,9.382749904796231e-10,9.27771806175005e-10,1.2258585340531372e-09,4.680094320262275e-15,1.0,1.0,1.0,1.0,3.200000000000003e-07,5.505390815998733e-06,6.196862149962214e-05,0.000386761159306009,0.0002602455487939748,0.0002510461966521416,1,1106
556,lm,120.598,3.0786359670194454e-09,9.343267057442282e-10,9.237126826058655e-10,1.2205919328226233e-09,4.645846728611982e-15,1.0,1.0,1.0,1.0,3.200000000000003e-07,5.457172589695109e-06,6.189232006058712e-05,0.000386190979183284,0.0002596396206020019,0.00025065131348890883,1,1108
557,lm,120.802,3.065470815550572e-09,9.304129651228591e-10,9.196859204235276e-10,1.2153673162548243e-09,4.613749360471771e-15,1.0,1.0,1.0,1.0,3.200000000000003e-07,5.409810221305826e-06,6.18163987668666e-05,0.00038562448860463705,0.0002590390536207822,0.00025025886893035665,1,1110
558,lm,121.006,3.0524131579309415e-09,9.26533290802406e-10,9.15691140717609e-10,1.2101841427262275e-09,4.583684699165139e-15,1.0,1.0,1.0,1.0,3.200000000000003e-07,5.363287391033041e-06,6.17408526140467e-05,0.00038506162906056895,0.00025844377793053625,0.0002498688306852659,1,1112
559,lm,121.211,3.0394616186103055e-09,9.22687212940461e-10,9.11727970423748e-10,1.2050418797044032e-09,4.555541693523294e-15,1.0,1.0,1.0,1.0,3.200000000000003e-07,5.317587966698213e-06,6.166567667692202e-05,0.00038450234310878655,0.000257853724579501,0.00024948116703452566,1,1114
560,lm,121.415,3.02661484462906e-09,9.188742694865348e-10,9.077960422965433e-10,1.1999400036333423e-09,4.529212640067946e-15,1.0,1.0,1.0,1.0,3.200000000000003e-07,5.272695933364609e-06,6.15908661092035e-05,0.00038394657435562445,0.0002572688255527089,0.0002490958468267054,1,1116
561,lm,121.619,3.0138715052716735e-09,9.150940061621865e-10,9.038949947924837e-10,1.1948779997219071e-09,4.50459509609442e-15,1.0,1.0,1.0,1.0,3.200000000000003e-07,5.228595052487395e-06,6.151641614240845e-05,0.00038339426745999253,0.0002566890137801682,0.00024871283946888785,1,1118
562,lm,121.823,3.0012302917667112e-09,9.113459763372087e-10,9.000244719749686e-10,1.189855361862906e-09,4.4815916282739755e-15,1.0,1.0,1.0,1.0,3.200000000000003e-07,5.185269326213387e-06,6.144232208520552e-05,0.0003828453681089119,0.0002561142231366498,0.00024833211492031657,1,1120
563,lm,122.027,2.9886899169470836e-09,9.076297408753424e-10,8.961841234547368e-10,1.1848715925085897e-09,4.460108414794063e-15,1.0,1.0,1.0,1.0,3.200000000000003e-07,5.1427027795347005e-06,6.136857932315908e-05,0.0003822998230153154,0.0002555443884365508,0.00024795364367930514,1,1122
564,lm,122.231,2.976249114948722e-09,9.039448680933711e-10,8.923736043199572e-10,1.1799262024792128e-09,4.440056181153234e-15,1.0,1.0,1.0,1.0,3.200000000000003e-07,5.100879443079368e-06,6.129518331862566e-05,0.0003817575799031141,0.00025497944541927054,0.0002475773967785523,1,1124
565,lm,122.436,2.9639066409020106e-09,9.00290933625574e-10,8.88592575004994e-10,1.1750187109221145e-09,4.421349327994593e-15,1.0,1.0,1.0,1.0,3.200000000000003e-07,5.059783548395436e-06,6.122212960811563e-05,0.0003812185874926023,0.00025441933074894703,0.0002472033457679975,1,1126
566,lm,122.641,2.9516612705984075e-09,8.966675203380465e-10,8.848407012565653e-10,1.1701486450981104e-09,4.403905685420635e-15,1.0,1.0,1.0,1.0,3.200000000000003e-07,5.019399283902487e-06,6.114941380379655e-05,0.00038068279549187465,0.0002538639820201249,0.00024683146271925943,1,1128
567,lm,122.845,2.939511800201578e-09,8.930742181829308e-10,8.811176540471596e-10,1.1653155403239916e-09,4.3876474967363174e-15,1.0,1.0,1.0,1.0,3.200000000000003e-07,4.979710953489375e-06,6.107703159339844e-05,0.0003801501545897799,0.00025331333772968864,0.00024646172020706625,1,1130
568,lm,123.049,2.927457045919084e-09,8.895106241621997e-10,8.774231094719801e-10,1.1605189397854098e-09,4.372499494222111e-15,1.0,1.0,1.0,1.0,3.200000000000003e-07,4.940703070074317e-06,6.100497873685612e-05,0.00037962061643810743,0.0002527673372832232,0.0002460940913086009,1,1132
569,lm,123.253,2.9154958437131635e-09,8.85976342182615e-10,8.737567487162286e-10,1.1557583944243825e-09,4.358389937626378e-15,1.0,1.0,1.0,1.0,3.200000000000003e-07,4.902360141441885e-06,6.0933251067500964e-05,0.0003790941336327433,0.0002522259209787565,0.0002457285495812066,1,1134
570,lm,123.457,2.903627048989068e-09,8.824709829659881e-10,8.701182579129598e-10,1.151033462859194e-09,4.345250925928678e-15,1.0,1.0,1.0,1.0,3.200000000000003e-07,4.864666851252097e-06,6.08618444919973e-05,0.00037857065972284715,0.0002516890300151323,0.00024536506907702166,1,1136
571,lm,123.661,2.891849536304164e-09,8.789941639342054e-10,8.66507328133404e-10,1.146343711219824e-09,4.333016730650252e-15,1.0,1.0,1.0,1.0,3.200000000000003e-07,4.827608045471246e-06,6.079075498823384e-05,0.00037805014917428805,0.0002511566064642818,0.00024500362431613437,1,1138
572,lm,123.867,2.880162199045044e-09,8.755455091366304e-10,8.629236552514214e-10,1.141688713032281e-09,4.321624710661886e-15,1.0,1.0,1.0,1.0,3.200000000000003e-07,4.7911686690353074e-06,6.071997860638026e-05,0.0003775325573757737,0.0002506285932754506,0.0002446441902818362,1,1140
573,lm,124.071,2.868563949158943e-09,8.721246491414555e-10,8.593669398933962e-10,1.1370680491093083e-09,4.3110147829351334e-15,1.0,1.0,1.0,1.0,3.200000000000003e-07,4.755333854139812e-06,6.064951146641499e-05,0.000377017840613011,0.0002501049342603643,0.00024428674242272917,1,1142
574,lm,124.275,2.8570537168494425e-09,8.687312209247192e-10,8.558368873880941e-10,1.1324813074058822e-09,4.3011307469728145e-15,1.0,1.0,1.0,1.0,3.200000000000003e-07,4.720088831053933e-06,6.057934975884174e-05,0.00037650595606828467,0.0002495855740783336,0.00024393125663339823,1,1144
575,lm,124.480,2.8456304502763734e-09,8.653648677802027e-10,8.523332076381603e-10,1.127928082941269e-09,4.2919167412609716e-15,1.0,1.0,1.0,1.0,3.200000000000003e-07,4.685419088423916e-06,6.0509489743535276e-05,0.00037599686179557774,0.0002490704582483978,0.00024357770925531925,1,1146
576,lm,124.684,2.8342931152684065e-09,8.62025239237823e-10,8.488556150822528e-10,1.123407977626495e-09,4.283321835543779e-15,1.0,1.0,1.0,1.0,3.200000000000003e-07,4.65131020671437e-06,6.043992774950417e-05,0.0003754905167233055,0.0002485595331102975,0.00024322607706547448,1,1148
577,lm,124.888,2.8230406950299837e-09,8.587119909174535e-10,8.454038286040023e-10,1.1189206002136193e-09,4.27529490898173e-15,1.0,1.0,1.0,1.0,3.200000000000003e-07,4.6177480342933294e-06,6.0370660172988284e-05,0.000374986880624845,0.00024805274584046384,0.00024287633726762507,1,1150
578,lm,125.092,2.811872189898674e-09,8.554247845156308e-10,8.41977571480408e-10,1.1144655661131235e-09,4.267789511788869e-15,1.0,1.0,1.0,1.0,3.200000000000003e-07,4.5847185022387895e-06,6.030168347956774e-05,0.00037448591411979015,0.000247550044416524,0.00024252846748817504,1,1152
579,lm,125.296,2.8007866169977273e-09,8.521632876211096e-10,8.385765712969014e-10,1.1100424973192923e-09,4.2607604240758236e-15,1.0,1.0,1.0,1.0,3.200000000000003e-07,4.552207848484882e-06,6.0232994199652457e-05,0.0003739875786514357,0.0002470513776365335,0.00024218244577043556,1,1154
580,lm,125.500,2.789783010009741e-09,8.489271736810719e-10,8.352005598395122e-10,1.1056510223251112e-09,4.25416404610562e-15,1.0,1.0,1.0,1.0,3.200000000000003e-07,4.520202510637569e-06,6.016458893029661e-05,0.0003734918364780115,0.000246556695083934,0.00024183825056129868,1,1156
581,lm,125.705,2.7788604188736057e-09,8.457161218815922e-10,8.318492731001259e-10,1.1012907759332412e-09,4.247958646459063e-15,1.0,1.0,1.0,1.0,3.200000000000003e-07,4.488689088915464e-06,6.009646433585705e-05,0.00037299865066726045,0.00024606594712784383,0.00024149586070763027,1,1158
582,lm,125.909,2.7680179095194574e-09,8.425298170757086e-10,8.285224511230345e-10,1.0969613992145988e-09,4.242106115412269e-15,1.0,1.0,1.0,1.0,3.200000000000003e-07,4.457654325823776e-06,6.002861714384479e-05,0.00037250798506999265,0.0002455790849047227,0.00024115525545468855,1,1160
583,lm,126.113,2.7572545635790486e-09,8.393679496319179e-10,8.252198379999628e-10,1.0926625393784509e-09,4.236568716989608e-15,1.0,1.0,1.0,1.0,3.200000000000003e-07,4.42708538007193e-06,5.9961044146819064e-05,0.00037201980431585704,0.00024509606031825954,0.000240816414428043,1,1162
584,lm,126.318,2.7465694781594968e-09,8.362302154431581e-10,8.219411817783047e-10,1.0883938496275303e-09,4.2313105036345145e-15,1.0,1.0,1.0,1.0,3.200000000000003e-07,4.396969502367113e-06,5.9893742199794785e-05,0.0003715340738027516,0.0002446168260220526,0.00024047931763668232,1,1164
585,lm,126.522,2.735961765517098e-09,8.331163157333907e-10,8.186862343571041e-10,1.0841549891278041e-09,4.226298798975693e-15,1.0,1.0,1.0,1.0,3.200000000000003e-07,4.36729415138875e-06,5.982670822071023e-05,0.0003710507596721135,0.0002441413354065,0.0002401439454581142,1,1166
586,lm,126.726,2.725430552851293e-09,8.300259570434103e-10,8.154547514837891e-10,1.079945622823333e-09,4.2215007606370875e-15,1.0,1.0,1.0,1.0,3.200000000000003e-07,4.338047220647394e-06,5.975993919063378e-05,0.000370569828816967,0.00024366954259969598,0.00023981027864211285,1,1168
587,lm,126.930,2.714974982007659e-09,8.269588511030012e-10,8.122464926185672e-10,1.0757654214002614e-09,4.2168858295059945e-15,1.0,1.0,1.0,1.0,3.200000000000003e-07,4.309216633033199e-06,5.969343215183814e-05,0.0003700912488506947,0.00024320140244043524,0.00023947829829788889,1,1170
588,lm,127.134,2.704594209224109e-09,8.239147147347759e-10,8.090612209408453e-10,1.0716140611225367e-09,4.212425950842793e-15,1.0,1.0,1.0,1.0,3.200000000000003e-07,4.280790545966713e-06,5.962718420569673e-05,0.00036961498809898354,0.00024273687047377665,0.00023914798588126418,1,1172
589,lm,127.339,2.6942874048959615e-09,8.208932698058181e-10,8.058987032019232e-10,1.067491223794817e-09,4.208093402866247e-15,1.0,1.0,1.0,1.0,3.200000000000003e-07,4.2527576172570525e-06,5.956119251522513e-05,0.00036914101559475175,0.0002422759029399633,0.00023881932320059083,1,1174
590,lm,127.543,2.684053753294699e-09,8.178942431072558e-10,8.02758709739775e-10,1.063396596585105e-09,4.203862562845791e-15,1.0,1.0,1.0,1.0,3.200000000000003e-07,4.225106487592024e-06,5.949545430087649e-05,0.0003686693010568482,0.00024181845677097703,0.00023849229240334116,1,1176
591,lm,127.747,2.673892452340366e-09,8.149173662721004e-10,7.996410143535393e-10,1.0593298720058958e-09,4.199708830059451e-15,1.0,1.0,1.0,1.0,3.200000000000003e-07,4.1978262029054365e-06,5.942996684325109e-05,0.0003681998148872864,0.00024136448956790763,0.00023816687597064926,1,1178
592,lm,127.951,2.6638027133382484e-09,8.11962375704208e-10,7.965453942602774e-10,1.0552907477640944e-09,4.1956096683228995e-15,1.0,1.0,1.0,1.0,3.200000000000003e-07,4.170905987983855e-06,5.9364727479410556e-05,0.0003677325281449962,0.0002409139595984263,0.0002378430567124957,1,1180
593,lm,128.155,2.6537837607513494e-09,8.090290124869235e-10,7.934716300489311e-10,1.0512789266728162e-09,4.1915426780727234e-15,1.0,1.0,1.0,1.0,3.200000000000003e-07,4.14433543123115e-06,5.929973360398108e-05,0.00036726741254737626,0.00024046682577509882,0.00023752081775790633,1,1182
594,lm,128.359,2.6438348319611176e-09,8.061170222987076e-10,7.90419505599169e-10,1.047294116575624e-09,4.187487616919454e-15,1.0,1.0,1.0,1.0,3.200000000000003e-07,4.1181041801705026e-06,5.923498266708851e-05,0.00036680444045705774,0.00024002304766023474,0.00023720014255755457,1,1184
595,lm,128.563,2.633955176984648e-09,8.032261553128729e-10,7.873888080056815e-10,1.0433360302404409e-09,4.183425652676465e-15,1.0,1.0,1.0,1.0,3.200000000000003e-07,4.092202361667502e-06,5.917047217504429e-05,0.00036634358485849745,0.00023958258544259592,0.00023688101486502147,1,1186
596,lm,128.768,2.624144058317213e-09,8.003561661623587e-10,7.843793275574641e-10,1.0394043852587408e-09,4.179338649491265e-15,1.0,1.0,1.0,1.0,3.200000000000003e-07,4.066620277175691e-06,5.9106199687247064e-05,0.00036588481935208685,0.0002391453999329875,0.00023656341874189952,1,1188
597,lm,128.972,2.6144007506186887e-09,7.975068138131857e-10,7.813908576495415e-10,1.0354989039463282e-09,4.175209633309064e-15,1.0,1.0,1.0,1.0,3.200000000000003e-07,4.041348437908609e-06,5.904216281825011e-05,0.00036542811815000974,0.00023871145255010005,0.00023624733854837217,1,1190
598,lm,129.176,2.6047245405537387e-09,7.946778614939622e-10,7.784231947320665e-10,1.0316193133053259e-09,4.17102238422288e-15,1.0,1.0,1.0,1.0,3.200000000000003e-07,4.016377674397398e-06,5.897835923541338e-05,0.0003649734560519138,0.0002382807053089707,0.00023593275892851823,1,1192
599,lm,129.380,2.595114726503698e-09,7.918690766429904e-10,7.754761382380826e-10,1.0277653448597097e-09,4.166762915416605e-15,1.0,1.0,1.0,1.0,3.200000000000003e-07,3.991699017207679e-06,5.8914786658078845e-05,0.0003645208084441474,0.00023785312081989603,0.00023561966482400806,1,1194
600,lm,129.584,2.5855706184011336e-09,7.890802308045964e-10,7.725494905402033e-10,1.0239367346392758e-09,4.162417057884971e-15,1.0,1.0,1.0,1.0,3.200000000000003e-07,3.96730387817451e-06,5.885144285706035e-05,0.00036407015128084617,0.00023742866227490655,0.00023530804145212943,1,1196
601,lm,129.789,2.5760915374610772e-09,7.863110995530094e-10,7.696430569104945e-10,1.0201332230252987e-09,4.157972274629881e-15,1.0,1.0,1.0,1.0,3.200000000000003e-07,3.943183751369963e-06,5.8788325654587146e-05,0.00036362146108264776,0.00023700729342259527,0.00023499787430744152,1,1198
602,lm,129.993,2.566676815988478e-09,7.835614624198545e-10,7.667566454268626e-10,1.0163545547252464e-09,4.153416514495818e-15,1.0,1.0,1.0,1.0,3.200000000000003e-07,3.9193305928571125e-06,5.87254329207947e-05,0.0003631747148986664,0.0002365889785702755,0.00023468914914563283,1,1200
603,lm,130.177,2.5665099337259486e-09,7.858919724999248e-10,7.782728579201323e-10,9.99775368811322e-10,2.5697344945698557e-12,1.0,1.0,1.0,1.0,6.400000000000007e-08,3.895736401408476e-06,5.833534186347985e-05,0.0003612347116340604,0.00023500134267120942,0.00023387443255418284,1,1201
604,lm,130.382,2.5195817179265224e-09,7.719343461121357e-10,7.631693364237175e-10,9.819338519744484e-10,2.544183416220909e-12,1.0,1.0,1.0,1.0,6.400000000000007e-08,9.335726881710903e-05,5.8033655377640834e-05,0.00035909220410406333,0.0002330379892487549,0.00023236933940206644,1,1203
605,lm,130.586,2.4741116590787613e-09,7.584581733100295e-10,7.485327535526909e-10,9.646238406375094e-10,2.4968915785314457e-12,1.0,1.0,1.0,1.0,6.400000000000007e-08,9.092427620821567e-05,5.773702857451046e-05,0.0003569898719321477,0.0002311390483734541,0.0002308978703910825,1,1205
606,lm,130.791,2.430165928687979e-09,7.454643760240354e-10,7.344104204561131e-10,9.478346220877378e-10,2.456510120092428e-12,1.0,1.0,1.0,1.0,6.400000000000007e-08,8.835806590169462e-05,5.744520720656145e-05,0.0003549268788301157,0.00022930091165257132,0.00022945760882028533,1,1207
607,lm,130.995,2.387677971617679e-09,7.329286748605942e-10,7.207832832403373e-10,9.315467192533535e-10,2.419294263393933e-12,1.0,1.0,1.0,1.0,6.400000000000007e-08,8.588921191705432e-05,5.715803173654272e-05,0.00035290181483500034,0.0002275213548352729,0.00022804759671537532,1,1209
608,lm,131.199,2.346576334678767e-09,7.208262959000843e-10,7.076270754122644e-10,9.157399546332563e-10,2.3830087331620363e-12,1.0,1.0,1.0,1.0,6.400000000000007e-08,8.352420085443422e-05,5.6875364465105374e-05,0.00035091330229486596,0.00022579779831905623,0.0002266668375882236,1,1211
609,lm,131.403,2.306795287920319e-09,7.091343706069798e-10,6.949194910385624e-10,9.003948564539509e-10,2.3465698208254093e-12,1.0,1.0,1.0,1.0,6.400000000000007e-08,8.124972306864032e-05,5.659708956973209e-05,0.0003489600582778169,0.00022412762487730316,0.00022531432630226356,1,1213
610,lm,131.607,2.2682749415169592e-09,6.978320342310001e-10,6.826404547874248e-10,8.854929922542331e-10,2.3094602443008543e-12,1.0,1.0,1.0,1.0,6.400000000000007e-08,7.905447563239924e-05,5.6323105244474325e-05,0.0003470409075764943,0.00022250830317065222,0.0002239890923212986,1,1215
611,lm,131.811,2.2309603525435953e-09,6.869002157787932e-10,6.70771683705638e-10,8.710170034025584e-10,2.271449656605417e-12,1.0,1.0,1.0,1.0,6.400000000000007e-08,7.693051450311466e-05,5.605332052540501e-05,0.0003451547838401292,0.00022093742965790104,0.00022269021629856277,1,1217
612,lm,132.016,2.1948007199954966e-09,6.763214067605073e-10,6.59296295186919e-10,8.569505507267291e-10,2.232467321341476e-12,1.0,1.0,1.0,1.0,6.400000000000007e-08,7.487246285894307e-05,5.578765368676408e-05,0.0003433007248663388,0.00021941274016551028,0.00022141683373221266,1,1219
613,lm,132.220,2.159748741103073e-09,6.660794499659282e-10,6.481985213838444e-10,8.432782338489942e-10,2.192535904305884e-12,1.0,1.0,1.0,1.0,6.400000000000007e-08,7.287675138547421e-05,5.552603111297347e-05,0.0003414778630478731,0.00021793210826511798,0.00022016813190308505,1,1221
614,lm,132.424,2.125760117708326e-09,6.561593657045841e-10,6.374635091755912e-10,8.299855077781281e-10,2.151735050022082e-12,1.0,1.0,1.0,1.0,6.400000000000007e-08,7.094106919835542e-05,5.526838608642619e-05,0.0003396854147320105,0.00021649354034529176,0.0002189433461483529,1,1223
615,lm,132.628,2.092793146817993e-09,6.465472004602385e-10,6.270771676220623e-10,8.170586038027398e-10,2.1101749329521114e-12,1.0,1.0,1.0,1.0,6.400000000000007e-08,6.906400046498203e-05,5.5014657725148385e-05,0.00033792266894536627,0.00021509516819877901,0.0002177417549089529,1,1225
616,lm,132.832,2.060808400278934e-09,6.372299012046697e-10,6.170260561179902e-10,8.044844577194723e-10,2.0679852368021197e-12,1.0,1.0,1.0,1.0,6.400000000000007e-08,6.724472845780305e-05,5.476478976590814e-05,0.00033618897653510903,0.00021373524163203464,0.00021656267539063638,1,1227
617,lm,133.037,2.0297684489768947e-09,6.281952076127983e-10,6.072972941923728e-10,7.922506450826721e-10,2.025302089051526e-12,1.0,1.0,1.0,1.0,6.400000000000007e-08,6.548284948927624e-05,5.451872964170915e-05,0.000334483740268548,0.00021241212092378396,0.0002154054593115086,1,1229
618,lm,133.241,1.999637644577655e-09,6.194315594641846e-10,5.978784996931488e-10,7.803453246046972e-10,1.9822608156242137e-12,1.0,1.0,1.0,1.0,6.400000000000007e-08,6.377819041433347e-05,5.42764274941721e-05,0.0003328064055021781,0.0002111242694044801,0.0002142694891451629,1,1231
619,lm,133.445,1.9703819403707096e-09,6.109280212105125e-10,5.887577383480821e-10,7.687571882509483e-10,1.938992561167174e-12,1.0,1.0,1.0,1.0,6.400000000000007e-08,6.213068699724982e-05,5.403783528230858e-05,0.0003311564522482239,0.00020987024682762306,0.00021315417515147984,1,1233
620,lm,133.649,1.9419687401592623e-09,6.026742137405949e-10,5.799234888179891e-10,7.574754175629351e-10,1.895620037743566e-12,1.0,1.0,1.0,1.0,6.400000000000007e-08,6.054028264242274e-05,5.380290615413795e-05,0.0003295333879881614,0.0002086487024306558,0.00021205895213224134,1,1235
621,lm,133.853,1.914366780262399e-09,5.94660260748626e-10,5.713646174467818e-10,7.464896466679621e-10,1.852255399029346e-12,1.0,1.0,1.0,1.0,6.400000000000007e-08,5.900684802421373e-05,5.3571593801614256e-05,0.00032793674177165834,0.00020745836905001228,0.0002109832775205287,1,1237
622,lm,134.058,1.887546034810135e-09,5.868767428730623e-10,5.630703621015338e-10,7.357899291890924e-10,1.8090006464466276e-12,1.0,1.0,1.0,1.0,6.400000000000007e-08,5.753011568975103e-05,5.3343851926763435e-05,0.0003263660588385017,0.00020629805712140515,0.00020992662906682086,1,1239
623,lm,134.262,1.8614776353854934e-09,5.793146575057859e-10,5.550303201871143e-10,7.253667104772559e-10,1.7659472153373634e-12,1.0,1.0,1.0,1.0,6.400000000000007e-08,5.610965301726438e-05,5.311963383943893e-05,0.0003248208963549199,0.00020516664914604056,0.0002088885032703603,1,1241
624,lm,134.466,1.8361338063170004e-09,5.719653878914593e-10,5.472344401778581e-10,7.152108034205542e-10,1.7231748271289232e-12,1.0,1.0,1.0,1.0,6.400000000000007e-08,5.474483204920659e-05,5.2898892182803866e-05,0.0003233008197636174,0.0002040630943599955,0.00020786841382100437,1,1243
625,lm,134.670,1.8114878166397625e-09,5.648206762764335e-10,5.396730189432875e-10,7.053133675376939e-10,1.680753882347443e-12,1.0,1.0,1.0,1.0,6.400000000000007e-08,5.3434801532121474e-05,5.2681578617565434e-05,0.00032180539993006073,0.00020298640393821772,0.00020686589052629824,1,1245
626,lm,134.874,1.7875139339279152e-09,5.578726010713802e-10,5.323366970893898e-10,6.956658906545418e-10,1.6387451126034409e-12,1.0,1.0,1.0,1.0,6.400000000000007e-08,5.217850645292898e-05,5.2467643756556584e-05,0.0003203342108445411,0.00020193564627013917,0.000205880478329152,1,1247
627,lm,135.079,1.7641873903390665e-09,5.511135586803699e-10,5.252164570528635e-10,6.862601732888641e-10,1.5972013169689047e-12,1.0,1.0,1.0,1.0,6.400000000000007e-08,5.097467401496538e-05,5.225703698356869e-05,0.0003188868279583727,0.00020090994236578527,0.00020491173630163753,1,1249
628,lm,135.283,1.7414843516834368e-09,5.445362489157558e-10,5.183036205958415e-10,6.770883145581617e-10,1.5561676136781421e-12,1.0,1.0,1.0,1.0,6.400000000000007e-08,4.9821838711189695e-05,5.204970643355137e-05,0.00031746282680540053,0.00019990846191501174,0.0002039592371530214,1,1251
629,lm,135.487,1.7193818876115756e-09,5.381336605278501e-10,5.115898448604791e-10,6.681426998870419e-10,1.5156823362045307e-12,1.0,1.0,1.0,1.0,6.400000000000007e-08,4.8718358502787085e-05,5.1845599030671776e-05,0.0003160617823541102,0.0001989304192517918,0.00020302256655844582,1,1253
630,lm,135.691,1.6978579504354561e-09,5.318990608301053e-10,5.050671208724263e-10,6.594159901135735e-10,1.4757786193511499e-12,1.0,1.0,1.0,1.0,6.400000000000007e-08,4.7662427558664856e-05,5.1644660437107294e-05,0.0003146832682425329,0.0001979750696029327,0.00020210132261150982,1,1255
631,lm,135.895,1.6768913469074825e-09,5.25825985252972e-10,4.987277663734239e-10,6.509011106701669e-10,1.4364846109197338e-12,1.0,1.0,1.0,1.0,6.400000000000007e-08,4.665211994842413e-05,5.1446835240055804e-05,0.00031332685687162026,0.00019704170561600124,0.00020119511536712185,1,1257
632,lm,136.100,1.6564617189652027e-09,5.199082292828148e-10,4.925644224678072e-10,6.425912427403905e-10,1.3978244741901174e-12,1.0,1.0,1.0,1.0,6.400000000000007e-08,4.568540047217948e-05,5.125206691778734e-05,0.0003119921191315124,0.00019612965431707165,0.000200303566673203,1,1259
633,lm,136.304,1.6365495166229324e-09,5.141398395345657e-10,4.865700448841678e-10,6.344798143082323e-10,1.3598178959667269e-12,1.0,1.0,1.0,1.0,6.400000000000007e-08,4.4760164920973455e-05,5.106029807702097e-05,0.00031067862501733606,0.00019523827381945472,0.00019942630954092487,1,1261
634,lm,136.508,1.617135979867258e-09,5.085151067132695e-10,4.807378983881478e-10,6.265604918646625e-10,1.3224829011783451e-12,1.0,1.0,1.0,1.0,6.400000000000007e-08,4.387424997167655e-05,5.087147048575192e-05,0.0003093859436553714,0.0001943669506529222,0.00019856298797291108,1,1263
635,lm,136.712,1.5982031119958163e-09,5.030285580624947e-10,4.750615476415602e-10,6.188271723021625e-10,1.285833989599117e-12,1.0,1.0,1.0,1.0,6.400000000000007e-08,4.302548552977786e-05,5.068552525295382e-05,0.0003081136440410378,0.00019351509716608383,0.00019771325665190938,1,1265
636,lm,136.916,1.5797336563617785e-09,4.97674950456378e-10,4.695348468067512e-10,6.112739753057604e-10,1.2498837928884929e-12,1.0,1.0,1.0,1.0,6.400000000000007e-08,4.221169848768242e-05,5.0502402968400576e-05,0.0003068612955763828,0.00019268214912111434,0.00019687678062635464,1,1267
637,lm,137.121,1.5617110734869238e-09,4.924492629087289e-10,4.6415193206089455e-10,6.038952356285738e-10,1.2146428887264912e-12,1.0,1.0,1.0,1.0,6.400000000000007e-08,4.1430741420075645e-05,5.0322043868053155e-05,0.000305628468692007,0.00019186756349368623,0.0001960532350232813,1,1269
638,lm,137.325,1.5441195158311857e-09,4.87346690277106e-10,4.5890720969435387e-10,5.966854959681608e-10,1.1801198915650333e-12,1.0,1.0,1.0,1.0,6.400000000000007e-08,4.068051598088483e-05,5.014438791636967e-05,0.0003044147354416233,0.0001910708164491419,0.0001952423047335059,1,1271
639,lm,137.529,1.5269438037843197e-09,4.823626358125234e-10,4.537953463041517e-10,5.896394994761254e-10,1.1463221915191457e-12,1.0,1.0,1.0,1.0,6.400000000000007e-08,3.995898658937074e-05,4.9969375015514745e-05,0.0003032196703776235,0.00019029140168285084,0.00019444368427533223,1,1273
640,lm,137.733,1.5101693990456344e-09,4.774927036333158e-10,4.4881125739296246e-10,5.827521829532472e-10,1.1132550661091027e-12,1.0,1.0,1.0,1.0,6.400000000000007e-08,3.9264197677031606e-05,4.979694515661333e-05,0.0003020428510016461,0.00018952882861245925,0.0001936570773252658,1,1275
641,lm,137.937,1.4937823822687873e-09,4.727326925895421e-10,4.439500976079676e-10,5.760186695558027e-10,1.0809225154750046e-12,1.0,1.0,1.0,1.0,6.400000000000007e-08,3.8594278728983846e-05,4.9627038490983605e-05,0.00030088385856957204,0.00018878262107365607,0.00019288219658346493,1,1277
642,lm,138.142,1.477769426504975e-09,4.680785884220855e-10,4.392072484186706e-10,5.694342619539416e-10,1.0493277102775087e-12,1.0,1.0,1.0,1.0,6.400000000000007e-08,3.7947461746757076e-05,4.94595954983541e-05,0.00029974227866523106,0.00018805231598673932,0.0001921187634420248,1,1279
643,lm,138.346,1.4621177725429403e-09,4.635265564962238e-10,4.345783087114503e-10,5.629944356613075e-10,1.0184716739584867e-12,1.0,1.0,1.0,1.0,6.400000000000007e-08,3.732208385789959e-05,4.9294557135174874e-05,0.00029861770169300317,0.00018733746223275014,0.0001913665076963539,1,1281
644,lm,138.550,1.446815205648892e-09,4.5907293519525086e-10,4.3005908326570595e-10,5.566948324004484e-10,9.883547874868153e-13,1.0,1.0,1.0,1.0,6.400000000000007e-08,3.671658815154846e-05,4.9131864887227064e-05,0.0002975097235171265,0.00018663761974816343,0.00019062516733970778,1,1283
645,lm,138.754,1.4318500297971535e-09,4.547142283289079e-10,4.2564557289692794e-10,5.505312533670132e-10,9.589752043045012e-13,1.0,1.0,1.0,1.0,6.400000000000007e-08,3.6129532760584366e-05,4.8971460920059934e-05,0.00029641794582036153,0.00018595235858766932,0.00018989448818490772,1,1285
646,lm,138.959,1.4172110463930792e-09,4.5044709815199557e-10,4.213339640273968e-10,5.444996531838951e-10,9.30331029791759e-13,1.0,1.0,1.0,1.0,6.400000000000007e-08,3.5559578520546826e-05,4.881328816703571e-05,0.00029534197665171037,0.0001852812583285247,0.00018917422369482226,1,1287
647,lm,139.163,1.4028875296297435e-09,4.4626835838666175e-10,4.1712061955488344e-10,5.385961335504696e-10,9.024181377288036e-13,1.0,1.0,1.0,1.0,6.400000000000007e-08,3.500550265530624e-05,4.865729039391738e-05,0.00029428143062092544,0.00018462390739114358,0.00018846413462705568,1,1289
648,lm,139.367,1.3888692052670584e-09,4.421749675767097e-10,4.130020687403714e-10,5.328169372772653e-10,8.752316727120414e-13,1.0,1.0,1.0,1.0,6.400000000000007e-08,3.446618253925119e-05,4.8503412293866304e-05,0.00029323592932470143,0.00018397990258886378,0.0001877639887934936,1,1291
649,lm,139.571,1.3751462290017573e-09,4.3816402201426935e-10,4.089749990759774e-10,5.271584423745528e-10,8.487655369578358e-13,1.0,1.0,1.0,1.0,6.400000000000007e-08,3.39405979713495e-05,4.8351599557331515e-05,0.00029220510161225027,0.00018334884886588964,0.00018707356092739934,1,1293
650,lm,139.775,1.3617091656910608e-09,4.3423274947991423e-10,4.050362470113606e-10,5.216171566755995e-10,8.230125241862341e-13,1.0,1.0,1.0,1.0,6.400000000000007e-08,3.342782712861253e-05,4.820179890894779e-05,0.00029118858370025204,0.00018273035875532003,0.00018639263215866332,1,1295
651,lm,139.979,1.348548969412189e-09,4.303785025536032e-10,4.011827903415166e-10,5.161897119854496e-10,7.979645316199077e-13,1.0,1.0,1.0,1.0,6.400000000000007e-08,3.292703651148482e-05,4.8053958185014746e-05,0.00029018601940613024,0.00018212405238903582,0.00018572099002610667,1,1297
652,lm,140.184,1.3356569647710926e-09,4.2659875267703276e-10,3.9741174044956007e-10,5.108728593689665e-10,7.736122755331556e-13,1.0,1.0,1.0,1.0,6.400000000000007e-08,3.243747815904899e-05,4.7908026336904374e-05,0.0002891970601580377,0.0001815295572543781,0.00018505842813162996,1,1299
653,lm,140.388,1.3230248283452211e-09,4.228910841533667e-10,3.9372033476950054e-10,5.056634636797351e-10,7.49945742618925e-13,1.0,1.0,1.0,1.0,6.400000000000007e-08,3.1958482999812564e-05,4.7763953508278834e-05,0.0002882213652305573,0.00018094650807882936,0.0001844047458616651,1,1301
654,lm,140.592,1.3106445719038366e-09,4.192531885140963e-10,3.9010593003362063e-10,5.005584990574626e-10,7.269542986571593e-13,1.0,1.0,1.0,1.0,6.400000000000007e-08,3.1489453653314685e-05,4.7621691028242444e-05,0.0002872586016564633,0.00018037454684051196,0.0001837597482413613,1,1303
655,lm,140.796,1.298508524727847e-09,4.1568285864687063e-10,3.8656599572053355e-10,4.955550442068292e-10,7.046261536137424e-13,1.0,1.0,1.0,1.0,6.400000000000007e-08,3.102986185572933e-05,4.748119143434757e-05,0.0002863084442662998,0.00017981332271446054,0.00018312324571889203,1,1305
656,lm,141.000,1.2866093192403312e-09,4.1217798384319405e-10,3.830981081932693e-10,4.906502779812144e-10,6.829492226532288e-13,1.0,1.0,1.0,1.0,6.400000000000007e-08,3.057923314714184e-05,4.734240850181261e-05,0.00028537057566893257,0.00017926249212093823,0.0001824950538490634,1,1307
657,lm,141.204,1.2749398757210898e-09,4.0873654491200307e-10,3.796999448510579e-10,4.858414751772652e-10,6.619107807637403e-13,1.0,1.0,1.0,1.0,6.400000000000007e-08,3.0137152708541324e-05,4.720529720477699e-05,0.00028444468617891703,0.00017872171880778062,0.0001818749932445222,1,1309
658,lm,141.409,1.263493387817284e-09,4.053566088333237e-10,3.763692785203938e-10,4.81126002670665e-10,6.414977929014048e-13,1.0,1.0,1.0,1.0,6.400000000000007e-08,2.970325392324791e-05,4.7069813785179474e-05,0.00028353047373234013,0.00017819067380609244,0.00018126288920735097,1,1311
659,lm,141.613,1.2522633091578032e-09,4.020363246814233e-10,3.7310397260452606e-10,4.76501315410898e-10,6.216964609559218e-13,1.0,1.0,1.0,1.0,6.400000000000007e-08,2.9277212115579825e-05,4.6935915685501196e-05,0.00028262764388081133,0.00017766903561262159,0.00018065857168746954,1,1313
660,lm,141.817,1.2412433416296864e-09,3.9877391916101536e-10,3.699019763966501e-10,4.71964953025695e-10,6.024930463260447e-13,1.0,1.0,1.0,1.0,6.400000000000007e-08,2.8858739079753795e-05,4.6803561569589156e-05,0.0002817359095882336,0.00017715649031981205,0.00018006187509158082,1,1315
661,lm,142.021,1.2304274226950425e-09,3.955676924169616e-10,3.667613206297569e-10,4.675145361960633e-10,5.838734522606266e-13,1.0,1.0,1.0,1.0,6.400000000000007e-08,2.8447583387378577e-05,4.667271130713485e-05,0.00028085499110437926,0.00017665273155541403,0.00017947263802017285,1,1317
662,lm,142.226,1.2198097141658018e-09,3.92416014268196e-10,3.636801131500125e-10,4.631477634357793e-10,5.658233118139986e-13,1.0,1.0,1.0,1.0,6.400000000000007e-08,2.804352288212469e-05,4.6543325957349265e-05,0.0002799846159069619,0.00017615746062417793,0.00017889070314119725,1,1319
663,lm,142.430,1.2093845923991881e-09,3.893173205357371e-10,3.606565353634997e-10,4.588624080008283e-10,5.483284991231379e-13,1.0,1.0,1.0,1.0,6.400000000000007e-08,2.7646358621117116e-05,4.641536773519733e-05,0.00027912451852907233,0.0001756703866602079,0.00017831591712326206,1,1321
664,lm,142.634,1.1991466369863669e-09,3.862701094867356e-10,3.5768883818245965e-10,4.5465631494765387e-10,5.313743695176504e-13,1.0,1.0,1.0,1.0,6.400000000000007e-08,2.7255918496928704e-05,4.6288800024958364e-05,0.0002782744404159958,0.0001751912266221989,0.00017774813040783832,1,1323
665,lm,142.838,1.1890906227703337e-09,3.8327293873676423e-10,3.547753391200859e-10,4.5052739825104405e-10,5.149466624394782e-13,1.0,1.0,1.0,1.0,6.400000000000007e-08,2.6872043289310866e-05,4.616358731094227e-05,0.00027743412971878277,0.00017471970530179564,0.00017718719700888667,1,1325
666,lm,143.042,1.1792115099938561e-09,3.803244219971534e-10,3.519144185630479e-10,4.4647363825717356e-10,4.990311764812097e-13,1.0,1.0,1.0,1.0,6.400000000000007e-08,2.6494594747650245e-05,4.603969519856221e-05,0.00027660334126828977,0.00017425555550974444,0.00017663297455399246,1,1327
667,lm,143.246,1.1695044359847498e-09,3.7742322638491233e-10,3.4910451707481405e-10,4.424930790268599e-10,4.836134981635569e-13,1.0,1.0,1.0,1.0,6.400000000000007e-08,2.612344776241251e-05,4.5917090352905084e-05,0.00027578183628410203,0.00017379851789788874,0.00017608532395526008,1,1329
668,lm,143.451,1.1599647082078767e-09,3.745680696060717e-10,3.4634413279119014e-10,4.3858382607110385e-10,4.686797395108898e-13,1.0,1.0,1.0,1.0,6.400000000000007e-08,2.575848406301247e-05,4.579574047423353e-05,0.00027496938227835536,0.0001733483412211394,0.00017554410950039128,1,1331
669,lm,143.655,1.150587795472498e-09,3.7175771736766814e-10,3.4363181825912093e-10,4.3474404388485586e-10,4.5421596085307694e-13,1.0,1.0,1.0,1.0,6.400000000000007e-08,2.5399602072870572e-05,4.567561430512405e-05,0.00027416575295876065,0.00017290478209951003,0.00017500919854085252,1,1333
670,lm,143.859,1.1413693219475137e-09,3.689909810842506e-10,3.409661785493088e-10,4.3097195389312484e-10,4.4020842082926144e-13,1.0,1.0,1.0,1.0,6.400000000000007e-08,2.5046701847176958e-05,4.5556681553436574e-05,0.0002733707279670236,0.00017246760506576858,0.00017448046150892577,1,1335
671,lm,144.063,1.132305060053511e-09,3.662667155399875e-10,3.3834586841302916e-10,4.272658323249804e-10,4.2664377551403423e-13,1.0,1.0,1.0,1.0,6.400000000000007e-08,2.4699692010708924e-05,4.543891290298711e-05,0.00027258409278868475,0.0001720365825939812,0.00017395777178621117,1,1337
672,lm,144.267,1.1233909245798339e-09,3.6358381696332273e-10,3.357695905875399e-10,4.2362400823736766e-10,4.135087916035925e-13,1.0,1.0,1.0,1.0,6.400000000000007e-08,2.4358486042673858e-05,4.532227995172586e-05,0.0002718056386175331,0.00017161149492325145,0.00017344100556774907,1,1339
673,lm,144.471,1.114622966394605e-09,3.6094122080798594e-10,3.332360933782339e-10,4.200448616690817e-10,4.0079053930343525e-13,1.0,1.0,1.0,1.0,6.400000000000007e-08,2.4023002224356685e-05,4.520675520779805e-05,0.00027103516218679517,0.00017119213007418558,0.00017293004185200316,1,1341
674,lm,144.676,1.1059973668012754e-09,3.583378998986098e-10,3.307441687832676e-10,4.1652682183802593e-10,3.8847628137202525e-13,1.0,1.0,1.0,1.0,6.400000000000007e-08,2.369316064227507e-05,4.509231204579808e-05,0.00027027246560592085,0.00017077828363994853,0.00017242476225451102,1,1343
675,lm,144.880,1.0975104327960946e-09,3.5577286297953675e-10,3.282926508961973e-10,4.130683653023626e-10,3.7655361799788104e-13,1.0,1.0,1.0,1.0,6.400000000000007e-08,2.3368881416113687e-05,4.4978924685373785e-05,0.0002695173562535399,0.00017036975878589734,0.00017192505097411676,1,1345
676,lm,145.084,1.0891585917676735e-09,3.5324515274605864e-10,3.258804139553877e-10,4.096680145233788e-10,3.650105428482406e-13,1.0,1.0,1.0,1.0,6.400000000000007e-08,2.3050088940896248e-05,4.4866568155733595e-05,0.0002687696466331286,0.0001699663660788648,0.00017143079475989494,1,1347
677,lm,145.288,1.0809383865614692e-09,3.507538445153215e-10,3.235063708025241e-10,4.063243360918122e-10,3.538351518112034e-13,1.0,1.0,1.0,1.0,6.400000000000007e-08,2.273670823773237e-05,4.4755218279515855e-05,0.00026802915426639873,0.00016956792332593063,0.00017094188277093236,1,1349
678,lm,145.493,1.072846471338773e-09,3.482980446330449e-10,3.2116947137273177e-10,4.0303593936759167e-10,3.430159654046968e-13,1.0,1.0,1.0,1.0,6.400000000000007e-08,2.242866326271112e-05,4.4644851632632255e-05,0.0002672957014908945,0.00016917425544883932,0.00017045820651290399,1,1351
679,lm,145.697,1.0648796070192508e-09,3.4587688923172726e-10,3.188687011588928e-10,3.998014749407901e-10,3.3254168784048875e-13,1.0,1.0,1.0,1.0,6.400000000000007e-08,2.2125879164336234e-05,4.453544551390197e-05,0.0002665691153923147,0.00016878519428743395,0.00016997965979218143,1,1353
680,lm,145.901,1.0570346574812285e-09,3.4348954284892815e-10,3.166030799083556e-10,3.966196333313419e-10,3.224013926029e-13,1.0,1.0,1.0,1.0,6.400000000000007e-08,2.1828279570766807e-05,4.4426977938947003e-05,0.0002658492276977836,0.00016840057848412123,0.00016950613866252543,1,1355
681,lm,146.105,1.0493085857152196e-09,3.4113519731894297e-10,3.1437166028876485e-10,3.9348914359945973e-10,3.125845080520799e-13,1.0,1.0,1.0,1.0,6.400000000000007e-08,2.153578890585622e-05,4.431942759645353e-05,0.0002651358746284315,0.0001680202532362483,0.00016903754135237515,1,1357
682,lm,146.310,1.0416984498399771e-09,3.3881307058663754e-10,3.1217352657594725e-10,3.9040877212003186e-10,3.0308055736051095e-13,1.0,1.0,1.0,1.0,6.400000000000007e-08,2.1248332012454978e-05,4.421277383935145e-05,0.00026442889675179016,0.00016764407016109503,0.00016857376818729122,1,1359
683,lm,146.514,1.0342014000372041e-09,3.3652240550077003e-10,3.100077936668374e-10,3.87377321321949e-10,2.9387954764799084e-13,1.0,1.0,1.0,1.0,6.400000000000007e-08,2.0965830230545387e-05,4.4106996647356896e-05,0.0002637281389531711,0.000167271887094611,0.00016811472158289277,1,1361
684,lm,146.718,1.02681467511413e-09,3.3426246912833996e-10,3.0787360571899544e-10,3.8439362855918785e-10,2.8497170760655174e-13,1.0,1.0,1.0,1.0,6.400000000000007e-08,2.0688206896584337e-05,4.4002076597457e-05,0.00026303345026710846,0.00016690356779917458,0.00016766030596329252,1,1363
685,lm,146.922,1.0195355989856551e-09,3.320325514675721e-10,3.057701351920528e-10,3.814565649194586e-10,2.7634740657158605e-13,1.0,1.0,1.0,1.0,6.400000000000007e-08,2.0415385042405254e-05,4.3897994861515655e-05,0.000262344683746551,0.00016653898193279558,0.0001672104277117621,1,1365
686,lm,147.127,1.0123615781936353e-09,3.298319647608669e-10,3.036965817947935e-10,3.785650341897469e-10,2.679974482278409e-13,1.0,1.0,1.0,1.0,6.400000000000007e-08,2.014728307935106e-05,4.37947331694167e-05,0.0002616616964553497,0.00016617800469098648,0.00016676499516533376,1,1367
687,lm,147.331,1.0052900985817628e-09,3.276600423912907e-10,3.0165217157949284e-10,3.7571797179853775e-10,2.599128124418756e-13,1.0,1.0,1.0,1.0,6.400000000000007e-08,1.9883823761704146e-05,4.369227380357363e-05,0.00026098434927934115,0.00016582051664305923,0.0001663239184960686,1,1369
688,lm,147.535,9.98318722971528e-10,3.255161384293212e-10,2.996361559752158e-10,3.7291434374312514e-10,2.52084823865849e-13,1.0,1.0,1.0,1.0,6.400000000000007e-08,1.9624925863017815e-05,4.359059955499222e-05,0.0002603125068825254,0.0001654664036176913,0.00016588710977302393,1,1371
689,lm,147.740,9.914450880729154e-10,3.2339962657503763e-10,2.9764781076450976e-10,3.701531457444906e-10,2.445049888774356e-13,1.0,1.0,1.0,1.0,6.400000000000007e-08,1.937051023423163e-05,4.348969373603084e-05,0.0002596460375594791,0.00016511555634827395,0.0001654544828283554,1,1373
690,lm,147.944,9.846669022295379e-10,3.2130989950843424e-10,2.9568643545428974e-10,3.6743340218402585e-10,2.371650827878632e-13,1.0,1.0,1.0,1.0,6.400000000000007e-08,1.9120496382921776e-05,4.338954011853674e-05,0.0002589848132335368,0.00016476787036371292,0.00016502595328968806,1,1375
691,lm,148.148,9.77981942938423e-10,3.1924636821951366e-10,2.937513522580456e-10,3.6475416528203064e-10,2.30057178833089e-13,1.0,1.0,1.0,1.0,6.400000000000007e-08,1.8874803232573498e-05,4.3290122962490607e-05,0.00025832870925382976,0.00016442324575167148,0.00016460143849914677,1,1377
692,lm,148.352,9.713880543701963e-10,3.172084613366295e-10,2.9184190541262763e-10,3.6211451414932126e-10,2.2317347161769014e-13,1.0,1.0,1.0,1.0,6.400000000000007e-08,1.8633351743665935e-05,4.3191426960678266e-05,0.000257677604391789,0.0001640815869909811,0.00016418085751867257,1,1379
693,lm,148.556,9.64883145468573e-10,3.151956244833505e-10,2.8995746041854523e-10,3.5951355404187964e-10,2.165065247975578e-13,1.0,1.0,1.0,1.0,6.400000000000007e-08,1.8396059186975577e-05,4.309343725366653e-05,0.00025703138074107605,0.00016374280271845638,0.00016376413108504812,1,1381
694,lm,148.760,9.584651875063956e-10,3.1320731968580987e-10,2.880974032725318e-10,3.5695041545157576e-10,2.1004909647809412e-13,1.0,1.0,1.0,1.0,6.400000000000007e-08,1.816284759236701e-05,4.299613938503039e-05,0.00025638992360586793,0.00016340680556586954,0.00016335118155727432,1,1383
695,lm,148.964,9.521322121576237e-10,3.112430248758389e-10,2.862611398364051e-10,3.5442425336289204e-10,2.037940824878165e-13,1.0,1.0,1.0,1.0,6.400000000000007e-08,1.7933636810508747e-05,4.2899519308576905e-05,0.00025575312148164457,0.00016307351196462422,0.00016294193293606035,1,1385
696,lm,149.169,9.458823095400468e-10,3.093022331574349e-10,2.844480951183359e-10,3.5193424650800225e-10,1.9773475627367663e-13,1.0,1.0,1.0,1.0,6.400000000000007e-08,1.7708346911750314e-05,4.2803563367817325e-05,0.0002551208658708808,0.00016274284195353056,0.00016253631078384445,1,1387
697,lm,149.373,9.397136262265885e-10,3.073844525169779e-10,2.826577125768876e-10,3.4947959664428076e-10,1.9186448844231532e-13,1.0,1.0,1.0,1.0,6.400000000000007e-08,1.7486900258048672e-05,4.2708258276797314e-05,0.00025449305137191297,0.00016241471902584358,0.00016213424228983192,1,1389
698,lm,149.577,9.336243634293898e-10,3.0548920516277314e-10,2.8088945363219777e-10,3.4705952773115e-10,1.8617690326896404e-13,1.0,1.0,1.0,1.0,6.400000000000007e-08,1.7269218915803366e-05,4.261359110169119e-05,0.000253869575411845,0.00016208906988093453,0.00016173565607758504,1,1391
699,lm,149.782,9.276127753365632e-10,3.036160270509597e-10,2.791427970242526e-10,3.4467328542425087e-10,1.8066583709989656e-13,1.0,1.0,1.0,1.0,6.400000000000007e-08,1.7055226090915966e-05,4.2519549280753725e-05,0.00025325033833094887,0.00016176582443999513,0.00016134048241147944,1,1393
700,lm,149.986,9.216771673534635e-10,3.017644675687721e-10,2.7741723814540225e-10,3.4232013628371534e-10,1.753253555738463e-13,1.0,1.0,1.0,1.0,6.400000000000007e-08,1.684484603802465e-05,4.242612056345705e-05,0.0002526352432278992,0.0001614449154505155,0.00016094865295327557,1,1395
701,lm,150.190,9.158158943372373e-10,2.9993408891126244e-10,2.757122885886168e-10,3.399993671727223e-10,1.7014966463568484e-13,1.0,1.0,1.0,1.0,6.400000000000007e-08,1.6638004644418766e-05,4.233329304952334e-05,0.00025202419595067317,0.00016112627854677794,0.00016056010087870377,1,1397
702,lm,150.394,9.100273591761815e-10,2.981244658763329e-10,2.740274755189351e-10,3.3771028461178025e-10,1.651331691331339e-13,1.0,1.0,1.0,1.0,6.400000000000007e-08,1.6434627340944487e-05,4.224105512921189e-05,0.00025141710499653527,0.0001608098519576011,0.0001601747608307977,1,1399
703,lm,150.599,9.04310011310981e-10,2.9633518521928185e-10,2.723623412662907e-10,3.354522142525788e-10,1.602705728295772e-13,1.0,1.0,1.0,1.0,6.400000000000007e-08,1.6234641292441287e-05,4.214939552443796e-05,0.0002508138814410785,0.0001604955764387203,0.00015979256885945972,1,1401
704,lm,150.803,8.986623451047886e-10,2.94565845461478e-10,2.707164427790503e-10,3.3322450023526805e-10,1.555566289921491e-13,1.0,1.0,1.0,1.0,6.400000000000007e-08,1.6037976834367693e-05,4.2058303228900745e-05,0.000250214438894076,0.00016018339515035427,0.00015941346245699489,1,1403
705,lm,151.007,8.93082898530909e-10,2.928160563715531e-10,2.690893511578039e-10,3.310265046275192e-10,1.5098637403280897e-13,1.0,1.0,1.0,1.0,6.400000000000007e-08,1.5844563691697438e-05,4.196776753814066e-05,0.00024961869343268276,0.00015987325345198416,0.00015903738046819303,1,1405
706,lm,151.211,8.87570251632513e-10,2.910854387498796e-10,2.6748065106184244e-10,3.2885760688963825e-10,1.4655493115272117e-13,1.0,1.0,1.0,1.0,6.400000000000007e-08,1.5654334557500457e-05,4.1877778016957675e-05,0.000249026563571859,0.00015956509886106988,0.00015866426315413,1,1407
707,lm,151.415,8.821230255808446e-10,2.893736239895701e-10,2.6588994049885685e-10,3.2671720340044584e-10,1.422576919717827e-13,1.0,1.0,1.0,1.0,6.400000000000007e-08,1.5467220382310148e-05,4.1788324508013844e-05,0.0002484379701507095,0.00015925888091377835,0.00015829405210191774,1,1409
708,lm,151.620,8.767398809862972e-10,2.8768025377691636e-10,2.643168301773517e-10,3.246047068739516e-10,1.3809015807754692e-13,1.0,1.0,1.0,1.0,6.400000000000007e-08,1.5283158313016287e-05,4.16993971139509e-05,0.0002478528363420772,0.00015895455107882596,0.0001579266902915945,1,1411
709,lm,151.824,8.714195168287449e-10,2.860049797498488e-10,2.627609431886588e-10,3.225195459051437e-10,1.3404798509358967e-13,1.0,1.0,1.0,1.0,6.400000000000007e-08,1.5102084023629414e-05,4.16109861922369e-05,0.00024727108753900846,0.0001586520625649287,0.00015756212195386387,1,1413
710,lm,152.028,8.66160669336108e-10,2.8434746319961936e-10,2.6122191459069325e-10,3.204611645195808e-10,1.3012702621443758e-13,1.0,1.0,1.0,1.0,6.400000000000007e-08,1.4923934520637652e-05,4.152308234643506e-05,0.00024669265138106184,0.000158351370376156,0.0001572002926983086,1,1415
711,lm,152.233,8.609621107725554e-10,2.8270737484017655e-10,2.596993909981024e-10,3.184290216435303e-10,1.263232907462071e-13,1.0,1.0,1.0,1.0,6.400000000000007e-08,1.474864982592674e-05,4.1435676421406374e-05,0.00024611745758421343,0.00015805243108194913,0.00015684114935891067,1,1417
712,lm,152.437,8.558226481326023e-10,2.810843943520117e-10,2.58193030194063e-10,3.1642259070522714e-10,1.2263288130052176e-13,1.0,1.0,1.0,1.0,6.400000000000007e-08,1.4576171579264804e-05,4.134875950667743e-05,0.0002455454380561587,0.00015775520279259075,0.00015648464007558216,1,1419
713,lm,152.641,8.507411224617521e-10,2.794782103250591e-10,2.56702500817067e-10,3.14441359234697e-10,1.1905208492907192e-13,1.0,1.0,1.0,1.0,6.400000000000007e-08,1.4406440390987277e-05,4.1262322911616993e-05,0.0002449765266883265,0.00015745964505115616,0.0001561307142413359,1,1421
714,lm,152.846,8.457164074476093e-10,2.778885197938443e-10,2.5522748194897065e-10,3.124848283694357e-10,1.1557733535866444e-13,1.0,1.0,1.0,1.0,6.400000000000007e-08,1.4239401149439811e-05,4.1176358173533754e-05,0.0002444106594023058,0.00015716571884117925,0.0001557793224680325,1,1423
715,lm,153.050,8.407474086362884e-10,2.7631502814554996e-10,2.5376766276843006e-10,3.105525125235451e-10,1.1220519876327061e-13,1.0,1.0,1.0,1.0,6.400000000000007e-08,1.407499912601699e-05,4.109085704925176e-05,0.00024384777408405456,0.00015687338644632603,0.00015543041661853242,1,1425
716,lm,153.254,8.358330622898245e-10,2.7475744877178424e-10,2.5232274225175987e-10,3.0864393890936614e-10,1.0893235691438888e-13,1.0,1.0,1.0,1.0,6.400000000000007e-08,1.3913182105623846e-05,4.1005811507225836e-05,0.00024328781055258432,0.0001565826113342896,0.0001550839497264567,1,1427
717,lm,153.458,8.309723345598905e-10,2.732155027672796e-10,2.5089242890371543e-10,3.0675864726343804e-10,1.0575562545763049e-13,1.0,1.0,1.0,1.0,6.400000000000007e-08,1.3753897221285246e-05,4.0921213732497965e-05,0.00024273071047510375,0.0001562933581890034,0.0001547398760280068,1,1429
718,lm,153.662,8.261642205361477e-10,2.71688918909943e-10,2.494764403008535e-10,3.0489618939236727e-10,1.0267193298385514e-13,1.0,1.0,1.0,1.0,6.400000000000007e-08,1.3597095077662012e-05,4.0837056106678225e-05,0.00024217641738954177,0.00015600559287468687,0.00015439815092659035,1,1431
719,lm,153.867,8.214077432719964e-10,2.7017743319590884e-10,2.4807450288920373e-10,3.0305612886509244e-10,9.967832179133782e-14,1.0,1.0,1.0,1.0,6.400000000000007e-08,1.3442726756836597e-05,4.075333121915972e-05,0.00024162487660614273,0.00015571928222756295,0.00015405873096239808,1,1433
720,lm,154.071,8.167019531686138e-10,2.686807888270769e-10,2.466863517211149e-10,3.012380406237054e-10,9.677199671661653e-14,1.0,1.0,1.0,1.0,6.400000000000007e-08,1.3290744090868687e-05,4.06700318499474e-05,0.00024107603521891422,0.00015543439420977808,0.00015372157383619433,1,1435
721,lm,154.275,8.120459267583691e-10,2.671987358074012e-10,2.4531173006478603e-10,2.9944151069904533e-10,9.395018713666728e-14,1.0,1.0,1.0,1.0,6.400000000000007e-08,1.3141102563962584e-05,4.058715097997525e-05,0.0002405298420393275,0.0001551508976881627,0.00015338663835713485,1,1437
722,lm,154.479,8.074387662890245e-10,2.657310308787002e-10,2.439503892519589e-10,2.976661358662004e-10,9.121029216485457e-14,1.0,1.0,1.0,1.0,6.400000000000007e-08,1.2993755558606005e-05,4.050468177580419e-05,0.00023998624753854248,0.00015486876251928874,0.0001530538844279023,1,1439
723,lm,154.683,8.028795986575508e-10,2.64277437277465e-10,2.4260208830099995e-10,2.959115232906737e-10,8.854978841205691e-14,1.0,1.0,1.0,1.0,6.400000000000007e-08,1.2848660781624177e-05,4.0422617583671235e-05,0.00023944520384961226,0.0001545879594119603,0.00015272327302317236,1,1441
724,lm,154.887,7.983675748087607e-10,2.6283772452493455e-10,2.412665937555509e-10,2.941772902907966e-10,8.596623747869782e-14,1.0,1.0,1.0,1.0,6.400000000000007e-08,1.2705775221911732e-05,4.034095194664406e-05,0.0002389066647462724,0.00015430845996990591,0.0001523947662055152,1,1443
725,lm,155.092,7.939018689336265e-10,2.6141166830169985e-10,2.399436793358428e-10,2.924630640087385e-10,8.345728734544158e-14,1.0,1.0,1.0,1.0,6.400000000000007e-08,1.256505723492872e-05,4.0259678569391956e-05,0.00023837058552500997,0.00015403023660465594,0.0001520683270752398,1,1445
726,lm,155.296,7.894816778143119e-10,2.5999905012497835e-10,2.386331258895981e-10,2.907684810825034e-10,8.102071723201321e-14,1.0,1.0,1.0,1.0,6.400000000000007e-08,1.2426466361797322e-05,4.01787913491499e-05,0.0002378369230812798,0.00015375326253005826,0.00015174391975326154,1,1447
727,lm,155.500,7.851062200559991e-10,2.585996573366721e-10,2.373347208929521e-10,2.8909318749472627e-10,7.865433164853697e-14,1.0,1.0,1.0,1.0,6.400000000000007e-08,1.2289964445035968e-05,4.009828434986427e-05,0.0002373056357982742,0.00015347751176706406,0.0001514215093903207,1,1449
728,lm,155.704,7.807747354766728e-10,2.572132828708142e-10,2.3604825841430193e-10,2.874368381292425e-10,7.635606231413995e-14,1.0,1.0,1.0,1.0,6.400000000000007e-08,1.2155512584042638e-05,4.001815179991716e-05,0.00023677668353884235,0.0001532029590565672,0.00015110106211764146,1,1451
729,lm,155.908,7.764864844176084e-10,2.558397250718076e-10,2.3477353886398774e-10,2.8579909660000174e-10,7.412388181124554e-14,1.0,1.0,1.0,1.0,6.400000000000007e-08,1.2023073626190038e-05,3.993838810241003e-05,0.00023625002757814964,0.00015292957979874135,0.00015078254502563508,1,1453
730,lm,156.112,7.722407471180298e-10,2.544787875253522e-10,2.335103687036239e-10,2.841796350420687e-10,7.195584698503195e-14,1.0,1.0,1.0,1.0,6.400000000000007e-08,1.1892611547283836e-05,3.985898782347616e-05,0.00023572563068056536,0.00015265735015355323,0.00015046592618469617,1,1455
731,lm,156.317,7.680368231341864e-10,2.5313027892954277e-10,2.3225856033242417e-10,2.8257813378583187e-10,6.985008638753442e-14,1.0,1.0,1.0,1.0,6.400000000000007e-08,1.1764089932105782e-05,3.977994568898353e-05,0.00023520345690977718,0.00015238624694632292,0.00015015117458458594,1,1457
732,lm,156.521,7.638740308298765e-10,2.517940129625463e-10,2.3101793190811467e-10,2.8099428113798527e-10,6.780482123028736e-14,1.0,1.0,1.0,1.0,6.400000000000007e-08,1.1637474394148253e-05,3.9701256586165724e-05,0.00023468347175831141,0.00015211624770878864,0.00014983826017407357,1,1459
733,lm,156.725,7.59751706513984e-10,2.5046980803699597e-10,2.297883069967512e-10,2.7942777321094694e-10,6.581826928979828e-14,1.0,1.0,1.0,1.0,6.400000000000007e-08,1.1512732599988002e-05,3.962291556136916e-05,0.0002341656420010299,0.00015184733049794752,0.00014952715375241807,1,1461
734,lm,156.929,7.556692041666963e-10,2.491574872807048e-10,2.285695145770525e-10,2.778783135490019e-10,6.388875993708918e-14,1.0,1.0,1.0,1.0,6.400000000000007e-08,1.1389829327402664e-05,3.9544917807067434e-05,0.00023364993571298423,0.00015157947408380988,0.00014921782701574147,1,1463
735,lm,157.133,7.516258947861093e-10,2.4785687834797274e-10,2.2736138869209626e-10,2.763456130868328e-10,6.201465920750151e-14,1.0,1.0,1.0,1.0,6.400000000000007e-08,1.1268732617439529e-05,3.9467258679664935e-05,0.0002331363222535411,0.00015131265785893594,0.00014891025255851139,1,1465
736,lm,157.338,7.4762116596482e-10,2.465678132637802e-10,2.2616376844894982e-10,2.7482938982740535e-10,6.019442468464167e-14,1.0,1.0,1.0,1.0,6.400000000000007e-08,1.114941049971502e-05,3.938993367136268e-05,0.00023262477218254378,0.0001510468617544041,0.00014860440376970006,1,1467
737,lm,157.542,7.436544211452653e-10,2.452901282829621e-10,2.2497649769448913e-10,2.7332936866483693e-10,5.842650297729664e-14,1.0,1.0,1.0,1.0,6.400000000000007e-08,1.1031833063207635e-05,3.931293843209143e-05,0.00023211525728880232,0.00015078206628998372,0.00014830025490303878,1,1469
738,lm,157.746,7.397250793614622e-10,2.4402366382971024e-10,2.237994249607051e-10,2.718452811333734e-10,5.6709437673358895e-14,1.0,1.0,1.0,1.0,6.400000000000007e-08,1.0915968563948523e-05,3.923626874622568e-05,0.00023160775054238458,0.00015051825258740519,0.00014799778099161158,1,1471
739,lm,157.950,7.358325746264451e-10,2.4276826430089735e-10,2.2263240320766101e-10,2.703768653292102e-10,5.504178867654125e-14,1.0,1.0,1.0,1.0,6.400000000000007e-08,1.0801787471877257e-05,3.91599205457546e-05,0.0002311022260578947,0.00015025540231817212,0.00014769695787680959,1,1473
740,lm,158.154,7.319763555591911e-10,2.415237779853867e-10,2.2147528979508808e-10,2.689238655934242e-10,5.342218529223864e-14,1.0,1.0,1.0,1.0,6.400000000000007e-08,1.0689259578757261e-05,3.9083889903737544e-05,0.00023059865908322936,0.00014999349771783324,0.0001473977621695837,1,1475
741,lm,158.359,7.281558848234083e-10,2.4029005695423885e-10,2.2032794615678882e-10,2.6748603241607444e-10,5.1849296306184264e-14,1.0,1.0,1.0,1.0,6.400000000000007e-08,1.0578357086130717e-05,3.900817302391944e-05,0.0002300970259326214,0.00014973252154362992,0.0001471001712212842,1,1477
742,lm,158.563,7.243706387392167e-10,2.3906695688350097e-10,2.19190237826193e-10,2.6606312222805673e-10,5.032180146592898e-14,1.0,1.0,1.0,1.0,6.400000000000007e-08,1.0469051102257984e-05,3.893276624884394e-05,0.00022959730402935836,0.00014947245706966531,0.00014680416312272418,1,1479
743,lm,158.767,7.206201069219108e-10,2.378543370451248e-10,2.1806203419968028e-10,2.646548972199316e-10,4.883845717420847e-14,1.0,1.0,1.0,1.0,6.400000000000007e-08,1.0361312898590033e-05,3.885766604969455e-05,0.00022909947182196233,0.00014921328814896664,0.00014650971669189438,1,1481
744,lm,158.971,7.169037917517026e-10,2.36652060079308e-10,2.1694320847993714e-10,2.632611251547197e-10,4.739803773770489e-14,1.0,1.0,1.0,1.0,6.400000000000007e-08,1.0255115788435754e-05,3.8782869034371404e-05,0.0002286035087742832,0.00014895499911773185,0.00014621681143285256,1,1483
745,lm,159.175,7.13221208057695e-10,2.354599919862688e-10,2.158336374433118e-10,2.618815792722404e-10,4.5999355874069264e-14,1.0,1.0,1.0,1.0,6.400000000000007e-08,1.0150432697971093e-05,3.8708371928028485e-05,0.00022810939533401427,0.00014869757482986957,0.00014592542751374672,1,1485
746,lm,159.379,7.095718826365817e-10,2.342780019962228e-10,2.1473320132048438e-10,2.6051603806230743e-10,4.464125756709908e-14,1.0,1.0,1.0,1.0,6.400000000000007e-08,1.0047237034145212e-05,3.8634171587356584e-05,0.00022761711291298322,0.00014844100063714382,0.00014563554579354447,1,1487
747,lm,159.584,7.059553540052268e-10,2.331059624422637e-10,2.1364178381392964e-10,2.5916428513800084e-10,4.332261103259357e-14,1.0,1.0,1.0,1.0,6.400000000000007e-08,9.945501851103977e-06,3.856026499074147e-05,0.00022712664388962496,0.00014818526239744633,0.0001453471477619811,1,1489
748,lm,159.788,7.023711719055252e-10,2.3194374869327819e-10,2.125592718045266e-10,2.5782610907559947e-10,4.2042332120906824e-14,1.0,1.0,1.0,1.0,6.400000000000007e-08,9.845201891391012e-06,3.848664923299121e-05,0.00022663797151346917,0.0001479303464129429,0.0001450602155218039,1,1491
749,lm,159.992,6.988188970497419e-10,2.3079123903822984e-10,2.1148555532784708e-10,2.565013033099814e-10,4.0799373683592807e-14,1.0,1.0,1.0,1.0,6.400000000000007e-08,9.746311413469821e-06,3.841332152760879e-05,0.00022615107992280534,0.0001476762395183978,0.00014477473178131102,1,1493
750,lm,160.196,6.952981006674567e-10,2.296483146164665e-10,2.10420527441218e-10,2.551896659219838e-10,3.959268778826811e-14,1.0,1.0,1.0,1.0,6.400000000000007e-08,9.648806123740832e-06,3.834027920564234e-05,0.0002256659541610267,0.00014742292905058212,0.00014449067987669267,1,1495
751,lm,160.401,6.918083642213301e-10,2.285148593125906e-10,2.0936408409058612e-10,2.538909995621643e-10,3.842125598898528e-14,1.0,1.0,1.0,1.0,6.400000000000007e-08,9.5526607922379e-06,3.826751970501303e-05,0.00022518258005316076,0.00014717040269668474,0.00014420804365631522,1,1497
752,lm,160.605,6.883492791674256e-10,2.2739075968689014e-10,2.083161240588229e-10,2.5260511129831534e-10,3.7284123397191613e-14,1.0,1.0,1.0,1.0,6.400000000000007e-08,9.457849789387746e-06,3.819504057945359e-05,0.00022470094426273505,0.0001469186487554164,0.00014392680757803388,1,1499
753,lm,160.809,6.849204465076703e-10,2.262759048842312e-10,2.0727654885911395e-10,2.5133181244308264e-10,3.6180321242510726e-14,1.0,1.0,1.0,1.0,6.400000000000007e-08,9.36435090201745e-06,3.812283948611854e-05,0.00022422103424426653,0.00014666765588971194,0.00014364695661929115,1,1501
754,lm,161.013,6.8152147648056e-10,2.2517018655723805e-10,2.0624526248304055e-10,2.500709185131983e-10,3.510892708298608e-14,1.0,1.0,1.0,1.0,6.400000000000007e-08,9.272140138689399e-06,3.8050914186131984e-05,0.00022374283820390486,0.000146417413226903,0.0001433684762667916,1,1503
755,lm,161.217,6.781519884066456e-10,2.2407349874880424e-10,2.0522217157822208e-10,2.488222490563507e-10,3.40690232685299e-14,1.0,1.0,1.0,1.0,6.400000000000007e-08,9.181193438409702e-06,3.797926255075521e-05,0.00022326634507785335,0.00014616791036346267,0.0001430913525258656,1,1505
756,lm,161.421,6.748116102452453e-10,2.2298573787090216e-10,2.0420718512889388e-10,2.475856274995379e-10,3.3059745911392286e-14,1.0,1.0,1.0,1.0,6.400000000000007e-08,9.09148858466557e-06,3.790788253819496e-05,0.00022279154452261072,0.00014591913730387687,0.0001428155718839958,1,1507
757,lm,161.626,6.714999783796241e-10,2.2190680260982835e-10,2.032002144171148e-10,2.463608811316219e-10,3.208022105895667e-14,1.0,1.0,1.0,1.0,6.400000000000007e-08,9.00300311126597e-06,3.783677221492681e-05,0.00022231842690815447,0.00014567108454811682,0.00014254112132380174,1,1509
758,lm,161.830,6.682167373353507e-10,2.208365938002847e-10,2.0220117302868705e-10,2.451478409050554e-10,3.1129601323545183e-14,1.0,1.0,1.0,1.0,6.400000000000007e-08,8.915714471542271e-06,3.776592973660439e-05,0.0002218469832306183,0.0001454237429115047,0.0001422679882407369,1,1511
759,lm,162.034,6.649615395561602e-10,2.1977501446148695e-10,2.0120997665026794e-10,2.439463413677236e-10,3.0207076681703536e-14,1.0,1.0,1.0,1.0,6.400000000000007e-08,8.829600210881325e-06,3.769535334981636e-05,0.00022137720514604512,0.0001451771037598619,0.00014199616052331328,1,1513
760,lm,162.238,6.617340450852524e-10,2.1872196967324446e-10,2.0022654303638966e-10,2.427562205254202e-10,2.9311850198247894e-14,1.0,1.0,1.0,1.0,6.400000000000007e-08,8.74463931092988e-06,3.76250413998505e-05,0.0002209090849318319,0.00014493115878378628,0.00014172562644915507,1,1515
761,lm,162.442,6.585339213555247e-10,2.1767736646626394e-10,1.992507919430661e-10,2.4157731980459183e-10,2.8443141602881796e-14,1.0,1.0,1.0,1.0,6.400000000000007e-08,8.660810736565513e-06,3.7554992305809496e-05,0.00022044261545838754,0.00014468590009447392,0.00014145637471844267,1,1517
762,lm,162.647,6.553608429183064e-10,2.1664111381176843e-10,1.9828264505817973e-10,2.4040948386008864e-10,2.7600188269579417e-14,1.0,1.0,1.0,1.0,6.400000000000007e-08,8.578093537249147e-06,3.748520458099352e-05,0.00021997779018399113,0.00014444132025584326,0.00014118839444285955,1,1519
763,lm,162.851,6.522144912533013e-10,2.1561312255628483e-10,1.9732202586184157e-10,2.392525605845386e-10,2.678225063631682e-14,1.0,1.0,1.0,1.0,6.400000000000007e-08,8.496466774651134e-06,3.741567681569357e-05,0.00021951460309624536,0.0001441974121452972,0.0001409216751031004,1,1521
764,lm,163.055,6.490945545292676e-10,2.1459330535206313e-10,1.9636885963841814e-10,2.3810640093118793e-10,2.5988607598377165e-14,1.0,1.0,1.0,1.0,6.400000000000007e-08,8.415910494441137e-06,3.7346407683710315e-05,0.00021905304872628874,0.0001439541690940971,0.00014065620655217664,1,1523
765,lm,163.259,6.460007273512326e-10,2.1358157659931707e-10,1.9542307332401207e-10,2.369708588764796e-10,2.5218551423854252e-14,1.0,1.0,1.0,1.0,6.400000000000007e-08,8.3364052416151e-06,3.7277395930829046e-05,0.00021859312211998917,0.00014371158481265008,0.00014039197900158498,1,1525
766,lm,163.463,6.429327106041499e-10,2.125778523719411e-10,1.9448459552457955e-10,2.358457913134805e-10,2.4471394148758385e-14,1.0,1.0,1.0,1.0,6.400000000000007e-08,8.257931093181646e-06,3.7208640380749364e-05,0.00021813481879610254,0.00014346965333857513,0.00014012898299417008,1,1527
767,lm,163.667,6.39890211215425e-10,2.1158205041138245e-10,1.9355335636611204e-10,2.3473105796824516e-10,2.37464696853583e-14,1.0,1.0,1.0,1.0,6.400000000000007e-08,8.180468940413991e-06,3.714013992958349e-05,0.0002176781347440078,0.00014322836910575032,0.00013986720940834294,1,1529
768,lm,163.872,6.368729419381034e-10,2.105940899996027e-10,1.9262928751933283e-10,2.3362652130107327e-10,2.3043118094504706e-14,1.0,1.0,1.0,1.0,6.400000000000007e-08,8.104000274525734e-06,3.7071893541868593e-05,0.0002172230663985125,0.00014298772693477785,0.00013960664944479676,1,1531
769,lm,164.076,6.338806212378884e-10,2.096138919918751e-10,1.917123220665146e-10,2.3253204646761022e-10,2.2360711888490273e-14,1.0,1.0,1.0,1.0,6.400000000000007e-08,8.028506143540874e-06,3.700390024398006e-05,0.00021676961062525095,0.00014274772193706786,0.00013934729460590364,1,1533
770,lm,164.280,6.30912973011533e-10,2.0864137867411112e-10,1.9080239446914771e-10,2.314475012386816e-10,2.169862959273245e-14,1.0,1.0,1.0,1.0,6.400000000000007e-08,7.953969422549966e-06,3.6936159134992435e-05,0.00021631776466842263,0.00014250834961036083,0.00013908913666326654,1,1535
771,lm,164.484,6.279697264451679e-10,2.0767647380951503e-10,1.8989944050804394e-10,2.303727558722506e-10,2.1056255358391276e-14,1.0,1.0,1.0,1.0,6.400000000000007e-08,7.880371976735457e-06,3.68686693724637e-05,0.00021586752618977463,0.0001422696057923588,0.00013883216769514228,1,1537
772,lm,164.688,6.250506158991551e-10,2.0671910252924597e-10,1.8900339727917882e-10,2.2930768307716822e-10,2.0433013562029223e-14,1.0,1.0,1.0,1.0,6.400000000000007e-08,7.807695752438924e-06,3.680143017103851e-05,0.00021541889320245556,0.00014203148663816765,0.00013857638004107872,1,1539
773,lm,164.893,6.22155380650304e-10,2.0576919130649695e-10,1.8811420302742687e-10,2.2825215799503397e-10,1.9828321346226676e-14,1.0,1.0,1.0,1.0,6.400000000000007e-08,7.735924792535834e-06,3.6734440803711116e-05,0.00021497186404208877,0.00014179398861944223,0.0001383217662808138,1,1541
774,lm,165.097,6.19283764784052e-10,2.0482666788957924e-10,1.8723179721585098e-10,2.272060580531302e-10,1.9241625491453e-14,1.0,1.0,1.0,1.0,6.400000000000007e-08,7.665041908516432e-06,3.666770059682607e-05,0.00021452643740492412,0.0001415571085406112,0.00013806831925344595,1,1543
775,lm,165.301,6.164355170214337e-10,2.0389146132429987e-10,1.863561203863148e-10,2.2616926292635637e-10,1.8672384462686236e-14,1.0,1.0,1.0,1.0,6.400000000000007e-08,7.5950313754168615e-06,3.660120893562294e-05,0.00021408261227071548,0.00014132084349748682,0.0001378160320228055,1,1545
776,lm,165.505,6.136103905685871e-10,2.0296350181119627e-10,1.8548711418084166e-10,2.2514165451633797e-10,1.812006021122357e-14,1.0,1.0,1.0,1.0,6.400000000000007e-08,7.525876777661123e-06,3.65349652472723e-05,0.00021364038793565479,0.00014108519087137607,0.0001375648978801444,1,1547
777,lm,165.709,6.108081429953837e-10,2.0204272078217622e-10,1.846247212721554e-10,2.2412311679489975e-10,1.758414615235183e-14,1.0,1.0,1.0,1.0,6.400000000000007e-08,7.457562457961936e-06,3.646896901208203e-05,0.00021319976394944064,0.00014085014838940163,0.000137314910344595,1,1549
778,lm,165.913,6.080285360652588e-10,2.011290507843178e-10,1.8376888526500078e-10,2.231135358795648e-10,1.706413637543273e-14,1.0,1.0,1.0,1.0,6.400000000000007e-08,7.390073599389103e-06,3.640321975102488e-05,0.0002127607401073693,0.0001406157139953939,0.00013706606310987364,1,1551
779,lm,166.117,6.052713356069177e-10,2.0022242544509672e-10,1.8291955075598816e-10,2.2211279985533008e-10,1.6559550502705635e-14,1.0,1.0,1.0,1.0,6.400000000000007e-08,7.32339538048166e-06,3.633771703061085e-05,0.00021232331645837675,0.00014038188593256916,0.00013681835008333857,1,1553
780,lm,166.322,6.025363114020439e-10,1.993227794625163e-10,1.820766632233231e-10,2.2112079880917862e-10,1.606990702591735e-14,1.0,1.0,1.0,1.0,6.400000000000007e-08,7.257513261404517e-06,3.627246046362529e-05,0.00021188749328041972,0.00014014866275750224,0.0001365717653508398,1,1555
781,lm,166.526,5.998232370513158e-10,1.9843004858197283e-10,1.8124016902758932e-10,2.2013742469028143e-10,1.5594751472312373e-14,1.0,1.0,1.0,1.0,6.400000000000007e-08,7.192412772113996e-06,3.620744968808201e-05,0.0002114532710160736,0.00013991604320596714,0.000136326303176943,1,1557
782,lm,166.730,5.971318898098456e-10,1.975441695348875e-10,1.8041001529325415e-10,2.1916257134829876e-10,1.5133633405151808e-14,1.0,1.0,1.0,1.0,6.400000000000007e-08,7.128080942381577e-06,3.6142684388370385e-05,0.00021102065033975538,0.00013968402630079742,0.00013608195798210217,1,1559
783,lm,166.934,5.944620505639123e-10,1.9666508000691343e-10,1.7958615000198168e-10,2.1819613443162632e-10,1.468612339087969e-14,1.0,1.0,1.0,1.0,6.400000000000007e-08,7.064503473458755e-06,3.607816428074998e-05,0.00021058963207754703,0.00013945261131669784,0.00013583872435400313,1,1561
784,lm,167.138,5.918135036199532e-10,1.9579271860316845e-10,1.7876852186776081e-10,2.1723801135198144e-10,1.4251797042565493e-14,1.0,1.0,1.0,1.0,6.400000000000007e-08,7.001667751531978e-06,3.6013889118463976e-05,0.0002101602172208026,0.0001392217977471579,0.00013559659702739235,1,1563
785,lm,167.343,5.891860366795193e-10,1.949270248733407e-10,1.779570803102894e-10,2.16288101250909e-10,1.3830244980241684e-14,1.0,1.0,1.0,1.0,6.400000000000007e-08,6.939560876960109e-06,3.59498586738444e-05,0.00020973240690308126,0.0001389915853162928,0.0001353555708895765,1,1565
786,lm,167.547,5.865794406644218e-10,1.94067939217716e-10,1.7715177545290982e-10,2.1534630491918587e-10,1.342107461006525e-14,1.0,1.0,1.0,1.0,6.400000000000007e-08,6.878170641100151e-06,3.5886072760801265e-05,0.00020930620238426753,0.00013876197393664964,0.00013511564093124468,1,1567
787,lm,167.751,5.839935096769571e-10,1.9321540286836084e-10,1.7635255809179852e-10,2.1441252482640634e-10,1.3023890391444498e-14,1.0,1.0,1.0,1.0,6.400000000000007e-08,6.817484712253501e-06,3.58225312061364e-05,0.00020888160504365342,0.000138532963799644,0.00013487680231732965,1,1569
788,lm,167.955,5.814280408670121e-10,1.9236935789466923e-10,1.7555937964565086e-10,2.1348666499499368e-10,1.2638331698295553e-14,1.0,1.0,1.0,1.0,6.400000000000007e-08,6.75749133732611e-06,3.5759233874141246e-05,0.00020845861635943768,0.0001383045552375114,0.0001346390502882503,1,1571
789,lm,168.159,5.788828343532675e-10,1.9152974716003696e-10,1.7477219215514448e-10,2.1256863101158339e-10,1.226402650266477e-14,1.0,1.0,1.0,1.0,6.400000000000007e-08,6.698179224638679e-06,3.56961806380586e-05,0.00020803723789196608,0.00013807674877068193,0.0001344023802108054,1,1573
790,lm,168.364,5.76357693123638e-10,1.90696514300415e-10,1.739909482014772e-10,2.116583299873754e-10,1.1900634370412441e-14,1.0,1.0,1.0,1.0,6.400000000000007e-08,6.639537541659753e-06,3.563337140244675e-05,0.000207617471295473,0.0001378495451470539,0.00013416678757663766,1,1575
791,lm,168.568,5.73852422964101e-10,1.8986960369596296e-10,1.7321560096042286e-10,2.1075567050212965e-10,1.154780558545813e-14,1.0,1.0,1.0,1.0,6.400000000000007e-08,6.581555378531167e-06,3.5570806085467256e-05,0.000207199318263651,0.00013762294525032734,0.0001339322679469658,1,1577
792,lm,168.772,5.713668323663524e-10,1.890489604301173e-10,1.7244610413443317e-10,2.0986056258572182e-10,1.1205216080106e-14,1.0,1.0,1.0,1.0,6.400000000000007e-08,6.524221680367877e-06,3.5508484623487844e-05,0.00020678278057617423,0.00013739695017567766,0.00013369881700698322,1,1579
793,lm,168.976,5.689007324487895e-10,1.882345303116482e-10,1.7168241193476837e-10,2.0897291765890269e-10,1.0872543470266648e-14,1.0,1.0,1.0,1.0,6.400000000000007e-08,6.4675268882106965e-06,3.544640696988754e-05,0.00020636786002751069,0.00013717156111711946,0.00013346643049968543,1,1581
794,lm,169.181,5.664539368977826e-10,1.874262598272981e-10,1.709244790344948e-10,2.0809264855134052e-10,1.0549484649145744e-14,1.0,1.0,1.0,1.0,6.400000000000007e-08,6.411460744604551e-06,3.5384573084480904e-05,0.0002059545584235406,0.00013694677946706228,0.00013323510426264856,1,1583
795,lm,169.385,5.640262618781984e-10,1.8662409609550308e-10,1.7017226061919626e-10,2.072196694263969e-10,1.023573710227469e-14,1.0,1.0,1.0,1.0,6.400000000000007e-08,6.356013980525277e-06,3.5322982948980536e-05,0.00020554287763596517,0.00013672260675199433,0.00013300483422618438,1,1585
796,lm,169.589,5.616175259506021e-10,1.8582798692697308e-10,1.6942571228134688e-10,2.0635389572957428e-10,9.931012707904445e-15,1.0,1.0,1.0,1.0,6.400000000000007e-08,6.301177278395218e-06,3.526163654717035e-05,0.000205132819504823,0.0001364990446271126,0.00013277561635838465,1,1587
797,lm,169.793,5.59227550049745e-10,1.8503788068702657e-10,1.6868479007478025e-10,2.0549524425707893e-10,9.635030859228242e-15,1.0,1.0,1.0,1.0,6.400000000000007e-08,6.246941165665503e-06,3.520053387943834e-05,0.0002047243859036563,0.00013627609488192633,0.00013254744672103053,1,1589
798,lm,169.997,5.568561573819793e-10,1.8425372640405087e-10,1.6794945046123328e-10,2.0464363299137731e-10,9.347525317812219e-15,1.0,1.0,1.0,1.0,6.400000000000007e-08,6.193297171544824e-06,3.513967494556752e-05,0.00020431757866453854,0.00013605375943934243,0.00013232032142914145,1,1591
799,lm,170.202,5.545031733530094e-10,1.8347547365218726e-10,1.6721965027435307e-10,2.037989811907443e-10,9.068235724762249e-15,1.0,1.0,1.0,1.0,6.400000000000007e-08,6.140237191914169e-06,3.5079059754152344e-05,0.00020391239960170827,0.00013583204029402025,0.00013209423663963427,1,1593
800,lm,170.406,5.521684255697482e-10,1.827030725982843e-10,1.6649534677504472e-10,2.0296120929442626e-10,8.796901992896161e-15,1.0,1.0,1.0,1.0,6.400000000000007e-08,6.0877525222432915e-06,3.501868832391344e-05,0.0002035088505280212,0.0001356109395993123,0.00013186918859038485,1,1595
801,lm,170.610,5.498517437144031e-10,1.8193647393516968e-10,1.6577649755115143e-10,2.0213023893996056e-10,8.533288121322843e-15,1.0,1.0,1.0,1.0,6.400000000000007e-08,6.035835380347584e-06,3.49585606700283e-05,0.0002031069331952406,0.0001353904595712979,0.00013164517353634543,1,1597
802,lm,170.814,5.475529595146348e-10,1.8117562892659844e-10,1.6506306055319071e-10,2.013059928841771e-10,8.2771506685919e-15,1.0,1.0,1.0,1.0,6.400000000000007e-08,5.984477935599858e-06,3.489867680753603e-05,0.00020270664930433752,0.000135170602517129,0.0001314221877903259,1,1599
803,lm,171.019,5.452719067490865e-10,1.8042048935099476e-10,1.6435499408578394e-10,2.0048839504243207e-10,8.028269875664601e-15,1.0,1.0,1.0,1.0,6.400000000000007e-08,5.933672301544239e-06,3.483903676356692e-05,0.00020230800053223422,0.00013495137087623957,0.00013120022772147806,1,1601
804,lm,171.223,5.430084210789071e-10,1.7967100746827147e-10,1.6365225676713672e-10,1.9967737042109947e-10,7.78642239948021e-15,1.0,1.0,1.0,1.0,6.400000000000007e-08,5.883412109756527e-06,3.4779640551560206e-05,0.0002019109884573496,0.0001347327670851639,0.00013097928969796249,1,1603
805,lm,171.427,5.407623401052447e-10,1.7892713606160073e-10,1.629548075350769e-10,1.988728451125553e-10,7.551396011695372e-15,1.0,1.0,1.0,1.0,6.400000000000007e-08,5.8336896813440935e-06,3.472048819104966e-05,0.00020151561463357704,0.00013451479374602617,0.00013075937016074457,1,1605
806,lm,171.631,5.385335032747076e-10,1.781888283801503e-10,1.622626056362989e-10,1.9807474627157472e-10,7.322986683647881e-15,1.0,1.0,1.0,1.0,6.400000000000007e-08,5.784498484901937e-06,3.466157969275565e-05,0.00020112188049648284,0.00013429745340780736,0.0001305404655329734,1,1607
807,lm,171.835,5.363217518540264e-10,1.7745603815172134e-10,1.6157561061606552e-10,1.9728300208915283e-10,7.100997086694626e-15,1.0,1.0,1.0,1.0,6.400000000000007e-08,5.7358315429468326e-06,3.460291507270901e-05,0.0002007297874473232,0.0001340807488160267,0.00013032257231955415,1,1609
808,lm,172.039,5.341269288774558e-10,1.7672871956296936e-10,1.6089378228355167e-10,1.9649754179538445e-10,6.885235550279954e-15,1.0,1.0,1.0,1.0,6.400000000000007e-08,5.687683062934445e-06,3.454449433121868e-05,0.00020033933675550332,0.00013386468265205834,0.000130105687001223,1,1611
809,lm,172.244,5.319488791121422e-10,1.7600682722611438e-10,1.6021708077173683e-10,1.9571829559702043e-10,6.6755172705278384e-15,1.0,1.0,1.0,1.0,6.400000000000007e-08,5.640046130240721e-06,3.4486317473267816e-05,0.00019995052963949555,0.00013364925768985148,0.00012988980610559628,1,1613
810,lm,172.448,5.297874490053522e-10,1.7529031622887115e-10,1.595454664078501e-10,1.9494519470519105e-10,6.471663439848526e-15,1.0,1.0,1.0,1.0,6.400000000000007e-08,5.592915248320204e-06,3.4428384489008756e-05,0.00019956336720801667,0.0001334344767491318,0.00012967492616951362,1,1615
811,lm,172.652,5.276424866780526e-10,1.7457914203272677e-10,1.5887889985915147e-10,1.941781712801237e-10,6.273506050702581e-15,1.0,1.0,1.0,1.0,6.400000000000007e-08,5.546284161455597e-06,3.43706953658585e-05,0.00019917785045821634,0.00013322034268427416,0.0001294610437561371,1,1617
812,lm,172.856,5.255138418555931e-10,1.7387326055027085e-10,1.5821734199380987e-10,1.934171584334245e-10,6.080878087835217e-15,1.0,1.0,1.0,1.0,6.400000000000007e-08,5.50014768642351e-06,3.431325007682547e-05,0.0001987939802829366,0.0001330068583402596,0.00012924815541140466,1,1619
813,lm,173.061,5.234013658631942e-10,1.7317262807717406e-10,1.575607539531402e-10,1.9266209021518932e-10,5.8936176907823135e-15,1.0,1.0,1.0,1.0,6.400000000000007e-08,5.4544999184087645e-06,3.4256048593454515e-05,0.00019841175748552527,0.00013279402662293272,0.00012903625772198242,1,1621
814,lm,173.265,5.213049115739359e-10,1.7247720131930207e-10,1.569090971047123e-10,1.9191290157671632e-10,5.711573205182078e-15,1.0,1.0,1.0,1.0,6.400000000000007e-08,5.4093355609803494e-06,3.4199090869317946e-05,0.0001980311827257528,0.00013258185042906568,0.0001288253472668044,1,1623
815,lm,173.469,5.192243333983509e-10,1.717869373651922e-10,1.5626233305187617e-10,1.9116952838444143e-10,5.534596841154619e-15,1.0,1.0,1.0,1.0,6.400000000000007e-08,5.364649634188959e-06,3.4142376854189245e-05,0.00019765225656535402,0.00013237033270342658,0.00012861542063765213,1,1625
816,lm,173.673,5.171594872182269e-10,1.7110179368766756e-10,1.556204236365472e-10,1.9043190735248418e-10,5.362541527956807e-15,1.0,1.0,1.0,1.0,6.400000000000007e-08,5.320437123240776e-06,3.408590647961907e-05,0.00019727497944999062,0.00013215947632744154,0.00012840647442953078,1,1627
817,lm,173.878,5.151102303965654e-10,1.7042172810675012e-10,1.5498333092455328e-10,1.896999760943917e-10,5.1952708702263656e-15,1.0,1.0,1.0,1.0,6.400000000000007e-08,5.276692736108236e-06,3.4029679669907346e-05,0.00019689935167027726,0.00013194928425898177,0.00012819850523230523,1,1629
818,lm,174.082,5.130764217329244e-10,1.6974669883305623e-10,1.5435101718540176e-10,1.889736730645855e-10,5.032649880778587e-15,1.0,1.0,1.0,1.0,6.400000000000007e-08,5.233412020344423e-06,3.397369633595331e-05,0.00019652537343302264,0.00013173975941448065,0.00012799150964962292,1,1631
819,lm,174.286,5.110579214345307e-10,1.6907666440929529e-10,1.537234449175549e-10,1.8825293755746527e-10,4.87455021527166e-15,1.0,1.0,1.0,1.0,6.400000000000007e-08,5.190590347194255e-06,3.3917956371797275e-05,0.0001961530447683025,0.0001315309046912008,0.00012778548426855372,1,1633
820,lm,174.490,5.09054591111612e-10,1.6841158374269635e-10,1.5310057683594665e-10,1.8753770968240461e-10,4.720850564401015e-15,1.0,1.0,1.0,1.0,6.400000000000007e-08,5.148222660170963e-06,3.386245966335407e-05,0.00019578236560975236,0.00013132272301595945,0.0001275804256917558,1,1635
821,lm,174.695,5.070662937113874e-10,1.677514160641007e-10,1.524823758561211e-10,1.8682793036463375e-10,4.5714265317230884e-15,1.0,1.0,1.0,1.0,6.400000000000007e-08,5.106305618091137e-06,3.3807206078671567e-05,0.00019541333574282544,0.00013111521724990468,0.0001273763304934552,1,1637
822,lm,174.899,5.050928935390775e-10,1.6709612093727898e-10,1.5186880510522778e-10,1.861235413360984e-10,4.426160472251364e-15,1.0,1.0,1.0,1.0,6.400000000000007e-08,5.06483416274966e-06,3.3752195470687696e-05,0.0001950459548276225,0.00013090839027181915,0.00012717319528144413,1,1639
823,lm,175.103,5.031342562315244e-10,1.6644565828600369e-10,1.5125982790557354e-10,1.8542448509366222e-10,4.284946285007936e-15,1.0,1.0,1.0,1.0,6.400000000000007e-08,5.023804024320659e-06,3.369742767874245e-05,0.0001946802223710669,0.00013070224489753298,0.0001269710166162989,1,1641
824,lm,175.308,5.011902487005195e-10,1.657999883218339e-10,1.5065540779816823e-10,1.8473070491118805e-10,4.147669329316575e-15,1.0,1.0,1.0,1.0,6.400000000000007e-08,4.983211640031137e-06,3.364290252699742e-05,0.00019431613775690597,0.00013049678393044144,0.00012676979107260585,1,1643
825,lm,175.512,4.992607391321634e-10,1.651590715903624e-10,1.5005550848197722e-10,1.8404214483317722e-10,4.0142266465973364e-15,1.0,1.0,1.0,1.0,6.400000000000007e-08,4.943052405311592e-06,3.3588619823665894e-05,0.00019395370020708496,0.00013029201015979348,0.00012656951521715652,1,1645
826,lm,175.717,4.973455970056676e-10,1.6452286894289097e-10,1.4946009390660077e-10,1.8335874963660616e-10,3.8845195695689454e-15,1.0,1.0,1.0,1.0,6.400000000000007e-08,4.90332240069281e-06,3.353457935586224e-05,0.00019359290882199254,0.00013008792630211802,0.00012637018560479843,1,1647
827,lm,175.921,4.954446930017464e-10,1.6389134152909435e-10,1.4886912816635038e-10,1.8268046486035246e-10,3.758445949221871e-15,1.0,1.0,1.0,1.0,6.400000000000007e-08,4.864018527808766e-06,3.348078090011464e-05,0.00019323376254880344,0.00012988453505905352,0.00012617179876921072,1,1649
828,lm,176.125,4.935578990398058e-10,1.632644508250289e-10,1.4828257558216302e-10,1.8200723671846122e-10,3.635914152632967e-15,1.0,1.0,1.0,1.0,6.400000000000007e-08,4.825136116396988e-06,3.3427224217704343e-05,0.000192876260205029,0.000129681839074881,0.0001259743512519041,1,1651
829,lm,176.330,4.916850882487253e-10,1.6264215857321837e-10,1.4770040066410163e-10,1.8133901218135693e-10,3.516830048350518e-15,1.0,1.0,1.0,1.0,6.400000000000007e-08,4.786672054292807e-06,3.337390904713111e-05,0.0001925204004532087,0.00012947984095095798,0.0001257778395706011,1,1653
830,lm,176.534,4.898261349260423e-10,1.6202442682284276e-10,1.471225680771335e-10,1.8067573891883062e-10,3.401107235398909e-15,1.0,1.0,1.0,1.0,6.400000000000007e-08,4.748622434037479e-06,3.332083511366372e-05,0.0001921661818226619,0.00012927854326680608,0.00012558226024586642,1,1655
831,lm,176.738,4.879809145643835e-10,1.6141121791104767e-10,1.4654904271304525e-10,1.8001736528365798e-10,3.2886566325815902e-15,1.0,1.0,1.0,1.0,6.400000000000007e-08,4.710983722040593e-06,3.3268002124431226e-05,0.00019181360268425213,0.00012907794848771676,0.0001253876097620776,1,1657
832,lm,176.942,4.861493037955603e-10,1.608024944637729e-10,1.459797896453646e-10,1.7936384029052885e-10,3.1793958939287844e-15,1.0,1.0,1.0,1.0,6.400000000000007e-08,4.6737522047511606e-06,3.3215409767873204e-05,0.00019146266127337416,0.00012887805907348292,0.00012519388461029878,1,1659
833,lm,177.146,4.843311804024118e-10,1.6019821937351587e-10,1.4541477413007244e-10,1.7871511365337517e-10,3.073245448355557e-15,1.0,1.0,1.0,1.0,6.400000000000007e-08,4.636924439199915e-06,3.3163057719602116e-05,0.0001911133557018285,0.00012867887740919607,0.0001250010812612765,1,1661
834,lm,177.350,4.825264232777373e-10,1.595983558169397e-10,1.448539616138872e-10,1.7807113572293065e-10,2.9701239797277447e-15,1.0,1.0,1.0,1.0,6.400000000000007e-08,4.600497309598836e-06,3.311094562956604e-05,0.00019076568390638112,0.0001284804058297156,0.0001248091961756394,1,1663
835,lm,177.554,4.807349124596303e-10,1.5900286724060528e-10,1.4429731772180936e-10,1.7743185753867432e-10,2.869958541367504e-15,1.0,1.0,1.0,1.0,6.400000000000007e-08,4.5644669757253205e-06,3.305907313946603e-05,0.00019041964369913536,0.0001282826465914928,0.00012461822579507264,1,1665
836,lm,177.759,4.789565290507441e-10,1.5841171736384584e-10,1.43744808266849e-10,1.7679723074748948e-10,2.7726725597273954e-15,1.0,1.0,1.0,1.0,6.400000000000007e-08,4.528830363085492e-06,3.300743986443667e-05,0.00019007523275273028,0.00012808560190940587,0.0001244281665459538,1,1667
837,lm,177.963,4.771911552665229e-10,1.578248701720145e-10,1.4319639925854125e-10,1.7616720764072456e-10,2.6781952426377703e-15,1.0,1.0,1.0,1.0,6.400000000000007e-08,4.493583812893131e-06,3.295604540977628e-05,0.00018973244860205914,0.00012788927389288567,0.0001242390148502806,1,1669
838,lm,178.167,4.75438674382047e-10,1.572422899166266e-10,1.42652056885346e-10,1.7554174112331385e-10,2.586456760634811e-15,1.0,1.0,1.0,1.0,6.400000000000007e-08,4.458724233053978e-06,3.2904889358225786e-05,0.00018939128863524756,0.00012769366461606966,0.00012405076710239786,1,1671
839,lm,178.371,4.736989707485601e-10,1.566639411023292e-10,1.4211174754112666e-10,1.7492078471653964e-10,2.4973885646123033e-15,1.0,1.0,1.0,1.0,6.400000000000007e-08,4.424248234407598e-06,3.285397127655936e-05,0.00018905175010003195,0.00012749877608633515,0.0001238634196981213,1,1673
840,lm,178.575,4.719719297542749e-10,1.5608978849869223e-10,1.4157543777080302e-10,1.7430429255841816e-10,2.410926361508261e-15,1.0,1.0,1.0,1.0,6.400000000000007e-08,4.390152530374313e-06,3.280329071524745e-05,0.00018871383012473332,0.00012730461020206941,0.00012367696900429705,1,1675
841,lm,178.780,4.702574378222563e-10,1.5551979712170241e-10,1.4104309433426382e-10,1.736922193617704e-10,2.3270045197293905e-15,1.0,1.0,1.0,1.0,6.400000000000007e-08,4.356434081982383e-06,3.2752847204627206e-05,0.00018837752567239284,0.0001271111688054296,0.00012349141137703835,1,1677
842,lm,178.984,4.685553824242268e-10,1.5495393223971409e-10,1.4051468416366387e-10,1.7308452046109587e-10,2.245559752944362e-15,1.0,1.0,1.0,1.0,6.400000000000007e-08,4.32308932929135e-06,3.270264025899269e-05,0.0001880428336028614,0.00012691845369889164,0.00012330674315808574,1,1679
843,lm,179.188,4.668656520357046e-10,1.5439215938129527e-10,1.399901743937352e-10,1.7248115172879912e-10,2.1665318750816244e-15,1.0,1.0,1.0,1.0,6.400000000000007e-08,4.2901150315243225e-06,3.265266937658076e-05,0.00018770975061934485,0.0001267264665699431,0.0001231229606791342,1,1681
844,lm,179.392,4.6518813613486615e-10,1.5383444431547046e-10,1.3946953232895634e-10,1.718820696286e-10,2.089861839272653e-15,1.0,1.0,1.0,1.0,6.400000000000007e-08,4.257508241501274e-06,3.2602934038514316e-05,0.0001873782733134426,0.00012653520903795163,0.00012294006024967841,1,1683
845,lm,179.597,4.635227252155197e-10,1.532807530571979e-10,1.389527254804276e-10,1.712872311877292e-10,2.0154901650118052e-15,1.0,1.0,1.0,1.0,6.400000000000007e-08,4.2252653928126915e-06,3.2553433706161545e-05,0.00018704839813699382,0.0001263446826466446,0.00012275803817723846,1,1685
846,lm,179.801,4.6186931075236146e-10,1.527310518848809e-10,1.3843972152824336e-10,1.7069659397642853e-10,1.9433628087194e-15,1.0,1.0,1.0,1.0,6.400000000000007e-08,4.193383418056002e-06,3.250416782650742e-05,0.00018672012141414198,0.00012615488883764908,0.0001225768907404305,1,1687
847,lm,180.005,4.6022778517271824e-10,1.521853072779003e-10,1.3793048835917323e-10,1.7011011611389327e-10,1.8734217513848616e-15,1.0,1.0,1.0,1.0,6.400000000000007e-08,4.161859397520464e-06,3.245513582759646e-05,0.00018639343935269092,0.00012596582901402306,0.00012239661421465265,1,1689
848,lm,180.210,4.585980419130822e-10,1.5164348598687783e-10,1.374249940436538e-10,1.6952775626846902e-10,1.805614081473825e-15,1.0,1.0,1.0,1.0,6.400000000000007e-08,4.130689342876993e-06,3.2406337127154366e-05,0.00018606834803540145,0.00012577750447939016,0.00012221720486065908,1,1691
849,lm,180.414,4.569799753388935e-10,1.5110555499076293e-10,1.369232068374076e-10,1.6894947362264575e-10,1.7398880772410682e-15,1.0,1.0,1.0,1.0,6.400000000000007e-08,4.099870718594603e-06,3.235777111815413e-05,0.00018574484339704575,0.00012558991642874778,0.00012203865891259914,1,1693
850,lm,180.618,4.553734807761864e-10,1.5057148151221022e-10,1.3642509519425213e-10,1.6837522788006716e-10,1.6761896569098683e-15,1.0,1.0,1.0,1.0,6.400000000000007e-08,4.069400042547991e-06,3.230943718427386e-05,0.00018542292128971273,0.00012540306602491923,0.0001218609726122168,1,1695
851,lm,180.822,4.537784544948686e-10,1.5004123300095153e-10,1.359306277439365e-10,1.6780497927858925e-10,1.6144713913369531e-15,1.0,1.0,1.0,1.0,6.400000000000007e-08,4.039273889483672e-06,3.2261334688692344e-05,0.0001851025774276232,0.00012521695431281607,0.00012168414216973128,1,1697
852,lm,181.027,4.521947936925781e-10,1.4951477714636e-10,1.3543977333065844e-10,1.6723868853364818e-10,1.5546819115118623e-15,1.0,1.0,1.0,1.0,6.400000000000007e-08,4.00948941519906e-06,3.2213462980424545e-05,0.00018478380740820033,0.00012503158226181665,0.0001215081637993203,1,1699
853,lm,181.231,4.5062239649355613e-10,1.4899208185458518e-10,1.3495250097599977e-10,1.6667631688903625e-10,1.4967739349071747e-15,1.0,1.0,1.0,1.0,6.400000000000007e-08,3.980043072953898e-06,3.216582139897454e-05,0.00018446660673600336,0.00012484695077295415,0.00012133303369288752,1,1701
854,lm,181.435,4.490611619430968e-10,1.4847311528298363e-10,1.3446877989842671e-10,1.66117826061358e-10,1.4407003284231474e-15,1.0,1.0,1.0,1.0,6.400000000000007e-08,3.950931557649676e-06,3.2118409259579276e-05,0.00018415097078618617,0.000124663060641944,0.00012115874803515379,1,1703
855,lm,181.639,4.475109899930611e-10,1.479578458089014e-10,1.339885795147909e-10,1.6556317825515824e-10,1.3864142105643042e-15,1.0,1.0,1.0,1.0,6.400000000000007e-08,3.9221520137243815e-06,3.207122586953985e-05,0.00018383689482768175,0.00012447991259048743,0.0001209853029898086,1,1705
856,lm,181.844,4.459717814845252e-10,1.4744624203076433e-10,1.3351186941981706e-10,1.6501233616366514e-10,1.33387027863138e-15,1.0,1.0,1.0,1.0,6.400000000000007e-08,3.893700726801339e-06,3.202427051707754e-05,0.0001835243740244791,0.00012429750726335677,0.00012081269471516655,1,1707
857,lm,182.048,4.4444343816310027e-10,1.4693827277490238e-10,1.3303861941314567e-10,1.6446526295125959e-10,1.2830237926268542e-15,1.0,1.0,1.0,1.0,6.400000000000007e-08,3.865574466379223e-06,3.1977542478364816e-05,0.00018321340343600284,0.00012411584521988602,0.00012064091937071246,1,1709
858,lm,182.253,4.4292586266710094e-10,1.4643390711047195e-10,1.3256879950114745e-10,1.639219222229758e-10,1.233832505730037e-15,1.0,1.0,1.0,1.0,6.400000000000007e-08,3.837769930258862e-06,3.193104101652119e-05,0.00018290397802393126,0.00012393492691756974,0.00012046997309194617,1,1711
859,lm,182.457,4.4141895850115186e-10,1.459331143116756e-10,1.321023798750217e-10,1.6338227806136232e-10,1.1862530922500154e-15,1.0,1.0,1.0,1.0,6.400000000000007e-08,3.810283895647623e-06,3.1884765378770895e-05,0.0001825960926469598,0.00012375475276131415,0.0001202998520063633,1,1713
860,lm,182.661,4.399226300402875e-10,1.4543586387796497e-10,1.316393309098847e-10,1.6284629500913822e-10,1.140243299660524e-15,1.0,1.0,1.0,1.0,6.400000000000007e-08,3.7831129822358107e-06,3.183871480014679e-05,0.00018228974207187867,0.00012357532305377962,0.00012013055223534087,1,1715
861,lm,182.865,4.384367825255398e-10,1.4494212555483842e-10,1.311796231951106e-10,1.6231393801238144e-10,1.0957632093456924e-15,1.0,1.0,1.0,1.0,6.400000000000007e-08,3.7562538901584063e-06,3.179288850150491e-05,0.0001819849209593714,0.00012339663800681799,0.00011996206988368867,1,1717
862,lm,183.069,4.3696132204518033e-10,1.444518692744818e-10,1.307232275080697e-10,1.6178517249130738e-10,1.0527713214507248e-15,1.0,1.0,1.0,1.0,6.400000000000007e-08,3.729703386453141e-06,3.174728569555578e-05,0.0001816816238914274,0.0001232186977575633,0.00011979440105400099,1,1719
863,lm,183.274,4.3549615555349005e-10,1.4396506520025816e-10,1.3027011482449585e-10,1.6125996429984204e-10,1.0112288939736482e-15,1.0,1.0,1.0,1.0,6.400000000000007e-08,3.7034577407466106e-06,3.1701905574522894e-05,0.00018137984535352087,0.0001230415023987017,0.00011962754185043621,1,1721
864,lm,183.478,4.340411908396976e-10,1.4348168373088583e-10,1.2982025632304917e-10,1.6073827968828282e-10,9.710974798295702e-16,1.0,1.0,1.0,1.0,6.400000000000007e-08,3.677513868973416e-06,3.165674732696198e-05,0.00018107957974291845,0.00012286505187974987,0.00011946148834615674,1,1723
865,lm,183.682,4.325963365280288e-10,1.4300169546225556e-10,1.2937362337751558e-10,1.6022008535026555e-10,9.323379921200838e-16,1.0,1.0,1.0,1.0,6.400000000000007e-08,3.651868220347409e-06,3.1611810123833535e-05,0.0001807808213858144,0.00012268934611745617,0.0001192962366324981,1,1725
866,lm,183.886,4.311615020613843e-10,1.4252507121869616e-10,1.2893018755163915e-10,1.5970534837607191e-10,8.949149769866634e-16,1.0,1.0,1.0,1.0,6.400000000000007e-08,3.626517492615742e-06,3.1567093126292476e-05,0.00018048356450357816,0.00012251438490978726,0.00011913178277498588,1,1727
867,lm,184.091,4.29736597718685e-10,1.4205178203971682e-10,1.284899206246447e-10,1.5919403626417827e-10,8.587901451805768e-16,1.0,1.0,1.0,1.0,6.400000000000007e-08,3.601458405382529e-06,3.152259548345453e-05,0.00018018780325157024,0.0001223401680066082,0.00011896812283866905,1,1729
868,lm,184.295,4.283215345942066e-10,1.415817991849262e-10,1.2805279455862576e-10,1.5868611692192327e-10,8.239287313918002e-16,1.0,1.0,1.0,1.0,6.400000000000007e-08,3.5766871874992766e-06,3.147831633701869e-05,0.0001798935317075096,0.0001221666950673025,0.0001188052528864803,1,1731
869,lm,184.499,4.26916224575946e-10,1.4111509412355072e-10,1.2761878151673178e-10,1.5818155863995795e-10,7.902957056086232e-16,1.0,1.0,1.0,1.0,6.400000000000007e-08,3.5522008336721956e-06,3.1434254814082274e-05,0.00017960074387110325,0.0001219939656801108,0.00011864316897719874,1,1733
870,lm,184.703,4.255205803737117e-10,1.4065163853623198e-10,1.271878538724941e-10,1.5768033010851593e-10,7.578564696523219e-16,1.0,1.0,1.0,1.0,6.400000000000007e-08,3.527995577927575e-06,3.139041003305496e-05,0.00017930943367130452,0.0001218219793362501,0.00011848186715319275,1,1735
871,lm,184.908,4.24134515478957e-10,1.4019140431273586e-10,1.2675998420233474e-10,1.5718240038730616e-10,7.265765802514865e-16,1.0,1.0,1.0,1.0,6.400000000000007e-08,3.5040682968062795e-06,3.134678110191784e-05,0.00017901959497421919,0.0001216507354842372,0.00011832134347364726,1,1737
872,lm,185.112,4.227579441736454e-10,1.397343635680285e-10,1.2633514526130706e-10,1.566877389206678e-10,6.96423642052022e-16,1.0,1.0,1.0,1.0,6.400000000000007e-08,3.4804153037252015e-06,3.130336712263448e-05,0.000178731221563961,0.00012148023346559305,0.00011816159397120774,1,1739
873,lm,185.316,4.2139078152559556e-10,1.3928048861856626e-10,1.2591331002423876e-10,1.561963155180726e-10,6.673647179896744e-16,1.0,1.0,1.0,1.0,6.400000000000007e-08,3.4570333279900926e-06,3.12601671833723e-05,0.00017844430717062334,0.00012131047255801396,0.0001180026146889562,1,1741
874,lm,185.521,4.2003294338344644e-10,1.3882975199775277e-10,1.2549445165315315e-10,1.5570810036406104e-10,6.393684795074646e-16,1.0,1.0,1.0,1.0,6.400000000000007e-08,3.4339189744342148e-06,3.121718036359416e-05,0.00017815884545185507,0.00012114145197158891,0.00011784440166211323,1,1743
875,lm,185.725,4.186843463603143e-10,1.3838212645548813e-10,1.25078543507546e-10,1.5522306399377554e-10,6.124035046524331e-16,1.0,1.0,1.0,1.0,6.400000000000007e-08,3.4110685475441363e-06,3.1174405738875274e-05,0.00017787483002157034,0.00012097317082665742,0.00011768695092267908,1,1745
876,lm,185.929,4.173449078384833e-10,1.3793758493107855e-10,1.2466555916113786e-10,1.547411773069219e-10,5.864393450347694e-16,1.0,1.0,1.0,1.0,6.400000000000007e-08,3.388478985741748e-06,3.1131842370361606e-05,0.00017759225441365097,0.00012080562820356517,0.00011753025850692382,1,1747
877,lm,186.133,4.1601454595692366e-10,1.374961005832468e-10,1.242554723914851e-10,1.5426241153672187e-10,5.614454699160712e-16,1.0,1.0,1.0,1.0,6.400000000000007e-08,3.3661466684402637e-06,3.10894893162225e-05,0.0001773111121242165,0.00012063882308651457,0.00011737432044520996,1,1749
878,lm,186.338,4.1469317960498304e-10,1.3705764679292095e-10,1.2384825714921864e-10,1.5378673827034486e-10,5.373924985766115e-16,1.0,1.0,1.0,1.0,6.400000000000007e-08,3.3440680378105524e-06,3.10473456239109e-05,0.0001770313965884923,0.00012047275439241364,0.00011721913276929414,1,1751
879,lm,186.542,4.133807284218723e-10,1.3662219712635012e-10,1.2344388760321424e-10,1.533141294392409e-10,5.142530670673615e-16,1.0,1.0,1.0,1.0,6.400000000000007e-08,3.3222399384730026e-06,3.100541033478779e-05,0.0001767531011820451,0.0001203074209704336,0.00011706469150298339,1,1753
880,lm,186.746,4.1207711278682146e-10,1.3618972535801989e-10,1.2304233813218963e-10,1.528445572989674e-10,4.919976445535006e-16,1.0,1.0,1.0,1.0,6.400000000000007e-08,3.300658907816011e-06,3.0963682483398634e-05,0.0001764762192590171,0.00012014282161331158,0.00011691099268090574,1,1755
881,lm,186.950,4.107822538127758e-10,1.357602054773383e-10,1.226435832932762e-10,1.5237799444303702e-10,4.705991242365266e-16,1.0,1.0,1.0,1.0,6.400000000000007e-08,3.2793213409713494e-06,3.092216109832077e-05,0.00017620074410000617,0.00011997895504558616,0.00011675803233080048,1,1757
882,lm,187.154,4.094960733340637e-10,1.3533361167287362e-10,1.222475978502007e-10,1.5191441378054536e-10,4.500304440218423e-16,1.0,1.0,1.0,1.0,6.400000000000007e-08,3.2582242308287976e-06,3.088084519898379e-05,0.0001759266689474579,0.0001198158199173813,0.00011660580648879896,1,1759
883,lm,187.358,4.0821849392113436e-10,1.3490991833979845e-10,1.2185435677353594e-10,1.5145378854230258e-10,4.302654972785855e-16,1.0,1.0,1.0,1.0,6.400000000000007e-08,3.23736379364967e-06,3.083973380321245e-05,0.00017565398701092314,0.00011965341482114749,0.00011645431118247025,1,1761
884,lm,187.562,4.0694943885400574e-10,1.3448910009521458e-10,1.2146383521444291e-10,1.5099609226566752e-10,4.1127868072198965e-16,1.0,1.0,1.0,1.0,6.400000000000007e-08,3.2167370074784234e-06,3.0798825919079824e-05,0.00017538269145047673,0.000119491738268773,0.00011630354245057132,1,1763
885,lm,187.766,4.056888321310374e-10,1.3407113171360566e-10,1.2107600856066478e-10,1.5054129881251384e-10,3.93044253128907e-16,1.0,1.0,1.0,1.0,6.400000000000007e-08,3.19634029803504e-06,3.075812055199395e-05,0.00017511277539276578,0.00011933078875182054,0.00011615349632859823,1,1765
886,lm,187.971,4.044365984452867e-10,1.3365598821025403e-10,1.2069085234894516e-10,1.5008938234865786e-10,3.7553742968622254e-16,1.0,1.0,1.0,1.0,6.400000000000007e-08,3.176170412372725e-06,3.071761669779446e-05,0.00017484423191720642,0.00011917056467115094,0.00011600416885401878,1,1767
887,lm,188.175,4.031926632004022e-10,1.3324364479492063e-10,1.2030834234420506e-10,1.4964031732618995e-10,3.5873508665146313e-16,1.0,1.0,1.0,1.0,6.400000000000007e-08,3.1562241253791947e-06,3.067731335358909e-05,0.00017457705409973674,0.00011901106435667192,0.00011585555607242122,1,1769
888,lm,188.379,4.019569524861427e-10,1.3283407686000476e-10,1.1992845450752589e-10,1.4919407850566406e-10,3.4261294801937233e-16,1.0,1.0,1.0,1.0,6.400000000000007e-08,3.136497991941248e-06,3.063720950929094e-05,0.00017431123495274253,0.00011885228611741723,0.00011570765403382116,1,1771
889,lm,188.584,4.007293930843225e-10,1.3242726001470424e-10,1.1955116499114548e-10,1.4875064092986228e-10,3.271486104956926e-16,1.0,1.0,1.0,1.0,6.400000000000007e-08,3.1169887993191287e-06,3.0597304147599506e-05,0.0001740467674704807,0.00011869422817127177,0.00011556045878432005,1,1773
890,lm,188.788,3.9950991246426866e-10,1.3202317006716943e-10,1.1917645014924742e-10,1.4830997992852941e-10,3.123193224251538e-16,1.0,1.0,1.0,1.0,6.400000000000007e-08,3.097693413849089e-06,3.0557596252125946e-05,0.0001737836446219667,0.00011853688869912651,0.00011541396638140013,1,1775
891,lm,188.992,3.982984387619837e-10,1.3162178300288315e-10,1.1880428652410032e-10,1.4787207113197247e-10,2.981030277041772e-16,1.0,1.0,1.0,1.0,6.400000000000007e-08,3.078608454506534e-06,3.05180847989793e-05,0.00017352185934776221,0.00011838026582287423,0.00011526817287999145,1,1777
892,lm,189.196,3.9709490079446746e-10,1.3122307503975977e-10,1.1843465085087725e-10,1.4743689042487327e-10,2.844789571244832e-16,1.0,1.0,1.0,1.0,6.400000000000007e-08,3.0597308467773594e-06,3.047876876238306e-05,0.00017326140456981476,0.00011822435760952887,0.000115123074352527,1,1779
893,lm,189.401,3.9589922804462065e-10,1.3082702255446142e-10,1.1806752008107647e-10,1.4700441398313077e-10,2.7142595193727854e-16,1.0,1.0,1.0,1.0,6.400000000000007e-08,3.0410572739701262e-06,3.0439647113995935e-05,0.0001730022731776994,0.0001180691620898336,0.00011497866686774536,1,1781
894,lm,189.605,3.9471135065523984e-10,1.304336021483741e-10,1.1770287134453187e-10,1.465746182378461e-10,2.589244877215682e-16,1.0,1.0,1.0,1.0,6.400000000000007e-08,3.0225847677386144e-06,3.0400718822621686e-05,0.00017274445804886136,0.00011791467722987584,0.00011483494650360132,1,1783
895,lm,189.809,3.935311994274872e-10,1.3004279060534863e-10,1.1734068196450286e-10,1.4614747990364525e-10,2.4695399046879447e-16,1.0,1.0,1.0,1.0,6.400000000000007e-08,3.0043102357812182e-06,3.0361982854184906e-05,0.0001724879520473373,0.00011776090094629169,0.00011469190934824872,1,1785
896,lm,190.013,3.923587058015053e-10,1.2965456489617976e-10,1.169809294580781e-10,1.4572297595136225e-10,2.3549588512904496e-16,1.0,1.0,1.0,1.0,6.400000000000007e-08,2.9862303384970123e-06,3.0323438169749434e-05,0.00017223274800618369,0.00011760783109417749,0.00011454955148037134,1,1787
897,lm,190.218,3.911938018786618e-10,1.2926890220261464e-10,1.1662359154670193e-10,1.45301083598127e-10,2.245312181448148e-16,1.0,1.0,1.0,1.0,6.400000000000007e-08,2.9683423133026378e-06,3.02850837305499e-05,0.00017197883875070226,0.00011745546551787226,0.00011440786901025406,1,1789
898,lm,190.422,3.9003642038871854e-10,1.2888577988456126e-10,1.1626864612739892e-10,1.4488178033465772e-10,2.1404210068425355e-16,1.0,1.0,1.0,1.0,6.400000000000007e-08,2.950642814112116e-06,3.0246918497016798e-05,0.00017172621709537708,0.00011730380199209136,0.00011426685803958779,1,1791
899,lm,190.626,3.888864946998338e-10,1.2850517550239225e-10,1.1591607131130427e-10,1.4446504387574685e-10,2.04010390477346e-16,1.0,1.0,1.0,1.0,6.400000000000007e-08,2.9331290509192074e-06,3.0208941426779933e-05,0.00017147487584686651,0.00011715283824500256,0.00011412651468509412,1,1793
900,lm,190.830,3.877439588076588e-10,1.2812706679312414e-10,1.1556584537040059e-10,1.4405085222470853e-10,1.9441942554058224e-16,1.0,1.0,1.0,1.0,6.400000000000007e-08,2.915798186609556e-06,3.0171151473756294e-05,0.0001712248077970494,0.00011700257197365147,0.00011398683506552999,1,1795
901,lm,191.034,3.866087473325397e-10,1.2775143169378208e-10,1.1521794679575369e-10,1.4363918359049716e-10,1.8525250679292222e-16,1.0,1.0,1.0,1.0,6.400000000000007e-08,2.898647002933727e-06,3.0133547595021276e-05,0.00017097600572584914,0.00011685300082694214,0.00011384781531196483,1,1797
902,lm,191.239,3.854807955151737e-10,1.273782483343433e-10,1.1487235424557645e-10,1.4323001644184485e-10,1.7649340903759368e-16,1.0,1.0,1.0,1.0,6.400000000000007e-08,2.881672856175581e-06,3.0096128743452966e-05,0.00017072846241365387,0.00011670412240488791,0.00011370945156363542,1,1799
903,lm,191.443,3.8436003920158876e-10,1.270074950215658e-10,1.145290465867093e-10,1.4282332946707175e-10,1.6812624187442445e-16,1.0,1.0,1.0,1.0,6.400000000000007e-08,2.864872912763428e-06,3.0058893873090478e-05,0.0001704821706291975,0.00011655593428669606,0.00011357173997389093,1,1801
904,lm,191.647,3.83246414859171e-10,1.2663915025336912e-10,1.1418800285801858e-10,1.424191016120524e-10,1.6013573091457255e-16,1.0,1.0,1.0,1.0,6.400000000000007e-08,2.848244233395068e-06,3.0021841935222765e-05,0.00017023712314302345,0.00011640843400606327,0.00011343467670130393,1,1803
905,lm,191.851,3.8213985954577877e-10,1.262731927175753e-10,1.1384920228749486e-10,1.4201731203325017e-10,1.5250745844616943e-16,1.0,1.0,1.0,1.0,6.400000000000007e-08,2.8317840881311195e-06,2.998497188296679e-05,0.0001699933127173189,0.0001162616190517327,0.0001132982579123339,1,1805
906,lm,192.056,3.8104031092526407e-10,1.2590960128810205e-10,1.1351262429413386e-10,1.4161794011619897e-10,1.4522682916834899e-16,1.0,1.0,1.0,1.0,6.400000000000007e-08,2.8154897079649764e-06,2.9948282668979825e-05,0.00016975073211872896,0.00011611548688648333,0.00011316247978490663,1,1807
907,lm,192.260,3.799477072496105e-10,1.255483550193933e-10,1.1317824848090137e-10,1.4122096546926624e-10,1.382800496280067e-16,1.0,1.0,1.0,1.0,6.400000000000007e-08,2.7993583580140287e-06,2.991177324678918e-05,0.00016950937412593027,0.00011597003492333869,0.00011302733851611043,1,1809
908,lm,192.464,3.7886198736298543e-10,1.2518943314223103e-10,1.1284605463730707e-10,1.4082636792983597e-10,1.3165361138697768e-16,1.0,1.0,1.0,1.0,6.400000000000007e-08,2.783387357783199e-06,2.9875442567005627e-05,0.00016926923149862994,0.000115825260565486,0.00011289283029871755,1,1811
909,lm,192.668,3.777830906858161e-10,1.2483281508029765e-10,1.1251602273168037e-10,1.40434127539181e-10,1.2533465705132585e-16,1.0,1.0,1.0,1.0,6.400000000000007e-08,2.7675744310936235e-06,2.9839289585758073e-05,0.00016903029701689212,0.00011568116117722446,0.00011275895135529931,1,1813
910,lm,192.872,3.7671095722602425e-10,1.2447848043768713e-10,1.121881329218514e-10,1.400442245560451e-10,1.1931044065206733e-16,1.0,1.0,1.0,1.0,6.400000000000007e-08,2.75191648559021e-06,2.9803313255576168e-05,0.00016879256345071525,0.00011553773407943903,0.00011262569790202287,1,1815
911,lm,193.076,3.7564552755355743e-10,1.2412640898409808e-10,1.1186236553631243e-10,1.3965663946428442e-10,1.1356886247730075e-16,1.0,1.0,1.0,1.0,6.400000000000007e-08,2.7364114262037486e-06,2.976751252952581e-05,0.00016855602358285763,0.00011539497656201323,0.00011249306617480143,1,1817
912,lm,193.281,3.745867428092946e-10,1.23776580693303e-10,1.1153870109005509e-10,1.3927135292787277e-10,1.0809806366597224e-16,1.0,1.0,1.0,1.0,6.400000000000007e-08,2.7210564382803953e-06,2.973188636715533e-05,0.0001683206702092095,0.00011525288591648445,0.00011236105242882208,1,1819
913,lm,193.485,3.735345447062426e-10,1.234289756960899e-10,1.1121712028733649e-10,1.3888834583597028e-10,1.0288684598735454e-16,1.0,1.0,1.0,1.0,6.400000000000007e-08,2.7058491684464076e-06,2.9696433723553486e-05,0.00016808649612594668,0.00011511145935928812,0.00011222965291401854,1,1821
914,lm,193.690,3.724888755022938e-10,1.2308357431293014e-10,1.1089760400469788e-10,1.3850759926072463e-10,9.792394117922648e-17,1.0,1.0,1.0,1.0,6.400000000000007e-08,2.6907871646056245e-06,2.9661153558059246e-05,0.0001678534941402253,0.00011497069412125047,0.00011209886390893114,1,1823
915,lm,193.894,3.714496780122975e-10,1.2274035703702326e-10,1.1058013328072981e-10,1.3812909449553128e-10,9.319901315046376e-17,1.0,1.0,1.0,1.0,6.400000000000007e-08,2.6758682928475656e-06,2.9626044831798722e-05,0.00016762165707902768,0.00011483058738127635,0.00011196868170043484,1,1825
916,lm,194.098,3.704168956013822e-10,1.2239930452647425e-10,1.102646893524253e-10,1.3775281302075283e-10,8.870172980007282e-17,1.0,1.0,1.0,1.0,6.400000000000007e-08,2.6610898875464867e-06,2.959110650695181e-05,0.0001673909777744954,0.00011469113632016925,0.00011183910258686753,1,1827
917,lm,194.303,3.6939047218102767e-10,1.2206039763305213e-10,1.0995125362487368e-10,1.373787365009181e-10,8.442218373432309e-17,1.0,1.0,1.0,1.0,6.400000000000007e-08,2.6464497917611473e-06,2.955633754802398e-05,0.00016716144907342732,0.00011455233807616421,0.00011171012288034255,1,1829
918,lm,194.507,3.6837035219931314e-10,1.2172361736874293e-10,1.0963980767608224e-10,1.3700684680359922e-10,8.035088876930446e-17,1.0,1.0,1.0,1.0,6.400000000000007e-08,2.63194567354118e-06,2.9521736918369467e-05,0.0001669330638228307,0.00011441418975897125,0.00011158173890277847,1,1831
919,lm,194.711,3.673564806279506e-10,1.2138894491959146e-10,1.0933033325827323e-10,1.366371259713821e-10,7.647870377394809e-17,1.0,1.0,1.0,1.0,6.400000000000007e-08,2.617575563111291e-06,2.948730358803136e-05,0.00016670581490860792,0.00011427668847192441,0.00011145394700171362,1,1833
920,lm,194.915,3.6634880298480153e-10,1.2105636164523888e-10,1.0902281229882225e-10,1.362695562439933e-10,7.279674708783133e-17,1.0,1.0,1.0,1.0,6.400000000000007e-08,2.6033370074740795e-06,2.9453036529190626e-05,0.00016647969521287444,0.00011413983129639558,0.00011132674351975887,1,1835
921,lm,195.119,3.6534726529976524e-10,1.2072584906735735e-10,1.0871722690506326e-10,1.3590412003080016e-10,6.929654440577282e-17,1.0,1.0,1.0,1.0,6.400000000000007e-08,2.589227985926832e-06,2.9418934710322612e-05,0.000166254697640005,0.00011400361528389209,0.00011120012482681778,1,1837
922,lm,195.323,3.6435181412492755e-10,1.2039738888732004e-10,1.0841355933356659e-10,1.3554079993403555e-10,6.597000532781323e-17,1.0,1.0,1.0,1.0,6.400000000000007e-08,2.5752465622802773e-06,2.9384997112103166e-05,0.00016603081512587756,0.00011386803747377337,0.00011107408731088738,1,1839
923,lm,195.528,3.633623965302221e-10,1.2007096296544561e-10,1.0811179202503723e-10,1.3517957873068862e-10,6.280905058799338e-17,1.0,1.0,1.0,1.0,6.400000000000007e-08,2.561390417128195e-06,2.935122271003867e-05,0.00016580804060564516,0.00011373309490762045,0.00011094862736067483,1,1841
924,lm,195.732,3.623789600969144e-10,1.197465533350665e-10,1.0781190759290599e-10,1.3482043936269461e-10,5.980624730726715e-17,1.0,1.0,1.0,1.0,6.400000000000007e-08,2.5476576372621954e-06,2.93176104862428e-05,0.00016558636704235174,0.00011359878457614076,0.00011082374139724177,1,1843
925,lm,195.936,3.614014529130674e-10,1.1942414219162483e-10,1.0751388880369382e-10,1.3446336496334082e-10,5.695440788057656e-17,1.0,1.0,1.0,1.0,6.400000000000007e-08,2.534046316568032e-06,2.928415942610095e-05,0.0001653657874253845,0.00011346510346731887,0.00011069942583789983,1,1845
926,lm,196.140,3.604298235552379e-10,1.1910371189940745e-10,1.0721771859471867e-10,1.3410833881480746e-10,5.424630430763586e-17,1.0,1.0,1.0,1.0,6.400000000000007e-08,2.5205544521405664e-06,2.9250868515449395e-05,0.0001651462947540547,0.00011333204856943448,0.00011057567712755367,1,1847
927,lm,196.345,3.5946402111377945e-10,1.1878524498010307e-10,1.0692338008560455e-10,1.337553443726636e-10,5.167540821211038e-17,1.0,1.0,1.0,1.0,6.400000000000007e-08,2.507180120483509e-06,2.921773674591516e-05,0.000164927882060639,0.00011319961683699276,0.00011045249172224054,1,1849
928,lm,196.549,3.58503995160444e-10,1.1846872412613467e-10,1.0663085652284333e-10,1.3340436527613308e-10,4.923533290262646e-17,1.0,1.0,1.0,1.0,6.400000000000007e-08,2.4939216640856263e-06,2.918476311187305e-05,0.000164710542391842,0.0001130678052216734,0.00011032986609579675,1,1851
929,lm,196.753,3.5754969576435196e-10,1.1815413217444643e-10,1.0634013135902572e-10,1.3305538531095763e-10,4.691992212286646e-17,1.0,1.0,1.0,1.0,6.400000000000007e-08,2.480777039910977e-06,2.9151946611248994e-05,0.00016449426882672068,0.00011293661067358752,0.0001102077967352709,1,1853
930,lm,196.957,3.566010734695783e-10,1.178414521444255e-10,1.0605118817468171e-10,1.3270838842750635e-10,4.472296482430206e-17,1.0,1.0,1.0,1.0,6.400000000000007e-08,2.467744700056829e-06,2.9119286241948794e-05,0.00016427905445265276,0.00011280603010080075,0.00011008628013939754,1,1855
931,lm,197.161,3.5565807929868114e-10,1.1753066719714998e-10,1.0576401072557632e-10,1.3236335873686633e-10,4.2639088527261776e-17,1.0,1.0,1.0,1.0,6.400000000000007e-08,2.4548226851437383e-06,2.9086781013157368e-05,0.0001640648924038307,0.0001126760604345578,0.00010996531283202411,1,1857
932,lm,197.366,3.547206647554595e-10,1.1722176065747856e-10,1.0547858292419486e-10,1.320202805110042e-10,4.066278186551037e-17,1.0,1.0,1.0,1.0,6.400000000000007e-08,2.44200939245584e-06,2.9054429929205284e-05,0.0001638517758179627,0.00011254669857151722,0.0001098448913468541,1,1859
933,lm,197.570,3.5378878180995795e-10,1.169147160044181e-10,1.0519488885185075e-10,1.3167913816482862e-10,3.878886052065322e-17,1.0,1.0,1.0,1.0,6.400000000000007e-08,2.4293031019480407e-06,2.9022232004410062e-05,0.0001636396978742744,0.00011241794143561824,0.00010972501223807208,1,1861
934,lm,197.774,3.528623828878543e-10,1.1660951687682414e-10,1.0491291272101077e-10,1.3133991627777336e-10,3.701224596232016e-17,1.0,1.0,1.0,1.0,6.400000000000007e-08,2.4167022037585685e-06,2.8990186255403423e-05,0.00016342865177692046,0.00011228978589021617,0.00010960567207081674,1,1863
935,lm,197.978,3.5194142090044916e-10,1.1630614706942035e-10,1.0463263892987139e-10,1.3100259957285876e-10,3.532829867347503e-17,1.0,1.0,1.0,1.0,6.400000000000007e-08,2.404205145538258e-06,2.8958291700783763e-05,0.00016321863075484475,0.00011216222882994059,0.00010948686742920933,1,1865
936,lm,198.182,3.510258491938727e-10,1.1600459052270586e-10,1.0435405200770344e-10,1.306671729309352e-10,3.373252821009649e-17,1.0,1.0,1.0,1.0,6.400000000000007e-08,2.3918103351594646e-06,2.892654736611692e-05,0.00016300962806176653,0.00011203526712866787,0.00010936859491330147,1,1867
937,lm,198.386,3.501156215772482e-10,1.1570483133122513e-10,1.040771366462575e-10,1.30333621379424e-10,3.2220341568980397e-17,1.0,1.0,1.0,1.0,6.400000000000007e-08,2.3795164558578783e-06,2.8894952279647618e-05,0.00016280163698349494,0.00011190889766692182,0.00010925085114273077,1,1869
938,lm,198.591,3.4921069230486655e-10,1.1540685373944061e-10,1.0380187770041987e-10,1.300019300772045e-10,3.078780159272472e-17,1.0,1.0,1.0,1.0,6.400000000000007e-08,2.367321510269195e-06,2.8863505472743382e-05,0.00016259465083327444,0.00011178311730910508,0.00010913363274891126,1,1871
939,lm,198.795,3.4831101608124157e-10,1.1511064215604479e-10,1.0352826015741403e-10,1.2967208433693855e-10,2.943084420738186e-17,1.0,1.0,1.0,1.0,6.400000000000007e-08,2.3552244884388743e-06,2.8832205983898664e-05,0.00016238866295585958,0.00011165792291932167,0.00010901693638440772,1,1873
940,lm,198.999,3.474165480441539e-10,1.1481618111694313e-10,1.0325626916404925e-10,1.293440696173913e-10,2.814577021308481e-17,1.0,1.0,1.0,1.0,6.400000000000007e-08,2.3432238707427804e-06,2.880105285360349e-05,0.0001621836667317001,0.00011153331134685865,0.00010890075871655222,1,1875
941,lm,199.203,3.4652724377467955e-10,1.145234553131481e-10,1.0298589002386195e-10,1.2901787150886895e-10,2.6928800523571193e-17,1.0,1.0,1.0,1.0,6.400000000000007e-08,2.331318105300653e-06,2.87700451267974e-05,0.00016197965555427477,0.00011140927946352191,0.00010878509642960762,1,1877
942,lm,199.407,3.456430592756117e-10,1.142324495963185e-10,1.02717108163612e-10,1.2869347573900023e-10,2.577668095750697e-17,1.0,1.0,1.0,1.0,6.400000000000007e-08,2.319505967141695e-06,2.8739181856142304e-05,0.00016177662287161285,0.00011128582412098554,0.00010866994622986932,1,1879
943,lm,199.611,3.447639509889172e-10,1.1394314893637665e-10,1.0244990918568263e-10,1.2837086818082859e-10,2.4686029328274647e-17,1.0,1.0,1.0,1.0,6.400000000000007e-08,2.3077860913380896e-06,2.8708462093584304e-05,0.0001615745621341764,0.00011116294216452227,0.00010855530482922178,1,1881
944,lm,199.816,3.438898757745641e-10,1.136555384699147e-10,1.0218427881874905e-10,1.2805003483218383e-10,2.3653716538864614e-17,1.0,1.0,1.0,1.0,6.400000000000007e-08,2.2961571357423636e-06,2.867788489959384e-05,0.0001613734668516044,0.00011104063045354383,0.00010844116897053503,1,1883
945,lm,200.020,3.4302079090806143e-10,1.1336960346756015e-10,1.0192020293105569e-10,1.2773096183271726e-10,2.2676728391144028e-17,1.0,1.0,1.0,1.0,6.400000000000007e-08,2.284618063775395e-06,2.8647449338720317e-05,0.0001611733305526901,0.00011091888583738576,0.00010832753540359881,1,1885
946,lm,200.224,3.421566540978643e-10,1.1308532934167188e-10,1.0165766756068187e-10,1.2741363544318356e-10,2.1752327012551497e-17,1.0,1.0,1.0,1.0,6.400000000000007e-08,2.2731671477832887e-06,2.8617154479219005e-05,0.00016097414679597295,0.00011079770517282293,0.00010821440090307195,1,1887
947,lm,200.428,3.4129742344506563e-10,1.1280270164339239e-10,1.0139665885578362e-10,1.2709804206815663e-10,2.0877732979446758e-17,1.0,1.0,1.0,1.0,6.400000000000007e-08,2.2618036060538737e-06,2.858699939484043e-05,0.0001607759091830384,0.00011067708530800423,0.00010810176225442324,1,1889
948,lm,200.633,3.4044305746797393e-10,1.125217060702403e-10,1.0113716312616048e-10,1.2678416822108362e-10,2.0050489545916414e-17,1.0,1.0,1.0,1.0,6.400000000000007e-08,2.250526165614224e-06,2.855698316257693e-05,0.0001605786113349137,0.00011055702310969317,0.00010798961626595355,1,1891
949,lm,200.837,3.395935150800571e-10,1.1224232844694541e-10,1.0087916681263282e-10,1.2647200055253126e-10,1.9267947585669995e-17,1.0,1.0,1.0,1.0,6.400000000000007e-08,2.239333611469144e-06,2.8527104866071034e-05,0.00016038224691977378,0.00011043751541413981,0.00010787795975966738,1,1893
950,lm,201.041,3.3874875561406443e-10,1.119645547498957e-10,1.006226564929641e-10,1.261615258432365e-10,1.8527968142907098e-17,1.0,1.0,1.0,1.0,6.400000000000007e-08,2.228224718436079e-06,2.8497363593658096e-05,0.00016018680962736706,0.00011031855910211668,0.0001077667895755595,1,1895
951,lm,201.245,3.379087387820927e-10,1.1168837107558128e-10,1.0036761888846877e-10,1.2585273098980884e-10,1.7828233782048148e-17,1.0,1.0,1.0,1.0,6.400000000000007e-08,2.2171983365836667e-06,2.8467758436509485e-05,0.00015999229318894753,0.00011020015101353698,0.0001076561025733051,1,1897
952,lm,201.449,3.3707342469543304e-10,1.1141376366844049e-10,1.0011404084699723e-10,1.255456030131968e-10,1.7166798544636285e-17,1.0,1.0,1.0,1.0,6.400000000000007e-08,2.2062536371124654e-06,2.843828849579949e-05,0.0001597986913691502,0.00011008228803064395,0.00010754589563266034,1,1899
953,lm,201.653,3.362427738541486e-10,1.1114071889961711e-10,9.986190936061518e-11,1.252401290523809e-10,1.654153541649331e-17,1.0,1.0,1.0,1.0,6.400000000000007e-08,2.1953894261010736e-06,2.8408952872116687e-05,0.00015960599796979686,0.00010996496701634346,0.00010743616564625,1,1901
954,lm,201.858,3.354167471387111e-10,1.108692232757642e-10,9.9611211543406e-11,1.2493629636895395e-10,1.5950586966946877e-17,1.0,1.0,1.0,1.0,6.400000000000007e-08,2.184604686968814e-06,2.8379750672329138e-05,0.00015941420681199022,0.00010984818485519464,0.00010732690952501438,1,1903
955,lm,202.062,3.3459530581641913e-10,1.1059926343062995e-10,9.936193464879955e-11,1.246340923447701e-10,1.5392219532801132e-17,1.0,1.0,1.0,1.0,6.400000000000007e-08,2.1738983176873158e-06,2.8350681010063853e-05,0.0001592233117684702,0.00010973193840835353,0.00010721812419865501,1,1905
956,lm,202.266,3.3377841152688686e-10,1.1033082612478164e-10,9.911406606875545e-11,1.243335044686962e-10,1.4864653579784983e-17,1.0,1.0,1.0,1.0,6.400000000000007e-08,2.1632695239417822e-06,2.832174300271229e-05,0.00015903330673810943,0.00010961622457065325,0.00010710980661529488,1,1907
957,lm,202.470,3.3296602628627083e-10,1.1006389826638449e-10,9.886759330767494e-11,1.2403452034587198e-10,1.4366339508798648e-17,1.0,1.0,1.0,1.0,6.400000000000007e-08,2.152717114636591e-06,2.8292935772163905e-05,0.00015884418565957045,0.00010950104023080733,0.00010700195373876512,1,1909
958,lm,202.674,3.3215811248236393e-10,1.0979846687039582e-10,9.862250400987872e-11,1.237371277064157e-10,1.3895673638420066e-17,1.0,1.0,1.0,1.0,6.400000000000007e-08,2.1422403128416307e-06,2.8264258448198084e-05,0.00015865594251334125,0.00010938638229319532,0.00010689456255890331,1,1911
959,lm,202.878,3.313546328670747e-10,1.0953451909131941e-10,9.837878594504672e-11,1.2344131437941178e-10,1.3451296769032822e-17,1.0,1.0,1.0,1.0,6.400000000000007e-08,2.1318380984415168e-06,2.823571016223022e-05,0.00015846857129228888,0.00010927224764756113,0.000106787630068193,1,1913
960,lm,203.082,3.3055555055971804e-10,1.0927204220795735e-10,9.813642701044163e-11,1.2314706830950531e-10,1.3031813722995719e-17,1.0,1.0,1.0,1.0,6.400000000000007e-08,2.1215096025205583e-06,2.8207290053556283e-05,0.00015828206604816112,0.00010915863321380341,0.00010668115329214324,1,1915
961,lm,203.287,3.297608290333859e-10,1.0901102361183883e-10,9.789541522526086e-11,1.2285437756036728e-10,1.2635918901770418e-17,1.0,1.0,1.0,1.0,6.400000000000007e-08,2.1112539234845395e-06,2.8178997266397345e-05,0.00015809642087188675,0.0001090455359080995,0.00010657512926889756,1,1917
962,lm,203.491,3.289704321134139e-10,1.0875145083223451e-10,9.765573873639393e-11,1.2256323028243198e-10,1.2262353463790808e-17,1.0,1.0,1.0,1.0,6.400000000000007e-08,2.101070314085836e-06,2.815083094624864e-05,0.0001579116298552726,0.00010893295264839125,0.00010646955504868137,1,1919
963,lm,203.695,3.281843239885064e-10,1.0849331151785972e-10,9.741738581266457e-11,1.2227361474796966e-10,1.1910012395151988e-17,1.0,1.0,1.0,1.0,6.400000000000007e-08,2.0909576915982313e-06,2.8122790248788614e-05,0.00015772768716437274,0.00010882088037869881,0.000106364427705204,1,1921
964,lm,203.899,3.274024691897893e-10,1.0823659343639994e-10,9.718034483454026e-11,1.2198551934107605e-10,1.1577773070920025e-17,1.0,1.0,1.0,1.0,6.400000000000007e-08,2.0809153860593338e-06,2.8094874331077295e-05,0.00015754458697520238,0.00010870931602616602,0.00010625974432775769,1,1923
965,lm,204.104,3.266248325969281e-10,1.0798128447154602e-10,9.694460431821382e-11,1.2169893254262793e-10,1.1264540348400751e-17,1.0,1.0,1.0,1.0,6.400000000000007e-08,2.0709426725037057e-06,2.8067082358915197e-05,0.00015736232352082556,0.0001085982565554985,0.00010615550202773884,1,1925
966,lm,204.308,3.2585137942597973e-10,1.0772737263125203e-10,9.671015289451543e-11,1.2141384293079773e-10,1.0969414577116509e-17,1.0,1.0,1.0,1.0,6.400000000000007e-08,2.061038530365326e-06,2.8039413500329646e-05,0.00015718089105111653,0.00010848769891857303,0.00010605169793212181,1,1927
967,lm,204.512,3.25082075233825e-10,1.0747484604570725e-10,9.647697930314973e-11,1.211302391935856e-10,1.0691382415306271e-17,1.0,1.0,1.0,1.0,6.400000000000007e-08,2.0512023221642313e-06,2.8011866929297037e-05,0.0001570002838676771,0.00010837764008386568,0.00010594832917901943,1,1929
968,lm,204.716,3.243168859183823e-10,1.072236929504238e-10,9.624507241583892e-11,1.2084811012246544e-10,1.0429654149365984e-17,1.0,1.0,1.0,1.0,6.400000000000007e-08,2.0414332740042117e-06,2.7984441825800584e-05,0.00015682049629304624,0.0001082680770244819,0.00010584539293531407,1,1931
969,lm,204.920,3.235557777002946e-10,1.0697390170187912e-10,9.601442120986735e-11,1.205674446052033e-10,1.0183344883974327e-17,1.0,1.0,1.0,1.0,6.400000000000007e-08,2.031730641789172e-06,2.7957137374620536e-05,0.00015664152270660828,0.00010815900674834169,0.0001057428863812567,1,1933
970,lm,205.125,3.2279871713164023e-10,1.06725460773125e-10,9.578501477668862e-11,1.202882316302386e-10,9.951587930896637e-18,1.0,1.0,1.0,1.0,6.400000000000007e-08,2.022093700174311e-06,2.7929952763605373e-05,0.00015646335749874518,0.00010805042623681496,0.00010564080671123733,1,1935
971,lm,205.329,3.2204567109761965e-10,1.0647835875664129e-10,9.555684232815973e-11,1.200104602790214e-10,9.733797256791095e-18,1.0,1.0,1.0,1.0,6.400000000000007e-08,2.012521775985785e-06,2.7902887191012768e-05,0.00015628599512017546,0.00010794233251074499,0.00010553915114473753,1,1937
972,lm,205.533,3.2129660679644867e-10,1.0623258434567242e-10,9.532989319036903e-11,1.1973411973125363e-10,9.529153614616908e-18,1.0,1.0,1.0,1.0,6.400000000000007e-08,2.0030141028644253e-06,2.787593985528466e-05,0.00015610943004226735,0.00010783472258113686,0.00010543791691125801,1,1939
973,lm,205.738,3.205514917430783e-10,1.0598812635221012e-10,9.510415678796861e-11,1.1945919926584724e-10,9.337052342044176e-18,1.0,1.0,1.0,1.0,6.400000000000007e-08,1.993569992503035e-06,2.784910996067812e-05,0.00015593365677346566,0.00010772759348272596,0.0001053371012595184,1,1941
974,lm,205.942,3.1981029377398973e-10,1.0574497368844231e-10,9.48796226700948e-11,1.1918568825864865e-10,9.156803937051684e-18,1.0,1.0,1.0,1.0,6.400000000000007e-08,1.984188841127183e-06,2.782239671877194e-05,0.00015575866986741,0.00010762094225743323,0.00010523670146278594,1,1943
975,lm,206.146,3.190729810386429e-10,1.0550311539301435e-10,9.465628048932992e-11,1.189135761684748e-10,8.987823798292909e-18,1.0,1.0,1.0,1.0,6.400000000000007e-08,1.974869871178839e-06,2.779579934606215e-05,0.00015558446390815254,0.00010751476596114522,0.00010513671480446942,1,1945
976,lm,206.350,3.1833952199680727e-10,1.0526254060746447e-10,9.443411999845119e-11,1.186428525612913e-10,8.829600394314451e-18,1.0,1.0,1.0,1.0,6.400000000000007e-08,1.9656126669243652e-06,2.776931706209e-05,0.00015541103351291778,0.00010740906166131062,0.00010503713859066748,1,1947
977,lm,206.554,3.1760988540287677e-10,1.0502323856268642e-10,9.421313107341233e-11,1.1837350708518434e-10,8.681593693806371e-18,1.0,1.0,1.0,1.0,6.400000000000007e-08,1.9564164440974274e-06,2.7742949092787895e-05,0.00015523837334570947,0.00010730382642164828,0.00010493797013851744,1,1949
978,lm,206.759,3.1688404032996343e-10,1.0478519862421571e-10,9.399330368763173e-11,1.1810552947486941e-10,8.543246537177614e-18,1.0,1.0,1.0,1.0,6.400000000000007e-08,1.9472805157019584e-06,2.7716694670018625e-05,0.0001550664780939296,0.00010719905735254002,0.00010483920679283728,1,1951
979,lm,206.963,3.1616195613682057e-10,1.0454841024398914e-10,9.377462791552269e-11,1.1783890956320152e-10,8.414107230173213e-18,1.0,1.0,1.0,1.0,6.400000000000007e-08,1.938204372368833e-06,2.7690553030344895e-05,0.00015489534248974495,0.00010709475154813338,0.00010474084590376257,1,1953
980,lm,207.167,3.154436024910237e-10,1.0431286297335477e-10,9.355709394390649e-11,1.175736372800528e-10,8.29370969099644e-18,1.0,1.0,1.0,1.0,6.400000000000007e-08,1.9291874591021497e-06,2.7664523413400995e-05,0.00015472496129416508,0.00010699090611017661,0.00010464288484699829,1,1955
981,lm,207.371,3.147289493459767e-10,1.04078546486868e-10,9.334069205642254e-11,1.1730970262104217e-10,8.18164393253795e-18,1.0,1.0,1.0,1.0,6.400000000000007e-08,1.920229025878457e-06,2.7638605067181385e-05,0.00015455532931189263,0.0001068875181828649,0.00010454532101772237,1,1957
982,lm,207.575,3.140179669479945e-10,1.0384545055270737e-10,9.312541263768005e-11,1.1704709568008294e-10,8.077524147063457e-18,1.0,1.0,1.0,1.0,6.400000000000007e-08,1.9113286597872774e-06,2.7612797243227204e-05,0.00015438644137434154,0.00010678458489451306,0.00010444815181808732,1,1959
983,lm,207.779,3.1331062583289485e-10,1.0361356503235166e-10,9.291124617911379e-11,1.167858066405077e-10,7.98092176073702e-18,1.0,1.0,1.0,1.0,6.400000000000007e-08,1.9024857753003388e-06,2.7587099197706234e-05,0.00015421829236103932,0.00010668210340186096,0.0001043513746755325,1,1961
984,lm,207.984,3.1260689682410897e-10,1.0338287989358499e-10,9.2698183273386e-11,1.1652582576564538e-10,7.891492645167139e-18,1.0,1.0,1.0,1.0,6.400000000000007e-08,1.893699646033911e-06,2.756151019206038e-05,0.00015405087717487427,0.00010658007087048438,0.00010425498703474393,1,1963
985,lm,208.188,3.119067510218284e-10,1.0315338519928811e-10,9.24862146026235e-11,1.1626714341100238e-10,7.808914433051235e-18,1.0,1.0,1.0,1.0,6.400000000000007e-08,1.8849700698466246e-06,2.753602949350261e-05,0.00015388419075751535,0.00010647848447860805,0.00010415898635622054,1,1965
986,lm,208.392,3.112101598047112e-10,1.0292507112710489e-10,9.227533094496704e-11,1.1600974999982807e-10,7.732811186689096e-18,1.0,1.0,1.0,1.0,6.400000000000007e-08,1.8762961883774443e-06,2.751065637337336e-05,0.00015371822809856505,0.00010637734142070376,0.00010406337011479653,1,1967
987,lm,208.596,3.105170948344664e-10,1.0269792793351952e-10,9.206552318772557e-11,1.1575363605032817e-10,7.662893131525662e-18,1.0,1.0,1.0,1.0,6.400000000000007e-08,1.8676775923060226e-06,2.7485390108710294e-05,0.00015355298420080253,0.0001062766389089231,0.00010396813580723177,1,1969
988,lm,208.800,3.0982752803750594e-10,1.0247194597909514e-10,9.185678230306186e-11,1.1549879215646451e-10,7.598884382433726e-18,1.0,1.0,1.0,1.0,6.400000000000007e-08,1.8591138553220083e-06,2.746022998190443e-05,0.00015338845411882923,0.00010617637414590788,0.0001038732809437368,1,1971
989,lm,209.005,3.0914143161736934e-10,1.0224711571233596e-10,9.164909936813676e-11,1.1524520899641116e-10,7.540485481042388e-18,1.0,1.0,1.0,1.0,6.400000000000007e-08,1.850604298637859e-06,2.743517527742596e-05,0.0001532246329332985,0.0001060765443784608,0.00010377880305113168,1,1973
990,lm,209.209,3.084587780437403e-10,1.0202342768408676e-10,9.144246554568546e-11,1.149928773265171e-10,7.487451032621405e-18,1.0,1.0,1.0,1.0,6.400000000000007e-08,1.8421485074146595e-06,2.7410225289237657e-05,0.0001530615157743725,0.00010597714685353982,0.00010368469967922098,1,1975
991,lm,209.413,3.0777954005140314e-10,1.0180087253146164e-10,9.123687209329449e-11,1.147417879871809e-10,7.439466144530216e-18,1.0,1.0,1.0,1.0,6.400000000000007e-08,1.8337461241471552e-06,2.7385379313053243e-05,0.0001528990977851772,0.00010587817882174348,0.00010359096838502269,1,1977
992,lm,209.617,3.0710369063720075e-10,1.015794409950591e-10,9.103231035678702e-11,1.1449193188900191e-10,7.396352749239769e-18,1.0,1.0,1.0,1.0,6.400000000000007e-08,1.8253964395858067e-06,2.7360636649600872e-05,0.00015273737415383545,0.00010577963756526122,0.0001034976067495986,1,1979
993,lm,209.821,3.0643120306082104e-10,1.0135912390052901e-10,9.082877177596684e-11,1.1424330002648892e-10,7.357836263792819e-18,1.0,1.0,1.0,1.0,6.400000000000007e-08,1.8170990697787422e-06,2.7335996607729388e-05,0.0001525763401167726,0.00010568152037920112,0.00010340461237167956,1,1981
994,lm,210.025,3.057620508315726e-10,1.0113991216878659e-10,9.062624788068546e-11,1.139958834583579e-10,7.323742672349553e-18,1.0,1.0,1.0,1.0,6.400000000000007e-08,1.8088536367240947e-06,2.7311458496503022e-05,0.00015241599092535253,0.00010558382455613509,0.00010331198285850024,1,1983
995,lm,210.229,3.050962077206484e-10,1.0092179679219933e-10,9.042473029314782e-11,1.1374967334145954e-10,7.293841676672149e-18,1.0,1.0,1.0,1.0,6.400000000000007e-08,1.8006595599140283e-06,2.7287021631821078e-05,0.00015225632187222904,0.00010548654741804941,0.00010321971584121268,1,1985
996,lm,210.434,3.044336477497734e-10,1.0070476887266377e-10,9.022421071861621e-11,1.1350466089061734e-10,7.267876044739538e-18,1.0,1.0,1.0,1.0,6.400000000000007e-08,1.7925164270295858e-06,2.7262685335919272e-05,0.00015209732827811833,0.00010538968629785865,0.00010312780896562892,1,1987
997,lm,210.638,3.0377434518864965e-10,1.0048881959405986e-10,9.002468094665325e-11,1.1326083740221381e-10,7.245722752336365e-18,1.0,1.0,1.0,1.0,6.400000000000007e-08,1.784423744563761e-06,2.7238448934415917e-05,0.0001519390055124384,0.00010529323854567889,0.00010303625989340772,1,1989
998,lm,210.842,3.031182745495253e-10,1.0027394022376264e-10,8.982613285351451e-11,1.1301819424506432e-10,7.227183881187067e-18,1.0,1.0,1.0,1.0,6.400000000000007e-08,1.7763812341090997e-06,2.7214311756519313e-05,0.0001517813489658172,0.00010519720151720019,0.00010294506630253902,1,1991
999,lm,211.046,3.024654105972787e-10,1.0006012212793738e-10,8.962855840671623e-11,1.1277672285055054e-10,7.21207446898757e-18,1.0,1.0,1.0,1.0,6.400000000000007e-08,1.7683882316796172e-06,2.7190273138693784e-05,0.0001516243540689217,0.0001051015725899048,0.00010285422588600858,1,1993
1000,lm,211.250,3.0181572833510267e-10,9.984735673928016e-11,8.943194965776821e-11,1.1253641473787272e-10,7.200181589564804e-18,1.0,1.0,1.0,1.0,6.400000000000007e-08,1.7604445807215544e-06,2.7166332421701775e-05,0.00015146801628547626,0.00010500634915486545,0.00010276373635780862,1,1995
1001,lm,211.456,3.0116920299647527e-10,9.963563558688415e-11,8.923629873131995e-11,1.1229726148683113e-10,7.19144005228766e-18,1.0,1.0,1.0,1.0,6.400000000000007e-08,1.752549528903209e-06,2.7142488948035247e-05,0.000151312331108891,0.00010491152861416867,0.00010267359544297136,1,1997
1002,lm,211.660,3.005258100660857e-10,9.94249502771417e-11,8.904159783924253e-11,1.1205925476409303e-10,7.185608436220796e-18,1.0,1.0,1.0,1.0,6.400000000000007e-08,1.7447029872154362e-06,2.7118742068492216e-05,0.00015115729406823183,0.0001048171083890833,0.00010258380088656703,1,1999
1003,lm,211.864,2.998855252522472e-10,9.921529250304357e-11,8.884783928196148e-11,1.1182238628469061e-10,7.182551498156946e-18,1.0,1.0,1.0,1.0,6.400000000000007e-08,1.7369043697874953e-06,2.7095091136166082e-05,0.00015100290071825613,0.00010472308591827631,0.00010249435044324815,1,2001
1004,lm,212.069,2.992483244992883e-10,9.90066540404065e-11,8.865501543206401e-11,1.1158664784464799e-10,7.18216984740736e-18,1.0,1.0,1.0,1.0,6.400000000000007e-08,1.7291532403572085e-06,2.7071535510423652e-05,0.00015084914666369813,0.00010462945864044035,0.00010240524189140001,1,2003
1005,lm,212.273,2.986141839772605e-10,9.879902673879073e-11,8.846311874108404e-11,1.1135203131312276e-10,7.184262949839916e-18,1.0,1.0,1.0,1.0,6.400000000000007e-08,1.7214493546025924e-06,2.704807455457332e-05,0.00015069602752585344,0.00010453622402573598,0.00010231647302078992,1,2005
1006,lm,212.477,2.979830800939057e-10,9.859240254013381e-11,8.827214175065879e-11,1.1111852861439699e-10,7.188716119985624e-18,1.0,1.0,1.0,1.0,6.400000000000007e-08,1.7137922097510616e-06,2.7024707636255332e-05,0.00015054353897072604,0.00010444337955506417,0.00010222804163873188,1,2007
1007,lm,212.681,2.973549894662586e-10,9.838677345110343e-11,8.808207706637036e-11,1.1088613175336445e-10,7.19542036279995e-18,1.0,1.0,1.0,1.0,6.400000000000007e-08,1.7061814341754248e-06,2.700143412745029e-05,0.00015039167668506144,0.00010435092271503832,0.0001021399455673117,1,2009
1008,lm,212.885,2.9672988894442473e-10,9.818213156940209e-11,8.789291737525223e-11,1.1065483279553992e-10,7.204230481516014e-18,1.0,1.0,1.0,1.0,6.400000000000007e-08,1.6986166240458544e-06,2.6978253405667108e-05,0.00015024043639282324,0.00010425885101729987,0.00010205218264417004,1,2011
1009,lm,213.089,2.9610775559246207e-10,9.79784690659568e-11,8.770465544343033e-11,1.1042462386803843e-10,7.215036464635127e-18,1.0,1.0,1.0,1.0,6.400000000000007e-08,1.6910974777112324e-06,2.6955164851276366e-05,0.0001500898138525941,0.00010416716198693577,0.00010196475071943798,1,2013
1010,lm,213.294,2.954885666919058e-10,9.777577818807875e-11,8.751728410822055e-11,1.1019549716791063e-10,7.22769589098582e-18,1.0,1.0,1.0,1.0,6.400000000000007e-08,1.6836236401469234e-06,2.6932167850492883e-05,0.00014993980485138864,0.0001040758531557248,0.00010187764766502296,1,2015
1011,lm,213.498,2.94872299744148e-10,9.75740512556499e-11,8.733079628626745e-11,1.0996744496011043e-10,7.242120231682398e-18,1.0,1.0,1.0,1.0,6.400000000000007e-08,1.6761946857268773e-06,2.6909261793781e-05,0.00014979040520924784,0.00010398492208648074,0.00010179087136606574,1,2017
1012,lm,213.702,2.9425893246637053e-10,9.73732806720887e-11,8.714518496631628e-11,1.0974045956977011e-10,7.258195443081703e-18,1.0,1.0,1.0,1.0,6.400000000000007e-08,1.6688101916838682e-06,2.688644607490996e-05,0.00014964161077447247,0.0001038943663301051,0.00010170441972082668,1,2019
1013,lm,213.906,2.9364844277424636e-10,9.717345890586325e-11,8.696044320080279e-11,1.095145333917643e-10,7.275816004516205e-18,1.0,1.0,1.0,1.0,6.400000000000007e-08,1.6614699002940868e-06,2.6863720094859934e-05,0.00014949341743383633,0.000103804183483735,0.00010161829064501773,1,2021
1014,lm,214.110,2.9304080880744517e-10,9.697457850220846e-11,8.677656413649624e-11,1.0928965887388358e-10,7.29485685573109e-18,1.0,1.0,1.0,1.0,6.400000000000007e-08,1.6541733867081075e-06,2.6841083255213625e-05,0.00014934582110159777,0.00010371437114056714,0.00010153248206807822,1,2023
1015,lm,214.315,2.9243600890317193e-10,9.677663208924008e-11,8.659354096511669e-11,1.0906582853355371e-10,7.315261477414557e-18,1.0,1.0,1.0,1.0,6.400000000000007e-08,1.6469204591880274e-06,2.6818534965118075e-05,0.0001491988177219917,0.0001036249269111668,0.00010144699193374165,1,2025
1016,lm,214.519,2.9183402160081305e-10,9.657961234939723e-11,8.641136696556263e-11,1.0884303494899766e-10,7.336855578901272e-18,1.0,1.0,1.0,1.0,6.400000000000007e-08,1.6397105530616208e-06,2.679607463567526e-05,0.00014905240326966188,0.0001035358484265269,0.00010136181820345594,1,2027
1017,lm,214.723,2.9123482564837433e-10,9.638351205354913e-11,8.62300354785846e-11,1.0862127075661717e-10,7.359623418444674e-18,1.0,1.0,1.0,1.0,6.400000000000007e-08,1.6325434805857421e-06,2.677370168239042e-05,0.00014890657374536938,0.0001034471333219945,0.0001012769588485115,1,2029
1018,lm,214.927,2.906383999907711e-10,9.618832403514786e-11,8.604953991509126e-11,1.084005286570739e-10,7.383458094229595e-18,1.0,1.0,1.0,1.0,6.400000000000007e-08,1.6254188635571635e-06,2.6751415527369225e-05,0.00014876132519257696,0.00010335877925217769,0.00010119241186176555,1,2031
1019,lm,215.131,2.900447237714106e-10,9.599404119627092e-11,8.586987375532706e-11,1.0818080141158474e-10,7.40822785326809e-18,1.0,1.0,1.0,1.0,6.400000000000007e-08,1.6183363419715428e-06,2.6729215594438577e-05,0.00014861665367575707,0.00010327078388696953,0.0001011081752462267,1,2033
1020,lm,215.336,2.894537763339401e-10,9.580065650963736e-11,8.5691030555741e-11,1.0796208183468918e-10,7.433872554561026e-18,1.0,1.0,1.0,1.0,6.400000000000007e-08,1.6112955728924222e-06,2.6707101312150713e-05,0.00014847255528916537,0.00010318314492322922,0.00010102424702438208,1,2035
1021,lm,215.540,2.888655372069867e-10,9.560816302012282e-11,8.551300392520579e-11,1.0774436280133828e-10,7.460319750677226e-18,1.0,1.0,1.0,1.0,6.400000000000007e-08,1.6042963673264241e-06,2.6685072113734776e-05,0.0001483290261557417,0.0001030958600577064,0.00010094062522610081,1,2037
1022,lm,215.744,2.88279986117722e-10,9.54165538360696e-11,8.533578753886663e-11,1.0752763725533128e-10,7.48745446964301e-18,1.0,1.0,1.0,1.0,6.400000000000007e-08,1.597338254560635e-06,2.666312743719675e-05,0.0001481860624323941,0.00010300892699313647,0.00010085730789692603,1,2039
1023,lm,215.948,2.876971029839043e-10,9.522582213495592e-11,8.515937514181665e-11,1.0731189819188379e-10,7.515247914943439e-18,1.0,1.0,1.0,1.0,6.400000000000007e-08,1.5904208777764174e-06,2.664126672364173e-05,0.00014804366031163956,0.00010292234347406253,0.00010077429310279354,1,2041
1024,lm,216.152,2.871168679069726e-10,9.503596115507546e-11,8.498376055127951e-11,1.0709713865705816e-10,7.543559437778335e-18,1.0,1.0,1.0,1.0,6.400000000000007e-08,1.5835441474954655e-06,2.661948941823449e-05,0.00014790181599833054,0.00010283610724468463,0.0001006915789233354,1,2043
1025,lm,216.357,2.8653926117819635e-10,9.484696420861418e-11,8.480893763787125e-11,1.0688335175933394e-10,7.572376977412298e-18,1.0,1.0,1.0,1.0,6.400000000000007e-08,1.576707589370017e-06,2.659779496981932e-05,0.00014776052573472155,0.00010275021605741223,0.00010060916344196746,1,2045
1026,lm,216.561,2.8596426326780763e-10,9.46588246665077e-11,8.463490033448747e-11,1.0667053066525912e-10,7.601553340778782e-18,1.0,1.0,1.0,1.0,6.400000000000007e-08,1.569910959319579e-06,2.657618283255797e-05,0.0001476197857993801,0.00010266466767593715,0.0001005270447642447,1,2047
1027,lm,216.765,2.8539185483405793e-10,9.447153596662157e-11,8.446164263843335e-11,1.0645866859789888e-10,7.631104158475245e-18,1.0,1.0,1.0,1.0,6.400000000000007e-08,1.563153884156852e-06,2.655465246346138e-05,0.00014747959248451582,0.0001025794599069471,0.00010044522101172558,1,2049
1028,lm,216.970,2.848220167143277e-10,9.428509162039548e-11,8.42891586029048e-11,1.062477588301257e-10,7.660901777487173e-18,1.0,1.0,1.0,1.0,6.400000000000007e-08,1.5564361272329249e-06,2.6533203324919684e-05,0.00014733994212572885,0.00010249459054590701,0.00010036369031971803,1,2051
1029,lm,217.174,2.842547299234607e-10,9.409948518413022e-11,8.411744235860986e-11,1.0603779468984868e-10,7.690871975705421e-18,1.0,1.0,1.0,1.0,6.400000000000007e-08,1.5497573232118377e-06,2.6511834881047228e-05,0.0001472008310745333,0.00010241005741131158,0.00010028245083061557,1,2053
1030,lm,217.378,2.836899756532019e-10,9.391471028511832e-11,8.394648808178436e-11,1.0582876956528773e-10,7.721011496671846e-18,1.0,1.0,1.0,1.0,6.400000000000007e-08,1.5431172906531828e-06,2.6490546601931342e-05,0.00014706225571802618,0.00010232585833853833,0.00010020150070786608,1,2055
1031,lm,217.582,2.8312773526694925e-10,9.373076061023533e-11,8.377629000840378e-11,1.0562067689711987e-10,7.751190287814506e-18,1.0,1.0,1.0,1.0,6.400000000000007e-08,1.5365156357693718e-06,2.646933795898468e-05,0.00014692421246448198,0.00010224199115884037,0.00010012083812208494,1,2057
1032,lm,217.786,2.825679903051456e-10,9.354762991271057e-11,8.360684243847855e-11,1.0541351017257412e-10,7.781382393339347e-18,1.0,1.0,1.0,1.0,6.400000000000007e-08,1.529952216483518e-06,2.644820843078642e-05,0.0001467866977563779,0.00010215845374358754,0.00010004046126004552,1,2059
1033,lm,217.991,2.820107224776136e-10,9.336531200048813e-11,8.343813972623162e-11,1.052072629393818e-10,7.811512069556441e-18,1.0,1.0,1.0,1.0,6.400000000000007e-08,1.5234265311676398e-06,2.6427157497101884e-05,0.00014664970806506318,0.00010207524396131011,9.996036832883884e-05,1,2061
1034,lm,218.195,2.814559136601834e-10,9.318380074446629e-11,8.327017628461474e-11,1.0500192878957957e-10,7.84152277704674e-18,1.0,1.0,1.0,1.0,6.400000000000007e-08,1.516938520727181e-06,2.640618464346936e-05,0.00014651323987807798,0.00010199235970608609,9.988055753759666e-05,1,2063
1035,lm,218.399,2.8090354590485515e-10,9.300309006896505e-11,8.310294658703052e-11,1.0479750137748963e-10,7.871369887645936e-18,1.0,1.0,1.0,1.0,6.400000000000007e-08,1.5104877137668666e-06,2.6385289358504004e-05,0.00014637728972001268,0.00010190979887273275,9.980102711544092e-05,1,2065
1036,lm,218.603,2.8035360142033775e-10,9.282317396092893e-11,8.293644515617024e-11,1.0459397440222923e-10,7.901009333030633e-18,1.0,1.0,1.0,1.0,6.400000000000007e-08,1.504073936138025e-06,2.6364471133222025e-05,0.00014624185413563703,0.00010182755939033756,9.972177530513109e-05,1,2067
1037,lm,218.807,2.7980606258399117e-10,9.264404646953365e-11,8.277066657099149e-11,1.0439134161310687e-10,7.930359152371722e-18,1.0,1.0,1.0,1.0,6.400000000000007e-08,1.4976969680966167e-06,2.634372946296579e-05,0.00014610692969970179,0.00010174563917831262,9.964280035837153e-05,1,2069
1038,lm,219.012,2.7926091193595413e-10,9.246570169838736e-11,8.260560546535223e-11,1.0418959681280152e-10,7.959412997259506e-18,1.0,1.0,1.0,1.0,6.400000000000007e-08,1.4913564513589613e-06,2.632306384700697e-05,0.0001459725130206241,0.00010166403617912643,9.956410054435982e-05,1,2071
1039,lm,219.216,2.787181321740971e-10,9.228813379817914e-11,8.244125653498161e-11,1.0398873385287171e-10,7.988064664038751e-18,1.0,1.0,1.0,1.0,6.400000000000007e-08,1.4850521238562364e-06,2.6302473789672202e-05,0.00014583860071696605,0.00010158274835617232,9.948567414309435e-05,1,2073
1040,lm,219.420,2.781777061592157e-10,9.211133698869786e-11,8.227761451841679e-11,1.0378874663580889e-10,8.016292141097736e-18,1.0,1.0,1.0,1.0,6.400000000000007e-08,1.4787838101857375e-06,2.6281958797928725e-05,0.00014570518945049586,0.00010150177368237187,9.940751944801485e-05,1,2075
1041,lm,219.624,2.7763961690746797e-10,9.193530553794045e-11,8.211467421422078e-11,1.0358962911125035e-10,8.04405639835007e-18,1.0,1.0,1.0,1.0,6.400000000000007e-08,1.4725510852083674e-06,2.6261518380680695e-05,0.00014557227589123906,0.00010142111014523017,9.932963476289533e-05,1,2077
1042,lm,219.828,2.7710384759015455e-10,9.176003376843475e-11,8.195243047248823e-11,1.0339137527792138e-10,8.071310171095862e-18,1.0,1.0,1.0,1.0,6.400000000000007e-08,1.4663538401593126e-06,2.624115205236731e-05,0.00014543985674917543,0.00010134075574403341,9.925201840883882e-05,1,2079
1043,lm,220.032,2.765703815301536e-10,9.158551606229129e-11,8.179087818968788e-11,1.0319397918013812e-10,8.098036330648296e-18,1.0,1.0,1.0,1.0,6.400000000000007e-08,1.4601918576860999e-06,2.622085932987787e-05,0.00014530792874702474,0.0001012607084850822,9.917466871442821e-05,1,2081
1044,lm,220.237,2.7603920220967943e-10,9.141174685537962e-11,8.163001231597339e-11,1.0299743491417897e-10,8.12414745276889e-18,1.0,1.0,1.0,1.0,6.400000000000007e-08,1.4540647009300655e-06,2.6200639735093953e-05,0.00014517648864321496,0.0001011809664021031,9.909758402349386e-05,1,2083
1045,lm,220.441,2.755102932576586e-10,9.123872062911658e-11,8.146982785331398e-11,1.0280173662558281e-10,8.149645287342797e-18,1.0,1.0,1.0,1.0,6.400000000000007e-08,1.4479722702073752e-06,2.6180492792506898e-05,0.00014504553322339104,0.0001011015275368934,9.902076269789171e-05,1,2085
1046,lm,220.645,2.7498363845302305e-10,9.106643191920377e-11,8.131031985999139e-11,1.0260687849938326e-10,8.174444606782852e-18,1.0,1.0,1.0,1.0,6.400000000000007e-08,1.4419142658578134e-06,2.616041802834684e-05,0.0001449150592832996,0.00010102238993617608,9.894420309949677e-05,1,2087
1047,lm,220.849,2.74459221723846e-10,9.089487532197717e-11,8.115148342810987e-11,1.024128547751881e-10,8.198570820375407e-18,1.0,1.0,1.0,1.0,6.400000000000007e-08,1.4358904283120962e-06,2.6140414976608256e-05,0.00014478506366159648,0.00010094355167840684,9.886790361584616e-05,1,2089
1048,lm,221.054,2.7393702714299617e-10,9.072404547639769e-11,8.099331370726778e-11,1.0221965973738687e-10,8.22194380280025e-18,1.0,1.0,1.0,1.0,6.400000000000007e-08,1.4299005940030289e-06,2.6120483169988598e-05,0.0001446555432094909,0.0001008650108311915,9.879186263240765e-05,1,2091
1049,lm,221.258,2.734170389246253e-10,9.055393707351002e-11,8.083580590172008e-11,1.0202728770483278e-10,8.244562442402046e-18,1.0,1.0,1.0,1.0,6.400000000000007e-08,1.4239443954479634e-06,2.6100622146407686e-05,0.00014452649479956375,0.00010078676550440065,9.871607855909789e-05,1,2093
1050,lm,221.462,2.7289924143443115e-10,9.038454485613197e-11,8.067895525236616e-11,1.0183573305954606e-10,8.266386930603749e-18,1.0,1.0,1.0,1.0,6.400000000000007e-08,1.418021710418295e-06,2.6080831449206713e-05,0.00014439791533943963,0.00010070881379131522,9.864054981247086e-05,1,2095
1051,lm,221.666,2.7238361917479603e-10,9.021586361756518e-11,8.052275705144247e-11,1.0164499021845074e-10,8.287337610094383e-18,1.0,1.0,1.0,1.0,6.400000000000007e-08,1.4121322251347914e-06,2.6061110621232352e-05,0.00014426980175154036,0.00010063115381718496,9.856527481969027e-05,1,2097
1052,lm,221.870,2.7187015678571216e-10,9.004788820288335e-11,8.036720663376253e-11,1.0145505364159229e-10,8.307473959218532e-18,1.0,1.0,1.0,1.0,6.400000000000007e-08,1.406275706900355e-06,2.604145921209387e-05,0.00014414215098943584,0.00010055378371117713,9.849025202359619e-05,1,2099
1053,lm,222.075,2.7135883905500057e-10,8.988061350058515e-11,8.021229939289075e-11,1.0126591783481874e-10,8.326705930056832e-18,1.0,1.0,1.0,1.0,6.400000000000007e-08,1.4004520215195242e-06,2.602187677131789e-05,0.00014401496002177145,0.00010047670162934817,9.84154798776741e-05,1,2101
1054,lm,222.279,2.7084965089996283e-10,8.971403444624949e-11,8.005803075273772e-11,1.0107757735593812e-10,8.345037559996165e-18,1.0,1.0,1.0,1.0,6.400000000000007e-08,1.3946608838869359e-06,2.600236285478759e-05,0.00014388822584346478,0.00010039990571951206,9.834095684310102e-05,1,2103
1055,lm,222.483,2.7034257737705095e-10,8.954814603423934e-11,7.99043961881654e-11,1.0089002679221124e-10,8.36243493292982e-18,1.0,1.0,1.0,1.0,6.400000000000007e-08,1.3889020091163274e-06,2.5982917020588347e-05,0.0001437619454839669,0.00010032339416831887,9.82666814023508e-05,1,2105
1056,lm,222.687,2.6983760367703406e-10,8.938294329190848e-11,7.975139122233627e-11,1.0070326078391791e-10,8.378871435868904e-18,1.0,1.0,1.0,1.0,6.400000000000007e-08,1.3831752390198754e-06,2.596353883098423e-05,0.00014363611597990254,0.0001002471651475472,9.819265203739345e-05,1,2107
1057,lm,222.891,2.693347151250709e-10,8.921842130153002e-11,7.959901141802867e-11,1.0051727401116801e-10,8.39434418682663e-18,1.0,1.0,1.0,1.0,6.400000000000007e-08,1.37748041426296e-06,2.5944227847699198e-05,0.00014351073439516075,0.00010017121685932232,9.811886724816946e-05,1,2109
1058,lm,223.096,2.6883389717701175e-10,8.905457519471617e-11,7.944725237903984e-11,1.0033206119442485e-10,8.40883089767952e-18,1.0,1.0,1.0,1.0,6.400000000000007e-08,1.371817153552907e-06,2.592498363915576e-05,0.00014338579781746321,0.00010009554751671221,9.80453255457125e-05,1,2111
1059,lm,223.300,2.6833513541655065e-10,8.889140013836111e-11,7.929610975597918e-11,1.0014761709990827e-10,8.422302098440144e-18,1.0,1.0,1.0,1.0,6.400000000000007e-08,1.3661853823684065e-06,2.5905805776026482e-05,0.000143261303360789,0.0001000201553430713,9.79720254517682e-05,1,2113
1060,lm,223.504,2.678384155646517e-10,8.872889135002618e-11,7.914557924593012e-11,9.99639365339651e-11,8.434730242031512e-18,1.0,1.0,1.0,1.0,6.400000000000007e-08,1.3605848233460708e-06,2.5886693832629645e-05,0.00014313724815155553,9.994503857000164e-05,9.78989654982798e-05,1,2115
1061,lm,223.708,2.673437234664755e-10,8.85670440977262e-11,7.899565658248712e-11,9.978101434014002e-11,8.44612212457038e-18,1.0,1.0,1.0,1.0,6.400000000000007e-08,1.3550152418347544e-06,2.5867647384945735e-05,0.0001430136293510287,9.987019544206317e-05,9.782614423137495e-05,1,2117
1062,lm,223.912,2.66851045087386e-10,8.840585368976667e-11,7.884633753381817e-11,9.959884540731689e-11,8.456484305435772e-18,1.0,1.0,1.0,1.0,6.400000000000007e-08,1.3494765288776754e-06,2.584866601322871e-05,0.00014289044413293085,9.979562423278008e-05,9.775356020340731e-05,1,2119
1063,lm,224.116,2.6636036652544024e-10,8.824531546925825e-11,7.869761792230589e-11,9.941742466814391e-11,8.465732190369848e-18,1.0,1.0,1.0,1.0,6.400000000000007e-08,1.3439683803615618e-06,2.5829749300450577e-05,0.00014276768969261053,9.972132319559945e-05,9.768121197995052e-05,1,2121
1064,lm,224.320,2.658716740032162e-10,8.808542483611644e-11,7.854949360353072e-11,9.923674708962649e-11,8.473942555844078e-18,1.0,1.0,1.0,1.0,6.400000000000007e-08,1.3384905778845495e-06,2.581089683207767e-05,0.00014264536325416216,9.964729062963795e-05,9.760909814007455e-05,1,2123
1065,lm,224.525,2.653849538611917e-10,8.792617722968995e-11,7.840196047148269e-11,9.905680767896462e-11,8.481054444204012e-18,1.0,1.0,1.0,1.0,6.400000000000007e-08,1.3330429637458344e-06,2.5792108196930547e-05,0.0001425234620578685,9.957352482887e-05,9.75372172701527e-05,1,2125
1066,lm,224.729,2.649001925666833e-10,8.776756812672734e-11,7.825501446864647e-11,9.887760148425901e-11,8.487050459204442e-18,1.0,1.0,1.0,1.0,6.400000000000007e-08,1.3276254389656116e-06,2.577338298638371e-05,0.00014240198335778215,9.950002409588773e-05,9.746556796638244e-05,1,2127
1067,lm,224.933,2.6441737670003317e-10,8.760959304924929e-11,7.810865156724641e-11,9.869912359159662e-11,8.491940853470498e-18,1.0,1.0,1.0,1.0,6.400000000000007e-08,1.3222375404625152e-06,2.5754720797449784e-05,0.00014228092445013957,9.942678676532973e-05,9.739414884167688e-05,1,2129
1068,lm,225.137,2.6393649297030735e-10,8.745224756104875e-11,7.79628677827196e-11,9.852136913079648e-11,8.49574251802677e-18,1.0,1.0,1.0,1.0,6.400000000000007e-08,1.316879168133189e-06,2.5736121225827366e-05,0.00014216028262947506,9.93538111596068e-05,9.732295851199681e-05,1,2131
1069,lm,225.341,2.6345752819744244e-10,8.729552726911102e-11,7.78176591707056e-11,9.834433325920039e-11,8.498425427355094e-18,1.0,1.0,1.0,1.0,6.400000000000007e-08,1.3115504331472454e-06,2.571758387253241e-05,0.00014204005522200317,9.928109562251057e-05,9.725199560914341e-05,1,2133
1070,lm,225.545,2.6298046932134626e-10,8.713942781883286e-11,7.767302181871059e-11,9.816801118385133e-11,8.499951515268136e-18,1.0,1.0,1.0,1.0,6.400000000000007e-08,1.3062507163863695e-06,2.5699108340511993e-05,0.00014192023957165345,9.920863850572891e-05,9.718125876897714e-05,1,2135
1071,lm,225.749,2.625053033948141e-10,8.69839448968141e-11,7.752895185228252e-11,9.799239814530318e-11,8.500414312250869e-18,1.0,1.0,1.0,1.0,6.400000000000007e-08,1.3009800466756182e-06,2.5680694237121825e-05,0.00014180083304825335,9.913643819437034e-05,9.711074664702547e-05,1,2137
1072,lm,225.953,2.620320175892985e-10,8.682907422572665e-11,7.738544543825625e-11,9.78174894256424e-11,8.499673202278786e-18,1.0,1.0,1.0,1.0,6.400000000000007e-08,1.2957381891858431e-06,2.566234117107312e-05,0.0001416818330314565,9.906449305502908e-05,9.704045790140105e-05,1,2139
1073,lm,226.158,2.615605991826006e-10,8.667481157230559e-11,7.724249877879747e-11,9.764328033365932e-11,8.497838190079192e-18,1.0,1.0,1.0,1.0,6.400000000000007e-08,1.2905248921644767e-06,2.564404875384213e-05,0.0001415632369254028,9.899280147512091e-05,9.697039120198375e-05,1,2141
1074,lm,226.362,2.610910355721557e-10,8.652115274300446e-11,7.710010811052784e-11,9.746976622375404e-11,8.494869359479435e-18,1.0,1.0,1.0,1.0,6.400000000000007e-08,1.2853400259694288e-06,2.5625816601378104e-05,0.0001414450421651623,9.892136187480628e-05,9.690054523378879e-05,1,2143
1075,lm,226.566,2.6062331426184404e-10,8.636809357738226e-11,7.695826970921557e-11,9.729694248446016e-11,8.490786062729176e-18,1.0,1.0,1.0,1.0,6.400000000000007e-08,1.2801834953330085e-06,2.5607644330879905e-05,0.00014132724618945628,9.885017265481192e-05,9.683091868260344e-05,1,2145
1076,lm,226.770,2.6015742286811875e-10,8.621562995965151e-11,7.68169798808075e-11,9.71248045420866e-11,8.48557309612589e-18,1.0,1.0,1.0,1.0,6.400000000000007e-08,1.2750549481212307e-06,2.55895315622133e-05,0.0001412098464620036,9.877923224362818e-05,9.676151025216949e-05,1,2147
1077,lm,226.974,2.5969334910860095e-10,8.606375780423376e-11,7.667623496508876e-11,9.695334786003094e-11,8.47924750327578e-18,1.0,1.0,1.0,1.0,6.400000000000007e-08,1.2699543586558887e-06,2.5571477917777865e-05,0.00014109284046277367,9.870853907526108e-05,9.66923186501433e-05,1,2149
1078,lm,227.179,2.5923108082203275e-10,8.591247307354408e-11,7.653603134681987e-11,9.678256792989214e-11,8.471776712996171e-18,1.0,1.0,1.0,1.0,6.400000000000007e-08,1.2648814448968239e-06,2.5553483025411275e-05,0.00014097622570604696,9.863809160917382e-05,9.662334260256005e-05,1,2151
1079,lm,227.383,2.587706059409693e-10,8.5761771755268e-11,7.639636543416335e-11,9.661246028834188e-11,8.46319604339613e-18,1.0,1.0,1.0,1.0,6.400000000000007e-08,1.2598359775622206e-06,2.553554651174021e-05,0.00014085999970499767,9.856788828760795e-05,9.655458083372934e-05,1,2153
1080,lm,227.587,2.58311912513854e-10,8.561164988920387e-11,7.625723367169284e-11,9.644302049944596e-11,8.4535112954541e-18,1.0,1.0,1.0,1.0,6.400000000000007e-08,1.254817907981053e-06,2.5517668008647275e-05,0.00014074416000369204,9.849792759638108e-05,9.648603208742672e-05,1,2155
1081,lm,227.791,2.578549886836538e-10,8.546210353466057e-11,7.611863253988643e-11,9.627424416637791e-11,8.442728935480252e-18,1.0,1.0,1.0,1.0,6.400000000000007e-08,1.2498270412673048e-06,2.549984714887808e-05,0.0001406287041534454,9.842820800216805e-05,9.64176951071072e-05,1,2157
1082,lm,227.996,2.573998227038345e-10,8.531312879702679e-11,7.598055854784901e-11,9.61061269281108e-11,8.43084788478652e-18,1.0,1.0,1.0,1.0,6.400000000000007e-08,1.2448631268722296e-06,2.5482083568882257e-05,0.00014051362974013443,9.83587280055395e-05,9.634956865372199e-05,1,2159
1083,lm,228.200,2.5694640293057804e-10,8.516472181649664e-11,7.584300824445263e-11,9.593866445177654e-11,8.41785225790657e-18,1.0,1.0,1.0,1.0,6.400000000000007e-08,1.2399260255255416e-06,2.5464376908749422e-05,0.00014039893435992073,9.828948610484483e-05,9.628165149810492e-05,1,2161
1084,lm,228.404,2.564947178150005e-10,8.501687875895649e-11,7.570597820610192e-11,9.577185244614057e-11,8.403801548953734e-18,1.0,1.0,1.0,1.0,6.400000000000007e-08,1.2350155650690146e-06,2.5446726808899574e-05,0.00014028461562720803,9.822048081645145e-05,9.621394241508452e-05,1,2163
1085,lm,228.608,2.560447559128093e-10,8.48695958393549e-11,7.55694650387552e-11,9.560568664603258e-11,8.388666595472142e-18,1.0,1.0,1.0,1.0,6.400000000000007e-08,1.2301316433634201e-06,2.5429132914321127e-05,0.00014017067117352378,9.815171065961276e-05,9.614644019212697e-05,1,2165
1086,lm,228.812,2.555965058801032e-10,8.47228693000893e-11,7.543346538105083e-11,9.544016282649634e-11,8.372466717243424e-18,1.0,1.0,1.0,1.0,6.400000000000007e-08,1.2252740417394025e-06,2.541159487099517e-05,0.00014005709864765847,9.808317417279408e-05,9.607914362313172e-05,1,2167
1087,lm,229.017,2.5514995647262696e-10,8.45766954167742e-11,7.52979759084329e-11,9.527527679219255e-11,8.355227281254687e-18,1.0,1.0,1.0,1.0,6.400000000000007e-08,1.2204425413881417e-06,2.539411232773869e-05,0.00013994389572137705,9.801486989962176e-05,9.601205151336863e-05,1,2169
1088,lm,229.221,2.5470509653247964e-10,8.443107050186398e-11,7.51629933146904e-11,9.511102437898238e-11,8.336942938022819e-18,1.0,1.0,1.0,1.0,6.400000000000007e-08,1.2156370756698732e-06,2.5376684936389387e-05,0.00013983106007595377,9.79467963943972e-05,9.59451626756229e-05,1,2171
1089,lm,229.426,2.542619150164909e-10,8.428599089665568e-11,7.50285143436754e-11,9.494740145852814e-11,8.31763167167708e-18,1.0,1.0,1.0,1.0,6.400000000000007e-08,1.2108574657616705e-06,2.535931235158892e-05,0.0001397185894206343,9.787895223009865e-05,9.587847593478524e-05,1,2173
1090,lm,229.630,2.5382040096057593e-10,8.414145298058918e-11,7.489453574881198e-11,9.478440393389031e-11,8.297284462659853e-18,1.0,1.0,1.0,1.0,6.400000000000007e-08,1.206103494375881e-06,2.5341994229061242e-05,0.00013960648147242458,9.781133597571015e-05,9.5811990120648e-05,1,2175
1091,lm,229.834,2.5338054350288695e-10,8.399745315998396e-11,7.476105432721022e-11,9.462202773976093e-11,8.275931850722764e-18,1.0,1.0,1.0,1.0,6.400000000000007e-08,1.2013749829267349e-06,2.532473022857514e-05,0.0001394947339720662,9.774394621374081e-05,9.574570407171079e-05,1,2177
1092,lm,230.038,2.52942331875135e-10,8.38539878791476e-11,7.462806689852568e-11,9.446026884386182e-11,8.253599923214305e-18,1.0,1.0,1.0,1.0,6.400000000000007e-08,1.1966718579011107e-06,2.5307520010599034e-05,0.0001393833446710074,9.767678154381513e-05,9.567961663936274e-05,1,2179
1093,lm,230.243,2.5250575540116673e-10,8.37110536132715e-11,7.449557031580386e-11,9.429912324180718e-11,8.230284205255066e-18,1.0,1.0,1.0,1.0,6.400000000000007e-08,1.1919939439080576e-06,2.5290363240027057e-05,0.000139272311344403,9.760984058354572e-05,9.561372668320007e-05,1,2181
1094,lm,230.447,2.520708034951761e-10,8.356864686957625e-11,7.436356145226516e-11,9.413858696733268e-11,8.206002045711392e-18,1.0,1.0,1.0,1.0,6.400000000000007e-08,1.1873410294142566e-06,2.527325958306659e-05,0.00013916163178163076,9.754312193699017e-05,9.554803306463846e-05,1,2183
1095,lm,230.651,2.5163746566200505e-10,8.342676418363903e-11,7.423203721961233e-11,9.397865607796707e-11,8.180786618241206e-18,1.0,1.0,1.0,1.0,6.400000000000007e-08,1.1827130438324376e-06,2.525620870763697e-05,0.00013905130378795376,9.747662423348958e-05,9.548253466198368e-05,1,2185
1096,lm,230.855,2.5120573149973895e-10,8.328540212492789e-11,7.410099455418687e-11,9.381932666602438e-11,8.154599805777377e-18,1.0,1.0,1.0,1.0,6.400000000000007e-08,1.1781098000345047e-06,2.5239210284910135e-05,0.00013894132518254827,9.74103461077097e-05,9.541723035692133e-05,1,2187
1097,lm,231.059,2.507755906913914e-10,8.314455729259402e-11,7.397043041699468e-11,9.366059485429673e-11,8.127506002855352e-18,1.0,1.0,1.0,1.0,6.400000000000007e-08,1.173531084431305e-06,2.5222263988080704e-05,0.00013883169380561982,9.734428621059821e-05,9.535211904282119e-05,1,2189
1098,lm,231.264,2.503470330104845e-10,8.300422631378476e-11,7.384034180464166e-11,9.350245679254954e-11,8.099508610080716e-18,1.0,1.0,1.0,1.0,6.400000000000007e-08,1.1689768242203878e-06,2.5205369493262772e-05,0.00013872240751323814,9.727844319035877e-05,9.5287199618513e-05,1,2191
1099,lm,231.468,2.4992004832081846e-10,8.28644058529544e-11,7.371072573470404e-11,9.334490866253812e-11,8.07062190890343e-18,1.0,1.0,1.0,1.0,6.400000000000007e-08,1.164446849333871e-06,2.518852647788485e-05,0.0001386134641738789,9.72128157214058e-05,9.522247098982532e-05,1,2193
1100,lm,231.672,2.494946265652039e-10,8.272509259719818e-11,7.358157924793486e-11,9.31879466792226e-11,8.040848257271068e-18,1.0,1.0,1.0,1.0,6.400000000000007e-08,1.159941045626379e-06,2.517173462298135e-05,0.00013850486167774902,9.714740247355875e-05,9.515793207570204e-05,1,2195
1101,lm,231.876,2.490707577785956e-10,8.25862832685634e-11,7.345289941925757e-11,9.303156708052136e-11,8.010253297843354e-18,1.0,1.0,1.0,1.0,6.400000000000007e-08,1.1554591814291578e-06,2.515499360978651e-05,0.00013839659792645124,9.708220212988805e-05,9.509358180060623e-05,1,2197
1102,lm,232.081,2.486484320783808e-10,8.244797461273866e-11,7.332468334649987e-11,9.287576614034809e-11,7.9787941482746e-18,1.0,1.0,1.0,1.0,6.400000000000007e-08,1.151001207977398e-06,2.513830312348059e-05,0.00013828867083557738,9.70172133883684e-05,9.502941909537288e-05,1,2199
1103,lm,232.285,2.482276396675013e-10,8.23101634036389e-11,7.319692815865546e-11,9.272054015869661e-11,7.946510339318021e-18,1.0,1.0,1.0,1.0,6.400000000000007e-08,1.1465669222694766e-06,2.5121662850646542e-05,0.00013818107834099672,9.695243494799725e-05,9.496544290085649e-05,1,2201
1104,lm,232.489,2.4780837082783364e-10,8.217284645348293e-11,7.306963099923899e-11,9.256588546169432e-11,7.913417426613493e-18,1.0,1.0,1.0,1.0,6.400000000000007e-08,1.142156199465591e-06,2.5105072481423317e-05,0.00013807381839222866,9.688786552227493e-05,9.490165216752019e-05,1,2203
1105,lm,232.693,2.473906159316454e-10,8.203602059689838e-11,7.294278904907695e-11,9.241179840614171e-11,7.879528382625655e-18,1.0,1.0,1.0,1.0,6.400000000000007e-08,1.137768900191091e-06,2.5088531707485645e-05,0.00013796688895853168,9.68235038359575e-05,9.483804585197722e-05,1,2205
1106,lm,232.898,2.4697436542307996e-10,8.189968269177551e-11,7.281639950500615e-11,9.225827538140687e-11,7.844891439756623e-18,1.0,1.0,1.0,1.0,6.400000000000007e-08,1.1334048653345573e-06,2.50720402206152e-05,0.00013786028801252882,9.675934861619961e-05,9.477462291387044e-05,1,2207
1107,lm,233.102,2.4655960983492556e-10,8.176382963445189e-11,7.269045959440559e-11,9.210531279658938e-11,7.809478680200027e-18,1.0,1.0,1.0,1.0,6.400000000000007e-08,1.1290639881039419e-06,2.505559771707604e-05,0.00013775401355150304,9.669539860360205e-05,9.471138232664014e-05,1,2209
1108,lm,233.306,2.4614633977641014e-10,8.162845833605926e-11,7.256496656858908e-11,9.195290709841604e-11,7.773345796986903e-18,1.0,1.0,1.0,1.0,6.400000000000007e-08,1.124746103628063e-06,2.503920389505402e-05,0.00013764806358525114,9.663165255053983e-05,9.464832307125397e-05,1,2211
1109,lm,233.510,2.4573454593814004e-10,8.149356574845682e-11,7.243991769933726e-11,9.180105475385415e-11,7.736491812383772e-18,1.0,1.0,1.0,1.0,6.400000000000007e-08,1.1204511338497979e-06,2.5022858454583042e-05,0.00013754243613869812,9.65681092133458e-05,9.458544413341199e-05,1,2213
1110,lm,233.714,2.45324219084947e-10,8.135914884124221e-11,7.231531028721002e-11,9.164975225756356e-11,7.698931183753984e-18,1.0,1.0,1.0,1.0,6.400000000000007e-08,1.1161788756296152e-06,2.5006561097551215e-05,0.0001374371292552454,9.650476735980906e-05,9.452274450968973e-05,1,2215
1111,lm,233.918,2.4491535006417286e-10,8.12252046081983e-11,7.219114165716712e-11,9.149899613812255e-11,7.660684925879114e-18,1.0,1.0,1.0,1.0,6.400000000000007e-08,1.1119292724853871e-06,2.4990311527708228e-05,0.00013733214098475002,9.644162576337262e-05,9.446022319982971e-05,1,2217
1112,lm,234.123,2.445079297990673e-10,8.109173007838916e-11,7.20674091553213e-11,9.134878294356108e-11,7.621795694858278e-18,1.0,1.0,1.0,1.0,6.400000000000007e-08,1.1077021023265464e-06,2.497410945162097e-05,0.0001372274693964567,9.637868320746214e-05,9.439787921211718e-05,1,2219
1113,lm,234.327,2.441019492859467e-10,8.095872229855047e-11,7.194411014786468e-11,9.119910925729874e-11,7.58223281681996e-18,1.0,1.0,1.0,1.0,6.400000000000007e-08,1.1034972045258157e-06,2.4957954577885997e-05,0.0001371231125740553,9.631593848592564e-05,9.433571156576231e-05,1,2221
1114,lm,234.531,2.4369739960092945e-10,8.082617835670208e-11,7.182124202906665e-11,9.10499716731097e-11,7.542051055298031e-18,1.0,1.0,1.0,1.0,6.400000000000007e-08,1.099314563293768e-06,2.4941846617052214e-05,0.0001370190686186624,9.62533904031093e-05,9.427371928506902e-05,1,2223
1115,lm,234.735,2.43294271891474e-10,8.069409534682099e-11,7.16988022141837e-11,9.090136682919288e-11,7.501276382160379e-18,1.0,1.0,1.0,1.0,6.400000000000007e-08,1.0951540677571666e-06,2.4925785281011166e-05,0.00013691533563575472,9.619103776495134e-05,9.421190139997209e-05,1,2225
1116,lm,234.939,2.428925573835142e-10,8.056247040074912e-11,7.157678814086697e-11,9.075329138199864e-11,7.459899485014685e-18,1.0,1.0,1.0,1.0,6.400000000000007e-08,1.0910154847197142e-06,2.4909770283681557e-05,0.00013681191174887714,9.612887939410418e-05,9.41502569493402e-05,1,2227
1117,lm,235.143,2.4249224737155766e-10,8.043130066750896e-11,7.145519727066812e-11,9.060574201541407e-11,7.41796648256493e-18,1.0,1.0,1.0,1.0,6.400000000000007e-08,1.0868987282983773e-06,2.4893801343064462e-05,0.00013670879510402294,9.606691411287201e-05,9.408878497954031e-05,1,2229
1118,lm,235.348,2.4209333322381576e-10,8.03005833262139e-11,7.133402708598378e-11,9.045871543615717e-11,7.375460879445593e-18,1.0,1.0,1.0,1.0,6.400000000000007e-08,1.0828036905861179e-06,2.487787817658135e-05,0.00013660598385246397,9.600514076006575e-05,9.402748454267061e-05,1,2231
1119,lm,235.552,2.4169580638638576e-10,8.017031558477244e-11,7.121327509205971e-11,9.031220837713651e-11,7.332417124030097e-18,1.0,1.0,1.0,1.0,6.400000000000007e-08,1.0787302061537234e-06,2.4862000504676393e-05,0.00013650347615854435,9.594355817939257e-05,9.39663546955469e-05,1,2233
1120,lm,235.756,2.412996583678529e-10,8.004049466524507e-11,7.109293880966872e-11,9.01662176040616e-11,7.288877476498332e-18,1.0,1.0,1.0,1.0,6.400000000000007e-08,1.074678187202224e-06,2.4846168050333342e-05,0.0001364012702059958,9.588216522499154e-05,9.390539451039408e-05,1,2235
1121,lm,235.960,2.409048807532017e-10,7.991111781784904e-11,7.097301579456165e-11,9.00207398959668e-11,7.244824256891168e-18,1.0,1.0,1.0,1.0,6.400000000000007e-08,1.0706475340454918e-06,2.4830380537743814e-05,0.0001362993641898826,9.582096075723728e-05,9.384460305637403e-05,1,2237
1122,lm,236.165,2.405114651961108e-10,7.978218231947513e-11,7.08535036094651e-11,8.987577206686255e-11,7.200307981718157e-18,1.0,1.0,1.0,1.0,6.400000000000007e-08,1.0666380182613113e-06,2.4814637692568933e-05,0.00013619775631226668,9.575994363974599e-05,9.378397941531821e-05,1,2239
1123,lm,236.369,2.4011940341777485e-10,7.965368546832834e-11,7.073439984398327e-11,8.97313109501542e-11,7.155308975525061e-18,1.0,1.0,1.0,1.0,6.400000000000007e-08,1.0626496161820814e-06,2.4798939243989674e-05,0.00013609644479843272,9.569911275243606e-05,9.372352267622521e-05,1,2241
1124,lm,236.573,2.397286872108265e-10,7.95256245870434e-11,7.061570210969433e-11,8.958735340420797e-11,7.109880803535453e-18,1.0,1.0,1.0,1.0,6.400000000000007e-08,1.0586821947716027e-06,2.478328492042094e-05,0.00013599542787858527,9.563846697821517e-05,9.366323192972189e-05,1,2243
1125,lm,236.777,2.393393084346318e-10,7.939799701974594e-11,7.049740803895076e-11,8.944389631192115e-11,7.064013899118034e-18,1.0,1.0,1.0,1.0,6.400000000000007e-08,1.0547356610636193e-06,2.476767445596915e-05,0.00013589470380004747,9.557800520567373e-05,9.360310627691917e-05,1,2245
1126,lm,236.981,2.389512590179509e-10,7.92708001354736e-11,7.037951528239507e-11,8.930093658233126e-11,7.017750953086658e-18,1.0,1.0,1.0,1.0,6.400000000000007e-08,1.0508097758905996e-06,2.4752107582823807e-05,0.00013579427082234158,9.551772634344667e-05,9.354314482565388e-05,1,2247
1127,lm,237.186,2.385645309504515e-10,7.914403132283492e-11,7.026202150885685e-11,8.91584711476694e-11,6.971090293086374e-18,1.0,1.0,1.0,1.0,6.400000000000007e-08,1.0469045941377822e-06,2.4736584038230245e-05,0.0001356941272201897,9.5457629293693e-05,9.348334669044546e-05,1,2249
1128,lm,237.390,2.3817911629599545e-10,7.90176879972427e-11,7.014492440876225e-11,8.901649696594486e-11,6.924045691863144e-18,1.0,1.0,1.0,1.0,6.400000000000007e-08,1.0430198266882875e-06,2.4721103558386546e-05,0.00013559427127567657,9.539771297004284e-05,9.342371098787493e-05,1,2251
1129,lm,237.594,2.377950071771215e-10,7.889176759522423e-11,7.002822169314758e-11,8.887501101208837e-11,6.8766613418832e-18,1.0,1.0,1.0,1.0,6.400000000000007e-08,1.0391555208155233e-06,2.4705665883082382e-05,0.00013549470128644558,9.533797630651426e-05,9.336423684847743e-05,1,2253
1130,lm,237.798,2.374121957863615e-10,7.876626757587539e-11,6.991191109598749e-11,8.87340102855591e-11,6.828939519997865e-18,1.0,1.0,1.0,1.0,6.400000000000007e-08,1.0353114400711066e-06,2.4690270753685516e-05,0.00013539541556095545,9.527841822318604e-05,9.330492340305518e-05,1,2255
1131,lm,238.002,2.3703067437492863e-10,7.86411854125313e-11,6.979599036246855e-11,8.859349181902985e-11,6.780898952041201e-18,1.0,1.0,1.0,1.0,6.400000000000007e-08,1.0314875629047455e-06,2.4674917913554483e-05,0.000135296412426042,9.52190376554073e-05,9.324576978984904e-05,1,2257
1132,lm,238.207,2.3665043526430057e-10,7.851651861011942e-11,6.96804572637747e-11,8.845345265785149e-11,6.732554966843162e-18,1.0,1.0,1.0,1.0,6.400000000000007e-08,1.0276836932455523e-06,2.465960710700069e-05,0.00013519769021450885,9.515983355709038e-05,9.318677515623877e-05,1,2259
1133,lm,238.411,2.3627147083413827e-10,7.839226469246356e-11,6.956530958382382e-11,8.83138898739545e-11,6.683896412990582e-18,1.0,1.0,1.0,1.0,6.400000000000007e-08,1.0238997757197482e-06,2.4644338081717793e-05,0.00013509924727516306,9.510080488558454e-05,9.31279386554434e-05,1,2261
1134,lm,238.615,2.3589377352896414e-10,7.826842120026888e-11,6.945054513035307e-11,8.817480056334158e-11,6.6350005931441346e-18,1.0,1.0,1.0,1.0,6.400000000000007e-08,1.0201356829863845e-06,2.4629110584500965e-05,0.00013500108196600545,9.504195059224603e-05,9.30692594414796e-05,1,2263
1135,lm,238.819,2.3551733585325086e-10,7.814498570066019e-11,6.933616172701085e-11,8.803618183975246e-11,6.585827346965168e-18,1.0,1.0,1.0,1.0,6.400000000000007e-08,1.0163912856512489e-06,2.4613924367011974e-05,0.0001349031926565839,9.498326964817492e-05,9.301073668057737e-05,1,2265
1136,lm,239.023,2.3514215037722666e-10,7.802195577637673e-11,6.922215721726172e-11,8.789803084716585e-11,6.5364223253918085e-18,1.0,1.0,1.0,1.0,6.400000000000007e-08,1.0126665115269818e-06,2.4598779180229737e-05,0.0001348055777319857,9.492476103431714e-05,9.295236954321836e-05,1,2267
1137,lm,239.227,2.3476820972423214e-10,7.78993290348118e-11,6.910852946096238e-11,8.776034474164973e-11,6.486808215918953e-18,1.0,1.0,1.0,1.0,6.400000000000007e-08,1.0089612077439494e-06,2.4583674778615798e-05,0.00013470823559096033,9.486642372406844e-05,9.289415720449243e-05,1,2269
1138,lm,239.432,2.343955065872574e-10,7.777710310323103e-11,6.899527633742677e-11,8.762312070963636e-11,6.436963251493764e-18,1.0,1.0,1.0,1.0,6.400000000000007e-08,1.0052753236242632e-06,2.4568610916953987e-05,0.00013461116463462657,9.480825671501791e-05,9.283609884923127e-05,1,2271
1139,lm,239.636,2.3402403371078827e-10,7.765527562538752e-11,6.888239573951896e-11,8.748635595894583e-11,6.3869359474542975e-18,1.0,1.0,1.0,1.0,6.400000000000007e-08,1.0016087586352602e-06,2.4553587352755595e-05,0.00013451436328406388,9.475025899865565e-05,9.27781936625062e-05,1,2273
1140,lm,239.840,2.336537839015542e-10,7.753384427124282e-11,6.876988558150896e-11,8.735004771206502e-11,6.336737415230015e-18,1.0,1.0,1.0,1.0,6.400000000000007e-08,9.979612719455393e-07,2.453860384472499e-05,0.0001344178299683185,9.469242958917747e-05,9.272044083960509e-05,1,2275
1141,lm,240.044,2.332847500264864e-10,7.74128067230074e-11,6.865774379862053e-11,8.721419321847582e-11,6.286382628813261e-18,1.0,1.0,1.0,1.0,6.400000000000007e-08,9.94332902485255e-07,2.452366015291358e-05,0.00013432156312986955,9.463476748664436e-05,9.266283958017562e-05,1,2277
1142,lm,240.248,2.3291692501018224e-10,7.729216068979211e-11,6.854596833896733e-11,8.707878974553247e-11,6.235890343615119e-18,1.0,1.0,1.0,1.0,6.400000000000007e-08,9.907235024516467e-07,2.450875603927541e-05,0.00013422556121814793,9.457727170641512e-05,9.260538908802177e-05,1,2279
1143,lm,240.453,2.3255030182889774e-10,7.717190389832516e-11,6.84345571606241e-11,8.694383458471157e-11,6.185236936578516e-18,1.0,1.0,1.0,1.0,6.400000000000007e-08,9.87132993727952e-07,2.449389126865306e-05,0.0001341298227022,9.451994128718639e-05,9.254808857634786e-05,1,2281
1144,lm,240.657,2.321848735274415e-10,7.705203408887665e-11,6.832350825291229e-11,8.680932505117319e-11,6.134479377235091e-18,1.0,1.0,1.0,1.0,6.400000000000007e-08,9.835611964053754e-07,2.4479065606105415e-05,0.00013403434605623282,9.446277524808585e-05,9.24909372628767e-05,1,2283
1145,lm,240.861,2.3182063319613334e-10,7.693254902944e-11,6.821281960877357e-11,8.667525847428428e-11,6.083635455465265e-18,1.0,1.0,1.0,1.0,6.400000000000007e-08,9.800081401447603e-07,2.446427881811276e-05,0.00013393912976284993,9.440577263337427e-05,9.243393436718543e-05,1,2285
1146,lm,241.065,2.3145757398530974e-10,7.681344649603788e-11,6.810248924562687e-11,8.654163221095696e-11,6.032688043285972e-18,1.0,1.0,1.0,1.0,6.400000000000007e-08,9.764735600228308e-07,2.4449530674282213e-05,0.00013384417232619462,9.434893248214858e-05,9.237707912070632e-05,1,2287
1147,lm,241.269,2.3109568910305246e-10,7.669472429502377e-11,6.799251519762287e-11,8.640844362874279e-11,5.9816630117526784e-18,1.0,1.0,1.0,1.0,6.400000000000007e-08,9.72957430722336e-07,2.4434820943910982e-05,0.00013374947225020458,9.429225385560196e-05,9.232037075520052e-05,1,2289
1148,lm,241.474,2.3073497180938278e-10,7.657638024426673e-11,6.788289550889056e-11,8.627569012563921e-11,5.9305862641174525e-18,1.0,1.0,1.0,1.0,6.400000000000007e-08,9.694597074054519e-07,2.4420149399938713e-05,0.00013365502805345267,9.42357358018468e-05,9.226380850981724e-05,1,2291
1149,lm,241.678,2.3037541541523028e-10,7.645841218261174e-11,6.77736282391954e-11,8.614336911396795e-11,5.8794551691840484e-18,1.0,1.0,1.0,1.0,6.400000000000007e-08,9.659802218351528e-07,2.4405515815567035e-05,0.00013356083827110812,9.417937739334316e-05,9.220739163109812e-05,1,2293
1150,lm,241.882,2.300170132949835e-10,7.63408179616114e-11,6.766471147727861e-11,8.6011478027794e-11,5.8282994394374175e-18,1.0,1.0,1.0,1.0,6.400000000000007e-08,9.625189050452313e-07,2.439091996609388e-05,0.00013346690143740728,9.412317770047348e-05,9.215111936753013e-05,1,2295
1151,lm,242.086,2.296597588708108e-10,7.62235954597801e-11,6.755614331160258e-11,8.588001432230771e-11,5.7771204196956884e-18,1.0,1.0,1.0,1.0,6.400000000000007e-08,9.590756647302469e-07,2.4376361627778505e-05,0.00013337321610851644,9.406713580484943e-05,9.209499097488424e-05,1,2297
1152,lm,242.290,2.293036456140057e-10,7.610674256377366e-11,6.744792185379707e-11,8.574897547051019e-11,5.725924763752691e-18,1.0,1.0,1.0,1.0,6.400000000000007e-08,9.556504074632506e-07,2.436184057948365e-05,0.00013327978084630906,9.401125077558832e-05,9.203900571491452e-05,1,2299
1153,lm,242.494,2.2894866705456808e-10,7.599025718919347e-11,6.734004522617237e-11,8.561835896446745e-11,5.674734789543459e-18,1.0,1.0,1.0,1.0,6.400000000000007e-08,9.522429701958922e-07,2.4347356600558113e-05,0.0001331865942228416,9.395552172218095e-05,9.198316285198892e-05,1,2301
1154,lm,242.699,2.2859481677138428e-10,7.58741372580782e-11,6.723251157527754e-11,8.548816231446315e-11,5.623565411137471e-18,1.0,1.0,1.0,1.0,6.400000000000007e-08,9.488533285061049e-07,2.4332909472134766e-05,0.00013309365481651726,9.389994772494441e-05,9.192746165788507e-05,1,2303
1155,lm,242.903,2.2824208839866724e-10,7.575838071481937e-11,6.712531905588477e-11,8.535838305554693e-11,5.572416142340035e-18,1.0,1.0,1.0,1.0,6.400000000000007e-08,9.454813927593035e-07,2.431849897736666e-05,0.00013300096122330495,9.384452790116108e-05,9.187190140991691e-05,1,2305
1156,lm,243.107,2.27890475616572e-10,7.564298552155509e-11,6.701846583638592e-11,8.522901873732226e-11,5.5213087058779495e-18,1.0,1.0,1.0,1.0,6.400000000000007e-08,9.42127011171956e-07,2.430412490095292e-05,0.00013290851204898288,9.378926135057086e-05,9.181648138794585e-05,1,2307
1157,lm,243.312,2.2753997215798137e-10,7.55279496563014e-11,6.69119501010511e-11,8.510006693037315e-11,5.470255674298306e-18,1.0,1.0,1.0,1.0,6.400000000000007e-08,9.387901285882795e-07,2.4289787028098133e-05,0.0001328163059008458,9.373414719424946e-05,9.176120087979751e-05,1,2309
1158,lm,243.516,2.2719057180343995e-10,7.541327111086311e-11,6.680577005212541e-11,8.497152522119439e-11,5.419257017604218e-18,1.0,1.0,1.0,1.0,6.400000000000007e-08,9.354706343728559e-07,2.4275485146124643e-05,0.00013272434140713872,9.367918455165762e-05,9.170605917744999e-05,1,2311
1159,lm,243.700,2.2718860074243323e-10,7.546177521453267e-11,6.734798152745323e-11,8.43764103799945e-11,2.4336204528339988e-15,1.0,1.0,1.0,1.0,1.2800000000000015e-08,9.321684335468909e-07,2.4198619425835105e-05,0.00013230154784577396,9.372491796579143e-05,9.162561221748045e-05,1,2312
1160,lm,243.904,2.2543662362747703e-10,7.488413507875084e-11,6.67966964475135e-11,8.375315360335512e-11,2.6384978575841586e-15,1.0,1.0,1.0,1.0,1.2800000000000015e-08,2.272885732204497e-05,2.4129131733017905e-05,0.00013185472536396048,9.345207020024958e-05,9.135454675413923e-05,1,2314
1161,lm,244.109,2.2371283441046753e-10,7.431744569416265e-11,6.625406773380609e-11,8.313868397078455e-11,2.6370117142462185e-15,1.0,1.0,1.0,1.0,1.2800000000000015e-08,2.236316979828033e-05,2.406033531582593e-05,0.0001314130925636797,9.318307115889015e-05,9.108666672931439e-05,1,2316
1162,lm,244.313,2.2201575126175994e-10,7.375982470256796e-11,6.572019503152318e-11,8.253314858253218e-11,2.5829451366293157e-15,1.0,1.0,1.0,1.0,1.2800000000000015e-08,2.2006897046832048e-05,2.3992281744441396e-05,0.00013097664807812758,9.29176856745075e-05,9.082188826559474e-05,1,2318
1163,lm,244.517,2.2034480212852996e-10,7.32108073102496e-11,6.519504343815905e-11,8.193644861520361e-11,2.502764917695662e-15,1.0,1.0,1.0,1.0,1.2800000000000015e-08,2.1653282826400328e-05,2.3924980438766676e-05,0.0001305453253187664,9.265570658228022e-05,9.056013710531563e-05,1,2320
1164,lm,244.721,2.1869938345207457e-10,7.267010665447511e-11,6.467845774003466e-11,8.134841193413067e-11,2.4071234341102096e-15,1.0,1.0,1.0,1.0,1.2800000000000015e-08,2.1304004537759526e-05,2.3858421065376574e-05,0.00013011902785531343,9.239699003331489e-05,9.030135114490962e-05,1,2322
1165,lm,244.925,2.170788766620135e-10,7.213748733178884e-11,6.417024555970365e-11,8.076884125947836e-11,2.3025110426391857e-15,1.0,1.0,1.0,1.0,1.2800000000000015e-08,2.0960280666189724e-05,2.379258827617741e-05,0.00012969765071030643,9.214142564408577e-05,9.00454729244415e-05,1,2324
1166,lm,245.130,2.1548265959131852e-10,7.161273408989092e-11,6.3670200719104e-11,8.019753144023527e-11,2.193342088301968e-15,1.0,1.0,1.0,1.0,1.2800000000000015e-08,2.0622921511036054e-05,2.3727465556056723e-05,0.0001292810865265903,9.188891941345719e-05,8.979244588724333e-05,1,2326
1167,lm,245.334,2.1391011749409594e-10,7.109564348813301e-11,6.317811428714364e-11,7.963427719091685e-11,2.082527902468734e-15,1.0,1.0,1.0,1.0,1.2800000000000015e-08,2.0292410797499487e-05,2.3663035987560358e-05,0.0001288692275536874,9.16393869846279e-05,8.954221374870682e-05,1,2328
1168,lm,245.538,2.1236064972429538e-10,7.058602071507947e-11,6.269378060764944e-11,7.907887634697418e-11,1.9720545922781874e-15,1.0,1.0,1.0,1.0,1.2800000000000015e-08,1.996902287810027e-05,2.3599282627420964e-05,0.00012846196648553832,9.139275024552499e-05,8.929472081134663e-05,1,2330
1169,lm,245.742,2.108336707600805e-10,7.008367852863591e-11,6.22169971535604e-11,7.85311317337106e-11,1.8633441735966303e-15,1.0,1.0,1.0,1.0,1.2800000000000015e-08,1.9652901606421796e-05,2.353618865892135e-05,0.00012805919729750968,9.11489349662873e-05,8.904991143486995e-05,1,2332
1170,lm,245.946,2.093286132531899e-10,6.958843614337687e-11,6.174756800012753e-11,7.799085185304328e-11,1.75725664220544e-15,1.0,1.0,1.0,1.0,1.2800000000000015e-08,1.9344097142335706e-05,2.3473737616965104e-05,0.00012766081569565645,9.090787005079603e-05,8.880773110564371e-05,1,2334
1171,lm,246.150,2.0784492873892e-10,6.91001197039441e-11,6.12853032586847e-11,7.745785129514344e-11,1.6544811477675065e-15,1.0,1.0,1.0,1.0,1.2800000000000015e-08,1.9042582869671285e-05,2.3411913257578888e-05,0.00012726671928752699,9.066948673362764e-05,8.856812567814416e-05,1,2336
1172,lm,246.354,2.0638208691581962e-10,6.861856162021244e-11,6.083001915536976e-11,7.693195071571403e-11,1.5554245233995875e-15,1.0,1.0,1.0,1.0,1.2800000000000015e-08,1.874831372121065e-05,2.3350699822592717e-05,0.00012687680806800782,9.043371858825557e-05,8.833104240073911e-05,1,2338
1173,lm,246.559,2.049395760491865e-10,6.814360017458711e-11,6.038153859814066e-11,7.641297693397016e-11,1.4603424885509374e-15,1.0,1.0,1.0,1.0,1.2800000000000015e-08,1.846119662225577e-05,2.3290081885653517e-05,0.00012649098447431605,9.020050105287455e-05,8.809642946685294e-05,1,2340
1174,lm,246.763,2.03516903542676e-10,6.767507990076636e-11,5.993969145678822e-11,7.590076276830291e-11,1.3694168185158172e-15,1.0,1.0,1.0,1.0,1.2800000000000015e-08,1.8181123085435644e-05,2.3230044446655767e-05,0.00012610915339455065,8.996977162020585e-05,8.786423634335125e-05,1,2342
1175,lm,246.967,2.0211359347717505e-10,6.721285078256351e-11,5.950431303560429e-11,7.53951469402628e-11,1.2827187444220638e-15,1.0,1.0,1.0,1.0,1.2800000000000015e-08,1.7907976967530112e-05,2.3170572952592922e-05,0.00012573122245085718,8.974146931450248e-05,8.763441371600325e-05,1,2344
1176,lm,247.171,2.007291878329681e-10,6.675676850412551e-11,5.907524521562991e-11,7.489597383789148e-11,1.2002753211759073e-15,1.0,1.0,1.0,1.0,1.2800000000000015e-08,1.7641627822986523e-05,2.311165326098887e-05,0.0001253571017307095,8.951553507541461e-05,8.740691340639644e-05,1,2346
1177,lm,247.376,1.993632440265614e-10,6.630669343451022e-11,5.865233514267229e-11,7.440309339150657e-11,1.122057872322314e-15,1.0,1.0,1.0,1.0,1.2800000000000015e-08,1.738194290600502e-05,2.3053271737158502e-05,0.00012498670416520176,8.929191132179262e-05,8.718168860189423e-05,1,2348
1178,lm,247.580,1.9801533652866237e-10,6.58624914244162e-11,5.823543627965108e-11,7.39163608229181e-11,1.0480016769883813e-15,1.0,1.0,1.0,1.0,1.2800000000000015e-08,1.712877493247987e-05,2.2995415088446202e-05,0.0001246199451529767,8.907054234693087e-05,8.695869375601317e-05,1,2350
1179,lm,247.786,1.9668505469790694e-10,6.542403304436148e-11,5.7824407011671594e-11,7.343563662495426e-11,9.780169195927709e-16,1.0,1.0,1.0,1.0,1.2800000000000015e-08,1.6881983095829017e-05,2.2938070544439257e-05,0.00012425674287748194,8.885137382844038e-05,8.673788450128544e-05,1,2352
1180,lm,247.990,1.9537200195785559e-10,6.499119318123703e-11,5.74191105907228e-11,7.296078618981274e-11,9.119960829982338e-16,1.0,1.0,1.0,1.0,1.2800000000000015e-08,1.664142880916665e-05,2.288122571936934e-05,0.0001238970180323473,8.863435297184157e-05,8.65192176338513e-05,1,2354
1181,lm,248.194,1.9407579695348695e-10,6.456385163298005e-11,5.7019415893847356e-11,7.249167962145673e-11,8.49805202814745e-16,1.0,1.0,1.0,1.0,1.2800000000000015e-08,1.6406957597708447e-05,2.282486867278535e-05,0.00012354069384741057,8.841942902314333e-05,8.630265138337309e-05,1,2356
1182,lm,248.398,1.9279607037086944e-10,6.414189174785162e-11,5.662519550705502e-11,7.202819179854324e-11,7.9131741955692e-16,1.0,1.0,1.0,1.0,1.2800000000000015e-08,1.617843577257093e-05,2.2768987834632222e-05,0.00012318769606067806,8.820655200461674e-05,8.608814487663355e-05,1,2358
1183,lm,248.602,1.915324674702888e-10,6.372520147932012e-11,5.623632774267717e-11,7.157020188451463e-11,7.36363776859987e-16,1.0,1.0,1.0,1.0,1.2800000000000015e-08,1.5955700656445493e-05,2.2713572015411672e-05,0.00012283795268200445,8.799567367222497e-05,8.587565858516839e-05,1,2360
1184,lm,248.806,1.9028464425421432e-10,6.331367222453191e-11,5.5852693841038916e-11,7.111759336148773e-11,6.848271557774743e-16,1.0,1.0,1.0,1.0,1.2800000000000015e-08,1.573862657748051e-05,2.2658610503156992e-05,0.0001224913943065919,8.778674721655121e-05,8.566515388078843e-05,1,2362
1185,lm,249.011,1.8905227001351343e-10,6.290719942937215e-11,5.5474180309862665e-11,7.067025373406831e-11,6.365402103134312e-16,1.0,1.0,1.0,1.0,1.2800000000000015e-08,1.552706277778023e-05,2.260409290296577e-05,0.0001221479536530055,8.75797273907082e-05,8.545659347072774e-05,1,2364
1186,lm,249.215,1.8783502386494262e-10,6.250568144457854e-11,5.510067655484398e-11,7.022807452363368e-11,5.913418864087729e-16,1.0,1.0,1.0,1.0,1.2800000000000015e-08,1.5320873860432728e-05,2.2550009199548467e-05,0.00012180756580616605,8.73745695678396e-05,8.524994082483626e-05,1,2366
1187,lm,249.419,1.8663259711590062e-10,6.2109020638761e-11,5.473207639206421e-11,6.979095098890831e-11,5.490961671131423e-16,1.0,1.0,1.0,1.0,1.2800000000000015e-08,1.5119910805717832e-05,2.2496349701054548e-05,0.00012147016785093268,8.717123148203982e-05,8.504516071391139e-05,1,2368
1188,lm,249.623,1.854446910255649e-10,6.171712224713072e-11,5.436827711711786e-11,6.935878202793375e-11,5.096333825605367e-16,1.0,1.0,1.0,1.0,1.2800000000000015e-08,1.4924047332361132e-05,2.244310511093337e-05,0.00012113569909921732,8.6969671206678e-05,8.484221871997225e-05,1,2370
1189,lm,249.828,1.8427101618769854e-10,6.132989450429972e-11,5.400917889753285e-11,6.893146995683699e-11,4.72829028954266e-16,1.0,1.0,1.0,1.0,1.2800000000000015e-08,1.4733145722185698e-05,2.2390266466662423e-05,0.00012080410076217827,8.67698483144105e-05,8.46410813497269e-05,1,2372
1190,lm,250.032,1.8311129361954346e-10,6.094724882167115e-11,5.3654685782885905e-11,6.850892048938753e-11,4.385255988765146e-16,1.0,1.0,1.0,1.0,1.2800000000000015e-08,1.4547067939543961e-05,2.2337825086269824e-05,0.00012047531617914623,8.657172405562387e-05,8.444171615504016e-05,1,2374
1191,lm,250.236,1.8196525254277146e-10,6.056909908662228e-11,5.330470439620732e-11,6.809104248097917e-11,4.0657896268310347e-16,1.0,1.0,1.0,1.0,1.2800000000000015e-08,1.436568726772613e-05,2.228577262628007e-05,0.00012014929036860208,8.637526013011008e-05,8.424409151286943e-05,1,2376
1192,lm,250.440,1.8083263190763914e-10,6.019536220327882e-11,5.295914491155026e-11,6.76777479334295e-11,3.768593805631227e-16,1.0,1.0,1.0,1.0,1.2800000000000015e-08,1.4188868646424794e-05,2.223410103777439e-05,0.00011982597038344361,8.618041995069782e-05,8.404817674974022e-05,1,2378
1193,lm,250.645,1.7971317801829235e-10,5.982595736107226e-11,5.261791964220571e-11,6.726895176471901e-11,3.4925029535092995e-16,1.0,1.0,1.0,1.0,1.2800000000000015e-08,1.4016492464851358e-05,2.2182802591689288e-05,0.00011950530483841277,8.598716772254167e-05,8.385394188951415e-05,1,2380
1194,lm,250.849,1.7860664590124808e-10,5.946080645484204e-11,5.228094416398321e-11,6.686457168449035e-11,3.2359793247364647e-16,1.0,1.0,1.0,1.0,1.2800000000000015e-08,1.3848428794398895e-05,2.213186980648269e-05,0.0001191872442932458,8.579546871726358e-05,8.3661357921357e-05,1,2382
1195,lm,251.053,1.7751279803445178e-10,5.909983354038289e-11,5.1948136540207485e-11,6.646452815012916e-11,2.9980373228202903e-16,1.0,1.0,1.0,1.0,1.2800000000000015e-08,1.3684555701418481e-05,2.2081295486536753e-05,0.0001188717406933602,8.560528960907181e-05,8.347039660515529e-05,1,2384
1196,lm,251.258,1.764314038515939e-10,5.874296481280587e-11,5.161941713244516e-11,6.606874415725629e-11,2.7774908660322942e-16,1.0,1.0,1.0,1.0,1.2800000000000015e-08,1.3524756321137669e-05,2.2031072710979215e-05,0.00011855874772115828,8.541659759257094e-05,8.328103031499057e-05,1,2386
1197,lm,251.462,1.7536223996321805e-10,5.839012880641607e-11,5.1294708535997665e-11,6.567714530226432e-11,2.5731853998357574e-16,1.0,1.0,1.0,1.0,1.2800000000000015e-08,1.3368906776627845e-05,2.1981194773536846e-05,0.00011824822059528441,8.522936124713121e-05,8.309323232909951e-05,1,2388
1198,lm,251.666,1.7430509033745163e-10,5.804125616309192e-11,5.09739362881588e-11,6.528965946744566e-11,2.384187552531841e-16,1.0,1.0,1.0,1.0,1.2800000000000015e-08,1.3216892095819044e-05,2.1931655262366747e-05,0.00011794011592991245,8.504355017313259e-05,8.29069766904226e-05,1,2390
1199,lm,251.870,1.7325974450387127e-10,5.769627928408407e-11,5.065702743584569e-11,6.490621683925657e-11,2.209446849602738e-16,1.0,1.0,1.0,1.0,1.2800000000000015e-08,1.3068602690945171e-05,2.1882447983325367e-05,0.00011763439182598075,8.485913466146763e-05,8.27222379333202e-05,1,2392
1200,lm,252.075,1.7222599847300882e-10,5.735513255370825e-11,5.034391130445317e-11,6.452674981830518e-11,2.0479654221482794e-16,1.0,1.0,1.0,1.0,1.2800000000000015e-08,1.29239274694135e-05,2.18335669429458e-05,0.00011733100765002344,8.467608612690621e-05,8.253899151062937e-05,1,2394
1201,lm,252.279,1.712036541737831e-10,5.7017752174282155e-11,5.0034519185581704e-11,6.415119292020132e-11,1.8989371792995105e-16,1.0,1.0,1.0,1.0,1.2800000000000015e-08,1.2782748050078992e-05,2.1785006398244225e-05,0.0001170299241536376,8.449437672344314e-05,8.235721331191976e-05,1,2396
1202,lm,252.483,1.7019251933456521e-10,5.668407596312379e-11,4.972878461379233e-11,6.377948260790083e-11,1.7614974825400842e-16,1.0,1.0,1.0,1.0,1.2800000000000015e-08,1.2644961173644978e-05,2.173676082384973e-05,0.00011673110333051663,8.431397970187948e-05,8.217687994923317e-05,1,2398
1203,lm,252.687,1.6919240703591937e-10,5.635404368354046e-11,4.94266425448506e-11,6.341155732158751e-11,1.634859408130811e-16,1.0,1.0,1.0,1.0,1.2800000000000015e-08,1.2510465713029529e-05,2.1688824831048084e-05,0.00011643450834355162,8.4134869055e-05,8.199796873303844e-05,1,2400
1204,lm,252.891,1.6820313535898556e-10,5.6027596346152644e-11,4.9128029885312664e-11,6.304735729494325e-11,1.5183257700973618e-16,1.0,1.0,1.0,1.0,1.2800000000000015e-08,1.2379156394077918e-05,2.164119331093271e-05,0.00011614010361148667,8.39570195728536e-05,8.182045742204307e-05,1,2402
1205,lm,253.096,1.6722452743289815e-10,5.570467661877607e-11,4.883288511324377e-11,6.268682459004637e-11,1.4111083192072197e-16,1.0,1.0,1.0,1.0,1.2800000000000015e-08,1.225093227902045e-05,2.1593861297617118e-05,0.00011584785464729166,8.378040706297705e-05,8.164432449105481e-05,1,2404
1206,lm,253.300,1.662564113414929e-10,5.5385228709320856e-11,4.8541148419331985e-11,6.232990295463029e-11,1.3125820975049573e-16,1.0,1.0,1.0,1.0,1.2800000000000015e-08,1.2125694516896828e-05,2.1546824022262866e-05,0.0001155577279784293,8.36050078890481e-05,8.14695488595275e-05,1,2406
1207,lm,253.504,1.65298619761108e-10,5.506919818838775e-11,4.82527616561959e-11,6.197653770301593e-11,1.2221350843879672e-16,1.0,1.0,1.0,1.0,1.2800000000000015e-08,1.200334864292213e-05,2.1500076862185627e-05,0.00011526969121987376,8.343079947650753e-05,8.129611015025494e-05,1,2408
1208,lm,253.708,1.64350989398778e-10,5.4756531806790915e-11,4.7967667906568504e-11,6.162667576736509e-11,1.1391805352782945e-16,1.0,1.0,1.0,1.0,1.2800000000000015e-08,1.188380307883947e-05,2.1453615415122528e-05,0.00011498371300540453,8.32577596732483e-05,8.112398827163e-05,1,2410
1209,lm,253.912,1.634133617393173e-10,5.4447177924344526e-11,4.7685811995309316e-11,6.128026550225863e-11,1.0631740484874481e-16,1.0,1.0,1.0,1.0,1.2800000000000015e-08,1.1766958725208841e-05,2.140743535114834e-05,0.00011469976289205776,8.308586746656938e-05,8.095316391213339e-05,1,2412
1210,lm,254.116,1.624855817076314e-10,5.414108580538313e-11,4.7407139821021636e-11,6.093725671997122e-11,9.936125540567655e-17,1.0,1.0,1.0,1.0,1.2800000000000015e-08,1.165273523499332e-05,2.136153257601413e-05,0.00011441781127523492,8.291510212900747e-05,8.078361804590355e-05,1,2414
1211,lm,254.321,1.615674986457779e-10,5.3838206232634185e-11,4.71315988127893e-11,6.059760059450066e-11,9.30058537404598e-17,1.0,1.0,1.0,1.0,1.2800000000000015e-08,1.1541040893046551e-05,2.131590309006462e-05,0.00011413782954300775,8.274544389169561e-05,8.061533216750102e-05,1,2416
1212,lm,254.525,1.606589651996716e-10,5.3538490845609574e-11,4.685913760095001e-11,6.026124955286092e-11,8.720025112118503e-17,1.0,1.0,1.0,1.0,1.2800000000000015e-08,1.1431792879737795e-05,2.127054307654893e-05,0.00011385978988693454,8.257687360694689e-05,8.044828836474084e-05,1,2418
1213,lm,254.729,1.5975983791054602e-10,5.324189265083135e-11,4.6589706005366466e-11,5.992815734646604e-11,8.190788219766873e-17,1.0,1.0,1.0,1.0,1.2800000000000015e-08,1.132490493717014e-05,2.1225448839725695e-05,0.00011358366537045781,8.240937287144096e-05,8.028246902996408e-05,1,2420
1214,lm,254.933,1.5886997659707365e-10,5.294836547262656e-11,4.6323255156135685e-11,5.959827888179914e-11,7.708651227923954e-17,1.0,1.0,1.0,1.0,1.2800000000000015e-08,1.1220302900081618e-05,2.1180616786817533e-05,0.00011330942973257234,8.224292376776277e-05,8.011785708809684e-05,1,2422
1215,lm,255.139,1.5798924426696152e-10,5.265786433128666e-11,4.605973703476583e-11,5.927157019128077e-11,7.270962828979977e-17,1.0,1.0,1.0,1.0,1.2800000000000015e-08,1.1117905136195657e-05,2.1136043482728407e-05,0.00011303705749366751,8.207750923253035e-05,7.99544357665001e-05,1,2424
1216,lm,255.343,1.5711750751385407e-10,5.237034520534591e-11,4.579910514478828e-11,5.894798842909953e-11,6.873462033832823e-17,1.0,1.0,1.0,1.0,1.2800000000000015e-08,1.1017635084327038e-05,2.109172557760053e-05,0.00011276652387985735,8.19131124529133e-05,7.979218884834917e-05,1,2426
1217,lm,255.548,1.5625463556031767e-10,5.2085764986003596e-11,4.554131365141415e-11,5.862749178527161e-11,6.513762829279189e-17,1.0,1.0,1.0,1.0,1.2800000000000015e-08,1.09194220384143e-05,2.1047659878865827e-05,0.00011249780485939527,8.174971750508286e-05,7.96311003564493e-05,1,2428
1218,lm,255.752,1.5540050067728784e-10,5.180408143070456e-11,4.5286317903151025e-11,5.831003945980053e-11,6.188363174876541e-17,1.0,1.0,1.0,1.0,1.2800000000000015e-08,1.0823194187951382e-05,2.1003843274841173e-05,0.00011223087702017758,8.158730899055736e-05,7.947115489472896e-05,1,2430
1219,lm,255.956,1.5455497809447947e-10,5.152525340081333e-11,4.503407414645389e-11,5.799559159058371e-11,5.895662855173504e-17,1.0,1.0,1.0,1.0,1.2800000000000015e-08,1.0728877901717035e-05,2.096027274944325e-05,0.00011196571752885755,8.142587180753205e-05,7.931233717824472e-05,1,2432
1220,lm,256.160,1.5371794564334805e-10,5.12492402545346e-11,4.4784539805829636e-11,5.7684109259232124e-11,5.632375167200805e-17,1.0,1.0,1.0,1.0,1.2800000000000015e-08,1.0636412764658447e-05,2.0916945407413946e-05,0.00011170230422925975,8.126539170060453e-05,7.915463256597797e-05,1,2434
1221,lm,256.364,1.5288928384403158e-10,5.0976002536187954e-11,4.453767291947507e-11,5.737555441873225e-11,5.3969636313582814e-17,1.0,1.0,1.0,1.0,1.2800000000000015e-08,1.054572951407569e-05,2.087385843663595e-05,0.00011144061553069344,8.110585479112027e-05,7.899802650827201e-05,1,2436
1222,lm,256.569,1.5206887546584793e-10,5.0705501334446324e-11,4.4293432423748744e-11,5.7069889834463935e-11,5.187318893066713e-17,1.0,1.0,1.0,1.0,1.2800000000000015e-08,1.0456770464221549e-05,2.0831009122938296e-05,0.00011118063037815346,8.094724762941842e-05,7.884250492821755e-05,1,2438
1223,lm,256.773,1.5125660610122754e-10,5.0437698604598354e-11,4.405177835404322e-11,5.676707912671691e-11,5.001586906888083e-17,1.0,1.0,1.0,1.0,1.2800000000000015e-08,1.036946768586082e-05,2.0788394833646333e-05,0.00011092232828144637,8.078955743279413e-05,7.868805407077935e-05,1,2440
1224,lm,256.977,1.5045236343497056e-10,5.0172557069346314e-11,4.3812671310872284e-11,5.6467086676569826e-11,4.837818214480246e-17,1.0,1.0,1.0,1.0,1.2800000000000015e-08,1.0283767577521193e-05,2.0746013029215582e-05,0.00011066568924999855,8.063277166185529e-05,7.853466044445243e-05,1,2442
1225,lm,257.181,1.4965603745059845e-10,4.9910040096986884e-11,4.357607281406206e-11,5.616987759145301e-11,4.6948096498029653e-17,1.0,1.0,1.0,1.0,1.2800000000000015e-08,1.01996124393706e-05,2.0703861231991787e-05,0.00011041069372230799,8.047687835375115e-05,7.8382310908634e-05,1,2444
1226,lm,257.385,1.4886752028996947e-10,4.9650111791721096e-11,4.334194507215991e-11,5.587541771372197e-11,4.571236649592098e-17,1.0,1.0,1.0,1.0,1.2800000000000015e-08,1.011694737699762e-05,2.0661937047299808e-05,0.00011015732271163862,8.032186596230007e-05,7.823099259082807e-05,1,2446
1227,lm,257.589,1.4808670621926702e-10,4.9392736934085893e-11,4.31102511021562e-11,5.558367352533491e-11,4.4657690025724555e-17,1.0,1.0,1.0,1.0,1.2800000000000015e-08,1.0035719726067772e-05,2.0620238134420897e-05,0.00010990555757148471,8.016772332503684e-05,7.808069290658046e-05,1,2448
1228,lm,257.794,1.4731349145895533e-10,4.913788090495347e-11,4.2880954608915676e-11,5.529461217380649e-11,4.377127968831288e-17,1.0,1.0,1.0,1.0,1.2800000000000015e-08,9.9558810754019e-06,2.057876224891409e-05,0.00010965538010464304,8.001443945519878e-05,7.793139945289246e-05,1,2450
1229,lm,257.998,1.465477742194368e-10,4.8885509801347075e-11,4.2654019917220595e-11,5.500820145337042e-11,4.3047498709151394e-17,1.0,1.0,1.0,1.0,1.2800000000000015e-08,9.877379591229696e-06,2.0537507218257775e-05,0.00010940677264910304,7.986200419551777e-05,7.778310024092953e-05,1,2452
1230,lm,258.202,1.4578945480113988e-10,4.86355903102585e-11,4.2429412282494974e-11,5.4724409737151126e-11,4.247123528078711e-17,1.0,1.0,1.0,1.0,1.2800000000000015e-08,9.800169504187112e-06,2.0496470889969177e-05,0.00010915971780423389,7.971040747454249e-05,7.76357835630472e-05,1,2454
1231,lm,258.406,1.4503843486387112e-10,4.838808958705015e-11,4.220709724950595e-11,5.4443205989066066e-11,4.203824896782356e-17,1.0,1.0,1.0,1.0,1.2800000000000015e-08,9.724210534768042e-06,2.0455651200394247e-05,0.00010891419854068817,7.955963953153935e-05,7.74894376788751e-05,1,2456
1232,lm,258.610,1.442946181384359e-10,4.814297549580382e-11,4.1987041172009255e-11,5.416455972907177e-11,4.174155107383267e-17,1.0,1.0,1.0,1.0,1.2800000000000015e-08,9.649451782957113e-06,2.0415046122564884e-05,0.00010867019827958581,7.94096910351784e-05,7.73440513505782e-05,1,2458
1233,lm,258.815,1.4355791019490305e-10,4.7900216490059786e-11,4.176921114797123e-11,5.388844098459348e-11,4.157227856305899e-17,1.0,1.0,1.0,1.0,1.2800000000000015e-08,9.575854118410383e-06,2.03746536995178e-05,0.00010842770075090011,7.926055301443821e-05,7.719961353432265e-05,1,2460
1234,lm,259.019,1.4282821787064307e-10,4.765978146018767e-11,4.155357459094222e-11,5.361482029338557e-11,4.1526127583159585e-17,1.0,1.0,1.0,1.0,1.2800000000000015e-08,9.503382785075169e-06,2.0334472030770813e-05,0.0001081866900089676,7.91122166356856e-05,7.705611329118168e-05,1,2462
1235,lm,259.223,1.4210544981444435e-10,4.7421639808518176e-11,4.1340099675081105e-11,5.3343668736225155e-11,4.1594619896611706e-17,1.0,1.0,1.0,1.0,1.2800000000000015e-08,9.431994233607508e-06,2.0294499233648097e-05,0.00010794715044478208,7.896467340255927e-05,7.691353998425772e-05,1,2464
1236,lm,259.427,1.4138951635454773e-10,4.7185761554871265e-11,4.1128755227426074e-11,5.307495779565863e-11,4.1776591765504536e-17,1.0,1.0,1.0,1.0,1.2800000000000015e-08,9.361650632929156e-06,2.025473349835042e-05,0.00010770906677462001,7.881791525052213e-05,7.677188319088765e-05,1,2466
1237,lm,259.631,1.4068032910201505e-10,4.695211720376073e-11,4.091951036691442e-11,5.280865946647518e-11,4.206486470251316e-17,1.0,1.0,1.0,1.0,1.2800000000000015e-08,9.292323879666095e-06,2.0215173049591643e-05,0.0001074724239794745,7.867193425818509e-05,7.663113260708561e-05,1,2468
1238,lm,259.836,1.3997780117484337e-10,4.672067765874815e-11,4.071233490520929e-11,5.254474615366465e-11,4.2457221274762774e-17,1.0,1.0,1.0,1.0,1.2800000000000015e-08,9.22397782578539e-06,2.0175816131665107e-05,0.00010723720731824406,7.852672265099446e-05,7.649127817586817e-05,1,2470
1239,lm,260.040,1.3928184716644192e-10,4.649141433518479e-11,4.0507199208179055e-11,5.228319067565041e-11,4.2947427679653415e-17,1.0,1.0,1.0,1.0,1.2800000000000015e-08,9.156578127051038e-06,2.0136661069240732e-05,0.00010700340230630083,7.838227307616382e-05,7.635231005705687e-05,1,2472
1240,lm,260.244,1.385923829533562e-10,4.626429915511746e-11,4.030407397976113e-11,5.202396628294662e-11,4.353553101675193e-17,1.0,1.0,1.0,1.0,1.2800000000000015e-08,9.090096227544151e-06,2.009770617078325e-05,0.00010677099479405572,7.823857827650568e-05,7.621421848721051e-05,1,2474
1241,lm,260.448,1.3790932589140543e-10,4.60393044405653e-11,4.0102930630803264e-11,5.176704660554197e-11,4.421449490416283e-17,1.0,1.0,1.0,1.0,1.2800000000000015e-08,9.024502188752114e-06,2.00589498475749e-05,0.00010653997085084651,7.80956312839257e-05,7.607699400219975e-05,1,2476
1242,lm,260.652,1.3723259449796496e-10,4.581640297076064e-11,3.9903740899453353e-11,5.1512405644360214e-11,4.4983390777188894e-17,1.0,1.0,1.0,1.0,1.2800000000000015e-08,8.95977002989324e-06,2.00203904839898e-05,0.00010631031678573706,7.795342527766998e-05,7.594062717472546e-05,1,2478
1243,lm,260.856,1.3656210861770084e-10,4.5595567928093917e-11,3.9706477049376336e-11,5.1260017802049337e-11,4.5838181276906175e-17,1.0,1.0,1.0,1.0,1.2800000000000015e-08,8.895874039784632e-06,1.9982026509587697e-05,0.0001060820191141293,7.781195373224002e-05,7.580510887367209e-05,1,2480
1244,lm,261.060,1.3589778931421567e-10,4.537677293050413e-11,3.9511111787482156e-11,5.100985782246659e-11,4.677376280118116e-17,1.0,1.0,1.0,1.0,1.2800000000000015e-08,8.832784625633349e-06,1.9943856395346537e-05,0.00010585506459316794,7.767121004693355e-05,7.567042993295148e-05,1,2482
1245,lm,261.265,1.352395588034566e-10,4.515999205272984e-11,3.931761821653366e-11,5.0761900741760126e-11,4.779243296590011e-17,1.0,1.0,1.0,1.0,1.2800000000000015e-08,8.770481075135002e-06,1.990587864233212e-05,0.000105629440228991,7.753118821060773e-05,7.553658156121505e-05,1,2484
1246,lm,261.469,1.3458734067406316e-10,4.494519969179463e-11,3.912597010462414e-11,5.051612199113333e-11,4.888651106473486e-17,1.0,1.0,1.0,1.0,1.2800000000000015e-08,8.708938579714407e-06,1.9868091759072295e-05,0.0001054051332406433,7.739188189683414e-05,7.540355494493953e-05,1,2486
1247,lm,261.682,1.3394105946129552e-10,4.473237070709313e-11,3.893614140275235e-11,5.027249729595853e-11,5.0055491514573494e-17,1.0,1.0,1.0,1.0,1.2800000000000015e-08,8.648138406202685e-06,1.9830494294235034e-05,0.00010518213098258601,7.72532852562856e-05,7.527134146722008e-05,1,2488
1248,lm,261.887,1.333006407673844e-10,4.452148021158093e-11,3.874810653677436e-11,5.003100272280503e-11,5.129622408715625e-17,1.0,1.0,1.0,1.0,1.2800000000000015e-08,8.588058812523812e-06,1.9793084820169048e-05,0.00010496042107293147,7.711539247719301e-05,7.513993264767254e-05,1,2490
1249,lm,262.091,1.3266601150641992e-10,4.431250382167852e-11,3.856184044702723e-11,4.9791614633650856e-11,5.260406332837349e-17,1.0,1.0,1.0,1.0,1.2800000000000015e-08,8.528678833141695e-06,1.9755861912444723e-05,0.00010473999126431835,7.697819778736257e-05,7.500932009585993e-05,1,2492
1250,lm,262.296,1.3203709945694434e-10,4.410541746904915e-11,3.8377318332001725e-11,4.9554309681897026e-11,5.397399645468923e-17,1.0,1.0,1.0,1.0,1.2800000000000015e-08,8.469980419422201e-06,1.971882421119369e-05,0.00010452082957170832,7.684169569223686e-05,7.48794956217859e-05,1,2494
1251,lm,262.500,1.3141383358150034e-10,4.3900197467618185e-11,3.8194515906075595e-11,4.9319064798655205e-11,5.540915136014175e-17,1.0,1.0,1.0,1.0,1.2800000000000015e-08,8.411946016500912e-06,1.9681970320322745e-05,0.00010430292409361503,7.670588080675158e-05,7.475045111109236e-05,1,2496
1252,lm,262.704,1.307961438343625e-10,4.369682044277885e-11,3.801340926561296e-11,4.9085857225434287e-11,5.69005364047997e-17,1.0,1.0,1.0,1.0,1.2800000000000015e-08,8.354556864908977e-06,1.9645298913892986e-05,0.00010408626320070154,7.657074769312706e-05,7.462217854566652e-05,1,2498
1253,lm,262.909,1.3018396110380348e-10,4.3495263373561825e-11,3.7833974837485907e-11,4.8854664446439143e-11,5.844631659440771e-17,1.0,1.0,1.0,1.0,1.2800000000000015e-08,8.29780135756282e-06,1.9608808638144654e-05,0.00010387083530283879,7.643629109540859e-05,7.449467003564243e-05,1,2500
1254,lm,263.113,1.295772172724659e-10,4.3295503609994427e-11,3.765618938178156e-11,4.8625464238393436e-11,6.004229646798462e-17,1.0,1.0,1.0,1.0,1.2800000000000015e-08,8.241660787008413e-06,1.9572498202566127e-05,0.00010365662912940487,7.630250601801651e-05,7.436791782990281e-05,1,2502
1255,lm,263.317,1.2897584533374877e-10,4.3097518832219183e-11,3.748003017112121e-11,4.839823464416709e-11,6.168624127086294e-17,1.0,1.0,1.0,1.0,1.2800000000000015e-08,8.186120503776648e-06,1.953636629494241e-05,0.000103443633431342,7.616938732297004e-05,7.424191424458845e-05,1,2504
1256,lm,263.521,1.2837977894977683e-10,4.290128695902624e-11,3.7305474659630284e-11,4.817295395674505e-11,6.337437525090212e-17,1.0,1.0,1.0,1.0,1.2800000000000015e-08,8.131170621703468e-06,1.9500411643880264e-05,0.00010323183721546282,7.603693004146505e-05,7.411665172394439e-05,1,2506
1257,lm,265.051,1.2778895300901559e-10,4.270678634668042e-11,3.7132500850675095e-11,4.794960071197853e-11,6.509968152756576e-17,1.0,1.0,1.0,1.0,1.2800000000000015e-08,8.076791374382304e-06,1.9464632981685593e-05,0.00010302122957563835,7.590512937851588e-05,7.399212286031145e-05,1,2508
1258,lm,265.258,1.272033030155851e-10,4.251399558941009e-11,3.69610868637208e-11,4.7728153701506803e-11,6.686094738498319e-17,1.0,1.0,1.0,1.0,1.2800000000000015e-08,8.022975898583138e-06,1.9429029060332496e-05,0.0001028117997622876,7.577398036295743e-05,7.386832016643093e-05,1,2510
1259,lm,265.462,1.2662276571115686e-10,4.23228936088287e-11,3.679121148034739e-11,4.750859196876977e-11,6.865321101538651e-17,1.0,1.0,1.0,1.0,1.2800000000000015e-08,7.969707382499478e-06,1.939359862984588e-05,0.00010260353720010885,7.564347833541367e-05,7.374523647826016e-05,1,2512
1260,lm,266.551,1.260472783836352e-10,4.213345965749034e-11,3.6622853474948636e-11,4.7290894780630104e-11,7.047056611743147e-17,1.0,1.0,1.0,1.0,1.2800000000000015e-08,7.916980790463504e-06,1.935834046835212e-05,0.00010239643137219957,7.551361859445281e-05,7.362286457169582e-05,1,2514
1261,lm,266.755,1.2547677941425662e-10,4.194567324829749e-11,3.645599220802089e-11,4.707504164551511e-11,7.231242313277508e-17,1.0,1.0,1.0,1.0,1.2800000000000015e-08,7.86478007717295e-06,1.9323253386176815e-05,0.00010219047199405682,7.538439647344748e-05,7.350119731780692e-05,1,2516
1262,lm,266.960,1.249112079219266e-10,4.1759514213257906e-11,3.629060721338343e-11,4.686101232419522e-11,7.417109003351405e-17,1.0,1.0,1.0,1.0,1.2800000000000015e-08,7.813097434607166e-06,1.92883361436391e-05,0.00010198564886853776,7.52558073208971e-05,7.33802277857925e-05,1,2518
1263,lm,267.164,1.2435050384159842e-10,4.1574962589651066e-11,3.612667845873987e-11,4.664878675204617e-11,7.604116131019182e-17,1.0,1.0,1.0,1.0,1.2800000000000015e-08,7.76192312361273e-06,1.925358759814675e-05,0.00010178195200897142,7.512784680847283e-05,7.325994903293762e-05,1,2520
1264,lm,267.368,1.2379460808633392e-10,4.1391998856222325e-11,3.5964186165948694e-11,4.643834514221365e-11,7.792194924114417e-17,1.0,1.0,1.0,1.0,1.2800000000000015e-08,7.711244402073193e-06,1.9219006548785196e-05,0.00010157937137400744,7.500051025954484e-05,7.31403541721049e-05,1,2522
1265,lm,267.572,1.2324346226937113e-10,4.1210603669022734e-11,3.580311090963539e-11,4.622966788689442e-11,7.980381857629104e-17,1.0,1.0,1.0,1.0,1.2800000000000015e-08,7.661056652228698e-06,1.91845918282223e-05,0.00010137789723826878,7.487379322572123e-05,7.302143650857374e-05,1,2524
1266,lm,267.776,1.2269700876365943e-10,4.103075796574808e-11,3.564343349104433e-11,4.602273561739433e-11,8.168947268515783e-17,1.0,1.0,1.0,1.0,1.2800000000000015e-08,7.6113517316585664e-06,1.915034228967239e-05,0.00010117751987855391,7.474769141618999e-05,7.290318934730082e-05,1,2526
1267,lm,267.980,1.2215519082777445e-10,4.085244294538102e-11,3.548513512068301e-11,4.581752919416533e-11,8.356754508929505e-17,1.0,1.0,1.0,1.0,1.2800000000000015e-08,7.5621171502642715e-06,1.9116256776155383e-05,0.00010097822974166919,7.462220043472816e-05,7.278560608165202e-05,1,2528
1268,lm,268.184,1.2161795244263985e-10,4.0675640102028915e-11,3.5328197237882574e-11,4.561402966836922e-11,8.543435915472439e-17,1.0,1.0,1.0,1.0,1.2800000000000015e-08,7.513347638457263e-06,1.9082334162027518e-05,0.0001007800173850329,7.449731585419523e-05,7.266868015242272e-05,1,2530
1269,lm,268.389,1.2108523838601487e-10,4.0500331206633045e-11,3.517260157416814e-11,4.5412218316547734e-11,8.728866593083669e-17,1.0,1.0,1.0,1.0,1.2800000000000015e-08,7.4650343714831145e-06,1.9048573319882137e-05,0.00010058287352703721,7.43730334066325e-05,7.255240514068938e-05,1,2532
1270,lm,268.593,1.2055699422394029e-10,4.032649823111247e-11,3.501833026519756e-11,4.521207660346737e-11,8.912416286356866e-17,1.0,1.0,1.0,1.0,1.2800000000000015e-08,7.41717179226527e-06,1.9014973142321423e-05,0.00010038678893484489,7.424934888285891e-05,7.243677467889031e-05,1,2534
1271,lm,268.797,1.2003316616189962e-10,4.0154123449033374e-11,3.4865365557127744e-11,4.501358622194498e-11,9.09337935280753e-17,1.0,1.0,1.0,1.0,1.2800000000000015e-08,7.3697531464261315e-06,1.8981532514192616e-05,0.00010019175451914412,7.412625796523937e-05,7.232178241882831e-05,1,2536
1272,lm,269.001,1.1951370120970426e-10,3.998318936899204e-11,3.471369006046394e-11,4.4816729061317825e-11,9.271893044018466e-17,1.0,1.0,1.0,1.0,1.2800000000000015e-08,7.322769134384054e-06,1.8948250333746715e-05,9.999776128577475e-05,7.400375648272739e-05,7.220742214514379e-05,1,2538
1273,lm,269.205,1.189985472400661e-10,3.9813678802721625e-11,3.4563286777422556e-11,4.4621487189208165e-11,9.447071378202874e-17,1.0,1.0,1.0,1.0,1.2800000000000015e-08,7.276212715914481e-06,1.8915125517551056e-05,9.980480036730467e-05,7.388184018599172e-05,7.209368768552539e-05,1,2540
1274,lm,269.409,1.1848765258846305e-10,3.9645574704627185e-11,3.4414138766155555e-11,4.442784293314411e-11,9.618453618508591e-17,1.0,1.0,1.0,1.0,1.2800000000000015e-08,7.230083576805529e-06,1.8882156980549707e-05,9.961286302282006e-05,7.376050489305857e-05,7.198057291655435e-05,1,2542
1275,lm,269.613,1.1798096650114062e-10,3.947886035352312e-11,3.4266229527740936e-11,4.423577876009926e-11,9.785977729856954e-17,1.0,1.0,1.0,1.0,1.2800000000000015e-08,7.184369975903368e-06,1.884934366644873e-05,9.942194060601058e-05,7.363974657669611e-05,7.186807184217294e-05,1,2544
1276,lm,269.818,1.1747843880099262e-10,3.931351921253159e-11,3.4119542736318094e-11,4.4045277360139284e-11,9.949200364464634e-17,1.0,1.0,1.0,1.0,1.2800000000000015e-08,7.139068248953662e-06,1.8816684508842082e-05,9.923202452641971e-05,7.351956098177495e-05,7.175617841618928e-05,1,2546
1277,lm,270.022,1.1698002007626027e-10,3.914953502743691e-11,3.3974062369224467e-11,4.385632160575321e-11,1.0107384568558805e-16,1.0,1.0,1.0,1.0,1.2800000000000015e-08,7.094172096092067e-06,1.8784178436129084e-05,9.90431063800483e-05,7.339994401630018e-05,7.164488676412912e-05,1,2548
1278,lm,270.226,1.1648566162336083e-10,3.898689173892469e-11,3.3829772693007444e-11,4.366889458518303e-11,1.0260624567485728e-16,1.0,1.0,1.0,1.0,1.2800000000000015e-08,7.04967472284647e-06,1.8751824408720273e-05,9.885517780695864e-05,7.328089164113627e-05,7.153419105227906e-05,1,2550
1279,lm,270.430,1.1599531533767837e-10,3.882557353172063e-11,3.368665817572061e-11,4.348297954659845e-11,1.0408363869750322e-16,1.0,1.0,1.0,1.0,1.2800000000000015e-08,7.0055735821765145e-06,1.871962138981893e-05,9.866823056757641e-05,7.316239976012138e-05,7.142408547523283e-05,1,2552
1280,lm,270.634,1.155089338086561e-10,3.866556481276122e-11,3.354470351505132e-11,4.329855997807721e-11,1.0550276637753924e-16,1.0,1.0,1.0,1.0,1.2800000000000015e-08,6.961861013645999e-06,1.868756836440708e-05,9.848225659424817e-05,7.304446431834189e-05,7.131456433613444e-05,1,2554
1281,lm,270.838,1.1502647035145094e-10,3.850685021930546e-11,3.340389375856297e-11,4.3115619512324045e-11,1.0686125848314127e-16,1.0,1.0,1.0,1.0,1.2800000000000015e-08,6.9185312524029185e-06,1.8655664286033722e-05,9.829724777069178e-05,7.292708126116016e-05,7.120562193556787e-05,1,2556
1282,lm,271.042,1.1454787886291926e-10,3.834941460186467e-11,3.326421410420175e-11,4.293414200242059e-11,1.0815443224105797e-16,1.0,1.0,1.0,1.0,1.2800000000000015e-08,6.8755814069210115e-06,1.8623908159590628e-05,9.811319619058133e-05,7.281024661418585e-05,7.109725268397914e-05,1,2558
1283,lm,271.247,1.1407311391193261e-10,3.81932430125722e-11,3.312565005524173e-11,4.2754111462007756e-11,1.093821109237521e-16,1.0,1.0,1.0,1.0,1.2800000000000015e-08,6.833006385963121e-06,1.8592298972064588e-05,9.793009403884364e-05,7.269395636312752e-05,7.09894510405402e-05,1,2560
1284,lm,271.451,1.1360213068470612e-10,3.8038320745405755e-11,3.2988187292312155e-11,4.2575512105130666e-11,1.1054185754560632e-16,1.0,1.0,1.0,1.0,1.2800000000000015e-08,6.790800338777974e-06,1.8560835720229475e-05,9.774793355673993e-05,7.25782065583001e-05,7.08822115238705e-05,1,2562
1285,lm,271.655,1.1313488497944223e-10,3.788463326426248e-11,3.2851811760232414e-11,4.239832832669636e-11,1.1162825099248792e-16,1.0,1.0,1.0,1.0,1.2800000000000015e-08,6.748959080735305e-06,1.85295174316265e-05,9.756670713125498e-05,7.246299313125653e-05,7.077552870179728e-05,1,2564
1286,lm,271.859,1.1267133329915586e-10,3.7732166277339e-11,3.2716509675790216e-11,4.222254470373685e-11,1.1264228981092412e-16,1.0,1.0,1.0,1.0,1.2800000000000015e-08,6.707475965132378e-06,1.8498343101479463e-05,9.738640719343978e-05,7.234831225348725e-05,7.066939717533572e-05,1,2566
1287,lm,272.063,1.122114327042058e-10,3.7580905731181843e-11,3.258226739348633e-11,4.2048145995742775e-11,1.1358379484590992e-16,1.0,1.0,1.0,1.0,1.2800000000000015e-08,6.666349156037771e-06,1.8467311777204824e-05,9.720702631510546e-05,7.223415997766496e-05,7.056381167998347e-05,1,2568
1288,lm,272.267,1.1175514087145217e-10,3.743083768483621e-11,3.2449071590225836e-11,4.187511714876215e-11,1.1444762797745271e-16,1.0,1.0,1.0,1.0,1.2800000000000015e-08,6.625572847390282e-06,1.8436422472454055e-05,9.7028557113544e-05,7.212053236952976e-05,7.045876693105525e-05,1,2570
1289,lm,272.471,1.1130241606617356e-10,3.728194845344499e-11,3.2316909096408796e-11,4.1703443285508755e-11,1.1523081101727083e-16,1.0,1.0,1.0,1.0,1.2800000000000015e-08,6.585143183423252e-06,1.8405674238734628e-05,9.685099231842594e-05,7.200742556378676e-05,7.035425772510349e-05,1,2572
1290,lm,272.675,1.1085321716424963e-10,3.713422454755199e-11,3.218576696983182e-11,4.1533109709844644e-11,1.1593702117256118e-16,1.0,1.0,1.0,1.0,1.2800000000000015e-08,6.545054342158064e-06,1.8375066128200808e-05,9.667432479794267e-05,7.189483571793972e-05,7.025027891703079e-05,1,2574
1291,lm,272.880,1.1040750362494696e-10,3.698765265657382e-11,3.205563251288817e-11,4.1364101889746714e-11,1.1656573825993995e-16,1.0,1.0,1.0,1.0,1.2800000000000015e-08,6.505303989437997e-06,1.834459718585577e-05,9.649854741829906e-05,7.178275891260703e-05,7.014682541805269e-05,1,2576
1292,lm,273.084,1.0996523544667355e-10,3.684221965367072e-11,3.192649317963374e-11,4.119640550143916e-11,1.171119299188556e-16,1.0,1.0,1.0,1.0,1.2800000000000015e-08,6.465886621755957e-06,1.831426648119654e-05,9.632365320859279e-05,7.167119134507566e-05,7.004389220576898e-05,1,2578
1293,lm,273.288,1.0952637326929326e-10,3.669791262664786e-11,3.179833671249682e-11,4.103000635359638e-11,1.175765522039753e-16,1.0,1.0,1.0,1.0,1.2800000000000015e-08,6.426797075305111e-06,1.828407310188245e-05,9.61496353019994e-05,7.156012919988412e-05,6.994147426177139e-05,1,2580
1294,lm,273.492,1.0909087826866909e-10,3.655471885504643e-11,3.1671151010598753e-11,4.086489044161326e-11,1.1796141064541956e-16,1.0,1.0,1.0,1.0,1.2800000000000015e-08,6.388032704563462e-06,1.8254016107657995e-05,9.597648682446841e-05,7.144956873561957e-05,6.983956669038462e-05,1,2582
1295,lm,273.696,1.0865871212708086e-10,3.6412625762413e-11,3.154492415859907e-11,4.0701043940865324e-11,1.1826520346319086e-16,1.0,1.0,1.0,1.0,1.2800000000000015e-08,6.349588668978696e-06,1.8224094590870798e-05,9.580420108970342e-05,7.133950613129081e-05,6.973816460597347e-05,1,2584
1296,lm,273.900,1.0822983715736452e-10,3.627162098099641e-11,3.141964447875475e-11,4.0538453210811156e-11,1.184868022118271e-16,1.0,1.0,1.0,1.0,1.2800000000000015e-08,6.3114614274422134e-06,1.819430765199636e-05,9.563277140912162e-05,7.122993766461904e-05,6.963726317998196e-05,1,2586
1297,lm,274.104,1.0780421615324443e-10,3.613169230646806e-11,3.129530045844168e-11,4.037710476064263e-11,1.1862769206470472e-16,1.0,1.0,1.0,1.0,1.2800000000000015e-08,6.273645848572915e-06,1.8164654397107653e-05,9.5462191271482e-05,7.112085957410394e-05,6.95368576339497e-05,1,2588
1298,lm,274.309,1.0738181249045113e-10,3.5992827735980364e-11,3.117188079638217e-11,4.021698526813436e-11,1.1868995424833277e-16,1.0,1.0,1.0,1.0,1.2800000000000015e-08,6.236138992401296e-06,1.8135133929314336e-05,9.529245421469339e-05,7.101226822769788e-05,6.943694328682893e-05,1,2590
1299,lm,274.513,1.0696259002457152e-10,3.585501540920268e-11,3.104937435696788e-11,4.005808158739871e-11,1.1867100226649276e-16,1.0,1.0,1.0,1.0,1.2800000000000015e-08,6.198936316653233e-06,1.810574536654335e-05,9.512355377309258e-05,7.090415989866901e-05,6.93375154453552e-05,1,2592
1300,lm,274.717,1.0654651319824072e-10,3.5718243655733066e-11,3.092777024833616e-11,3.990038072057187e-11,1.185735996223896e-16,1.0,1.0,1.0,1.0,1.2800000000000015e-08,6.1620330059244575e-06,1.8076487845244573e-05,9.49554837056809e-05,7.079653090212424e-05,6.923856946093604e-05,1,2594
1301,lm,274.921,1.0613354690982972e-10,3.558250098063481e-11,3.0807057683639427e-11,3.974386984661915e-11,1.1839893634492334e-16,1.0,1.0,1.0,1.0,1.2800000000000015e-08,6.125427262109717e-06,1.8047360482123225e-05,9.478823774221841e-05,7.068937761651591e-05,6.914010081950455e-05,1,2596
1302,lm,275.125,1.0572365661502956e-10,3.544777603854394e-11,3.06872261072283e-11,3.958853632122401e-11,1.1814803329356786e-16,1.0,1.0,1.0,1.0,1.2800000000000015e-08,6.089112953844286e-06,1.8018362434039604e-05,9.462180979510134e-05,7.058269644602486e-05,6.904210500887748e-05,1,2598
1303,lm,275.330,1.0531680819437863e-10,3.531405762967365e-11,3.056826509372682e-11,3.9434367649808785e-11,1.178211693575987e-16,1.0,1.0,1.0,1.0,1.2800000000000015e-08,6.053089187171133e-06,1.7989492856213808e-05,9.445619375789103e-05,7.047648378011046e-05,6.894457751386598e-05,1,2600
1304,lm,275.534,1.049129681184677e-10,3.51813347830955e-11,3.045016444290176e-11,3.9281351470059164e-11,1.1742241128027395e-16,1.0,1.0,1.0,1.0,1.2800000000000015e-08,6.017348505840489e-06,1.7960750888161126e-05,9.429138365951306e-05,7.037073614103185e-05,6.884751398591005e-05,1,2602
1305,lm,275.738,1.045121033106867e-10,3.5049596631988035e-11,3.033291409980006e-11,3.912947562817051e-11,1.1695072809916404e-16,1.0,1.0,1.0,1.0,1.2800000000000015e-08,5.981888840713192e-06,1.7932135707788486e-05,9.41273736027851e-05,7.026544990595031e-05,6.875091002641149e-05,1,2604
1306,lm,275.942,1.041141811435852e-10,3.4918832483406565e-11,3.0216504176975794e-11,3.897872807611481e-11,1.164070880126837e-16,1.0,1.0,1.0,1.0,1.2800000000000015e-08,5.94670821694381e-06,1.7903646468896665e-05,9.396415769414218e-05,7.016062159317918e-05,6.865476130937182e-05,1,2606
1307,lm,276.146,1.037191694527261e-10,3.478903174899879e-11,3.0100924931779664e-11,3.882909697368175e-11,1.1579826591350442e-16,1.0,1.0,1.0,1.0,1.2800000000000015e-08,5.911801005681473e-06,1.787528236365188e-05,9.380173023743357e-05,7.005624772410606e-05,6.855906360378139e-05,1,2608
1308,lm,276.350,1.0332703662852179e-10,3.466018407752454e-11,2.998616682828087e-11,3.868057060193567e-11,1.1512078070217283e-16,1.0,1.0,1.0,1.0,1.2800000000000015e-08,5.877162094272743e-06,1.7847042583474355e-05,9.36400855418283e-05,6.995232480891262e-05,6.846381266061033e-05,1,2610
1309,lm,276.554,1.0293775150650172e-10,3.453227922390608e-11,2.987222050641415e-11,3.853313739730289e-11,1.1437887859616495e-16,1.0,1.0,1.0,1.0,1.2800000000000015e-08,5.842790342336939e-06,1.7818926316147015e-05,9.34792179889875e-05,6.984884943714493e-05,6.836900434245032e-05,1,2612
1310,lm,276.758,1.025512832355459e-10,3.440530709273643e-11,2.975907662556139e-11,3.838678594308309e-11,1.135741649955755e-16,1.0,1.0,1.0,1.0,1.2800000000000015e-08,5.808683505237608e-06,1.7790932759169366e-05,9.331912201956899e-05,6.974581815324347e-05,6.827463446113003e-05,1,2614
1311,lm,276.962,1.021676015926302e-10,3.427925771134445e-11,2.964672617215901e-11,3.8241504999051416e-11,1.1271007531250833e-16,1.0,1.0,1.0,1.0,1.2800000000000015e-08,5.774833311615874e-06,1.7763061132577573e-05,9.315979220888167e-05,6.964322764769418e-05,6.818069903178625e-05,1,2616
1312,lm,277.167,1.0178667671786845e-10,3.4154121314258724e-11,2.953516019228215e-11,3.8097283423947575e-11,1.117873800008231e-16,1.0,1.0,1.0,1.0,1.2800000000000015e-08,5.741239753258309e-06,1.7735310648862362e-05,9.300122315630069e-05,6.95410745773986e-05,6.808719397989386e-05,1,2618
1313,lm,277.371,1.0140847918157104e-10,3.402988821623854e-11,2.9424369871830687e-11,3.795411028392595e-11,1.1080957585155119e-16,1.0,1.0,1.0,1.0,1.2800000000000015e-08,5.707898618859953e-06,1.770768052314528e-05,9.28434095263836e-05,6.943935560372666e-05,6.799411534651694e-05,1,2620
1314,lm,277.575,1.0103298000267764e-10,3.390654890308887e-11,2.9314346583255346e-11,3.781197473816726e-11,1.0977816615397139e-16,1.0,1.0,1.0,1.0,1.2800000000000015e-08,5.674806662456102e-06,1.7680170002573552e-05,9.268634607761657e-05,6.933806741944463e-05,6.79014591833198e-05,1,2622
1315,lm,277.779,1.0066015057778017e-10,3.3784093973647043e-11,2.920508179777564e-11,3.7670866111214e-11,1.0869514348139297e-16,1.0,1.0,1.0,1.0,1.2800000000000015e-08,5.6419613179475365e-06,1.76527783095075e-05,9.253002761160058e-05,6.923720678672745e-05,6.780922161261761e-05,1,2624
1316,lm,277.983,1.0028996279764477e-10,3.366251418654411e-11,2.9096567186908184e-11,3.75307738602005e-11,1.0756399197047693e-16,1.0,1.0,1.0,1.0,1.2800000000000015e-08,5.609355604101852e-06,1.762550470064667e-05,9.237444902313528e-05,6.913677045113401e-05,6.77173987885663e-05,1,2626
1317,lm,278.187,9.992238888429388e-11,3.354180039695104e-11,2.8988794499975327e-11,3.73916876024459e-11,1.0638492160504782e-16,1.0,1.0,1.0,1.0,1.2800000000000015e-08,5.576991283565333e-06,1.7598348414243877e-05,9.221960522622772e-05,6.903675519157013e-05,6.762598689222733e-05,1,2628
1318,lm,278.392,9.955740155665482e-11,3.3421943657113025e-11,2.8881755658332932e-11,3.725359707725266e-11,1.0516395619290227e-16,1.0,1.0,1.0,1.0,1.2800000000000015e-08,5.54486053979419e-06,1.757130872798542e-05,9.206549129065121e-05,6.893715793859697e-05,6.753498224725632e-05,1,2630
1319,lm,278.596,9.919497381372564e-11,3.330293506156131e-11,2.8775442691980373e-11,3.7116492159083415e-11,1.039011005531114e-16,1.0,1.0,1.0,1.0,1.2800000000000015e-08,5.512964783791723e-06,1.7544384904288103e-05,9.19121022513363e-05,6.883797547172056e-05,6.744438109755244e-05,1,2632
1320,lm,278.800,9.88350791353098e-11,3.318476591056193e-11,2.866984776951208e-11,3.698036285531989e-11,1.0259991589654106e-16,1.0,1.0,1.0,1.0,1.2800000000000015e-08,5.4812971206235874e-06,1.7517576202479032e-05,9.175943322391139e-05,6.873920458396105e-05,6.735417974780901e-05,1,2634
1321,lm,279.004,9.847769132234678e-11,3.306742756784048e-11,2.8564963166429697e-11,3.6845199326799817e-11,1.0126127678630648e-16,1.0,1.0,1.0,1.0,1.2800000000000015e-08,5.449855746410943e-06,1.7490881912235433e-05,9.160747943358824e-05,6.864084233199687e-05,6.726437466395535e-05,1,2636
1322,lm,279.208,9.812278464386418e-11,3.2950911564875284e-11,2.846078135684139e-11,3.6710991833231224e-11,9.988891628556553e-17,1.0,1.0,1.0,1.0,1.2800000000000015e-08,5.418636584661891e-06,1.7464301323081952e-05,9.145623616559386e-05,6.854288564374994e-05,6.717496222745003e-05,1,2638
1323,lm,279.412,9.777033365378601e-11,3.283520952475691e-11,2.835729484054069e-11,3.6577730802192914e-11,9.848629549692609e-17,1.0,1.0,1.0,1.0,1.2800000000000015e-08,5.387638986155811e-06,1.7437833731953307e-05,9.1305698670636e-05,6.844533139615506e-05,6.708593887202155e-05,1,2640
1324,lm,279.616,9.74203133181352e-11,3.2720313190216474e-11,2.8254496305725098e-11,3.644540676796058e-11,9.70542330567194e-17,1.0,1.0,1.0,1.0,1.2800000000000015e-08,5.356858046243631e-06,1.7411478427117726e-05,9.115586241317554e-05,6.834817670099885e-05,6.699730118053129e-05,1,2642
1325,lm,279.821,9.707269894128852e-11,3.260621444357769e-11,2.815237851769845e-11,3.631401038456881e-11,9.559544356495379e-17,1.0,1.0,1.0,1.0,1.2800000000000015e-08,5.326291770024048e-06,1.738523472593273e-05,9.100672276322731e-05,6.825141853843443e-05,6.69090456838205e-05,1,2644
1326,lm,280.025,9.67274661916697e-11,3.2492905257403406e-11,2.8050934387373682e-11,3.6183532434845205e-11,9.411204740930261e-17,1.0,1.0,1.0,1.0,1.2800000000000015e-08,5.295937176079473e-06,1.7359101937653374e-05,9.085827522185158e-05,6.815505398773937e-05,6.68211689444651e-05,1,2646
1327,lm,280.229,9.63845910876696e-11,3.238037773184723e-11,2.795015690592171e-11,3.605396384372012e-11,9.260618053856112e-17,1.0,1.0,1.0,1.0,1.2800000000000015e-08,5.265790379140265e-06,1.7333079382079535e-05,9.071051535869093e-05,6.805908013723973e-05,6.673366764345468e-05,1,2648
1328,lm,280.434,9.604405000466156e-11,3.226862406662333e-11,2.7850039211460348e-11,3.592529564575259e-11,9.108082528683864e-17,1.0,1.0,1.0,1.0,1.2800000000000015e-08,5.235848585704214e-06,1.7307166391109057e-05,9.056343877566232e-05,6.796349413237656e-05,6.66465384515425e-05,1,2650
1329,lm,280.638,9.570581966733932e-11,3.215763659962869e-11,2.775057454819737e-11,3.5797518979141966e-11,8.954037130096308e-17,1.0,1.0,1.0,1.0,1.2800000000000015e-08,5.206110102099043e-06,1.7281362296949192e-05,9.041704111019055e-05,6.786829312492484e-05,6.655977807519475e-05,1,2652
1330,lm,280.842,9.536987708392906e-11,3.204740772535675e-11,2.765175624642325e-11,3.567062513068037e-11,8.79814687038179e-17,1.0,1.0,1.0,1.0,1.2800000000000015e-08,5.1765724341208795e-06,1.7255666432809105e-05,9.027131808788495e-05,6.777347425979732e-05,6.647338329513886e-05,1,2654
1331,lm,281.046,9.503619960175872e-11,3.193792997899623e-11,2.7553577726927287e-11,3.554460548478419e-11,8.641105100731352e-17,1.0,1.0,1.0,1.0,1.2800000000000015e-08,5.1472328640729094e-06,1.723007813920494e-05,9.012626543873345e-05,6.767903480074345e-05,6.638735091925889e-05,1,2656
1332,lm,281.250,9.470476493337369e-11,3.182919600917673e-11,2.7456032570334694e-11,3.541945152478169e-11,8.48290805648114e-17,1.0,1.0,1.0,1.0,1.2800000000000015e-08,5.1180870846426264e-06,1.7204596786703416e-05,8.998187900581032e-05,6.758497193450004e-05,6.630167774470701e-05,1,2658
1333,lm,281.454,9.437555108660339e-11,3.1721198546260675e-11,2.7359114406403453e-11,3.5295154894510753e-11,8.323942850344902e-17,1.0,1.0,1.0,1.0,1.2800000000000015e-08,5.0891347030503336e-06,1.7179221713949604e-05,8.983815461854578e-05,6.749128299496598e-05,6.621636070539419e-05,1,2660
1334,lm,281.659,9.404853634922845e-11,3.161393041298697e-11,2.7262816983455304e-11,3.517170731116227e-11,8.164162390542474e-17,1.0,1.0,1.0,1.0,1.2800000000000015e-08,5.06037265054244e-06,1.7153952296514194e-05,8.969508819099685e-05,6.739796526744775e-05,6.613139669097601e-05,1,2662
1335,lm,281.863,9.372369932283227e-11,3.15073845472035e-11,2.7167134125985082e-11,3.5049100610507044e-11,8.003913662529902e-17,1.0,1.0,1.0,1.0,1.2800000000000015e-08,5.031798072747458e-06,1.7128787906565756e-05,8.955267572345404e-05,6.730501609028592e-05,6.604678266387187e-05,1,2664
1336,lm,282.067,9.340101897015952e-11,3.140155398462608e-11,2.7072059808235533e-11,3.4927326744748106e-11,7.843254980506432e-17,1.0,1.0,1.0,1.0,1.2800000000000015e-08,5.003407648124652e-06,1.7103727909804744e-05,8.941091317611319e-05,6.721243283159677e-05,6.596251565193119e-05,1,2666
1337,lm,282.271,9.308047447510913e-11,3.129643184825709e-11,2.6977588039041565e-11,3.4806377761076916e-11,7.682673355587652e-17,1.0,1.0,1.0,1.0,1.2800000000000015e-08,4.975201098501924e-06,1.707877168828613e-05,8.92697965847947e-05,6.712021287338176e-05,6.587859263644556e-05,1,2668
1338,lm,282.475,9.276204533617836e-11,3.1192011361010424e-11,2.688371292544462e-11,3.468624583058951e-11,7.521913381146107e-17,1.0,1.0,1.0,1.0,1.2800000000000015e-08,4.947174931219554e-06,1.7053918630123773e-05,8.912932205351796e-05,6.702835365121549e-05,6.579501073275883e-05,1,2670
1339,lm,282.680,9.244571135071066e-11,3.10882858267437e-11,2.6790428706047444e-11,3.456692320358695e-11,7.361433255905613e-17,1.0,1.0,1.0,1.0,1.2800000000000015e-08,4.919326134684223e-06,1.702916813288643e-05,8.898948574537652e-05,6.693685261004158e-05,6.571176702662813e-05,1,2672
1340,lm,282.884,9.213145259770193e-11,3.098524866081332e-11,2.669772966630333e-11,3.4448402257183445e-11,7.20134018278747e-17,1.0,1.0,1.0,1.0,1.2800000000000015e-08,4.891653789406325e-06,1.7004519592945606e-05,8.885028382929948e-05,6.684570719091945e-05,6.56288586817581e-05,1,2674
1341,lm,283.088,9.18192494110902e-11,3.088289335656111e-11,2.6605610198639063e-11,3.433067543822281e-11,7.041766722362033e-17,1.0,1.0,1.0,1.0,1.2800000000000015e-08,4.86415521860195e-06,1.6979972412475254e-05,8.871171251516415e-05,6.675491495477116e-05,6.554628286111845e-05,1,2676
1342,lm,283.292,9.150908239554379e-11,3.0781213493021157e-11,2.6514064750220964e-11,3.4213735324125826e-11,6.882817584193087e-17,1.0,1.0,1.0,1.0,1.2800000000000015e-08,4.836829009528374e-06,1.6955525998128564e-05,8.857376805845248e-05,6.666447341022462e-05,6.546403681881752e-05,1,2678
1343,lm,283.496,9.120093242495215e-11,3.0680202712279995e-11,2.6423087894269693e-11,3.4097574572213975e-11,6.724618848576076e-17,1.0,1.0,1.0,1.0,1.2800000000000015e-08,4.80967197089622e-06,1.6931179770092842e-05,8.843644677360793e-05,6.657438005000296e-05,6.53821177432712e-05,1,2680
1344,lm,283.700,9.089478066054586e-11,3.0579854788902454e-11,2.6332674260638488e-11,3.398218593613739e-11,6.567486752177066e-17,1.0,1.0,1.0,1.0,1.2800000000000015e-08,4.782681869848477e-06,1.6906933143426628e-05,8.829974500754657e-05,6.64846325870783e-05,6.530052296979986e-05,1,2682
1345,lm,283.905,9.059060847660637e-11,3.048016353386564e-11,2.6242818554336447e-11,3.386756227521312e-11,6.411319116711755e-17,1.0,1.0,1.0,1.0,1.2800000000000015e-08,4.755857468530845e-06,1.6882785544372445e-05,8.81636591245732e-05,6.639522858350068e-05,6.521924980268967e-05,1,2684
1346,lm,284.109,9.028839758146181e-11,3.038112290650315e-11,2.6153515586198474e-11,3.375369652408722e-11,6.256467295532356e-17,1.0,1.0,1.0,1.0,1.2800000000000015e-08,4.729196419185525e-06,1.6858736399592597e-05,8.80281855733484e-05,6.63061656670177e-05,6.51382956278859e-05,1,2686
1347,lm,284.314,8.998812979333628e-11,3.0282726847471115e-11,2.6064760190129124e-11,3.364058172882542e-11,6.102691061976494e-17,1.0,1.0,1.0,1.0,1.2800000000000015e-08,4.702699425896473e-06,1.6834785154204373e-05,8.789332075954988e-05,6.621744152202213e-05,6.505765779442826e-05,1,2688
1348,lm,284.518,8.968978730195868e-11,3.018496947289606e-11,2.5976547315536886e-11,3.35282110086638e-11,5.950486194536907e-17,1.0,1.0,1.0,1.0,1.2800000000000015e-08,4.6763607404642606e-06,1.6810931232868446e-05,8.775906121534934e-05,6.612905385801216e-05,6.497733375324673e-05,1,2690
1349,lm,284.722,8.939335245429047e-11,3.008784490158381e-11,2.588887197661556e-11,3.3416577578112944e-11,5.799797815931274e-17,1.0,1.0,1.0,1.0,1.2800000000000015e-08,4.650180915893372e-06,1.67871740971403e-05,8.762540345075581e-05,6.604100036621681e-05,6.489732095364329e-05,1,2692
1350,lm,284.926,8.909880789693196e-11,2.999134738982485e-11,2.5801729259432982e-11,3.3305674741621325e-11,5.65060528001205e-17,1.0,1.0,1.0,1.0,1.2800000000000015e-08,4.624156561102504e-06,1.676351318691329e-05,8.749234401127865e-05,6.595327880764683e-05,6.481761688303954e-05,1,2694
1351,lm,285.131,8.880613644056147e-11,2.989547121678977e-11,2.5715114320693254e-11,3.3195495871330553e-11,5.503174789245969e-17,1.0,1.0,1.0,1.0,1.2800000000000015e-08,4.598288280012014e-06,1.6739947952966734e-05,8.735987953377593e-05,6.58658869763658e-05,6.473821907229011e-05,1,2696
1352,lm,285.335,8.851532116188113e-11,2.980021076696261e-11,2.5629022372015967e-11,3.3086034447764185e-11,5.3575138361817806e-17,1.0,1.0,1.0,1.0,1.2800000000000015e-08,4.572571831824713e-06,1.671647786895586e-05,8.722800660347218e-05,6.577882260654914e-05,6.465912506187223e-05,1,2698
1353,lm,285.539,8.822634536376326e-11,2.9705560484252096e-11,2.5543448723549816e-11,3.29772840187247e-11,5.2137236667633767e-17,1.0,1.0,1.0,1.0,1.2800000000000015e-08,4.547006674643788e-06,1.6693102385738492e-05,8.709672188725071e-05,6.569208357600704e-05,6.458033244211357e-05,1,2700
1354,lm,285.743,8.793919256192443e-11,2.961151489796963e-11,2.5458388723679e-11,3.2869238222452756e-11,5.071782303698076e-17,1.0,1.0,1.0,1.0,1.2800000000000015e-08,4.521591497940245e-06,1.6669820975812203e-05,8.696602206730264e-05,6.56056677409605e-05,6.450183883364466e-05,1,2702
1355,lm,285.947,8.765384645255352e-11,2.9518068577287076e-11,2.5373837789579557e-11,3.276189076611719e-11,4.9319569691213276e-17,1.0,1.0,1.0,1.0,1.2800000000000015e-08,4.496325746843465e-06,1.664663310930428e-05,8.683590385962153e-05,6.551957290553235e-05,6.442364186971549e-05,1,2704
1356,lm,286.151,8.737029098043388e-11,2.9425216176238306e-11,2.5289791414480704e-11,3.265523544958212e-11,4.794013274757159e-17,1.0,1.0,1.0,1.0,1.2800000000000015e-08,4.471205713334108e-06,1.6623538260397418e-05,8.670636402599917e-05,6.543379701400762e-05,6.434573925590457e-05,1,2706
1357,lm,286.355,8.708851029816453e-11,2.933295244595136e-11,2.520624513309328e-11,3.2549266136115216e-11,4.6583004673969616e-17,1.0,1.0,1.0,1.0,1.2800000000000015e-08,4.446230446942705e-06,1.6600535925157612e-05,8.657739935635153e-05,6.534833799224414e-05,6.426812867458516e-05,1,2708
1358,lm,286.559,8.680848871898721e-11,2.9241272137956076e-11,2.5123194556323893e-11,3.2443976777888107e-11,4.5246819142931205e-17,1.0,1.0,1.0,1.0,1.2800000000000015e-08,4.421400147517871e-06,1.6577625577243992e-05,8.644900663191871e-05,6.526319374632072e-05,6.419080786844198e-05,1,2710
1359,lm,286.764,8.653021081832742e-11,2.915017012755472e-11,2.5040635367709654e-11,3.233936139030213e-11,4.3932760923559505e-17,1.0,1.0,1.0,1.0,1.2800000000000015e-08,4.3967109493790544e-06,1.655480672259387e-05,8.632118271845623e-05,6.517836224754692e-05,6.411377460983683e-05,1,2712
1360,lm,286.968,8.625366132132131e-11,2.9059641324780755e-11,2.4958563293987558e-11,3.2235414060942337e-11,4.264161067610748e-17,1.0,1.0,1.0,1.0,1.2800000000000015e-08,4.372163444381927e-06,1.6532078830366463e-05,8.619392443573993e-05,6.509384149199351e-05,6.403702668852758e-05,1,2714
1361,lm,287.172,8.597882514525878e-11,2.8969680706194925e-11,2.4876974109892166e-11,3.2132128956809376e-11,4.137236231515225e-17,1.0,1.0,1.0,1.0,1.2800000000000015e-08,4.347756448407516e-06,1.6509441418389424e-05,8.606722869310695e-05,6.50096294256679e-05,6.396056190973836e-05,1,2716
1362,lm,287.376,8.570568742379894e-11,2.8880283319677367e-11,2.4795863661098033e-11,3.202950031615226e-11,4.012687126582684e-17,1.0,1.0,1.0,1.0,1.2800000000000015e-08,4.323486539465464e-06,1.6486893979065726e-05,8.59410923964264e-05,6.492572414782185e-05,6.388437814696013e-05,1,2718
1363,lm,287.581,8.543423344512304e-11,2.8791444265875506e-11,2.4715227833491352e-11,3.192752244133075e-11,3.890442543721531e-17,1.0,1.0,1.0,1.0,1.2800000000000015e-08,4.2993552711430596e-06,1.64644360247259e-05,8.581551247117138e-05,6.484212371605273e-05,6.380847328133622e-05,1,2720
1364,lm,287.785,8.516444869900252e-11,2.8703158699518018e-11,2.463506258716989e-11,3.182618970690658e-11,3.770540802597081e-17,1.0,1.0,1.0,1.0,1.2800000000000015e-08,4.275359398570425e-06,1.6442067067259538e-05,8.569048593570633e-05,6.475882612820334e-05,6.373284521219629e-05,1,2722
1365,lm,287.989,8.489631884091995e-11,2.8615421836884126e-11,2.4555363917616717e-11,3.172549655670195e-11,3.652971715265774e-17,1.0,1.0,1.0,1.0,1.2800000000000015e-08,4.2514977088614575e-06,1.6419786622933122e-05,8.556600971972305e-05,6.467582952940643e-05,6.365749188983335e-05,1,2724
1366,lm,288.193,8.462982971783926e-11,2.8528228949421155e-11,2.4476127886047583e-11,3.162543750377924e-11,3.537859128283996e-17,1.0,1.0,1.0,1.0,1.2800000000000015e-08,4.227770404661753e-06,1.6397594193885517e-05,8.544208082853225e-05,6.459313202754586e-05,6.35824112446803e-05,1,2726
1367,lm,288.397,8.436496734585477e-11,2.8441575390364162e-11,2.4397350607990455e-11,3.1526007095729046e-11,3.425177111139538e-17,1.0,1.0,1.0,1.0,1.2800000000000015e-08,4.204174665538207e-06,1.6375489320484957e-05,8.53186963201693e-05,6.451073170234293e-05,6.350760127212385e-05,1,2728
1368,lm,288.602,8.410171788985702e-11,2.8355456518367672e-11,2.4319028233014692e-11,3.142719999048018e-11,3.314799447201443e-17,1.0,1.0,1.0,1.0,1.2800000000000015e-08,4.180711458795144e-06,1.6353471520721964e-05,8.519585323293081e-05,6.442862676551038e-05,6.343305999957291e-05,1,2730
1369,lm,288.806,8.384006768683607e-11,2.8269867778404942e-11,2.424115695721103e-11,3.1329010882516456e-11,3.206870365326318e-17,1.0,1.0,1.0,1.0,1.2800000000000015e-08,4.1573789339853135e-06,1.6331540323871688e-05,8.507354865090444e-05,6.434681536234593e-05,6.33587854734002e-05,1,2732
1370,lm,289.010,8.35800032608487e-11,2.8184804668751098e-11,2.4163733057753486e-11,3.123143452033262e-11,3.1014011486661775e-17,1.0,1.0,1.0,1.0,1.2800000000000015e-08,4.1341746343002506e-06,1.630969526503567e-05,8.495177965922271e-05,6.426529566284362e-05,6.32847757103845e-05,1,2734
1371,lm,289.214,8.332151125855801e-11,2.8100262739103553e-11,2.4086752810922908e-11,3.1134465725834676e-11,2.998269685716403e-17,1.0,1.0,1.0,1.0,1.2800000000000015e-08,4.111099490354096e-06,1.6287935875321645e-05,8.483054339392948e-05,6.41840659012703e-05,6.32110288607191e-05,1,2736
1372,lm,289.418,8.306457852570973e-11,2.8016237577396188e-11,2.401021258448439e-11,3.103809938850789e-11,2.8975321254679704e-17,1.0,1.0,1.0,1.0,1.2800000000000015e-08,4.088150335124178e-06,1.626626170236643e-05,8.47098369812514e-05,6.410312425790002e-05,6.313754299703564e-05,1,2738
1373,lm,289.622,8.280919203622994e-11,2.79327248347916e-11,2.393410876113247e-11,3.094233044767989e-11,2.7992625964303585e-17,1.0,1.0,1.0,1.0,1.2800000000000015e-08,4.065329044305526e-06,1.6244672285652355e-05,8.458965757006262e-05,6.402246900080658e-05,6.306431625585758e-05,1,2740
1374,lm,289.826,8.255533889898445e-11,2.7849720188321928e-11,2.3858437787836237e-11,3.084715388945658e-11,2.703336970974667e-17,1.0,1.0,1.0,1.0,1.2800000000000015e-08,4.042633338149662e-06,1.6223167168884824e-05,8.447000231715268e-05,6.394209839670996e-05,6.29913468234746e-05,1,2742
1375,lm,290.031,8.230300641473747e-11,2.776721940217216e-11,2.378319613824316e-11,3.075256477654644e-11,2.6097775713465402e-17,1.0,1.0,1.0,1.0,1.2800000000000015e-08,4.020061463960053e-06,1.6201745902732805e-05,8.435086843949674e-05,6.386201070586888e-05,6.291863285553246e-05,1,2744
1376,lm,290.235,8.20521819920104e-11,2.768521825858257e-11,2.3708380338702763e-11,3.06585582089334e-11,2.5185791669933058e-17,1.0,1.0,1.0,1.0,1.2800000000000015e-08,3.997613480815054e-06,1.618040805093547e-05,8.423225316667532e-05,6.37822042211078e-05,6.284617259957935e-05,1,2746
1377,lm,290.439,8.180285321526197e-11,2.760371260945231e-11,2.3633986962126758e-11,3.0565129346720576e-11,2.4296962328054947e-17,1.0,1.0,1.0,1.0,1.2800000000000015e-08,3.975288556644929e-06,1.6159153160912534e-05,8.411415371358047e-05,6.370267728946223e-05,6.277396426661412e-05,1,2748
1378,lm,290.643,8.15550077741607e-11,2.7522698316653765e-11,2.356001261495928e-11,3.047227341091055e-11,2.3431637086699865e-17,1.0,1.0,1.0,1.0,1.2800000000000015e-08,3.953085619744446e-06,1.6137980796567245e-05,8.399656734620055e-05,6.362342821556344e-05,6.270200612494988e-05,1,2750
1379,lm,290.847,8.130863351683521e-11,2.7442171317199218e-11,2.3486453939622074e-11,3.0379985670890846e-11,2.2589123079314623e-17,1.0,1.0,1.0,1.0,1.2800000000000015e-08,3.931004100531477e-06,1.6116890506664593e-05,8.387949126744209e-05,6.354445530956792e-05,6.263029642255831e-05,1,2752
1380,lm,291.051,8.106371843479848e-11,2.7362127596864572e-11,2.3413307641031955e-11,3.028826142756732e-11,2.1769334645486405e-17,1.0,1.0,1.0,1.0,1.2800000000000015e-08,3.909042912976377e-06,1.6095881884003466e-05,8.376292279833563e-05,6.346575694143477e-05,6.255883347964838e-05,1,2754
1381,lm,291.255,8.082025064500065e-11,2.7282563151665848e-11,2.3340570438638728e-11,3.01970960824446e-11,2.097225147334606e-17,1.0,1.0,1.0,1.0,1.2800000000000015e-08,3.8872015549157885e-06,1.6074954471364056e-05,8.364685925189784e-05,6.338733151587597e-05,6.248761561755822e-05,1,2756
1382,lm,291.460,8.057821838973614e-11,2.7203474059846866e-11,2.3268239092295687e-11,3.0106485040463485e-11,2.0197130094435025e-17,1.0,1.0,1.0,1.0,1.2800000000000015e-08,3.865478840817509e-06,1.605410786441226e-05,8.353129790530336e-05,6.330917737931446e-05,6.241664117057569e-05,1,2758
1383,lm,291.664,8.033761005509114e-11,2.7124856421761595e-11,2.319631042290704e-11,3.0016423765968394e-11,1.9444454107691808e-17,1.0,1.0,1.0,1.0,1.2800000000000015e-08,3.843874693605807e-06,1.6033341620585418e-05,8.341623611111287e-05,6.323129297970104e-05,6.234590851468838e-05,1,2760
1384,lm,291.868,8.009841412573285e-11,2.7046706370225816e-11,2.312478125585411e-11,2.9926907786218524e-11,1.8713434405390704e-17,1.0,1.0,1.0,1.0,1.2800000000000015e-08,3.822388302715955e-06,1.6012655330770462e-05,8.330167120681618e-05,6.315367669208097e-05,6.227541601978912e-05,1,2762
1385,lm,292.072,7.986061924963988e-11,2.6969020094248023e-11,2.305364848133228e-11,2.983793267058588e-11,1.8003473703404045e-17,1.0,1.0,1.0,1.0,1.2800000000000015e-08,3.8010183187974064e-06,1.5992048569486746e-05,8.318760055580119e-05,6.3076326954273e-05,6.220516210529924e-05,1,2764
1386,lm,292.277,7.962421416158528e-11,2.6891793817728676e-11,2.2982909002736475e-11,2.974949402693127e-11,1.7314188848123587e-17,1.0,1.0,1.0,1.0,1.2800000000000015e-08,3.779764706238988e-06,1.5971520918333842e-05,8.307402151374774e-05,6.29992422499754e-05,6.213514520997916e-05,1,2766
1387,lm,292.481,7.93891877454875e-11,2.6815023801502135e-11,2.2912559785638444e-11,2.966158751215426e-11,1.6646192672595178e-17,1.0,1.0,1.0,1.0,1.2800000000000015e-08,3.7586268748928873e-06,1.5951071972539985e-05,8.296093148379684e-05,6.292242102625995e-05,6.206536375003363e-05,1,2768
1388,lm,292.685,7.91555289916833e-11,2.6738706355343872e-11,2.284259779865401e-11,2.957420883917343e-11,1.5998511976201324e-17,1.0,1.0,1.0,1.0,1.2800000000000015e-08,3.737603823115661e-06,1.5930701317467917e-05,8.28483278584317e-05,6.284586173816788e-05,6.199581623090125e-05,1,2770
1389,lm,292.889,7.892322698268012e-11,2.6662837795605042e-11,2.2773020062039297e-11,2.9487353754415864e-11,1.5370619925503165e-17,1.0,1.0,1.0,1.0,1.2800000000000015e-08,3.7166959877198394e-06,1.5910408547580256e-05,8.273620805972193e-05,6.276956288455358e-05,6.19265010959945e-05,1,2772
1390,lm,293.093,7.869227095777103e-11,2.6587414519512375e-11,2.270382363824207e-11,2.940101803732371e-11,1.4762692875252684e-17,1.0,1.0,1.0,1.0,1.2800000000000015e-08,3.6959006472391415e-06,1.5890193252734126e-05,8.262456949544208e-05,6.269352295940872e-05,6.185741687545178e-05,1,2774
1391,lm,293.297,7.846265025139047e-11,2.6512432938934228e-11,2.263500560851599e-11,2.931519752995195e-11,1.4173988306852968e-17,1.0,1.0,1.0,1.0,1.2800000000000015e-08,3.675218589725095e-06,1.58700550388305e-05,8.25134096243065e-05,6.261774048731456e-05,6.178856208203597e-05,1,2776
1392,lm,293.502,7.82343542920218e-11,2.6437889492301014e-11,2.2566563067851182e-11,2.922988812748781e-11,1.3604381787348206e-17,1.0,1.0,1.0,1.0,1.2800000000000015e-08,3.6546499314280965e-06,1.584999350356292e-05,8.240272591517532e-05,6.254221400257427e-05,6.171993527974845e-05,1,2778
1393,lm,293.706,7.80073726432522e-11,2.6363780666959706e-11,2.2498493190413603e-11,2.914508573236653e-11,1.3053512374448645e-17,1.0,1.0,1.0,1.0,1.2800000000000015e-08,3.6341925891604128e-06,1.5830008251393972e-05,8.229251578455075e-05,6.246694203311306e-05,6.165153501384488e-05,1,2780
1394,lm,293.910,7.778169495808376e-11,2.6290102995783368e-11,2.2430793134152368e-11,2.906078630736894e-11,1.2520779083755875e-17,1.0,1.0,1.0,1.0,1.2800000000000015e-08,3.613846998496312e-06,1.5810098887223093e-05,8.218277677110004e-05,6.239192314632215e-05,6.158335986011241e-05,1,2782
1395,lm,294.114,7.755731101538778e-11,2.6216853023527964e-11,2.236346012853365e-11,2.8976985857437963e-11,1.2005888194144525e-17,1.0,1.0,1.0,1.0,1.2800000000000015e-08,3.5936121929986353e-06,1.5790265019954173e-05,8.207350632377952e-05,6.23171558575295e-05,6.151540842178672e-05,1,2784
1396,lm,294.318,7.73342106558066e-11,2.6144027332035834e-11,2.229649138960503e-11,2.8893680425545517e-11,1.1508620224693393e-17,1.0,1.0,1.0,1.0,1.2800000000000015e-08,3.5734892134444114e-06,1.5770506257613366e-05,8.196470194896032e-05,6.22426388118462e-05,6.144767932141715e-05,1,2786
1397,lm,294.522,7.711238386689185e-11,2.6071622550707173e-11,2.2229884208100045e-11,2.8810866079669976e-11,1.102841466528355e-17,1.0,1.0,1.0,1.0,1.2800000000000015e-08,3.553474462931449e-06,1.5750822222104143e-05,8.1856361178103e-05,6.216837053414771e-05,6.138017117542165e-05,1,2788
1398,lm,294.726,7.689182070754373e-11,2.5999635325506735e-11,2.2163635869567085e-11,2.8728538947194264e-11,1.0565275661126192e-17,1.0,1.0,1.0,1.0,1.2800000000000015e-08,3.5335700865514613e-06,1.5731212521809134e-05,8.174848152721336e-05,6.209434967582454e-05,6.131288265861116e-05,1,2790
1399,lm,294.930,7.667251135299877e-11,2.59280623400898e-11,2.2097743710510822e-11,2.8646695184410157e-11,1.0117988001270942e-17,1.0,1.0,1.0,1.0,1.2800000000000015e-08,3.5137739957857263e-06,1.571167678565404e-05,8.164106054087808e-05,6.202057483006173e-05,6.124581242434487e-05,1,2792
1400,lm,295.134,7.645444607097367e-11,2.5856900329462744e-11,2.2032205077412153e-11,2.856533097712701e-11,9.686971771045925e-18,1.0,1.0,1.0,1.0,1.2800000000000015e-08,3.4940867656044113e-06,1.569221462351651e-05,8.153409577353606e-05,6.194704460981153e-05,6.117895916540233e-05,1,2794
1401,lm,295.339,7.623761521173393e-11,2.578614602188488e-11,2.196701735402286e-11,2.8484442564182556e-11,9.271643635858194e-18,1.0,1.0,1.0,1.0,1.2800000000000015e-08,3.4745084931957156e-06,1.567282566590076e-05,8.142758475978305e-05,6.187375767060225e-05,6.111232156647833e-05,1,2796
1402,lm,295.543,7.602200922764532e-11,2.5715796199600962e-11,2.1902177948346668e-11,2.8404026208222248e-11,8.871475431602536e-18,1.0,1.0,1.0,1.0,1.2800000000000015e-08,3.455036983449285e-06,1.5653509540226443e-05,8.132152510311373e-05,6.180071264773204e-05,6.10458983605151e-05,1,2798
1403,lm,295.747,7.580761868357365e-11,2.5645847675110462e-11,2.1837684304420146e-11,2.832407821771574e-11,8.486327312788164e-18,1.0,1.0,1.0,1.0,1.2800000000000015e-08,3.435672411296817e-06,1.5634265872918804e-05,8.121591438131844e-05,6.172790818747348e-05,6.097968826082598e-05,1,2800
1404,lm,295.951,7.559443420407556e-11,2.5576297287556026e-11,2.1773533876259206e-11,2.8244594925034903e-11,8.115225425376005e-18,1.0,1.0,1.0,1.0,1.2800000000000015e-08,3.416415401204705e-06,1.561509429262085e-05,8.111075014961029e-05,6.165534298731978e-05,6.091369005361775e-05,1,2802
1405,lm,296.155,7.538244651417307e-11,2.5507141903273586e-11,2.1709724153938058e-11,2.8165572698179393e-11,7.758782013254757e-18,1.0,1.0,1.0,1.0,1.2800000000000015e-08,3.3972638714278575e-06,1.5595994441832837e-05,8.100603006283155e-05,6.15830156878057e-05,6.0847902467997944e-05,1,2804
1406,lm,296.360,7.517164644512917e-11,2.543837842148713e-11,2.1646252661676812e-11,2.8087007946314183e-11,7.415651049515265e-18,1.0,1.0,1.0,1.0,1.2800000000000015e-08,3.378218090182373e-06,1.5576965947505737e-05,8.090175170462413e-05,6.151092501895011e-05,6.0782324307791486e-05,1,2806
1407,lm,296.564,7.496202488703462e-11,2.53700037572399e-11,2.1583116929468326e-11,2.8008897114185668e-11,7.086140720910978e-18,1.0,1.0,1.0,1.0,1.2800000000000015e-08,3.3592786137745388e-06,1.555800844410747e-05,8.07979127138271e-05,6.143906962654111e-05,6.071695434041447e-05,1,2808
1408,lm,296.768,7.475357283446473e-11,2.530201487087173e-11,2.1520314520722507e-11,2.793123667332559e-11,6.769544911009999e-18,1.0,1.0,1.0,1.0,1.2800000000000015e-08,3.3404437917200326e-06,1.553912158144769e-05,8.069451069806937e-05,6.136744824357854e-05,6.065179139749587e-05,1,2810
1409,lm,296.972,7.45462813582807e-11,2.52344087389408e-11,2.1457843031140007e-11,2.7854023122594495e-11,6.4656053969608345e-18,1.0,1.0,1.0,1.0,1.2800000000000015e-08,3.321713821563922e-06,1.5520305000881532e-05,8.05915433486082e-05,6.129605958081284e-05,6.05868342946843e-05,1,2812
1410,lm,297.176,7.434014162211548e-11,2.5167182385142503e-11,2.1395700061953522e-11,2.77772530010093e-11,6.174010149852741e-18,1.0,1.0,1.0,1.0,1.2800000000000015e-08,3.303087729308878e-06,1.5501558344303615e-05,8.048900829506085e-05,6.122490242274805e-05,6.0522081884397274e-05,1,2814
1411,lm,297.380,7.413514485831116e-11,2.5100332820327056e-11,2.133388326018577e-11,2.7700922883572653e-11,5.894225685585028e-18,1.0,1.0,1.0,1.0,1.2800000000000015e-08,3.284566342414969e-06,1.5482881261863334e-05,8.038690318741028e-05,6.115397546859872e-05,6.0457533005658884e-05,1,2816
1412,lm,297.585,7.393128239402425e-11,2.5033857112684165e-11,2.127239028178631e-11,2.7625029373672963e-11,5.625880813740624e-18,1.0,1.0,1.0,1.0,1.2800000000000015e-08,3.266147782103511e-06,1.5464273396372408e-05,8.028522572402882e-05,6.108327744577157e-05,6.0393186532813246e-05,1,2818
1413,lm,297.789,7.372854562261433e-11,2.4967752351678804e-11,2.121121880409863e-11,2.7549569097937336e-11,5.368899563354595e-18,1.0,1.0,1.0,1.0,1.2800000000000015e-08,3.247832859126931e-06,1.5445734409929662e-05,8.01839735905818e-05,6.101280716490378e-05,6.0329041347518316e-05,1,2820
1414,lm,297.993,7.352692603094197e-11,2.4902015653558413e-11,2.1150366545004753e-11,2.747453870965693e-11,5.122721877049264e-18,1.0,1.0,1.0,1.0,1.2800000000000015e-08,3.229620340771275e-06,1.542726395051977e-05,8.008314447417986e-05,6.09425633403839e-05,6.026509634174179e-05,1,2822
1415,lm,298.197,7.332641516518399e-11,2.4836644153995836e-11,2.1089831218812925e-11,2.7399934905119332e-11,4.887255904424386e-18,1.0,1.0,1.0,1.0,1.2800000000000015e-08,3.2115108391620223e-06,1.540886167672165e-05,7.998273606293639e-05,6.087254479705065e-05,6.020135043583066e-05,1,2824
1416,lm,298.401,7.312700466547588e-11,2.4771635003923986e-11,2.1029610580343835e-11,2.7325754419369787e-11,4.6618382632991806e-18,1.0,1.0,1.0,1.0,1.2800000000000015e-08,3.1935027993066053e-06,1.539052723909039e-05,7.988274608133474e-05,6.0802750241768136e-05,6.013780251904039e-05,1,2826
1417,lm,298.605,7.29286862396651e-11,2.4706985396707536e-11,2.0969702405774912e-11,2.7251993990887297e-11,4.446295362797708e-18,1.0,1.0,1.0,1.0,1.2800000000000015e-08,3.1755967945869893e-06,1.5372260306302146e-05,7.978317229675872e-05,6.0733178549855005e-05,6.0074451560987314e-05,1,2828
1418,lm,298.810,7.273145166750594e-11,2.4642692551335244e-11,2.091010447312504e-11,2.7178650402695555e-11,4.24035009536277e-18,1.0,1.0,1.0,1.0,1.2800000000000015e-08,3.1577922067721256e-06,1.5354060539205826e-05,7.96840123846759e-05,6.0663828511937494e-05,6.0011296498820605e-05,1,2830
1419,lm,299.014,7.25352928073401e-11,2.4578753694165548e-11,2.0850814598264365e-11,2.7105720471308845e-11,4.043601354103119e-18,1.0,1.0,1.0,1.0,1.2800000000000015e-08,3.1400888603841867e-06,1.5335927597611354e-05,7.958526409773818e-05,6.0594698942051835e-05,5.994833629012331e-05,1,2832
1420,lm,299.218,7.234020159024893e-11,2.451516608729019e-11,2.079183062781723e-11,2.7033201019413395e-11,3.855728126786901e-18,1.0,1.0,1.0,1.0,1.2800000000000015e-08,3.1224861104853215e-06,1.5317861156977578e-05,7.948692521567041e-05,6.0525788673265795e-05,5.988556992725998e-05,1,2834
1421,lm,299.422,7.214617001220296e-11,2.4451927016220868e-11,2.0733150399139094e-11,2.6961088920411607e-11,3.6764313839294955e-18,1.0,1.0,1.0,1.0,1.2800000000000015e-08,3.1049837280508217e-06,1.5299860880495983e-05,7.938899350211409e-05,6.045709650794988e-05,5.982299636530954e-05,1,2836
1422,lm,299.627,7.195319014705361e-11,2.438903378478234e-11,2.067477179899361e-11,2.688938105777122e-11,3.505506439567074e-18,1.0,1.0,1.0,1.0,1.2800000000000015e-08,3.0875815996935156e-06,1.5281926440270885e-05,7.929146671361462e-05,6.038862132303566e-05,5.9760614626742334e-05,1,2838
1423,lm,299.831,7.176125414266489e-11,2.4326483714322727e-11,2.0616692719344158e-11,2.6818074366390712e-11,3.3426073037906896e-18,1.0,1.0,1.0,1.0,1.2800000000000015e-08,3.0702782961671074e-06,1.5264057502440135e-05,7.919434262704478e-05,6.03203619521766e-05,5.9698423707443815e-05,1,2840
1424,lm,300.035,7.157035419586364e-11,2.4264274162279305e-11,2.0558911070156564e-11,2.6747165775980275e-11,3.1874474859378884e-18,1.0,1.0,1.0,1.0,1.2800000000000015e-08,3.0530750016986814e-06,1.5246253752038619e-05,7.909761903044288e-05,6.025231725077931e-05,5.963642262369065e-05,1,2842
1425,lm,300.239,7.138048259207494e-11,2.4202402500467084e-11,2.0501424784051333e-11,2.6676652267841804e-11,3.0397147306353562e-18,1.0,1.0,1.0,1.0,1.2800000000000015e-08,3.035970678688094e-06,1.5228514862923309e-05,7.900129372795538e-05,6.0184486112674635e-05,5.957461042228013e-05,1,2844
1426,lm,300.443,7.119163167744144e-11,2.414086612492547e-11,2.044423182257131e-11,2.6606530830688546e-11,2.8992561128238615e-18,1.0,1.0,1.0,1.0,1.2800000000000015e-08,3.0189651588457186e-06,1.5210840510635818e-05,7.890536452766694e-05,6.011686739156362e-05,5.95129861381533e-05,1,2846
1427,lm,300.647,7.10037938647466e-11,2.407966244982763e-11,2.0387330153883618e-11,2.653679849547886e-11,2.765556502726461e-18,1.0,1.0,1.0,1.0,1.2800000000000015e-08,3.002058053514414e-06,1.5193230376140417e-05,7.880982924908971e-05,6.004945996103768e-05,5.945154881805386e-05,1,2848
1428,lm,300.852,7.081696162533839e-11,2.4018788911117615e-11,2.033071776219753e-11,2.6467452313528984e-11,2.638494261778601e-18,1.0,1.0,1.0,1.0,1.2800000000000015e-08,2.985249061962086e-06,1.517568414777698e-05,7.871468572827228e-05,5.998226273702676e-05,5.939029754181747e-05,1,2850
1429,lm,301.056,7.063112750411746e-11,2.3958242976975e-11,2.0274392652703894e-11,2.639848935645983e-11,2.5179787400139723e-18,1.0,1.0,1.0,1.0,1.2800000000000015e-08,2.968538079785348e-06,1.5158201508882873e-05,7.861993180394325e-05,5.9915274633373685e-05,5.932923138629191e-05,1,2852
1430,lm,301.260,7.044628409855738e-11,2.3898022110495566e-11,2.021835285543343e-11,2.6329906729255167e-11,2.4033732255713677e-18,1.0,1.0,1.0,1.0,1.2800000000000015e-08,2.9519250250588143e-06,1.5140782144463395e-05,7.852556532977362e-05,5.984849455456747e-05,5.9268349450493874e-05,1,2854
1431,lm,301.464,7.026242408544794e-11,2.383812382501515e-11,2.0162596420983386e-11,2.6261701544637226e-11,2.294812180785227e-18,1.0,1.0,1.0,1.0,1.2800000000000015e-08,2.9354086096344676e-06,1.5123425741704314e-05,7.843158413785767e-05,5.978192138603601e-05,5.920765080371223e-05,1,2856
1432,lm,301.668,7.007954019216735e-11,2.377854564083617e-11,2.0107121394366998e-11,2.6193870965084636e-11,2.1918795520975034e-18,1.0,1.0,1.0,1.0,1.2800000000000015e-08,2.9189894363445007e-06,1.5106131997494544e-05,7.833798612546177e-05,5.9715554098952803e-05,5.914713457322488e-05,1,2858
1433,lm,301.872,6.989762521735925e-11,2.37192850954117e-11,2.0051925877213586e-11,2.612641215026913e-11,2.0944648329955926e-18,1.0,1.0,1.0,1.0,1.2800000000000015e-08,2.9026664002007293e-06,1.5088900596862926e-05,7.824476914776558e-05,5.964939162965731e-05,5.9086799887327506e-05,1,2860
1434,lm,302.076,6.971667201177086e-11,2.3660339756743968e-11,1.9997007948252237e-11,2.605932230451304e-11,2.0022616060807452e-18,1.0,1.0,1.0,1.0,1.2800000000000015e-08,2.8864398657143525e-06,1.5071731244592054e-05,7.815193110208129e-05,5.958343291677262e-05,5.9026645858196264e-05,1,2862
1435,lm,302.281,6.953667349175661e-11,2.3601707200655758e-11,1.9942365724687577e-11,2.5992598651383387e-11,1.915029890417529e-18,1.0,1.0,1.0,1.0,1.2800000000000015e-08,2.8703090666721405e-06,1.5054623630114434e-05,7.805946988425147e-05,5.951767692838333e-05,5.8966671636608435e-05,1,2864
1436,lm,302.485,6.935762262897624e-11,2.3543385037666825e-11,1.9887997330745747e-11,2.5926238427923622e-11,1.832640039521034e-18,1.0,1.0,1.0,1.0,1.2800000000000015e-08,2.854274149469633e-06,1.5037577450559288e-05,7.796738338148335e-05,5.9452122595705403e-05,5.8906876356854904e-05,1,2866
1437,lm,302.689,6.91795124547067e-11,2.3485370869177455e-11,1.9833900924209687e-11,2.5860238906526792e-11,1.754792755719546e-18,1.0,1.0,1.0,1.0,1.2800000000000015e-08,2.838334934902634e-06,1.5020592411562196e-05,7.787566952290211e-05,5.9386768875758157e-05,5.8847259182618903e-05,1,2868
1438,lm,302.893,6.900233606182487e-11,2.3427662349995366e-11,1.9780074660785803e-11,2.5794597369694367e-11,1.6813493297443695e-18,1.0,1.0,1.0,1.0,1.2800000000000015e-08,2.822490302931144e-06,1.5003668212681626e-05,7.778432621358657e-05,5.932161478755652e-05,5.878781928675227e-05,1,2870
1439,lm,303.097,6.88260866027892e-11,2.3370257137126537e-11,1.972651671892448e-11,2.572931113454724e-11,1.6121909558525006e-18,1.0,1.0,1.0,1.0,1.2800000000000015e-08,2.8067409252254025e-06,1.498680456098785e-05,7.769335141421026e-05,5.9256659311574645e-05,5.872855584019443e-05,1,2872
1440,lm,303.301,6.865075727967967e-11,2.33131529015171e-11,1.9673225290646738e-11,2.5664377540470347e-11,1.5470454819845875e-18,1.0,1.0,1.0,1.0,1.2800000000000015e-08,2.7910859182838774e-06,1.497000116177241e-05,7.760274305961504e-05,5.9191901431963704e-05,5.8669468041361226e-05,1,2874
1441,lm,303.505,6.847634135786052e-11,2.325634734764618e-11,1.9620198594248288e-11,2.559979393019451e-11,1.4857715299958715e-18,1.0,1.0,1.0,1.0,1.2800000000000015e-08,2.7755244520493614e-06,1.4953257715886616e-05,7.751249908220654e-05,5.912734014782004e-05,5.861055507477244e-05,1,2876
1442,lm,303.710,6.830283215997378e-11,2.3199838186204794e-11,1.956743485600143e-11,2.5535557689570956e-11,1.428196589675553e-18,1.0,1.0,1.0,1.0,1.2800000000000015e-08,2.7600576008131876e-06,1.4936573947225354e-05,7.742261747126927e-05,5.9062974492830856e-05,5.855181614700794e-05,1,2878
1443,lm,303.914,6.813022305159422e-11,2.314362315503117e-11,1.9514932308760262e-11,2.5471666213544678e-11,1.3742581068761013e-18,1.0,1.0,1.0,1.0,1.2800000000000015e-08,2.744684647350788e-06,1.4919949554211313e-05,7.733309618050304e-05,5.8998803460706624e-05,5.849325046469921e-05,1,2880
1444,lm,304.118,6.795850746479166e-11,2.3087699990873223e-11,1.9462689213017853e-11,2.5408116937249586e-11,1.3236509908948128e-18,1.0,1.0,1.0,1.0,1.2800000000000015e-08,2.729404631570524e-06,1.4903384260478415e-05,7.724393320278238e-05,5.89348260852484e-05,5.843485725746652e-05,1,2882
1445,lm,304.322,6.778767888649224e-11,2.3032066474946804e-11,1.941070384597303e-11,2.534490728930407e-11,1.2762683229753672e-18,1.0,1.0,1.0,1.0,1.2800000000000015e-08,2.714217450753001e-06,1.4886877775132757e-05,7.715512652154263e-05,5.8871041381954124e-05,5.8376635749724354e-05,1,2884
1446,lm,304.526,6.76177308581276e-11,2.2976720397984673e-11,1.935897448367968e-11,2.528203474441077e-11,1.2320524719637577e-18,1.0,1.0,1.0,1.0,1.2800000000000015e-08,2.699123213526076e-06,1.4870429819208913e-05,7.706667414092164e-05,5.880744843711149e-05,5.831858519443906e-05,1,2886
1447,lm,304.730,6.744865695416777e-11,2.2921659548493168e-11,1.9307499428205276e-11,2.5219496786624488e-11,1.1908448483917772e-18,1.0,1.0,1.0,1.0,1.2800000000000015e-08,2.6841217334225884e-06,1.4854040105350658e-05,7.697857406545524e-05,5.874404624403157e-05,5.826070481287244e-05,1,2888
1448,lm,304.934,6.728045083338218e-11,2.2866881769470196e-11,1.9256277002227884e-11,2.51572909092633e-11,1.1524208004705584e-18,1.0,1.0,1.0,1.0,1.2800000000000015e-08,2.6692113071692023e-06,1.4837708361082877e-05,7.689082433268939e-05,5.8680833913667416e-05,5.8202993878963344e-05,1,2890
1449,lm,305.139,6.711310617389206e-11,2.2812384881773508e-11,1.9205305527006085e-11,2.5095414648269745e-11,1.1168427307442693e-18,1.0,1.0,1.0,1.0,1.2800000000000015e-08,2.6543941689901256e-06,1.482143430733974e-05,7.680342294930654e-05,5.8617810494775316e-05,5.814545164096933e-05,1,2892
1450,lm,305.343,6.694661674309142e-11,2.275816675605878e-11,1.915458335487122e-11,2.5033865548369863e-11,1.083791561026499e-18,1.0,1.0,1.0,1.0,1.2800000000000015e-08,2.639666778403967e-06,1.4805217666944881e-05,7.671636797152263e-05,5.855497505709696e-05,5.808807737724797e-05,1,2894
1451,lm,305.547,6.678097631787863e-11,2.2704225250541736e-11,1.9104108841443872e-11,2.4972641172537108e-11,1.05335591066448e-18,1.0,1.0,1.0,1.0,1.2800000000000015e-08,2.625032536878504e-06,1.4789058166528643e-05,7.662965742536098e-05,5.8492326672637734e-05,5.8030870348854604e-05,1,2896
1452,lm,305.751,6.66161787589719e-11,2.2650558266114827e-11,1.9053880357723544e-11,2.4911739109835397e-11,1.0252981155363537e-18,1.0,1.0,1.0,1.0,1.2800000000000015e-08,2.610488209557934e-06,1.4772955533918534e-05,7.65432894022879e-05,5.842986443351165e-05,5.797382986108339e-05,1,2898
1453,lm,305.955,6.645221796380135e-11,2.259716370564581e-11,1.9003896292270804e-11,2.4851156966258585e-11,9.99626141758334e-19,1.0,1.0,1.0,1.0,1.2800000000000015e-08,2.59603456846988e-06,1.4756909498764576e-05,7.645726196740379e-05,5.836758744347755e-05,5.7916955202425795e-05,1,2900
1454,lm,306.159,6.628908787075551e-11,2.2544039493752527e-11,1.895415503741927e-11,2.4790892363456476e-11,9.761272302831319e-19,1.0,1.0,1.0,1.0,1.2800000000000015e-08,2.581672260949884e-06,1.4740919797719031e-05,7.6371573179414e-05,5.8305494796465415e-05,5.786024564773032e-05,1,2902
1455,lm,306.363,6.612678249053126e-11,2.249118358044153e-11,1.8904655008480824e-11,2.4730942946764643e-11,9.548442638765033e-19,1.0,1.0,1.0,1.0,1.2800000000000015e-08,2.5673987264353423e-06,1.4724986160090332e-05,7.628622115413866e-05,5.8243585620977016e-05,5.780370054105184e-05,1,2904
1456,lm,306.568,6.59652958576687e-11,2.2438593910591607e-11,1.8855394626536934e-11,2.4671306384905865e-11,9.356343035311493e-19,1.0,1.0,1.0,1.0,1.2800000000000015e-08,2.553215199330976e-06,1.4709108312178905e-05,7.62012039656075e-05,5.818185900466071e-05,5.774731916578701e-05,1,2906
1457,lm,306.772,6.580462207228734e-11,2.2386268462253333e-11,1.8806372336393692e-11,2.461198035522295e-11,9.184173672841486e-19,1.0,1.0,1.0,1.0,1.2800000000000015e-08,2.5391216513256874e-06,1.469328600477178e-05,7.611651974115556e-05,5.812031410625383e-05,5.769110085192172e-05,1,2908
1458,lm,306.976,6.564475527568458e-11,2.2334205219253966e-11,1.8757586595699353e-11,2.455296255753219e-11,9.031990668595814e-19,1.0,1.0,1.0,1.0,1.2800000000000015e-08,2.525117236264518e-06,1.4677518972263101e-05,7.603216660449862e-05,5.805895006880166e-05,5.763504494156381e-05,1,2910
1459,lm,307.180,6.548568965597494e-11,2.2282402193499217e-11,1.870903585603114e-11,2.4494250716539036e-11,8.899055506589554e-19,1.0,1.0,1.0,1.0,1.2800000000000015e-08,2.5112015028089194e-06,1.4661806953458982e-05,7.59481426735127e-05,5.7997766003426203e-05,5.757915074810922e-05,1,2912
1460,lm,307.384,6.532741945152463e-11,2.223085740101756e-11,1.8660718598784608e-11,2.4435842573306286e-11,8.784161718789474e-19,1.0,1.0,1.0,1.0,1.2800000000000015e-08,2.4973742986393987e-06,1.4646149686552922e-05,7.586444608875413e-05,5.793676105813994e-05,5.752341761715182e-05,1,2914
1461,lm,307.588,6.516993894361345e-11,2.217956888004189e-11,1.8612633319256567e-11,2.437773587556358e-11,8.687514139081252e-19,1.0,1.0,1.0,1.0,1.2800000000000015e-08,2.4836354301205123e-06,1.4630546921579413e-05,7.578107500839335e-05,5.7875934387181876e-05,5.74678449012214e-05,1,2916
1462,lm,307.792,6.501324245889231e-11,2.2128534678900276e-11,1.856477851371236e-11,2.431992840551758e-11,8.607621051775219e-19,1.0,1.0,1.0,1.0,1.2800000000000015e-08,2.4699848828325496e-06,1.4614998398131251e-05,7.569802757876618e-05,5.781528516340086e-05,5.7412431931061005e-05,1,2918
1463,lm,307.997,6.485732437700959e-11,2.2077752865110467e-11,1.8517152701979106e-11,2.426241795527153e-11,8.546484968397988e-19,1.0,1.0,1.0,1.0,1.2800000000000015e-08,2.4564215111131857e-06,1.4599503865095508e-05,7.56153019776345e-05,5.775481256925165e-05,5.735717808803166e-05,1,2920
1464,lm,308.201,6.470217911699134e-11,2.202722153092269e-11,1.8469754405389837e-11,2.420520233052407e-11,8.501547492140931e-19,1.0,1.0,1.0,1.0,1.2800000000000015e-08,2.4429452051869087e-06,1.4584063072380512e-05,7.55328963947265e-05,5.769451577007594e-05,5.730208272905808e-05,1,2922
1465,lm,308.405,6.454780113984616e-11,2.1976938761566214e-11,1.8422582165938684e-11,2.4148279365078545e-11,8.472627105652464e-19,1.0,1.0,1.0,1.0,1.2800000000000015e-08,2.429556591329709e-06,1.4568675769569646e-05,7.545080901504439e-05,5.763439394187795e-05,5.724714522141393e-05,1,2924
1466,lm,308.609,6.439418495721044e-11,2.192690267350165e-11,1.8375634529956768e-11,2.409164690764783e-11,8.461041841234895e-19,1.0,1.0,1.0,1.0,1.2800000000000015e-08,2.416254501298341e-06,1.455334170414108e-05,7.536903801752289e-05,5.7574446301154326e-05,5.719236495125404e-05,1,2926
1467,lm,308.813,6.424132513228259e-11,2.1877111396732122e-11,1.832891007078226e-11,2.4035302818279523e-11,8.464886825184729e-19,1.0,1.0,1.0,1.0,1.2800000000000015e-08,2.4030382144140996e-06,1.4538060637130136e-05,7.528758165328055e-05,5.751467203415496e-05,5.713774129409573e-05,1,2928
1468,lm,309.018,6.40892162488397e-11,2.1827563076146052e-11,1.8282407344194758e-11,2.3979244980011634e-11,8.484872549193368e-19,1.0,1.0,1.0,1.0,1.2800000000000015e-08,2.3899091064862642e-06,1.4522832320426877e-05,7.520643811642489e-05,5.745507032861336e-05,5.708327363146072e-05,1,2930
1469,lm,309.222,6.393785295619498e-11,2.177825586963085e-11,1.8236124948758855e-11,2.392347128569966e-11,8.5210560991019485e-19,1.0,1.0,1.0,1.0,1.2800000000000015e-08,2.376865061452018e-06,1.4507656505267555e-05,7.512560564484506e-05,5.739564041504977e-05,5.7028961364752694e-05,1,2932
1470,lm,309.426,6.378722993646559e-11,2.1729187947808295e-11,1.8190061479462557e-11,2.3867979651898673e-11,8.572960599037472e-19,1.0,1.0,1.0,1.0,1.2800000000000015e-08,2.363906984466686e-06,1.4492532958265148e-05,7.504508248059605e-05,5.733638151666083e-05,5.697480389807086e-05,1,2934
1471,lm,309.630,6.363734191774448e-11,2.1680357495884388e-11,1.814421554463962e-11,2.3812768013123105e-11,8.640973598533924e-19,1.0,1.0,1.0,1.0,1.2800000000000015e-08,2.3510335460160834e-06,1.4477461435177383e-05,7.496486688296493e-05,5.7277292873356244e-05,5.6920800627189394e-05,1,2936
1472,lm,309.834,6.3488183665821e-11,2.1631762717351225e-11,1.809858576208544e-11,2.3757834313910203e-11,8.72474124303185e-19,1.0,1.0,1.0,1.0,1.2800000000000015e-08,2.338245291837737e-06,1.4462441700375187e-05,7.488495710713604e-05,5.721837370978711e-05,5.6866950967013714e-05,1,2938
1473,lm,310.038,6.33397499973749e-11,2.158340183161943e-11,1.8053170761676496e-11,2.3703176521618156e-11,8.824608138240904e-19,1.0,1.0,1.0,1.0,1.2800000000000015e-08,2.3255413372141443e-06,1.4447473508724495e-05,7.480535141456474e-05,5.7159623221462744e-05,5.6813254306666e-05,1,2940
1474,lm,310.242,6.319203576100505e-11,2.1535273063901934e-11,1.800796918400598e-11,2.364879261900912e-11,8.940880191497358e-19,1.0,1.0,1.0,1.0,1.2800000000000015e-08,2.3129220775493113e-06,1.4432556633723457e-05,7.472604810265514e-05,5.710104072012887e-05,5.6759710106064536e-05,1,2942
1475,lm,310.447,6.304503585276472e-11,2.148737465569563e-11,1.796297968523004e-11,2.359468060451018e-11,9.07328868159573e-19,1.0,1.0,1.0,1.0,1.2800000000000015e-08,2.3003864098134466e-06,1.4417690835661513e-05,7.46470454576121e-05,5.7042625422720124e-05,5.6706317766637326e-05,1,2944
1476,lm,310.651,6.289874520873363e-11,2.143970486970553e-11,1.7918200925896007e-11,2.3540838490934998e-11,9.22197101920397e-19,1.0,1.0,1.0,1.0,1.2800000000000015e-08,2.287934268634267e-06,1.4402875891317645e-05,7.456834180713706e-05,5.698437661647545e-05,5.6653076712810394e-05,1,2946
1477,lm,310.855,6.275315879945328e-11,2.139226197808072e-11,1.787363157572128e-11,2.348726430695623e-11,9.386950531832616e-19,1.0,1.0,1.0,1.0,1.2800000000000015e-08,2.275565191495658e-06,1.4388111557593514e-05,7.448993542844729e-05,5.6926293542957265e-05,5.659998639692523e-05,1,2948
1478,lm,311.059,6.26082716509967e-11,2.1345044268823706e-11,1.782927032499779e-11,2.3433956100228188e-11,9.569470135000895e-19,1.0,1.0,1.0,1.0,1.2800000000000015e-08,2.263278653268313e-06,1.4373397610139328e-05,7.441182465672448e-05,5.686837549028049e-05,5.654704623732939e-05,1,2950
1479,lm,311.263,6.246407880928329e-11,2.1298050039645402e-11,1.7785115864196578e-11,2.338091192852093e-11,9.769203842153503e-19,1.0,1.0,1.0,1.0,1.2800000000000015e-08,2.251075872124289e-06,1.4358733828560445e-05,7.433400784078761e-05,5.6810621758392927e-05,5.6494255698135555e-05,1,2952
1480,lm,311.467,6.232057537230177e-11,2.1251277601763867e-11,1.774116690039507e-11,2.3328129871614924e-11,9.985278982767267e-19,1.0,1.0,1.0,1.0,1.2800000000000015e-08,2.2389545863130315e-06,1.4344119976355867e-05,7.4256483320123e-05,5.6753031614619665e-05,5.644161420786312e-05,1,2954
1481,lm,311.672,6.217775648477352e-11,2.120472529254872e-11,1.7697422143530185e-11,2.3275608026707032e-11,1.0219875893349742e-18,1.0,1.0,1.0,1.0,1.2800000000000015e-08,2.226914618889906e-06,1.432955583569983e-05,7.417924945499543e-05,5.669560435892589e-05,5.638912124579787e-05,1,2956
1482,lm,311.876,6.20356173118636e-11,2.115839144535942e-11,1.765388032684286e-11,2.3223344492467522e-11,1.0471937976549144e-18,1.0,1.0,1.0,1.0,1.2800000000000015e-08,2.214957503575266e-06,1.4315041176336622e-05,7.410230458239539e-05,5.663833927665493e-05,5.633677623036373e-05,1,2958
1483,lm,312.080,6.189415306955683e-11,2.11122744094052e-11,1.761054018479576e-11,2.3171337401047097e-11,1.0743087964916643e-18,1.0,1.0,1.0,1.0,1.2800000000000015e-08,2.2030806984140045e-06,1.430057578151504e-05,7.402564710097393e-05,5.6581235680408314e-05,5.628457864563862e-05,1,2960
1484,lm,312.284,6.175335900162894e-11,2.1066372559472562e-11,1.7567400451707987e-11,2.3119584887181417e-11,1.1032669762482872e-18,1.0,1.0,1.0,1.0,1.2800000000000015e-08,2.1912853046860257e-06,1.4286159431941699e-05,7.394927540020051e-05,5.6524292891792765e-05,5.6232527958256235e-05,1,2962
1485,lm,312.488,6.161323040549289e-11,2.1020684280382946e-11,1.752445988809675e-11,2.3068085102889207e-11,1.134123994033754e-18,1.0,1.0,1.0,1.0,1.2800000000000015e-08,2.179569658914978e-06,1.4271791906485602e-05,7.387318788223366e-05,5.646751024481047e-05,5.618062363203632e-05,1,2964
1486,lm,312.693,6.147376260147099e-11,2.097520795704141e-11,1.7481717261145194e-11,2.3016836216330443e-11,1.1669539470092927e-18,1.0,1.0,1.0,1.0,1.2800000000000015e-08,2.1679353596203153e-06,1.4257472993931502e-05,7.379738294793532e-05,5.641088706463233e-05,5.612886514208308e-05,1,2966
1487,lm,312.897,6.133495096074928e-11,2.0929941999649648e-11,1.7439171346126935e-11,2.2965836413181404e-11,1.2017912936322642e-18,1.0,1.0,1.0,1.0,1.2800000000000015e-08,2.15637993715629e-06,1.4243202462652316e-05,7.372185897612197e-05,5.635442262956467e-05,5.607725195431334e-05,1,2968
1488,lm,313.101,6.119679088389791e-11,2.0884884832375292e-11,1.7396820918576117e-11,2.2915083894204242e-11,1.238742259170159e-18,1.0,1.0,1.0,1.0,1.2800000000000015e-08,2.1449045277409853e-06,1.4228980114695102e-05,7.364661445523995e-05,5.629811634621927e-05,5.602578356310725e-05,1,2970
1489,lm,313.305,6.105927780275536e-11,2.0840034880240878e-11,1.7354664776264732e-11,2.2864576868562366e-11,1.277687374918156e-18,1.0,1.0,1.0,1.0,1.2800000000000015e-08,2.1335080617284546e-06,1.4214805726041628e-05,7.357164776828818e-05,5.6241967528853854e-05,5.597445944423241e-05,1,2972
1490,lm,313.509,6.092240720038118e-11,2.0795390597154402e-11,1.7312701720268454e-11,2.2814313564081645e-11,1.3188766747548771e-18,1.0,1.0,1.0,1.0,1.2800000000000015e-08,2.1221900778223916e-06,1.4200679087866025e-05,7.349695737857338e-05,5.618597551846914e-05,5.592327908364358e-05,1,2974
1491,lm,313.713,6.078617458151048e-11,2.0750950434469122e-11,1.7270930566073662e-11,2.2764292218758864e-11,1.3622088273768844e-18,1.0,1.0,1.0,1.0,1.2800000000000015e-08,2.110950987452894e-06,1.4186599990852099e-05,7.342254174904655e-05,5.6130139689982176e-05,5.587224198540887e-05,1,2976
1492,lm,313.917,6.065057549892006e-11,2.070671287420726e-11,1.7229350126860507e-11,2.2714511090078164e-11,1.4077741241820337e-18,1.0,1.0,1.0,1.0,1.2800000000000015e-08,2.099790414599673e-06,1.4172568229964198e-05,7.334839936961559e-05,5.6074459421113e-05,5.582134765423083e-05,1,2978
1493,lm,314.121,6.051560552932244e-11,2.0662676384264866e-11,1.7187959242030913e-11,2.266496844739382e-11,1.4556328379509952e-18,1.0,1.0,1.0,1.0,1.2800000000000015e-08,2.0887073994561877e-06,1.4158583588554046e-05,7.327452868473682e-05,5.60189340406487e-05,5.577059555558888e-05,1,2980
1494,lm,314.326,6.038126029296569e-11,2.061883947514621e-11,1.7146756733040575e-11,2.2615662578911947e-11,1.5058669653558912e-18,1.0,1.0,1.0,1.0,1.2800000000000015e-08,2.0777012509582044e-06,1.4144645868861181e-05,7.320092817854497e-05,5.5963562944340475e-05,5.571998521791377e-05,1,2982
1495,lm,314.530,6.024753544656505e-11,2.0575200643453746e-11,1.71057414661244e-11,2.25665917784987e-11,1.5584882089471775e-18,1.0,1.0,1.0,1.0,1.2800000000000015e-08,2.0667723577897967e-06,1.4130754865584413e-05,7.312759639844248e-05,5.5908345524176905e-05,5.5669516146378234e-05,1,2984
1496,lm,314.734,6.011442667340895e-11,2.0531758420714563e-11,1.7064912280452804e-11,2.2517754358659e-11,1.6135825748698137e-18,1.0,1.0,1.0,1.0,1.2800000000000015e-08,2.055920170027873e-06,1.4116910366125474e-05,7.305453180849959e-05,5.58532811486958e-05,5.5619187833775386e-05,1,2986
1497,lm,314.938,5.998192969832108e-11,2.04885113343366e-11,1.7024268054465783e-11,2.2469148638323453e-11,1.6711952352963265e-18,1.0,1.0,1.0,1.0,1.2800000000000015e-08,2.045144253171712e-06,1.4103112175503987e-05,7.298173291877114e-05,5.5798369238995414e-05,5.556899981081037e-05,1,2988
1498,lm,315.142,5.985004028282664e-11,2.0445457930347114e-11,1.6983807658371373e-11,2.2420772962738705e-11,1.7313694338340714e-18,1.0,1.0,1.0,1.0,1.2800000000000015e-08,2.03444379803843e-06,1.4089360088045707e-05,7.290919827243738e-05,5.574360914360899e-05,5.551895157030251e-05,1,2990
1499,lm,315.346,5.971875421195559e-11,2.0402596763887597e-11,1.69435299712246e-11,2.2372625682747277e-11,1.7940961183420572e-18,1.0,1.0,1.0,1.0,1.2800000000000015e-08,2.0238199596094297e-06,1.4075653908885856e-05,7.283692641170275e-05,5.5689000286139705e-05,5.546904265164698e-05,1,2992
1500,lm,315.551,5.958806731153686e-11,2.0359926408315825e-11,1.690343388383792e-11,2.23247051598582e-11,1.8595249163733548e-18,1.0,1.0,1.0,1.0,1.2800000000000015e-08,2.0132707424171724e-06,1.4061993442147005e-05,7.276491590336207e-05,5.5634542102474905e-05,5.541927257688866e-05,1,2994
1501,lm,315.755,5.945797544221747e-11,2.0317445437290484e-11,1.686351829778869e-11,2.2277009779466445e-11,1.9276718502046856e-18,1.0,1.0,1.0,1.0,1.2800000000000015e-08,2.0027961995651052e-06,1.404837848380195e-05,7.269316528136229e-05,5.5580233948315696e-05,5.536964084790492e-05,1,2996
1502,lm,315.959,5.932847449179517e-11,2.0275152455475627e-11,1.68237821164427e-11,2.2229537921317758e-11,1.9985590770122264e-18,1.0,1.0,1.0,1.0,1.2800000000000015e-08,1.992396257311888e-06,1.4034808840112451e-05,7.262167309410237e-05,5.552607530115841e-05,5.532014701935397e-05,1,2998
1503,lm,316.163,5.919956038610191e-11,2.0233046057409037e-11,1.6784224250183744e-11,2.2182288006099976e-11,2.072409152847025e-18,1.0,1.0,1.0,1.0,1.2800000000000015e-08,1.982070407270571e-06,1.4021284319326637e-05,7.255043795748935e-05,5.547206556759375e-05,5.527079060773076e-05,1,3000
1504,lm,316.367,5.907122908336896e-11,2.0191124863261403e-11,1.6744843633400936e-11,2.2135258437615648e-11,2.149090975012572e-18,1.0,1.0,1.0,1.0,1.2800000000000015e-08,1.9718182123009554e-06,1.4007804721429971e-05,7.247945842908736e-05,5.5418204181596974e-05,5.5221571156273046e-05,1,3002
1505,lm,316.800,5.894347657317283e-11,2.0149387498023576e-11,1.6705639193341987e-11,2.2088447653107833e-11,2.228699432277398e-18,1.0,1.0,1.0,1.0,1.2800000000000015e-08,1.9616395134135258e-06,1.3994369858989808e-05,7.240873312466604e-05,5.536449056974372e-05,5.517248817969854e-05,1,3004
1506,lm,317.019,5.88162988763189e-11,2.010783260240749e-11,1.6666609864771073e-11,2.2041854097808314e-11,2.3113320178939822e-18,1.0,1.0,1.0,1.0,1.2800000000000015e-08,1.9515334862723567e-06,1.3980979542561128e-05,7.233826063600358e-05,5.531092417947024e-05,5.512354124159445e-05,1,3006
1507,lm,317.223,5.868969204533532e-11,2.0066458828970352e-11,1.6627754604390876e-11,2.1995476215059276e-11,2.396914829669616e-18,1.0,1.0,1.0,1.0,1.2800000000000015e-08,1.9414998699270236e-06,1.396763358102692e-05,7.226803960257249e-05,5.5257504463550315e-05,5.507472987596582e-05,1,3008
1508,lm,317.427,5.856365216844196e-11,2.0025264841415784e-11,1.658907235369625e-11,2.1949312487637546e-11,2.4856923800329706e-18,1.0,1.0,1.0,1.0,1.2800000000000015e-08,1.931538818686666e-06,1.3954331781285578e-05,7.219806861557316e-05,5.5204230855198654e-05,5.502605361289122e-05,1,3010
1509,lm,317.631,5.843817535955917e-11,1.998424930660351e-11,1.6550562085740196e-11,2.190336138966209e-11,2.5775533867232237e-18,1.0,1.0,1.0,1.0,1.2800000000000015e-08,1.92164956782302e-06,1.3941073961158211e-05,7.212834633834837e-05,5.515110282107296e-05,5.4977512014083244e-05,1,3012
1510,lm,317.835,5.831325776411806e-11,1.994341091056588e-11,1.651222276675148e-11,2.1857621414220255e-11,2.6725804476707056e-18,1.0,1.0,1.0,1.0,1.2800000000000015e-08,1.911831806306921e-06,1.392785992932455e-05,7.205887139578246e-05,5.509811979932288e-05,5.492910461478873e-05,1,3014
1511,lm,318.039,5.81888955657491e-11,1.9902748353490914e-11,1.6474053376191535e-11,2.1812091065235385e-11,2.7708312635050195e-18,1.0,1.0,1.0,1.0,1.2800000000000015e-08,1.9020848019575114e-06,1.3914689508460714e-05,7.198964246639625e-05,5.504528128918029e-05,5.488083098744638e-05,1,3016
1512,lm,318.243,5.8065084971146906e-11,1.9862260341195888e-11,1.6436052895654015e-11,2.1766768861830622e-11,2.872466373671657e-18,1.0,1.0,1.0,1.0,1.2800000000000015e-08,1.8924085332959645e-06,1.3901562510355957e-05,7.192065819174656e-05,5.4992586754221034e-05,5.483269066879985e-05,1,3018
1513,lm,318.448,5.794182221769117e-11,1.982194559055323e-11,1.6398220316495248e-11,2.1721653333260013e-11,2.977382673217422e-18,1.0,1.0,1.0,1.0,1.2800000000000015e-08,1.8828029497013577e-06,1.3888478751368917e-05,7.185191725986384e-05,5.494003566986064e-05,5.478468322228198e-05,1,3020
1514,lm,318.652,5.78191035787715e-11,1.9781802824996276e-11,1.636055464743385e-11,2.1676743020634198e-11,3.0857071780449666e-18,1.0,1.0,1.0,1.0,1.2800000000000015e-08,1.8732665775630439e-06,1.3875438050821126e-05,7.178341835652995e-05,5.488762751242063e-05,5.473680820696961e-05,1,3022
1515,lm,318.856,5.7696925351763946e-11,1.9741830783705138e-11,1.632305489310725e-11,2.16320364775249e-11,3.197426658931691e-18,1.0,1.0,1.0,1.0,1.2800000000000015e-08,1.8637999276733718e-06,1.386244022985922e-05,7.17151601672625e-05,5.483536177653148e-05,5.468906519187757e-05,1,3024
1516,lm,319.060,5.7575283872897044e-11,1.9702028223209643e-11,1.628572006656153e-11,2.158753227057073e-11,3.3125551426290477e-18,1.0,1.0,1.0,1.0,1.2800000000000015e-08,1.854401861151963e-06,1.3849485104163027e-05,7.164714137837481e-05,5.478323791598224e-05,5.464145371576983e-05,1,3026
1517,lm,319.264,5.74541754894102e-11,1.9662393902049662e-11,1.6248549184672076e-11,2.1543228971397116e-11,3.4312913421317827e-18,1.0,1.0,1.0,1.0,1.2800000000000015e-08,1.8450736538236571e-06,1.3836572498800952e-05,7.157936072056931e-05,5.4731255477969775e-05,5.4593973363048234e-05,1,3028
1518,lm,319.468,5.73335965973055e-11,1.9622926590246392e-11,1.6211541283768683e-11,2.1499125169838952e-11,3.553451472454065e-18,1.0,1.0,1.0,1.0,1.2800000000000015e-08,1.8358125313571683e-06,1.382370223516011e-05,7.1511816903613e-05,5.4679413907391864e-05,5.454662369070055e-05,1,3030
1519,lm,319.673,5.7213543608734173e-11,1.9583625072895783e-11,1.6174695391377744e-11,2.1455219465152467e-11,3.679308177043465e-18,1.0,1.0,1.0,1.0,1.2800000000000015e-08,1.8266199870822863e-06,1.381087413763203e-05,7.144450866255842e-05,5.4627712757461095e-05,5.449940428680947e-05,1,3032
1520,lm,319.877,5.709401297433644e-11,1.9544488138813822e-11,1.6138010554468965e-11,2.1411510472301747e-11,3.8087519094076385e-18,1.0,1.0,1.0,1.0,1.2800000000000015e-08,1.8174945451397979e-06,1.379808803261041e-05,7.137743472915651e-05,5.457615149132831e-05,5.445231469684651e-05,1,3034
1521,lm,320.234,5.69750011627829e-11,1.9505514589650663e-11,1.6101485824411715e-11,2.1367996806882227e-11,3.941838291008374e-18,1.0,1.0,1.0,1.0,1.2800000000000015e-08,1.8084365217683482e-06,1.3785343743832824e-05,7.131059385539358e-05,5.452472966021305e-05,5.4405354509512334e-05,1,3036
1522,lm,320.443,5.685650468496506e-11,1.9466703241259868e-11,1.6065120260278706e-11,2.132467710491139e-11,4.078515103621353e-18,1.0,1.0,1.0,1.0,1.2800000000000015e-08,1.799444978205977e-06,1.3772641097967248e-05,7.124398479454353e-05,5.447344676802451e-05,5.4358523310439995e-05,1,3038
1523,lm,320.648,5.673852005773148e-11,1.9428052911028775e-11,1.6028912915134262e-11,2.1281550012614798e-11,4.218953644920419e-18,1.0,1.0,1.0,1.0,1.2800000000000015e-08,1.7905200856921421e-06,1.3759979922683077e-05,7.117760630515383e-05,5.442230232524655e-05,5.431182065320005e-05,1,3040
1524,lm,320.852,5.662104385142641e-11,1.9389562438176773e-11,1.5992862867958393e-11,2.1238614182110456e-11,4.363180789533864e-18,1.0,1.0,1.0,1.0,1.2800000000000015e-08,1.7816607525317823e-06,1.3747360046798308e-05,7.111145717146856e-05,5.4371295848152696e-05,5.426524613499969e-05,1,3042
1525,lm,321.056,5.650407264725494e-11,1.9351230663916365e-11,1.5956969192916003e-11,2.1195868279322874e-11,4.511099708091541e-18,1.0,1.0,1.0,1.0,1.2800000000000015e-08,1.772867186219027e-06,1.3734781299152388e-05,7.104553616575259e-05,5.4320426888366346e-05,5.421879932944845e-05,1,3044
1526,lm,321.260,5.638760305848184e-11,1.9313056438998327e-11,1.5921230972206662e-11,2.115331098445578e-11,4.662821085440998e-18,1.0,1.0,1.0,1.0,1.2800000000000015e-08,1.7641384106706567e-06,1.3722243515513393e-05,7.097984209599574e-05,5.426969496892533e-05,5.4172479822835655e-05,1,3046
1527,lm,321.465,5.6271631725769524e-11,1.9275038636509195e-11,1.5885647285853752e-11,2.1110940985001738e-11,4.818404849899831e-18,1.0,1.0,1.0,1.0,1.2800000000000015e-08,1.7554745974924555e-06,1.370974652550344e-05,7.091437374987543e-05,5.421909962820088e-05,5.412628719751571e-05,1,3048
1528,lm,321.670,5.615615531552815e-11,1.9237176109474457e-11,1.5850217246263486e-11,2.1068756982005892e-11,4.9777843095962275e-18,1.0,1.0,1.0,1.0,1.2800000000000015e-08,1.7468751486132057e-06,1.3697290158982896e-05,7.0849129928893e-05,5.416864041095657e-05,5.40802210423158e-05,1,3050
1529,lm,321.874,5.604117052181793e-11,1.9199467756838548e-11,1.5814939944817308e-11,2.1026757679080502e-11,5.141081569110431e-18,1.0,1.0,1.0,1.0,1.2800000000000015e-08,1.7383390656471743e-06,1.3684874255676962e-05,7.078410947249841e-05,5.411831684853649e-05,5.403428094509702e-05,1,3052
1530,lm,322.078,5.592667406521745e-11,1.916191246546831e-11,1.5779814496571814e-11,2.098494179509418e-11,5.308083157152547e-18,1.0,1.0,1.0,1.0,1.2800000000000015e-08,1.729866752951888e-06,1.3672498638968492e-05,7.071931116185628e-05,5.4068128489672005e-05,5.398846649098735e-05,1,3054
1531,lm,322.282,5.581266269042989e-11,1.9124509143041835e-11,1.5744840003155336e-11,2.0943308065068645e-11,5.479164071642505e-18,1.0,1.0,1.0,1.0,1.2800000000000015e-08,1.721458090703792e-06,1.366016315458636e-05,7.065473387550234e-05,5.401807490448957e-05,5.394277728448028e-05,1,3056
1532,lm,322.486,5.5699133174576684e-11,1.908725669158868e-11,1.571001560399349e-11,2.0901855224997503e-11,5.653997004098466e-18,1.0,1.0,1.0,1.0,1.2800000000000015e-08,1.7131113299104281e-06,1.3647867634605968e-05,7.059037644044208e-05,5.396815564668945e-05,5.389721290168917e-05,1,3058
1533,lm,322.691,5.558608230892964e-11,1.90501540342768e-11,1.5675340413359855e-11,2.0860582028541892e-11,5.8327510907176355e-18,1.0,1.0,1.0,1.0,1.2800000000000015e-08,1.7048275541911645e-06,1.3635611919374268e-05,7.052623771259454e-05,5.3918370273768326e-05,5.38517729551368e-05,1,3060
1534,lm,322.895,5.547350692330563e-11,1.9013200106758644e-11,1.5640813565136555e-11,2.081948723587572e-11,6.015534702251711e-18,1.0,1.0,1.0,1.0,1.2800000000000015e-08,1.6966052133678054e-06,1.3623395842511567e-05,7.046231653140564e-05,5.386871833584773e-05,5.38064570344897e-05,1,3062
1535,lm,323.099,5.5361403861877264e-11,1.8976393846527418e-11,1.5606434200530328e-11,2.07785696127573e-11,6.202062219752436e-18,1.0,1.0,1.0,1.0,1.2800000000000015e-08,1.6884447426290133e-06,1.3611219248183316e-05,7.039861178145588e-05,5.3819199397674256e-05,5.376126473368844e-05,1,3064
1536,lm,323.303,5.524977000049129e-11,1.8939734200202814e-11,1.5572201464773504e-11,2.0737827942857475e-11,6.3926574950029235e-18,1.0,1.0,1.0,1.0,1.2800000000000015e-08,1.6803446093138881e-06,1.3599081973091365e-05,7.033512234022296e-05,5.376981303921148e-05,5.371619565253365e-05,1,3066
1537,lm,323.507,5.51386022471661e-11,1.890322013158674e-11,1.5538114508591666e-11,2.0697261019889046e-11,6.5870986547868596e-18,1.0,1.0,1.0,1.0,1.2800000000000015e-08,1.6723055174767693e-06,1.3586983859556859e-05,7.02718470855507e-05,5.372055883576304e-05,5.3671249401226445e-05,1,3068
1538,lm,323.712,5.502789751658022e-11,1.8866850604298663e-11,1.5504172483863056e-11,2.065686764285373e-11,6.7855647851114225e-18,1.0,1.0,1.0,1.0,1.2800000000000015e-08,1.6643272294215394e-06,1.3574924749315447e-05,7.02087849048858e-05,5.367143635985979e-05,5.3626425577346785e-05,1,3070
1539,lm,323.916,5.4917652760104606e-11,1.8830624596629775e-11,1.5470374563397144e-11,2.06166466121424e-11,6.987935280534067e-18,1.0,1.0,1.0,1.0,1.2800000000000015e-08,1.6564080966147791e-06,1.3562904484802222e-05,7.014593469600838e-05,5.362244518957878e-05,5.3581723775661536e-05,1,3072
1540,lm,324.120,5.480786494988007e-11,1.8794541093914576e-11,1.543671990470393e-11,2.0576596757036838e-11,7.194224722174292e-18,1.0,1.0,1.0,1.0,1.2800000000000015e-08,1.6485488066395374e-06,1.3550922907072353e-05,7.008329537052562e-05,5.3573584920396335e-05,5.3537143615110614e-05,1,3074
1541,lm,324.324,5.4698531082824426e-11,1.875859908357017e-11,1.5403207687851344e-11,2.0536716907086914e-11,7.404315992407875e-18,1.0,1.0,1.0,1.0,1.2800000000000015e-08,1.6407486868771831e-06,1.3538979861972988e-05,7.002086584452513e-05,5.352485513810376e-05,5.3492684699522064e-05,1,3076
1542,lm,324.528,5.4589648182581863e-11,1.872279757771442e-11,1.5369837087929316e-11,2.049700589853738e-11,7.618400742875799e-18,1.0,1.0,1.0,1.0,1.2800000000000015e-08,1.633006733612929e-06,1.3527075199395475e-05,6.995864505030178e-05,5.347625540068999e-05,5.344834663083476e-05,1,3078
1543,lm,324.733,5.4481213294411724e-11,1.8687135584824812e-11,1.5336607294320857e-11,2.0457462578886992e-11,7.836379058774265e-18,1.0,1.0,1.0,1.0,1.2800000000000015e-08,1.6253236075447746e-06,1.3515208754471205e-05,6.989663189148031e-05,5.34277853392692e-05,5.340412902315846e-05,1,3080
1544,lm,324.937,5.4373223483385675e-11,1.8651612121880993e-11,1.5303517497656167e-11,2.0418085805648182e-11,8.058200322958779e-18,1.0,1.0,1.0,1.0,1.2800000000000015e-08,1.6176979569725103e-06,1.3503380381830308e-05,6.98348253424785e-05,5.337944452277121e-05,5.336003148382978e-05,1,3082
1545,lm,325.141,5.4265675842259496e-11,1.861622622711398e-11,1.527056688802731e-11,2.037887444319189e-11,8.283926309923148e-18,1.0,1.0,1.0,1.0,1.2800000000000015e-08,1.610129731745629e-06,1.3491589928322602e-05,6.977322431201881e-05,5.333123256583223e-05,5.3316053628421706e-05,1,3084
1546,lm,325.346,5.415856749042919e-11,1.8580976931676856e-11,1.523775467511629e-11,2.033982737010804e-11,8.513528005764637e-18,1.0,1.0,1.0,1.0,1.2800000000000015e-08,1.6026186083534853e-06,1.3479837240403235e-05,6.971182776902796e-05,5.3283149074534046e-05,5.327219507837262e-05,1,3086
1547,lm,325.550,5.405189555839227e-11,1.854586328530141e-11,1.5205080053067774e-11,2.0300943473171158e-11,8.746851922613746e-18,1.0,1.0,1.0,1.0,1.2800000000000015e-08,1.5951644929508946e-06,1.3468122165288953e-05,6.9650634672494e-05,5.3235193638775724e-05,5.322845543165668e-05,1,3088
1548,lm,325.755,5.394565721339943e-11,1.8510884343782262e-11,1.5172542245613778e-11,2.026222163983804e-11,8.984165349596987e-18,1.0,1.0,1.0,1.0,1.2800000000000015e-08,1.5877660474358334e-06,1.3456444555049678e-05,6.958964398409774e-05,5.318736588555718e-05,5.318483431598036e-05,1,3090
1549,lm,325.959,5.383984963753886e-11,1.847603916586288e-11,1.514014047194942e-11,2.0223660774400446e-11,9.225326110455542e-18,1.0,1.0,1.0,1.0,1.2800000000000015e-08,1.5804239252858586e-06,1.3444804259544618e-05,6.95288546954726e-05,5.3139665399758006e-05,5.3141331347643854e-05,1,3092
1550,lm,326.163,5.373447003493835e-11,1.844132682621188e-11,1.5107873943868594e-11,2.0185259794759553e-11,9.470098325110386e-18,1.0,1.0,1.0,1.0,1.2800000000000015e-08,1.5731372770226294e-06,1.3433201130372125e-05,6.946826578281274e-05,5.309209181633643e-05,5.30979461397213e-05,1,3094
1551,lm,326.368,5.362951563164322e-11,1.8406746401981224e-11,1.50757418970084e-11,2.0147017614012378e-11,9.718641209955681e-18,1.0,1.0,1.0,1.0,1.2800000000000015e-08,1.5659054820293883e-06,1.3421635018997322e-05,6.940787623668364e-05,5.304464474868126e-05,5.305467831071416e-05,1,3096
1552,lm,326.572,5.352498368188255e-11,1.837229698536309e-11,1.5043743557955724e-11,2.0108933167653057e-11,9.970910671821983e-18,1.0,1.0,1.0,1.0,1.2800000000000015e-08,1.5587284331082935e-06,1.3410105777536643e-05,6.934768504633141e-05,5.299732380360531e-05,5.301152749556651e-05,1,3098
1553,lm,326.776,5.342087145721745e-11,1.8337977673274173e-11,1.501187816796009e-11,2.0071005389041537e-11,1.0226941647566006e-17,1.0,1.0,1.0,1.0,1.2800000000000015e-08,1.5516054457275404e-06,1.3398613254216895e-05,6.928769120605112e-05,5.29501285996434e-05,5.296849329674871e-05,1,3100
1554,lm,326.980,5.331717624742081e-11,1.8303787563009013e-11,1.4980144972356796e-11,2.003323322554746e-11,1.0486507541369677e-17,1.0,1.0,1.0,1.0,1.2800000000000015e-08,1.5445366269153337e-06,1.3387157311346411e-05,6.922789375007492e-05,5.290305876627968e-05,5.292557534364712e-05,1,3102
1555,lm,327.184,5.3213895370348434e-11,1.826972577732014e-11,1.4948543210073984e-11,1.9995615633156e-11,1.0749798306166808e-17,1.0,1.0,1.0,1.0,1.2800000000000015e-08,1.537521039448728e-06,1.3375737800423547e-05,6.916829168324968e-05,5.2856113921604263e-05,5.288277326269807e-05,1,3104
1556,lm,327.388,5.311102615885603e-11,1.823579142804386e-11,1.491707214246658e-11,1.995815157175341e-11,1.1016592190849505e-17,1.0,1.0,1.0,1.0,1.2800000000000015e-08,1.5305589321811699e-06,1.336435457671972e-05,6.910888403974931e-05,5.2809293708330235e-05,5.2840086683268374e-05,1,3106
1557,lm,327.593,5.300856597809924e-11,1.820198365059088e-11,1.4885731025850826e-11,1.992084001463724e-11,1.1287020296389224e-17,1.0,1.0,1.0,1.0,1.2800000000000015e-08,1.523648961427905e-06,1.3353007493353154e-05,6.904966983988271e-05,5.276259777140001e-05,5.2797515231812506e-05,1,3108
1558,lm,327.797,5.2906512196606244e-11,1.8168301570477105e-11,1.4854519122950886e-11,1.9883679942212734e-11,1.1560965522014858e-17,1.0,1.0,1.0,1.0,1.2800000000000015e-08,1.5167918244899264e-06,1.3341696412658789e-05,6.899064814205622e-05,5.271602571838632e-05,5.275505852815476e-05,1,3110
1559,lm,328.001,5.280486222027973e-11,1.81347443357757e-11,1.4823435700250112e-11,1.98466703459245e-11,1.1838329417592496e-17,1.0,1.0,1.0,1.0,1.2800000000000015e-08,1.5099862103084044e-06,1.3330421187136149e-05,6.893181795718947e-05,5.266957716583477e-05,5.2712716200100846e-05,1,3112
1560,lm,328.205,5.270361346588934e-11,1.8101311100980902e-11,1.4792480029007116e-11,1.980981021685893e-11,1.2119042383463637e-17,1.0,1.0,1.0,1.0,1.2800000000000015e-08,1.5032323771630374e-06,1.3319181675590894e-05,6.88731783642605e-05,5.26232517974967e-05,5.267048788705068e-05,1,3114
1561,lm,328.409,5.26027633762682e-11,1.806800102543175e-11,1.4761651386297943e-11,1.9773098561256662e-11,1.2403281846693985e-17,1.0,1.0,1.0,1.0,1.2800000000000015e-08,1.4965296889488955e-06,1.330797773630723e-05,6.881472841404881e-05,5.257704922677849e-05,5.262837321815627e-05,1,3116
1562,lm,328.613,5.250230940781861e-11,1.8034813270584428e-11,1.4730949053994966e-11,1.9736534392354923e-11,1.2690884292804e-17,1.0,1.0,1.0,1.0,1.2800000000000015e-08,1.4898777955011948e-06,1.329680922895169e-05,6.87564671683331e-05,5.2530969102993885e-05,5.258637181564716e-05,1,3118
1563,lm,328.818,5.2402249045236104e-11,1.80017470170887e-11,1.470037232189665e-11,1.9700116724548045e-11,1.2981702707832264e-17,1.0,1.0,1.0,1.0,1.2800000000000015e-08,1.483275694770291e-06,1.3285676013137757e-05,6.869839368942648e-05,5.248501106927831e-05,5.25444833150982e-05,1,3120
1564,lm,329.022,5.2302579783271816e-11,1.7968801438949146e-11,1.4669920477949344e-11,1.9663844590553138e-11,1.3275820188820616e-17,1.0,1.0,1.0,1.0,1.2800000000000015e-08,1.4767243811425815e-06,1.3274577952799306e-05,6.864050707846355e-05,5.243917475647473e-05,5.25027073560323e-05,1,3122
1565,lm,329.226,5.220329914530472e-11,1.7935975730206308e-11,1.4639592813585176e-11,1.962771702838336e-11,1.3573129875395255e-17,1.0,1.0,1.0,1.0,1.2800000000000015e-08,1.4702220015262762e-06,1.3263514901370942e-05,6.858280639410435e-05,5.2393459849750114e-05,5.246104356525191e-05,1,3124
1566,lm,329.431,5.21044046701057e-11,1.7903269083487e-11,1.4609388633535787e-11,1.9591733079501898e-11,1.3873581014742363e-17,1.0,1.0,1.0,1.0,1.2800000000000015e-08,1.4637693321346446e-06,1.3252486725586856e-05,6.85252907369675e-05,5.23478659700313e-05,5.241949157157224e-05,1,3126
1567,lm,329.635,5.20058939161218e-11,1.787068070322234e-11,1.4579307243623745e-11,1.9555891792276703e-11,1.417699901043465e-17,1.0,1.0,1.0,1.0,1.2800000000000015e-08,1.4573651999460707e-06,1.3241493285532627e-05,6.8467959211325e-05,5.2302392778615264e-05,5.237805103670023e-05,1,3128
1568,lm,329.839,5.1907764464100106e-11,1.7838209796207035e-11,1.4549347950322013e-11,1.9520192233904203e-11,1.4483666852127615e-17,1.0,1.0,1.0,1.0,1.2800000000000015e-08,1.4510099304432087e-06,1.323053444706624e-05,6.84108109157482e-05,5.225703992462349e-05,5.233672156865298e-05,1,3130
1569,lm,330.043,5.1810013908145466e-11,1.7805855591954767e-11,1.4519510063928932e-11,1.948463345902731e-11,1.4793234459895238e-17,1.0,1.0,1.0,1.0,1.2800000000000015e-08,1.4447022473082555e-06,1.3219610069431137e-05,6.835384494594747e-05,5.221180706131571e-05,5.2295502823603e-05,1,3132
1570,lm,330.247,5.1712639867856644e-11,1.777361730701925e-11,1.448979290651343e-11,1.9449214548570104e-11,1.510575386488595e-17,1.0,1.0,1.0,1.0,1.2800000000000015e-08,1.4384425784690216e-06,1.3208720018564122e-05,6.82970604349112e-05,5.216669383937101e-05,5.225439443502294e-05,1,3134
1571,lm,330.451,5.1615639974703837e-11,1.7741494165544688e-11,1.4460195798265287e-11,1.9413934589855777e-11,1.5421038078934046e-17,1.0,1.0,1.0,1.0,1.2800000000000015e-08,1.4322303519190974e-06,1.3197864157698842e-05,6.824045648012475e-05,5.212169993975877e-05,5.2213396040421754e-05,1,3136
1572,lm,330.656,5.151901188439872e-11,1.770948541894808e-11,1.4430718067573647e-11,1.937879265856244e-11,1.5739314560816794e-17,1.0,1.0,1.0,1.0,1.2800000000000015e-08,1.4260647498372054e-06,1.3187042352424937e-05,6.818403222562238e-05,5.207682501422018e-05,5.2172507280052614e-05,1,3138
1573,lm,330.860,5.142275326737462e-11,1.7677590307606167e-11,1.4401359041307037e-11,1.9343787858288856e-11,1.6060172557189558e-17,1.0,1.0,1.0,1.0,1.2800000000000015e-08,1.41994605627713e-06,1.3176254470963138e-05,6.81277868176517e-05,5.2032068736100795e-05,5.2131727810604535e-05,1,3140
1574,lm,331.064,5.1326861814500925e-11,1.764580808357543e-11,1.4372118057065484e-11,1.930891929007554e-11,1.6383784467208093e-17,1.0,1.0,1.0,1.0,1.2800000000000015e-08,1.4138733184953467e-06,1.3165500375823883e-05,6.807171937098985e-05,5.198743075164777e-05,5.209105726143065e-05,1,3142
1575,lm,331.268,5.1231335236391135e-11,1.7614138008439606e-11,1.4342994452721622e-11,1.9274186065126755e-11,1.6710103157368083e-17,1.0,1.0,1.0,1.0,1.2800000000000015e-08,1.4078464590091109e-06,1.3154779932244981e-05,6.801582901675278e-05,5.19429107452575e-05,5.205049527312892e-05,1,3144
1576,lm,331.472,5.113617125670158e-11,1.758257934074618e-11,1.4313987573805418e-11,1.9239587303262233e-11,1.703888774488215e-17,1.0,1.0,1.0,1.0,1.2800000000000015e-08,1.401865136053593e-06,1.3144093010006555e-05,6.796011492749494e-05,5.189850836770985e-05,5.201004149669909e-05,1,3146
1577,lm,331.677,5.104136762026986e-11,1.755113136219084e-11,1.4285096763888773e-11,1.9205122123997973e-11,1.737019227099537e-17,1.0,1.0,1.0,1.0,1.2800000000000015e-08,1.3959294786617913e-06,1.3133439472726278e-05,6.790457624498099e-05,5.1854223280167123e-05,5.1969695564789803e-05,1,3148
1578,lm,331.881,5.094692208728099e-11,1.751979334610783e-11,1.4256321379717393e-11,1.917078965737279e-11,1.770408297884254e-17,1.0,1.0,1.0,1.0,1.2800000000000015e-08,1.390038218038948e-06,1.312281919693793e-05,6.784921215109927e-05,5.181005518407955e-05,5.1929457140675476e-05,1,3150
1579,lm,332.085,5.085283244177592e-11,1.748856458153563e-11,1.4227660772586019e-11,1.9136589047284962e-11,1.8040369316133154e-17,1.0,1.0,1.0,1.0,1.2800000000000015e-08,1.384191070694162e-06,1.3112232045602494e-05,6.779402179726e-05,5.176600373699716e-05,5.188932586477012e-05,1,3152
1580,lm,332.289,5.0759096475429705e-11,1.745744435449999e-11,1.4199114302405647e-11,1.9102519439813154e-11,1.8378710908615026e-17,1.0,1.0,1.0,1.0,1.2800000000000015e-08,1.3783881415821135e-06,1.3101677888324202e-05,6.773900435003098e-05,5.1722068620441845e-05,5.184930138485503e-05,1,3154
1581,lm,332.493,5.066571200534442e-11,1.7426431966677178e-11,1.4170681332622403e-11,1.9068579986520852e-11,1.871952398900536e-17,1.0,1.0,1.0,1.0,1.2800000000000015e-08,1.372629101810936e-06,1.309115659296291e-05,6.768415900104689e-05,5.167824948810373e-05,5.180938335011068e-05,1,3156
1582,lm,332.697,5.057267686097343e-11,1.7395526722802564e-11,1.4142361232932162e-11,1.9034769842711127e-11,1.9062527573077217e-17,1.0,1.0,1.0,1.0,1.2800000000000015e-08,1.3669133759502004e-06,1.3080668031920868e-05,6.762948492570435e-05,5.1634546045265143e-05,5.176957141125722e-05,1,3158
1583,lm,332.902,5.047998889036078e-11,1.7364727938146634e-11,1.4114153371944128e-11,1.9001088172836006e-11,1.940743401043015e-17,1.0,1.0,1.0,1.0,1.2800000000000015e-08,1.3612406466353366e-06,1.3070212076102194e-05,6.757498130604849e-05,5.1590957947170006e-05,5.1729865210348176e-05,1,3160
1584,lm,333.106,5.0387645960707517e-11,1.7334034926222998e-11,1.408605712927214e-11,1.896753415053466e-11,1.9754677726779e-17,1.0,1.0,1.0,1.0,1.2800000000000015e-08,1.3556103181999086e-06,1.3059788594547759e-05,6.752064732777654e-05,5.154748488444501e-05,5.1690264405522347e-05,1,3162
1585,lm,333.310,5.029564594956774e-11,1.7303447007825565e-11,1.4058071881020395e-11,1.8934106957161698e-11,2.0103560080522825e-17,1.0,1.0,1.0,1.0,1.2800000000000015e-08,1.3500227005128913e-06,1.3049397458574252e-05,6.746648220752633e-05,5.150412653384085e-05,5.16507686439814e-05,1,3164
1586,lm,333.515,5.020398675693414e-11,1.7272963517655505e-11,1.4030197009676051e-11,1.8900805775153705e-11,2.0454448878039574e-17,1.0,1.0,1.0,1.0,1.2800000000000015e-08,1.3444765161952508e-06,1.3039038542987363e-05,6.741248514014312e-05,5.146088257958742e-05,5.161137758366519e-05,1,3166
1587,lm,333.719,5.0112666296533086e-11,1.7242583788393007e-11,1.4002431905157352e-11,1.8867629795784565e-11,2.0807198162424158e-17,1.0,1.0,1.0,1.0,1.2800000000000015e-08,1.3389722378884846e-06,1.302871171723577e-05,6.735865532704343e-05,5.1417752693507686e-05,5.15720908734213e-05,1,3168
1588,lm,333.923,5.002168250113784e-11,1.721230716373651e-11,1.3974775958256879e-11,1.8834578217503757e-11,2.116164068715365e-17,1.0,1.0,1.0,1.0,1.2800000000000015e-08,1.3335091511417775e-06,1.3018416854913885e-05,6.730499198961344e-05,5.137473658194484e-05,5.153290816722346e-05,1,3170
1589,lm,334.127,4.9931033316892684e-11,1.718213299066571e-11,1.3947228562353016e-11,1.8801650245788562e-11,2.151808539890798e-17,1.0,1.0,1.0,1.0,1.2800000000000015e-08,1.3280871089713893e-06,1.3008153831226967e-05,6.725149434778134e-05,5.133183393445013e-05,5.149382912794788e-05,1,3172
1590,lm,334.331,4.9840716705650267e-11,1.715206062162603e-11,1.3919789114087388e-11,1.8768845093887522e-11,2.1876049321065574e-17,1.0,1.0,1.0,1.0,1.2800000000000015e-08,1.3227056679759958e-06,1.2997922514526762e-05,6.719816161270394e-05,5.1289044398456045e-05,5.145485339306059e-05,1,3174
1591,lm,334.536,4.975073064465749e-11,1.7122089414178666e-11,1.3892457017683325e-11,1.8736161977581795e-11,2.2235213706421867e-17,1.0,1.0,1.0,1.0,1.2800000000000015e-08,1.3173643459368424e-06,1.2987722786607219e-05,6.714499302769922e-05,5.1246367694025926e-05,5.141598064180793e-05,1,3176
1592,lm,334.740,4.966107313147293e-11,1.70922187407734e-11,1.3865231679158246e-11,1.870360011532022e-11,2.2596221066440803e-17,1.0,1.0,1.0,1.0,1.2800000000000015e-08,1.312063145855472e-06,1.2977554519999474e-05,6.70919878140123e-05,5.120380351486767e-05,5.137721051718873e-05,1,3178
1593,lm,334.944,4.9571742171579865e-11,1.7062447967132077e-11,1.3838112507122045e-11,1.867115873901763e-11,2.2958308112985048e-17,1.0,1.0,1.0,1.0,1.2800000000000015e-08,1.3068013598537979e-06,1.2967417587028329e-05,6.703914521518899e-05,5.116135152316145e-05,5.133854267950932e-05,1,3180
1594,lm,335.148,4.948273579138316e-11,1.7032776470298e-11,1.3811098914689083e-11,1.8638837084658304e-11,2.3321737771307074e-17,1.0,1.0,1.0,1.0,1.2800000000000015e-08,1.3015786714504386e-06,1.2957311863984203e-05,6.698646446466614e-05,5.1119011425027126e-05,5.1299976786312484e-05,1,3182
1595,lm,335.352,4.9394052036042944e-11,1.7003203635371707e-11,1.3784190321527883e-11,1.8606634392544786e-11,2.3686598565525708e-17,1.0,1.0,1.0,1.0,1.2800000000000015e-08,1.2963950008085294e-06,1.294723722702768e-05,6.693394482374073e-05,5.1076782922999276e-05,5.126151250405876e-05,1,3184
1596,lm,335.556,4.930568895634275e-11,1.6973728851090288e-11,1.37573861411506e-11,1.857454991128365e-11,2.4052818220985102e-17,1.0,1.0,1.0,1.0,1.2800000000000015e-08,1.2912500371832174e-06,1.2937193552521028e-05,6.688158553182814e-05,5.103466568394077e-05,5.122314947224334e-05,1,3186
1597,lm,335.760,4.921764462560176e-11,1.694435150387858e-11,1.3730685803435101e-11,1.854258289849384e-11,2.4419794240460042e-17,1.0,1.0,1.0,1.0,1.2800000000000015e-08,1.2861432284449534e-06,1.2927180719661202e-05,6.682938585118369e-05,5.099265944413476e-05,5.1184887385901675e-05,1,3188
1598,lm,335.965,4.91299171290943e-11,1.691507100158923e-11,1.3704088732096543e-11,1.851073260757112e-11,2.4787837410196444e-17,1.0,1.0,1.0,1.0,1.2800000000000015e-08,1.2810742546822974e-06,1.2917198599187646e-05,6.677734503480555e-05,5.0950763846655434e-05,5.1146725878018135e-05,1,3190
1599,lm,336.169,4.90425045650603e-11,1.6885886749431085e-11,1.3677594358651016e-11,1.8478998299986045e-11,2.5156992165628854e-17,1.0,1.0,1.0,1.0,1.2800000000000015e-08,1.2760431847972932e-06,1.290724707504938e-05,6.672546234365382e-05,5.090897861572333e-05,5.110866461795788e-05,1,3192
1600,lm,336.373,4.895540505249967e-11,1.685679814906236e-11,1.3651202122897395e-11,1.8447379253588968e-11,2.55269509481123e-17,1.0,1.0,1.0,1.0,1.2800000000000015e-08,1.2710492732460539e-06,1.2897326023114645e-05,6.667373705597386e-05,5.086730344907552e-05,5.107070327808153e-05,1,3194
1601,lm,336.577,4.886861671894281e-11,1.682780462179552e-11,1.3624911454583814e-11,1.8415874744892513e-11,2.58976709688778e-17,1.0,1.0,1.0,1.0,1.2800000000000015e-08,1.2660926757900751e-06,1.2887435322499943e-05,6.662216846412853e-05,5.0825738045872615e-05,5.103284151697363e-05,1,3196
1602,lm,336.781,4.878213770829541e-11,1.679890558700359e-11,1.3598721799242828e-11,1.838448405284278e-11,2.6269206201130364e-17,1.0,1.0,1.0,1.0,1.2800000000000015e-08,1.261172063004717e-06,1.2877574849540852e-05,6.65707558062721e-05,5.0784282090798596e-05,5.0995078990000815e-05,1,3198
1603,lm,336.986,4.8695966180950704e-11,1.6770100472092923e-11,1.3572632599037468e-11,1.8353206468598194e-11,2.664122211323186e-17,1.0,1.0,1.0,1.0,1.2800000000000015e-08,1.2562882932631964e-06,1.28677444850341e-05,6.651949838275492e-05,5.074293528263223e-05,5.095741536712768e-05,1,3200
1604,lm,337.190,4.861010030723033e-11,1.6741388701495054e-11,1.3546643307528664e-11,1.8322041284233123e-11,2.701397349688135e-17,1.0,1.0,1.0,1.0,1.2800000000000015e-08,1.2514405619879562e-06,1.2857944106282053e-05,6.646839549003116e-05,5.070169733500611e-05,5.091985032171726e-05,1,3202
1605,lm,337.394,4.852453827509269e-11,1.6712769721967803e-11,1.3520753369473776e-11,1.829098779650013e-11,2.7387150970417817e-17,1.0,1.0,1.0,1.0,1.2800000000000015e-08,1.2466284308782601e-06,1.2848173599502962e-05,6.641744641840365e-05,5.0660567947597575e-05,5.0882383522399526e-05,1,3204
1606,lm,337.598,4.8439278285131755e-11,1.6684242969290404e-11,1.34949622451972e-11,1.8260045309676715e-11,2.7760967440691396e-17,1.0,1.0,1.0,1.0,1.2800000000000015e-08,1.2418517954598907e-06,1.2838432839623738e-05,6.636665044636628e-05,5.0619546806598364e-05,5.084501461660527e-05,1,3206
1607,lm,337.802,4.835431855279615e-11,1.665580788824752e-11,1.3469269389039824e-11,1.8229213140563725e-11,2.8134945082326736e-17,1.0,1.0,1.0,1.0,1.2800000000000015e-08,1.2371102710848338e-06,1.2828721708092856e-05,6.631600688713957e-05,5.0578633638457394e-05,5.0807743296583256e-05,1,3208
1608,lm,338.007,4.826965730696619e-11,1.6627463934251082e-11,1.3443674267144773e-11,1.8198490596128986e-11,2.8509441345611984e-17,1.0,1.0,1.0,1.0,1.2800000000000015e-08,1.2324035193079183e-06,1.2819040084259383e-05,6.626551502425895e-05,5.0537828109804526e-05,5.077056920695264e-05,1,3210
1609,lm,338.211,4.8185292787804276e-11,1.6599210561781447e-11,1.341817633831831e-11,1.8167877003862148e-11,2.888384237055856e-17,1.0,1.0,1.0,1.0,1.2800000000000015e-08,1.2277313744262088e-06,1.2809387853647103e-05,6.621517419421125e-05,5.049712996073776e-05,5.073349204154352e-05,1,3212
1610,lm,338.415,4.810122325337161e-11,1.6571047236035604e-11,1.3392775074616655e-11,1.8137371684163595e-11,2.9258555763283565e-17,1.0,1.0,1.0,1.0,1.2800000000000015e-08,1.223093305909296e-06,1.2799764897035649e-05,6.616498368647635e-05,5.045653887730275e-05,5.0696511457268014e-05,1,3214
1611,lm,338.619,4.801744696829516e-11,1.6542973415451614e-11,1.3367469946656445e-11,1.8106973972790217e-11,2.963339688319077e-17,1.0,1.0,1.0,1.0,1.2800000000000015e-08,1.218489677802502e-06,1.2790171094650752e-05,6.611494282505528e-05,5.041605456629394e-05,5.065962712574212e-05,1,3216
1612,lm,338.823,4.7933962217854625e-11,1.6514988579847457e-11,1.3342260425675165e-11,1.807668320424117e-11,3.000809083030186e-17,1.0,1.0,1.0,1.0,1.2800000000000015e-08,1.2139192239828857e-06,1.2780606329581013e-05,6.606505092231756e-05,5.037567674097639e-05,5.0622838723346835e-05,1,3218
1613,lm,339.027,4.7850767297569984e-11,1.6487092200304055e-11,1.331714599254084e-11,1.8046498721897943e-11,3.038282714537922e-17,1.0,1.0,1.0,1.0,1.2800000000000015e-08,1.2093821246237281e-06,1.2771070488060037e-05,6.601530731105346e-05,5.033540510594195e-05,5.058614591918002e-05,1,3220
1614,lm,339.232,4.776786051513834e-11,1.645928376006149e-11,1.3292126127407204e-11,1.8016419870438475e-11,3.075723116865576e-17,1.0,1.0,1.0,1.0,1.2800000000000015e-08,1.204878207611769e-06,1.276156344820504e-05,6.596571130568376e-05,5.0295239358965854e-05,5.0549548386530806e-05,1,3222
1615,lm,339.436,4.7685240193493524e-11,1.643156274352039e-11,1.3267200311434492e-11,1.7986446006914727e-11,3.113162391592618e-17,1.0,1.0,1.0,1.0,1.2800000000000015e-08,1.2004069070262251e-06,1.2752085097766113e-05,6.591626225571019e-05,5.025517921158127e-05,5.051304580029263e-05,1,3224
1616,lm,339.640,4.760290466522858e-11,1.640392863828986e-11,1.3242368040846209e-11,1.7956576480409936e-11,3.1505682566575997e-17,1.0,1.0,1.0,1.0,1.2800000000000015e-08,1.1959682603702929e-06,1.2742635316211566e-05,6.586695946989394e-05,5.021522436435437e-05,5.0476637832543654e-05,1,3226
1617,lm,339.844,4.752085227743476e-11,1.637638093814337e-11,1.3217628799085528e-11,1.7926810660890378e-11,3.1879315486184066e-17,1.0,1.0,1.0,1.0,1.2800000000000015e-08,1.1915617871427254e-06,1.2733213993127273e-05,6.581780230071849e-05,5.017537454210034e-05,5.0440324161131326e-05,1,3228
1618,lm,340.048,4.7439081390004103e-11,1.6348919148649817e-11,1.3192982079071564e-11,1.7897147909763254e-11,3.2252519474018785e-17,1.0,1.0,1.0,1.0,1.2800000000000015e-08,1.1871872084677848e-06,1.2723821010202926e-05,6.576879008539473e-05,5.013562943866209e-05,5.0404104457123446e-05,1,3230
1619,lm,340.252,4.7357590374440575e-11,1.6321542770284306e-11,1.3168427377379484e-11,1.7867587601614158e-11,3.262516263113598e-17,1.0,1.0,1.0,1.0,1.2800000000000015e-08,1.1828441029083471e-06,1.2714456254436877e-05,6.571992217765551e-05,5.009598877354687e-05,5.036797840902062e-05,1,3232
1620,lm,340.457,4.727637761761925e-11,1.6294251310466728e-11,1.314396419661355e-11,1.7838129113182224e-11,3.299735674240131e-17,1.0,1.0,1.0,1.0,1.2800000000000015e-08,1.1785323837196505e-06,1.2705119609068177e-05,6.567119791466712e-05,5.005645225255099e-05,5.0331945683436585e-05,1,3234
1621,lm,340.661,4.719544151356139e-11,1.6267044280912855e-11,1.311959203724451e-11,1.7808771826562924e-11,3.336884110531879e-17,1.0,1.0,1.0,1.0,1.2800000000000015e-08,1.1742517882428358e-06,1.2695810959886254e-05,6.562261665702296e-05,5.0017019592872964e-05,5.029600596241459e-05,1,3236
1622,lm,340.865,4.71147804745345e-11,1.6239921201215503e-11,1.3095310406745227e-11,1.777951512669155e-11,3.3739882214083334e-17,1.0,1.0,1.0,1.0,1.2800000000000015e-08,1.1700022512257949e-06,1.2686530196116178e-05,6.557417777458972e-05,4.9977690504045536e-05,5.02601589279948e-05,1,3238
1623,lm,341.069,4.703439291629069e-11,1.621288158990961e-11,1.3071118810281955e-11,1.775035840630177e-11,3.410979736231475e-17,1.0,1.0,1.0,1.0,1.2800000000000015e-08,1.1657833166533876e-06,1.2677277199460516e-05,6.552588059351822e-05,4.9938464683647825e-05,5.0224404253462565e-05,1,3240
1624,lm,341.273,4.6954277275909916e-11,1.618592497553064e-11,1.3047016761603445e-11,1.7721301059731277e-11,3.447904455314848e-17,1.0,1.0,1.0,1.0,1.2800000000000015e-08,1.1615943533697061e-06,1.2668051860892003e-05,6.547772450144997e-05,4.989934185420258e-05,5.018874161789535e-05,1,3242
1625,lm,341.477,4.687443200023983e-11,1.6159050889413727e-11,1.3023003773321037e-11,1.7692342490238727e-11,3.4847266340723504e-17,1.0,1.0,1.0,1.0,1.2800000000000015e-08,1.1574352868849036e-06,1.2658854065990542e-05,6.542970885520144e-05,4.9860321729309725e-05,5.0153170709325737e-05,1,3244
1626,lm,341.681,4.679485554633534e-11,1.61322588612074e-11,1.2999079370931496e-11,1.7663482099596198e-11,3.5214600251379027e-17,1.0,1.0,1.0,1.0,1.2800000000000015e-08,1.153306226033328e-06,1.2649683698647293e-05,6.538183302013919e-05,4.9821404018634394e-05,5.011769120378299e-05,1,3246
1627,lm,341.921,4.6715546379382655e-11,1.6105548433184727e-11,1.2975243064326596e-11,1.7634719300970808e-11,3.558090052644782e-17,1.0,1.0,1.0,1.0,1.2800000000000015e-08,1.149206545472094e-06,1.2640540655244867e-05,6.533409638189443e-05,4.9782588436580494e-05,5.0082302786608326e-05,1,3248
1628,lm,342.125,4.6636502981434924e-11,1.6078919143541092e-11,1.2951494383129843e-11,1.7606053508770678e-11,3.5945993322477305e-17,1.0,1.0,1.0,1.0,1.2800000000000015e-08,1.1451359536353485e-06,1.2631424816995114e-05,6.5286498308059e-05,4.9743874691315615e-05,5.004700513907766e-05,1,3250
1629,lm,342.329,4.655772384607713e-11,1.605237054595343e-11,1.2927832850934968e-11,1.7577484139081215e-11,3.6310107511168666e-17,1.0,1.0,1.0,1.0,1.2800000000000015e-08,1.141094388185088e-06,1.2622336075928731e-05,6.523903818791471e-05,4.970526251166683e-05,5.0011797949336e-05,1,3252
1630,lm,342.533,4.64792074755502e-11,1.6025902185733097e-11,1.2904257997789506e-11,1.7549010619243825e-11,3.6672783775152785e-17,1.0,1.0,1.0,1.0,1.2800000000000015e-08,1.1370816325879706e-06,1.2613274317585965e-05,6.519171538583243e-05,4.966675158637035e-05,4.99766808943684e-05,1,3254
1631,lm,342.737,4.640095238281298e-11,1.5999513612656584e-11,1.2880769357857571e-11,1.7520632377882982e-11,3.7034415837858123e-17,1.0,1.0,1.0,1.0,1.2800000000000015e-08,1.1330970083136478e-06,1.2604239432893515e-05,6.5144529307173e-05,4.962834166154388e-05,4.9941653669114234e-05,1,3256
1632,lm,342.941,4.6322957097935544e-11,1.5973204394762828e-11,1.2857366467077274e-11,1.7492348841584797e-11,3.739451064361493e-17,1.0,1.0,1.0,1.0,1.2800000000000015e-08,1.129140815211864e-06,1.2595231310646263e-05,6.509747932697716e-05,4.959003243352208e-05,4.99067159507128e-05,1,3258
1633,lm,343.146,4.624522015531013e-11,1.5946974091579458e-11,1.2834048856191546e-11,1.7464159454145537e-11,3.77533935916527e-17,1.0,1.0,1.0,1.0,1.2800000000000015e-08,1.1252125810013407e-06,1.2586249841223965e-05,6.505056484543378e-05,4.9551823613233285e-05,4.9871867424779334e-05,1,3260
1634,lm,343.351,4.616774010362193e-11,1.592082226677772e-11,1.2810816070928513e-11,1.7436063655333287e-11,3.8110582407461037e-17,1.0,1.0,1.0,1.0,1.2800000000000015e-08,1.1213121119856026e-06,1.2577294914662534e-05,6.500378525709665e-05,4.9513714923113716e-05,4.9837107780329655e-05,1,3262
1635,lm,343.555,4.6090515504703475e-11,1.5894748497080218e-11,1.2787667655761348e-11,1.7408060885676056e-11,3.8466185846520236e-17,1.0,1.0,1.0,1.0,1.2800000000000015e-08,1.1174386886292945e-06,1.2568366420955702e-05,6.495713996098288e-05,4.947570608519039e-05,4.980243671492405e-05,1,3264
1636,lm,343.759,4.6013544923497195e-11,1.5868752351407042e-11,1.2764603150207331e-11,1.7380150601524754e-11,3.882035806486468e-17,1.0,1.0,1.0,1.0,1.2800000000000015e-08,1.1135927119914628e-06,1.2559464254273779e-05,6.491062836757003e-05,4.943779681120029e-05,4.976785390668988e-05,1,3266
1637,lm,343.963,4.593682694657407e-11,1.5842833409832413e-11,1.274162210866374e-11,1.7352332255096797e-11,3.917298111414194e-17,1.0,1.0,1.0,1.0,1.2800000000000015e-08,1.1097736895233062e-06,1.255058830001678e-05,6.486424986984817e-05,4.939998682671415e-05,4.973335905398978e-05,1,3268
1638,lm,344.168,4.586036016340729e-11,1.5816991254633132e-11,1.2718724085161371e-11,1.7324605300035043e-11,3.952357774822627e-17,1.0,1.0,1.0,1.0,1.2800000000000015e-08,1.1059810440102558e-06,1.2541738453963748e-05,6.481800387924198e-05,4.936227582832403e-05,4.9698951836951486e-05,1,3270
1639,lm,344.372,4.578414317593231e-11,1.5791225467458464e-11,1.2695908631513186e-11,1.7296969204200678e-11,3.9872759976048325e-17,1.0,1.0,1.0,1.0,1.2800000000000015e-08,1.1022151688921158e-06,1.253291460664933e-05,6.477188981116576e-05,4.932466354997187e-05,4.9664631953102726e-05,1,3272
1640,lm,344.576,4.570817459760555e-11,1.576553564228751e-11,1.2673175306054746e-11,1.7269423429514508e-11,4.0219748778404557e-17,1.0,1.0,1.0,1.0,1.2800000000000015e-08,1.0984754144246923e-06,1.2524116649578266e-05,6.472590707918119e-05,4.928714970702975e-05,4.963039909603962e-05,1,3274
1641,lm,344.780,4.563245304991989e-11,1.5739921367657873e-11,1.2650523666081305e-11,1.7241967451233914e-11,4.056494679279698e-17,1.0,1.0,1.0,1.0,1.2800000000000015e-08,1.0947616513119413e-06,1.2515344476939137e-05,6.468005510279076e-05,4.924973401221089e-05,4.959625295331877e-05,1,3276
1642,lm,344.984,4.555697717123736e-11,1.5714382240790405e-11,1.262795327939391e-11,1.721460074258952e-11,4.090846352070201e-17,1.0,1.0,1.0,1.0,1.2800000000000015e-08,1.0910734611967725e-06,1.2506597979089395e-05,6.463433328817426e-05,4.921241619356481e-05,4.956219321533228e-05,1,3278
1643,lm,345.188,4.548174560067761e-11,1.5688917861704276e-11,1.2605463706434828e-11,1.7187322782871322e-11,4.124966718586631e-17,1.0,1.0,1.0,1.0,1.2800000000000015e-08,1.0874109783790243e-06,1.2497877051055856e-05,6.458874106948366e-05,4.9175195965779576e-05,4.952821959179108e-05,1,3280
1644,lm,345.393,4.5406756998188226e-11,1.5663527838870802e-11,1.258305451671339e-11,1.7160133053483458e-11,4.158912057327719e-17,1.0,1.0,1.0,1.0,1.2800000000000015e-08,1.0837735064810206e-06,1.2489181587363012e-05,6.454327787542102e-05,4.913807303153156e-05,4.9494331757374364e-05,1,3282
1645,lm,345.597,4.5332010022733066e-11,1.5638211775420088e-11,1.2560725280262904e-11,1.713303104078984e-11,4.192626023734089e-17,1.0,1.0,1.0,1.0,1.2800000000000015e-08,1.0801614184993165e-06,1.2480511477689523e-05,6.449794311585133e-05,4.9101047124915064e-05,4.946052941079004e-05,1,3284
1646,lm,345.801,4.525750335272969e-11,1.5612969280730672e-11,1.253847556981616e-11,1.7106016240736235e-11,4.2261446619144367e-17,1.0,1.0,1.0,1.0,1.2800000000000015e-08,1.0765738012064845e-06,1.2471866618639243e-05,6.445273625199765e-05,4.906411798091094e-05,4.942681226482168e-05,1,3286
1647,lm,346.005,4.51832356699014e-11,1.5587799967479357e-11,1.2516304966018136e-11,1.7079088142022947e-11,4.259438095918208e-17,1.0,1.0,1.0,1.0,1.2800000000000015e-08,1.0730110631365527e-06,1.2463246905600778e-05,6.440765669486038e-05,4.902728529175832e-05,4.93931799963916e-05,1,3288
1648,lm,346.209,4.510920566971877e-11,1.5562703459234396e-11,1.2494213040134969e-11,1.7052246245424975e-11,4.2924924428959735e-17,1.0,1.0,1.0,1.0,1.2800000000000015e-08,1.069472346239849e-06,1.2454652231526735e-05,6.436270388902224e-05,4.899054879700415e-05,4.93596323139799e-05,1,3290
1649,lm,346.413,4.503541205685108e-11,1.5537679372656595e-11,1.2472199375273255e-11,1.7025490055597852e-11,4.325332337137978e-17,1.0,1.0,1.0,1.0,1.2800000000000015e-08,1.0659579404058092e-06,1.2446082494433359e-05,6.431787728025746e-05,4.895390820822227e-05,4.932616891752071e-05,1,3292
1650,lm,346.618,4.4961853545390004e-11,1.551272733181085e-11,1.2450263559664693e-11,1.6998819074484547e-11,4.357942990770065e-17,1.0,1.0,1.0,1.0,1.2800000000000015e-08,1.0624674274563747e-06,1.2437537584058201e-05,6.427317630438914e-05,4.8917363236987634e-05,4.929278949276189e-05,1,3294
1651,lm,346.822,4.488852885664467e-11,1.5487846962744413e-11,1.2428405176280754e-11,1.6972232814743018e-11,4.390287648100989e-17,1.0,1.0,1.0,1.0,1.2800000000000015e-08,1.0590008507114935e-06,1.2429017401972235e-05,6.422860040712568e-05,4.88809136311009e-05,4.925949375993084e-05,1,3296
1652,lm,347.026,4.481543672634635e-11,1.5463037899665447e-11,1.2406623811395697e-11,1.6945730791157673e-11,4.4224127529397324e-17,1.0,1.0,1.0,1.0,1.2800000000000015e-08,1.0555573763543696e-06,1.2420521841798527e-05,6.418414904599727e-05,4.8844559081911174e-05,4.9226281399499554e-05,1,3298
1653,lm,347.230,4.47425758960274e-11,1.5438299771872015e-11,1.2384919062987247e-11,1.6919312518242168e-11,4.4542925976088384e-17,1.0,1.0,1.0,1.0,1.2800000000000015e-08,1.0521373188852438e-06,1.2412050798253949e-05,6.413982165477118e-05,4.880829933144464e-05,4.9193152125745846e-05,1,3300
1654,lm,347.434,4.466994511735407e-11,1.5413632216353895e-11,1.2363290523849038e-11,1.6892977518047642e-11,4.485910350267507e-17,1.0,1.0,1.0,1.0,1.2800000000000015e-08,1.0487402730457752e-06,1.2403604167829941e-05,6.409561768559433e-05,4.877213408774602e-05,4.9160105634316294e-05,1,3302
1655,lm,347.638,4.459754315139556e-11,1.5389034879401115e-11,1.2341737783424252e-11,1.686672531580962e-11,4.517276057639404e-17,1.0,1.0,1.0,1.0,1.2800000000000015e-08,1.0453662347607445e-06,1.2395181851866267e-05,6.405153660973856e-05,4.873606308461126e-05,4.912714163459153e-05,1,3304
1656,lm,347.843,4.4525368769981896e-11,1.5364507396556328e-11,1.232026044881449e-11,1.6840555440961503e-11,4.5483649573165697e-17,1.0,1.0,1.0,1.0,1.2800000000000015e-08,1.0420145622980807e-06,1.2386783745563248e-05,6.400757788925602e-05,4.870008602960632e-05,4.909425981879319e-05,1,3306
1657,lm,348.047,4.445342075259953e-11,1.534004942035319e-11,1.2298858116032137e-11,1.6814467424069e-11,4.579214520814601e-17,1.0,1.0,1.0,1.0,1.2800000000000015e-08,1.0386852678500616e-06,1.2378409743498458e-05,6.396374096472032e-05,4.866420266304744e-05,4.9061459903064555e-05,1,3308
1658,lm,348.251,4.4381697887106795e-11,1.53156605932515e-11,1.227753039117454e-11,1.6788460804978914e-11,4.6097701839206836e-17,1.0,1.0,1.0,1.0,1.2800000000000015e-08,1.0353782841569369e-06,1.2370059749449053e-05,6.392002532074264e-05,4.862841269329547e-05,4.902874158673799e-05,1,3310
1659,lm,348.456,4.4310198972162986e-11,1.529134057298313e-11,1.2256276881217694e-11,1.676253511720855e-11,4.640075360780803e-17,1.0,1.0,1.0,1.0,1.2800000000000015e-08,1.0320932752758758e-06,1.2361733653699533e-05,6.387643039786279e-05,4.8592715841725514e-05,4.8996104569837594e-05,1,3312
1660,lm,348.660,4.423892281764732e-11,1.5267089012945974e-11,1.2235097193412797e-11,1.6736689910406718e-11,4.670088184025572e-17,1.0,1.0,1.0,1.0,1.2800000000000015e-08,1.0288302372345814e-06,1.2353431362950329e-05,6.383295570174427e-05,4.855711185025943e-05,4.896354858023571e-05,1,3314
1661,lm,348.864,4.416786823569572e-11,1.5242905574342836e-11,1.2213990940170016e-11,1.67109247230588e-11,4.699812406905454e-17,1.0,1.0,1.0,1.0,1.2800000000000015e-08,1.0255884206536023e-06,1.2345152771818226e-05,6.378960066992298e-05,4.8521600420910336e-05,4.8931073297809956e-05,1,3316
1662,lm,349.068,4.409703405165618e-11,1.5218789916538652e-11,1.2192957733183058e-11,1.6685239109275917e-11,4.7292658548737125e-17,1.0,1.0,1.0,1.0,1.2800000000000015e-08,1.0223681100749729e-06,1.2336897780986526e-05,6.37463647902556e-05,4.848618128926254e-05,4.889867844913374e-05,1,3318
1663,lm,349.272,4.402641910007649e-11,1.5194741702653232e-11,1.2171997192591361e-11,1.6659632620504245e-11,4.758432765213256e-17,1.0,1.0,1.0,1.0,1.2800000000000015e-08,1.0191690014458356e-06,1.2328666289801875e-05,6.370324753391898e-05,4.8450854166860776e-05,4.886636373143882e-05,1,3320
1664,lm,349.477,4.395602222264772e-11,1.517076059946416e-11,1.2151108932796351e-11,1.6634104817342833e-11,4.787304437737634e-17,1.0,1.0,1.0,1.0,1.2800000000000015e-08,1.0159908180166864e-06,1.2320458198466035e-05,6.366024839882683e-05,4.841561881019877e-05,4.883412887237614e-05,1,3322
1665,lm,349.681,4.3885842269692326e-11,1.51468462786844e-11,1.2130292578499009e-11,1.6608655253571623e-11,4.815893729156618e-17,1.0,1.0,1.0,1.0,1.2800000000000015e-08,1.012833376546891e-06,1.2312273404947143e-05,6.361736684379071e-05,4.8380474901904634e-05,4.8801973561426486e-05,1,3324
1666,lm,349.886,4.381587810049347e-11,1.5122998414035915e-11,1.2109547748827104e-11,1.65832834962515e-11,4.8441378950130224e-17,1.0,1.0,1.0,1.0,1.2800000000000015e-08,1.0096965417265972e-06,1.230411181034158e-05,6.357460235321635e-05,4.834542218082958e-05,4.876989751103697e-05,1,3326
1667,lm,350.090,4.3746128583726474e-11,1.5099216677879832e-11,1.2088874071079943e-11,1.65579891136076e-11,4.872115909677472e-17,1.0,1.0,1.0,1.0,1.2800000000000015e-08,1.0065800787739454e-06,1.2295973317812317e-05,6.353195442591588e-05,4.831046037680244e-05,4.8737900448737516e-05,1,3328
1668,lm,350.294,4.3676592594402716e-11,1.507550075222875e-11,1.2068271170961169e-11,1.653277167333113e-11,4.8997881668669086e-17,1.0,1.0,1.0,1.0,1.2800000000000015e-08,1.003483782756329e-06,1.2287857828987939e-05,6.348942254451232e-05,4.827558921795472e-05,4.8705982077386124e-05,1,3330
1669,lm,350.498,4.360726901784099e-11,1.5051850315540935e-11,1.2047738682136209e-11,1.6507630748784413e-11,4.927137943632951e-17,1.0,1.0,1.0,1.0,1.2800000000000015e-08,1.000407523588725e-06,1.2279765245049296e-05,6.344700620735819e-05,4.824080842837137e-05,4.8674142119879926e-05,1,3332
1670,lm,350.702,4.353815674725947e-11,1.5028265054084996e-11,1.2027276236477548e-11,1.648256591484145e-11,4.954185547514658e-17,1.0,1.0,1.0,1.0,1.2800000000000015e-08,9.973510331239024e-07,1.2271695463668527e-05,6.340470488904713e-05,4.820611773125426e-05,4.864238027896512e-05,1,3334
1671,lm,350.906,4.346925468130588e-11,1.5004744650508348e-11,1.2006883468764943e-11,1.6457576752926687e-11,4.9809105899810743e-17,1.0,1.0,1.0,1.0,1.2800000000000015e-08,9.943142309940985e-07,1.2263648390498887e-05,6.336251809172185e-05,4.8171516849852525e-05,4.8610696270525147e-05,1,3336
1672,lm,351.110,4.3400561731890066e-11,1.4981288797752945e-11,1.198656001687292e-11,1.643266284427322e-11,5.007299097864319e-17,1.0,1.0,1.0,1.0,1.2800000000000015e-08,9.912968344552498e-07,1.225562392799419e-05,6.332044532269206e-05,4.81370055088958e-05,4.8579089813519716e-05,1,3338
1673,lm,351.315,4.3332076815177346e-11,1.495789718465254e-11,1.1966305518109667e-11,1.6407823778452202e-11,5.033396293970772e-17,1.0,1.0,1.0,1.0,1.2800000000000015e-08,9.882984844302562e-07,1.2247621980030995e-05,6.327848608080859e-05,4.8102583437707693e-05,4.854756062775894e-05,1,3340
1674,lm,351.519,4.3263798857061546e-11,1.4934569505654637e-11,1.194611961498241e-11,1.6383059144564838e-11,5.059185965594429e-17,1.0,1.0,1.0,1.0,1.2800000000000015e-08,9.853194485164325e-07,1.223964244416999e-05,6.32366398511549e-05,4.806825036404948e-05,4.851610842385071e-05,1,3342
1675,lm,351.723,4.3195726789210216e-11,1.4911305462309888e-11,1.1926001949545253e-11,1.6358368531347567e-11,5.0846007512181646e-17,1.0,1.0,1.0,1.0,1.2800000000000015e-08,9.823592414477407e-07,1.2231685234272248e-05,6.319490616960752e-05,4.8034006023825964e-05,4.848473293243737e-05,1,3344
1676,lm,351.927,4.312785955613578e-11,1.4888104748143086e-11,1.1905952173224358e-11,1.6333751537653056e-11,5.1097115281720875e-17,1.0,1.0,1.0,1.0,1.2800000000000015e-08,9.794175077580153e-07,1.2223750245634227e-05,6.315328451796784e-05,4.7999850123410015e-05,4.8453433856047536e-05,1,3346
1677,lm,352.131,4.3060196103837974e-11,1.486496706905568e-11,1.1885969931540226e-11,1.6309207758402378e-11,5.1344839687020505e-17,1.0,1.0,1.0,1.0,1.2800000000000015e-08,9.764943862718252e-07,1.2215837383448744e-05,6.311177441052246e-05,4.7965782399616184e-05,4.8422210920032584e-05,1,3348
1678,lm,352.335,4.299273538829907e-11,1.484189212375186e-11,1.1866054876631205e-11,1.6284736798533087e-11,5.1589382916113334e-17,1.0,1.0,1.0,1.0,1.2800000000000015e-08,9.73589838498097e-07,1.220794655646979e-05,6.307037536990208e-05,4.793180258842269e-05,4.839106385977288e-05,1,3350
1679,lm,352.540,4.2925476376907095e-11,1.4818879629249882e-11,1.184620665532221e-11,1.6260338261942488e-11,5.1830392514419767e-17,1.0,1.0,1.0,1.0,1.2800000000000015e-08,9.707030078585556e-07,1.2200077665038673e-05,6.302908689567576e-05,4.7897910404765795e-05,4.835999237523936e-05,1,3352
1680,lm,352.744,4.2858418038474535e-11,1.4795929285665444e-11,1.1826424930338827e-11,1.6236011754417526e-11,5.2068052744406495e-17,1.0,1.0,1.0,1.0,1.2800000000000015e-08,9.678346174991616e-07,1.219223061440187e-05,6.298790850442593e-05,4.78641055841477e-05,4.832899620203747e-05,1,3354
1681,lm,352.948,4.2791559353800693e-11,1.477304080605229e-11,1.1806709355939395e-11,1.6211756889523306e-11,5.230228570135581e-17,1.0,1.0,1.0,1.0,1.2800000000000015e-08,9.64983634734428e-07,1.2184405314015473e-05,6.294683972039634e-05,4.7830387838777195e-05,4.829807505534342e-05,1,3356
1682,lm,353.152,4.2724899310849394e-11,1.4750213905365896e-11,1.1787059592611062e-11,1.6187573279534637e-11,5.253333780055683e-17,1.0,1.0,1.0,1.0,1.2800000000000015e-08,9.621503268821957e-07,1.2176601665241936e-05,6.290588006041767e-05,4.779675692120246e-05,4.826722866264777e-05,1,3358
1683,lm,353.356,4.265843690230802e-11,1.4727448303899983e-11,1.176747529927428e-11,1.6163460538473808e-11,5.2760659949130087e-17,1.0,1.0,1.0,1.0,1.2800000000000015e-08,9.59334716194122e-07,1.216881957758869e-05,6.286502905097221e-05,4.776321254862799e-05,4.823645674838634e-05,1,3360
1684,lm,353.560,4.259217113127647e-11,1.4704743716785634e-11,1.1747956142559093e-11,1.61394182873013e-11,5.2984630442166286e-17,1.0,1.0,1.0,1.0,1.2800000000000015e-08,9.565361193855225e-07,1.216105895466909e-05,6.282428621214377e-05,4.772975444983573e-05,4.8205759039722816e-05,1,3362
1685,lm,353.764,4.252610100795329e-11,1.468209986695153e-11,1.1728501786034584e-11,1.6115446150028597e-11,5.3204938577426384e-17,1.0,1.0,1.0,1.0,1.2800000000000015e-08,9.537548765917447e-07,1.2153319706118952e-05,6.278365106938147e-05,4.769638235553619e-05,4.817513525680228e-05,1,3364
1686,lm,353.969,4.2460225546788656e-11,1.4659516476414004e-11,1.1709111899255916e-11,1.6091543749305343e-11,5.3421813398400024e-17,1.0,1.0,1.0,1.0,1.2800000000000015e-08,9.509902510518058e-07,1.214560173692172e-05,6.274312315890506e-05,4.766309599700884e-05,4.814458513491385e-05,1,3366
1687,lm,354.174,4.239454377027208e-11,1.4636993269637366e-11,1.1689786151426227e-11,1.6067710713987652e-11,5.363522084207657e-17,1.0,1.0,1.0,1.0,1.2800000000000015e-08,9.482425690159578e-07,1.2137904953175041e-05,6.270270199583094e-05,4.762989508850696e-05,4.811410838802246e-05,1,3368
1688,lm,354.378,4.2329054714671235e-11,1.4614529977308994e-11,1.1670524213636603e-11,1.6043946678652605e-11,5.384507303975362e-17,1.0,1.0,1.0,1.0,1.2800000000000015e-08,9.455114368074855e-07,1.2130229266806414e-05,6.266238712720802e-05,4.7596779394249744e-05,4.8083704769991106e-05,1,3370
1689,lm,354.582,4.226375741454483e-11,1.4592126329003997e-11,1.1651325767378301e-11,1.602025126681699e-11,5.4051345543921976e-17,1.0,1.0,1.0,1.0,1.2800000000000015e-08,9.427968617975547e-07,1.2122574585023773e-05,6.262217808667054e-05,4.756374861034312e-05,4.805337398765263e-05,1,3372
1690,lm,354.786,4.219865091499168e-11,1.456978205565278e-11,1.1632190480925985e-11,1.5996624124260958e-11,5.42541519620002e-17,1.0,1.0,1.0,1.0,1.2800000000000015e-08,9.400983045279207e-07,1.2114940812198181e-05,6.258207439767879e-05,4.753080247901042e-05,4.802311577497789e-05,1,3374
1691,lm,354.990,4.213373426807644e-11,1.4547496896395727e-11,1.1613118030613196e-11,1.5973064887835565e-11,5.4453231954398394e-17,1.0,1.0,1.0,1.0,1.2800000000000015e-08,9.374161972293977e-07,1.2107327861892067e-05,6.254207562664313e-05,4.749794074144797e-05,4.799292987568773e-05,1,3376
1692,lm,355.195,4.206900653344596e-11,1.4525270578467446e-11,1.1594108106614744e-11,1.5949573199789182e-11,5.4648574589553004e-17,1.0,1.0,1.0,1.0,1.2800000000000015e-08,9.347498585641162e-07,1.20997356408564e-05,6.250218129292526e-05,4.746516311642871e-05,4.7962816006962826e-05,1,3378
1693,lm,355.399,4.200446677683853e-11,1.4503102848398712e-11,1.1575160385917145e-11,1.5926148701864846e-11,5.484065782454862e-17,1.0,1.0,1.0,1.0,1.2800000000000015e-08,9.320990951419686e-07,1.2092164059037904e-05,6.246239094504736e-05,4.743246935357983e-05,4.793277391316825e-05,1,3380
1694,lm,355.603,4.194011406941662e-11,1.4480993446117303e-11,1.155627455224687e-11,1.5902791041999747e-11,5.502905269916078e-17,1.0,1.0,1.0,1.0,1.2800000000000015e-08,9.294645600745089e-07,1.2084613027239065e-05,6.24227041265219e-05,4.7399859165675106e-05,4.7902803322697916e-05,1,3382
1695,lm,355.807,4.1875947490940025e-11,1.4458942112105574e-11,1.1537450294915367e-11,1.587949987020505e-11,5.521371402447044e-17,1.0,1.0,1.0,1.0,1.2800000000000015e-08,9.268450180920722e-07,1.2077082452123149e-05,6.238312038339726e-05,4.736733227581452e-05,4.7872903961941933e-05,1,3384
1696,lm,356.011,4.181196612907588e-11,1.443694859216143e-11,1.1518687301416087e-11,1.5856274840984433e-11,5.539451392355022e-17,1.0,1.0,1.0,1.0,1.2800000000000015e-08,9.24241033334394e-07,1.2069572248644357e-05,6.234363928621007e-05,4.7334888458442454e-05,4.7843075586385643e-05,1,3386
1697,lm,356.216,4.174816907599456e-11,1.4415012635024036e-11,1.1499985261132664e-11,1.5833115607797257e-11,5.557204059410524e-17,1.0,1.0,1.0,1.0,1.2800000000000015e-08,9.216518263777201e-07,1.2062082325898662e-05,6.230426035659661e-05,4.730252740235424e-05,4.7813317912250905e-05,1,3388
1698,lm,356.420,4.168455543233306e-11,1.4393133988068197e-11,1.1481343868715582e-11,1.581002183000269e-11,5.574554659085051e-17,1.0,1.0,1.0,1.0,1.2800000000000015e-08,9.190779655826014e-07,1.2054612593689022e-05,6.226498315438635e-05,4.727024886169211e-05,4.778363068728646e-05,1,3390
1699,lm,356.624,4.162112430151267e-11,1.4371312402607866e-11,1.1462762817535123e-11,1.578699316563231e-11,5.591573737125488e-17,1.0,1.0,1.0,1.0,1.2800000000000015e-08,9.165187791453401e-07,1.2047162965757874e-05,6.222580725127526e-05,4.7238052574387685e-05,4.775401364701851e-05,1,3392
1700,lm,356.828,4.1557874796382614e-11,1.4349547633900047e-11,1.1444241803002544e-11,1.5764029277378486e-11,5.608210153527196e-17,1.0,1.0,1.0,1.0,1.2800000000000015e-08,9.139746661965013e-07,1.2039733352268844e-05,6.218673218735391e-05,4.7205938263264405e-05,4.772446652899864e-05,1,3394
1701,lm,357.032,4.149480603634309e-11,1.4327839430286787e-11,1.1425780525640192e-11,1.5741129835812883e-11,5.624460322565526e-17,1.0,1.0,1.0,1.0,1.2800000000000015e-08,9.11444573810763e-07,1.203232366669771e-05,6.214775753247864e-05,4.717390566614793e-05,4.769498907518994e-05,1,3396
1702,lm,357.237,4.1431917146912015e-11,1.430618755604264e-11,1.1407378685206564e-11,1.5718294502192917e-11,5.6403469887772e-17,1.0,1.0,1.0,1.0,1.2800000000000015e-08,9.089293057635408e-07,1.2024933820704015e-05,6.210888283755258e-05,4.714195452082518e-05,4.7665581020094225e-05,1,3398
1703,lm,357.441,4.13692072591725e-11,1.4284591766844788e-11,1.138903598589661e-11,1.569552294748145e-11,5.65589496580636e-17,1.0,1.0,1.0,1.0,1.2800000000000015e-08,9.064279736702545e-07,1.2017563727555945e-05,6.20701076781284e-05,4.711008456142361e-05,4.7636242111681915e-05,1,3400
1704,lm,357.645,4.130667551060994e-11,1.426305182299478e-11,1.1370752128473109e-11,1.567281484869141e-11,5.671045063437207e-17,1.0,1.0,1.0,1.0,1.2800000000000015e-08,9.039410630160434e-07,1.2010213298079977e-05,6.203143160849476e-05,4.707829551355337e-05,4.760697209042282e-05,1,3402
1705,lm,357.849,4.1244321045984784e-11,1.4241567487583141e-11,1.1352526822531487e-11,1.5650169877513984e-11,5.685835616858248e-17,1.0,1.0,1.0,1.0,1.2800000000000015e-08,9.014680026354662e-07,1.2002882445850502e-05,6.199285419213946e-05,4.7046587122372614e-05,4.757777069418802e-05,1,3404
1706,lm,358.053,4.1182143014348504e-11,1.422013852612439e-11,1.1334359775852295e-11,1.5627587709965767e-11,5.700240604942699e-17,1.0,1.0,1.0,1.0,1.2800000000000015e-08,8.990086504734646e-07,1.1995571090303231e-05,6.195437502004453e-05,4.701495912649149e-05,4.754863767357805e-05,1,3406
1707,lm,358.257,4.1120140573923706e-11,1.4198764703368087e-11,1.1316250695309807e-11,1.5605068032460307e-11,5.714278550410233e-17,1.0,1.0,1.0,1.0,1.2800000000000015e-08,8.965630127453055e-07,1.1988279140208128e-05,6.19159936405791e-05,4.698341124796198e-05,4.751957276632192e-05,1,3408
1708,lm,358.462,4.105831288555009e-11,1.417744578820123e-11,1.1298199296016466e-11,1.5582610521860384e-11,5.727947200909002e-17,1.0,1.0,1.0,1.0,1.2800000000000015e-08,8.941308363074955e-07,1.198100651264685e-05,6.187770963493396e-05,4.6951943244289335e-05,4.749057572857572e-05,1,3410
1709,lm,358.666,4.0996659118933e-11,1.4156181544777982e-11,1.1280205290976255e-11,1.556021487092096e-11,5.741225780277773e-17,1.0,1.0,1.0,1.0,1.2800000000000015e-08,8.91712306976185e-07,1.1973753122334917e-05,6.183952258805657e-05,4.6920554834895074e-05,4.7461646297865776e-05,1,3412
1710,lm,358.870,4.0935178447557145e-11,1.4134971753354369e-11,1.1262268393678307e-11,1.5537880758754933e-11,5.754176954185584e-17,1.0,1.0,1.0,1.0,1.2800000000000015e-08,8.893066678647044e-07,1.1966518882769393e-05,6.180143205778969e-05,4.6889245769605064e-05,4.743278422576277e-05,1,3414
1711,lm,359.074,4.087387005184861e-11,1.4113816182462522e-11,1.124438832295196e-11,1.551560787914434e-11,5.766728979636956e-17,1.0,1.0,1.0,1.0,1.2800000000000015e-08,8.869144991369572e-07,1.1959303712308915e-05,6.176343762917121e-05,4.685801578175164e-05,4.7403989257716597e-05,1,3416
1712,lm,359.278,4.081273311968267e-11,1.4092714608485345e-11,1.122656479942941e-11,1.549339592270266e-11,5.778906524890531e-17,1.0,1.0,1.0,1.0,1.2800000000000015e-08,8.845349912810824e-07,1.1952107524448572e-05,6.172553888196986e-05,4.682686460670931e-05,4.7375261141093267e-05,1,3418
1713,lm,359.482,4.075176684225676e-11,1.4071666807150455e-11,1.1208797543718447e-11,1.547124458416803e-11,5.790721983012228e-17,1.0,1.0,1.0,1.0,1.2800000000000015e-08,8.82168417117247e-07,1.1944930233857215e-05,6.168773540153456e-05,4.679579198378332e-05,4.734659962939625e-05,1,3420
1714,lm,359.687,4.069097041585263e-11,1.4050672559395001e-11,1.1191086275741732e-11,1.5449153559106586e-11,5.802160930644317e-17,1.0,1.0,1.0,1.0,1.2800000000000015e-08,8.798146854353689e-07,1.1937771762944173e-05,6.165002677053222e-05,4.676479765674809e-05,4.7318004472590656e-05,1,3422
1715,lm,359.891,4.063034304733833e-11,1.4029731641877268e-11,1.1173430726124811e-11,1.542712254705302e-11,5.813228323378464e-17,1.0,1.0,1.0,1.0,1.2800000000000015e-08,8.774733067441111e-07,1.1930632021054757e-05,6.161241256039606e-05,4.67338813572645e-05,4.7289475412445726e-05,1,3424
1716,lm,360.095,4.056988394390182e-11,1.4008843838973867e-11,1.1155830614817781e-11,1.5405151250947793e-11,5.823916237616769e-17,1.0,1.0,1.0,1.0,1.2800000000000015e-08,8.751447652429647e-07,1.1923510929741943e-05,6.157489237396519e-05,4.670304283173491e-05,4.7261012211592686e-05,1,3426
1717,lm,360.299,4.050959232130059e-11,1.3988008931758607e-11,1.113828567413333e-11,1.5383239373010766e-11,5.834239789389054e-17,1.0,1.0,1.0,1.0,1.2800000000000015e-08,8.72828119412224e-07,1.191640840586301e-05,6.153746579973547e-05,4.667228181826281e-05,4.7232614624743195e-05,1,3428
1718,lm,360.503,4.044946739930157e-11,1.3967226707356417e-11,1.1120795634388464e-11,1.5361386615502423e-11,5.844205426947136e-17,1.0,1.0,1.0,1.0,1.2800000000000015e-08,8.705236287843616e-07,1.1909324370357533e-05,6.150013242884329e-05,4.6641598070509996e-05,4.72042824052994e-05,1,3430
1719,lm,360.707,4.0389508403386907e-11,1.3946496951151324e-11,1.1103360221069263e-11,1.5339592693252025e-11,5.853791428896741e-17,1.0,1.0,1.0,1.0,1.2800000000000015e-08,8.682313855116271e-07,1.1902258738490154e-05,6.146289186425889e-05,4.661099131158066e-05,4.7176015304506696e-05,1,3432
1720,lm,360.912,4.0329714569027025e-11,1.3925819450552679e-11,1.1085979178450345e-11,1.5317857310115698e-11,5.862990830339601e-17,1.0,1.0,1.0,1.0,1.2800000000000015e-08,8.659508540841704e-07,1.1895211429781859e-05,6.142574368580629e-05,4.6580461294229585e-05,4.714781308509654e-05,1,3434
1721,lm,361.116,4.027008513009854e-11,1.390519399763368e-11,1.1068652234694431e-11,1.5296180179251328e-11,5.871851910476551e-17,1.0,1.0,1.0,1.0,1.2800000000000015e-08,8.63682183754604e-07,1.188818236113166e-05,6.13886874798222e-05,4.6550007752642e-05,4.711967549225402e-05,1,3436
1722,lm,361.320,4.0210619331338896e-11,1.3884620383415293e-11,1.1051379127098351e-11,1.527456101764504e-11,5.880318021221212e-17,1.0,1.0,1.0,1.0,1.2800000000000015e-08,8.614252820680133e-07,1.1881171453713967e-05,6.135172286587679e-05,4.6519630433846226e-05,4.709160229369811e-05,1,3438
1723,lm,361.524,4.015131641832833e-11,1.3864098400315151e-11,1.1034159595728297e-11,1.52529995378706e-11,5.888441427686302e-17,1.0,1.0,1.0,1.0,1.2800000000000015e-08,8.591796724316324e-07,1.1874178628248959e-05,6.13148494384143e-05,4.64893290799371e-05,4.70635932408611e-05,1,3440
1724,lm,361.728,4.009217564470034e-11,1.3843627842890828e-11,1.101699337881922e-11,1.5231495461157187e-11,5.89618331016825e-17,1.0,1.0,1.0,1.0,1.2800000000000015e-08,8.569457600052099e-07,1.1867203800851575e-05,6.127806679057605e-05,4.645910343051732e-05,4.703564809671444e-05,1,3442
1725,lm,361.933,4.003319627146388e-11,1.3823208507143394e-11,1.0999880220613088e-11,1.521004850817097e-11,5.903553642679291e-17,1.0,1.0,1.0,1.0,1.2800000000000015e-08,8.547228281747177e-07,1.1860246895753164e-05,6.124137452895054e-05,4.6428953233546455e-05,4.700776662100901e-05,1,3444
1726,lm,362.137,3.9974377560843815e-11,1.380284018958486e-11,1.0982819866101681e-11,1.5188658399557987e-11,5.910559927896725e-17,1.0,1.0,1.0,1.0,1.2800000000000015e-08,8.52511201991482e-07,1.1853307832010416e-05,6.120477226478843e-05,4.6398878235551095e-05,4.697994857494346e-05,1,3446
1727,lm,362.341,3.991571878053467e-11,1.378252268980377e-11,1.096581205840903e-11,1.5167324860160634e-11,5.917216124144903e-17,1.0,1.0,1.0,1.0,1.2800000000000015e-08,8.503105677260698e-07,1.184638653026395e-05,6.116825960431914e-05,4.6368878176023444e-05,4.695219371773985e-05,1,3448
1728,lm,362.545,3.985721920668857e-11,1.3762255807221506e-11,1.0948856545371087e-11,1.5146047619091116e-11,5.923500486337902e-17,1.0,1.0,1.0,1.0,1.2800000000000015e-08,8.481207739010845e-07,1.1839482913948616e-05,6.113183615816099e-05,4.633895281959765e-05,4.692450181963704e-05,1,3450
1729,lm,362.749,3.9798878119701707e-11,1.3742039344491758e-11,1.0931953077705173e-11,1.5124826403369726e-11,5.929413504748022e-17,1.0,1.0,1.0,1.0,1.2800000000000015e-08,8.459418475275967e-07,1.1832596901935714e-05,6.109550152589481e-05,4.630910187502677e-05,4.6896872634041917e-05,1,3452
1730,lm,362.953,3.9740694800003765e-11,1.372187310402071e-11,1.0915101402171704e-11,1.510366094404381e-11,5.934976754080167e-17,1.0,1.0,1.0,1.0,1.2800000000000015e-08,8.437738998560989e-07,1.1825728418878718e-05,6.105925532426456e-05,4.627932511447134e-05,4.6869305933174134e-05,1,3454
1731,lm,363.158,3.9682668541147535e-11,1.3701756891862499e-11,1.0898301272025867e-11,1.5082550975573554e-11,5.940168561352768e-17,1.0,1.0,1.0,1.0,1.2800000000000015e-08,8.416160220060124e-07,1.1818877386226775e-05,6.102309717914866e-05,4.624962227922555e-05,4.684180148194927e-05,1,3456
1732,lm,363.362,3.9624798636002945e-11,1.3681690510304302e-11,1.0881552444067884e-11,1.5061496231486115e-11,5.945014464008853e-17,1.0,1.0,1.0,1.0,1.2800000000000015e-08,8.394687911430417e-07,1.1812043726647198e-05,6.098702669749132e-05,4.621999313189384e-05,4.6814359050712254e-05,1,3458
1733,lm,363.566,3.956708438416849e-11,1.3661673772396593e-11,1.0864854671701771e-11,1.504049644512353e-11,5.949494659303444e-17,1.0,1.0,1.0,1.0,1.2800000000000015e-08,8.373319641091748e-07,1.18052273611786e-05,6.0951043485351096e-05,4.6190437391632085e-05,4.6786978392844385e-05,1,3460
1734,lm,363.770,3.950952508877881e-11,1.3641706483605945e-11,1.0848207710554217e-11,1.5019551358514372e-11,5.953610427914375e-17,1.0,1.0,1.0,1.0,1.2800000000000015e-08,8.35205149465341e-07,1.1798428216055535e-05,6.091514717916161e-05,4.616095482466556e-05,4.6759659288977785e-05,1,3462
1735,lm,363.974,3.945212006081633e-11,1.3621788454189808e-11,1.0831611317818494e-11,1.4998660714877828e-11,5.95739301970602e-17,1.0,1.0,1.0,1.0,1.2800000000000015e-08,8.33088388618245e-07,1.1791646214192684e-05,6.087933739317477e-05,4.6131545183577546e-05,4.673240150495133e-05,1,3464
1736,lm,364.179,3.939486861262432e-11,1.3601919492568451e-11,1.0815065258148347e-11,1.497782425390457e-11,5.960800294670763e-17,1.0,1.0,1.0,1.0,1.2800000000000015e-08,8.309818166678725e-07,1.1784881279083246e-05,6.084361374718824e-05,4.6102208206220785e-05,4.6705204807258325e-05,1,3466
1737,lm,364.383,3.933777006454507e-11,1.3582099417215798e-11,1.0798569289289682e-11,1.4957041719391703e-11,5.963864789195956e-17,1.0,1.0,1.0,1.0,1.2800000000000015e-08,8.288849336504969e-07,1.1778133337123445e-05,6.080797587249905e-05,4.607294364006445e-05,4.667806896730144e-05,1,3468
1738,lm,364.587,3.928082373925301e-11,1.3562328039313149e-11,1.0782123175506418e-11,1.4936312858698403e-11,5.966573503933304e-17,1.0,1.0,1.0,1.0,1.2800000000000015e-08,8.267978317721365e-07,1.1771402310489598e-05,6.0772423394895865e-05,4.6043751247827204e-05,4.665099376108839e-05,1,3470
1739,lm,364.792,3.922402896422378e-11,1.354260517343317e-11,1.0765726681790308e-11,1.491563741965828e-11,5.968934202080039e-17,1.0,1.0,1.0,1.0,1.2800000000000015e-08,8.247206078775536e-07,1.1764688126792562e-05,6.073695593491767e-05,4.601463078521982e-05,4.6623978966359106e-05,1,3472
1740,lm,364.996,3.9167385073918496e-11,1.352293063882339e-11,1.0749379572940409e-11,1.4895015152535058e-11,5.970961963631817e-17,1.0,1.0,1.0,1.0,1.2800000000000015e-08,8.226527285657582e-07,1.1757990708790947e-05,6.0701573118868255e-05,4.598558197949277e-05,4.659702433911849e-05,1,3474
1741,lm,365.200,3.911089140475528e-11,1.3503304251164025e-11,1.0733081618158963e-11,1.487444580929443e-11,5.972613785301547e-17,1.0,1.0,1.0,1.0,1.2800000000000015e-08,8.205944584278324e-07,1.1751309984628274e-05,6.06662745874349e-05,4.595660460640644e-05,4.657012967242974e-05,1,3476
1742,lm,365.404,3.905454729930582e-11,1.3483725829301536e-11,1.07168325889749e-11,1.485392914157241e-11,5.97394569797827e-17,1.0,1.0,1.0,1.0,1.2800000000000015e-08,8.185452707146757e-07,1.1744645877497892e-05,6.0631059960647805e-05,4.592769840358861e-05,4.654329472606973e-05,1,3478
1743,lm,365.608,3.8998352103818676e-11,1.3464195193370473e-11,1.0700632254020202e-11,1.4833464907297464e-11,5.974913053805756e-17,1.0,1.0,1.0,1.0,1.2800000000000015e-08,8.165054625012713e-07,1.1737998316835804e-05,6.05959288846418e-05,4.5898863130536363e-05,4.651651928424735e-05,1,3480
1744,lm,365.812,3.894230517190707e-11,1.344471216598991e-11,1.0684480385912132e-11,1.4813052864435945e-11,5.975556908861425e-17,1.0,1.0,1.0,1.0,1.2800000000000015e-08,8.144746390720179e-07,1.1731367228496652e-05,6.0560880986937864e-05,4.587009854211285e-05,4.6489803124384076e-05,1,3482
1745,lm,366.016,3.888640585575732e-11,1.3425276569595083e-11,1.0668376758736506e-11,1.4792692768883008e-11,5.975854271162138e-17,1.0,1.0,1.0,1.0,1.2800000000000015e-08,8.124529794295912e-07,1.1724752538190581e-05,6.0525915902708745e-05,4.58414043878742e-05,4.646314602187696e-05,1,3484
1746,lm,366.221,3.883065351814841e-11,1.3405888229854632e-11,1.0652321145720365e-11,1.477238438451862e-11,5.975805478962952e-17,1.0,1.0,1.0,1.0,1.2800000000000015e-08,8.104401770454102e-07,1.1718154177388215e-05,6.049103329097984e-05,4.5812780435404007e-05,4.643654776091783e-05,1,3486
1747,lm,366.425,3.877504752106235e-11,1.3386546967778777e-11,1.0636313328522064e-11,1.4752127470602745e-11,5.975415876756919e-17,1.0,1.0,1.0,1.0,1.2800000000000015e-08,8.084360440453808e-07,1.1711572069947811e-05,6.045623277247711e-05,4.5784226429896555e-05,4.6410008114563774e-05,1,3488
1748,lm,366.629,3.871958723693831e-11,1.3367252615576428e-11,1.0620353079198939e-11,1.4731921795108925e-11,5.974705401260528e-17,1.0,1.0,1.0,1.0,1.2800000000000015e-08,8.06440685056369e-07,1.1705006145712981e-05,6.042151399315612e-05,4.575574212171254e-05,4.638352686475936e-05,1,3490
1749,lm,366.833,3.866427203718707e-11,1.334800499615527e-11,1.0604440180140449e-11,1.471176712425947e-11,5.973663188056837e-17,1.0,1.0,1.0,1.0,1.2800000000000015e-08,8.044541648040333e-07,1.169845633269881e-05,6.038687659957609e-05,4.572732727865421e-05,4.6357103796225463e-05,1,3492
1750,lm,367.037,3.860910129906481e-11,1.3328803938725515e-11,1.0588574415246247e-11,1.4691663222296883e-11,5.972279616958776e-17,1.0,1.0,1.0,1.0,1.2800000000000015e-08,8.024759923964983e-07,1.1691922560262927e-05,6.035232024919797e-05,4.5698981652012704e-05,4.633073868818576e-05,1,3494
1751,lm,367.241,3.855407440465346e-11,1.3309649272746654e-11,1.0572755563887254e-11,1.467160986222642e-11,5.970579313285413e-17,1.0,1.0,1.0,1.0,1.2800000000000015e-08,8.005061806243988e-07,1.1685404756857241e-05,6.031784456553852e-05,4.5670704995218624e-05,4.630443132035415e-05,1,3496
1752,lm,367.445,3.849919074029599e-11,1.3290540830600122e-11,1.0556983410661622e-11,1.465160681363089e-11,5.96854033584876e-17,1.0,1.0,1.0,1.0,1.2800000000000015e-08,7.985446561606644e-07,1.1678902852781473e-05,6.028344920905974e-05,4.564249707554287e-05,4.627818148580585e-05,1,3498
1753,lm,367.650,3.844444969671232e-11,1.3271478444111571e-11,1.0541257740989955e-11,1.463165384986214e-11,5.966174864574971e-17,1.0,1.0,1.0,1.0,1.2800000000000015e-08,7.965911730225252e-07,1.167241677782881e-05,6.0249133837936975e-05,4.561435765555787e-05,4.6251988963884785e-05,1,3500
1754,lm,367.854,3.838985066657669e-11,1.3252461947720646e-11,1.0525578341657985e-11,1.4611750742198588e-11,5.963499947330571e-17,1.0,1.0,1.0,1.0,1.2800000000000015e-08,7.946461739924149e-07,1.1665946461528594e-05,6.0214898089064545e-05,4.5586286482690645e-05,4.6225853544161645e-05,1,3502
1755,lm,368.058,3.8335393050639806e-11,1.323349116887904e-11,1.050994500266835e-11,1.4591897274078736e-11,5.960501367672639e-17,1.0,1.0,1.0,1.0,1.2800000000000015e-08,7.927089882436942e-07,1.1659491834883416e-05,6.018074162053459e-05,4.5558283322015134e-05,4.6199775008468475e-05,1,3504
1756,lm,368.262,3.828107624885691e-11,1.3214565951384467e-11,1.0494357509339947e-11,1.4572093216440584e-11,5.957169190801145e-17,1.0,1.0,1.0,1.0,1.2800000000000015e-08,7.907800979028887e-07,1.165305282741538e-05,6.014666409225055e-05,4.553034794005371e-05,4.617375315174042e-05,1,3506
1757,lm,368.466,3.8226899670629987e-11,1.3195686126692863e-11,1.0478815656960431e-11,1.45523383517895e-11,5.953518719403552e-17,1.0,1.0,1.0,1.0,1.2800000000000015e-08,7.888585108319616e-07,1.1646629374713431e-05,6.0112665167711835e-05,4.550248009686699e-05,4.614778775830892e-05,1,3508
1758,lm,368.670,3.8172862725540885e-11,1.3176851533918286e-11,1.0463319236047717e-11,1.4532632459898019e-11,5.949567686379462e-17,1.0,1.0,1.0,1.0,1.2800000000000015e-08,7.869448525993614e-07,1.1640221403445125e-05,6.007874448427016e-05,4.547467955403415e-05,4.6121878616414176e-05,1,3510
1759,lm,368.874,3.8118964828518515e-11,1.3158062011509778e-11,1.0447868040705271e-11,1.4512975323236394e-11,5.945306707123837e-17,1.0,1.0,1.0,1.0,1.2800000000000015e-08,7.850389892945708e-07,1.1633828846508438e-05,6.004490171200264e-05,4.54469460701964e-05,4.6096025517931986e-05,1,3512
1760,lm,369.078,3.806520539815383e-11,1.3139317398877871e-11,1.0432461864984634e-11,1.4493366727146786e-11,5.940714454216065e-17,1.0,1.0,1.0,1.0,1.2800000000000015e-08,7.831406664090472e-07,1.1627451637162602e-05,6.001113651369326e-05,4.54192793994491e-05,4.607022824648196e-05,1,3514
1761,lm,369.283,3.801158385489105e-11,1.3120617533267298e-11,1.0417100506502348e-11,1.4473806456663917e-11,5.935845748442258e-17,1.0,1.0,1.0,1.0,1.2800000000000015e-08,7.812496492200861e-07,1.1621089706933704e-05,5.997744855146135e-05,4.5391679331219905e-05,4.604448661020554e-05,1,3516
1762,lm,369.487,3.7958099628331827e-11,1.310196225796482e-11,1.0401783764957724e-11,1.4454294299002116e-11,5.930640716791742e-17,1.0,1.0,1.0,1.0,1.2800000000000015e-08,7.79366155051864e-07,1.1614742990912195e-05,5.994383749167511e-05,4.5364145609637894e-05,4.601880039101446e-05,1,3518
1763,lm,369.691,3.7904752147012706e-11,1.3083351420026232e-11,1.038651143380362e-11,1.4434830041765435e-11,5.925141742127249e-17,1.0,1.0,1.0,1.0,1.2800000000000015e-08,7.774899229372484e-07,1.1608411420625412e-05,5.9910302997757846e-05,4.5336678014821e-05,4.599316939200644e-05,1,3520
1764,lm,369.895,3.785154084584365e-11,1.3064784857160616e-11,1.0371283319463475e-11,1.4415413475724776e-11,5.919349478325346e-17,1.0,1.0,1.0,1.0,1.2800000000000015e-08,7.756209656627892e-07,1.1602094929011756e-05,5.9876844733329246e-05,4.530927630396774e-05,4.596759339899344e-05,1,3522
1765,lm,370.099,3.7798465161258047e-11,1.304626241753735e-11,1.0356099217695961e-11,1.439604439346323e-11,5.913256149421957e-17,1.0,1.0,1.0,1.0,1.2800000000000015e-08,7.7375911320938e-07,1.1595793449242349e-05,5.984346236810761e-05,4.52819402436058e-05,4.594207220683397e-05,1,3524
1766,lm,370.304,3.774552453503241e-11,1.3027783943149673e-11,1.0340958934673173e-11,1.4376722588665746e-11,5.90685438139252e-17,1.0,1.0,1.0,1.0,1.2800000000000015e-08,7.71904327051482e-07,1.1589506918576758e-05,5.9810155579228155e-05,4.52546695887637e-05,4.591660561258278e-05,1,3526
1767,lm,370.508,3.76927184146292e-11,1.3009349282050108e-11,1.0325862275933598e-11,1.4357447854737983e-11,5.900190750888676e-17,1.0,1.0,1.0,1.0,1.2800000000000015e-08,7.70056529873256e-07,1.1583235270066901e-05,5.97769240441512e-05,4.522746413653474e-05,4.5891193424391756e-05,1,3528
1768,lm,370.712,3.764004624492683e-11,1.2990958281491032e-11,1.0310809043549159e-11,1.4338219987862353e-11,5.893202428012733e-17,1.0,1.0,1.0,1.0,1.2800000000000015e-08,7.682157985537905e-07,1.1576978437284473e-05,5.974376741976347e-05,4.520032363686817e-05,4.586583542912572e-05,1,3530
1769,lm,370.916,3.758750748350413e-11,1.297261078743358e-11,1.0295799048701083e-11,1.4319038787998507e-11,5.885937095517255e-17,1.0,1.0,1.0,1.0,1.2800000000000015e-08,7.6638142756982e-07,1.157073635533435e-05,5.9710685387291486e-05,4.517324785649667e-05,4.584053142676486e-05,1,3532
1770,lm,371.120,3.753510158434637e-11,1.2954306654385945e-11,1.028083209432867e-11,1.4299904051863205e-11,5.878376855657284e-17,1.0,1.0,1.0,1.0,1.2800000000000015e-08,7.645541329889396e-07,1.156450896118059e-05,5.9677677626924914e-05,4.514623657266156e-05,4.5815281223916164e-05,1,3534
1771,lm,371.325,3.748282800671138e-11,1.2936045726170316e-11,1.026590799475113e-11,1.4280815580366179e-11,5.870542375833252e-17,1.0,1.0,1.0,1.0,1.2800000000000015e-08,7.627333014957899e-07,1.1558296190779475e-05,5.964474381480532e-05,4.5119289557786005e-05,4.579008461842365e-05,1,3536
1772,lm,371.529,3.7430686216357415e-11,1.291782785898161e-11,1.0251026554979068e-11,1.4261773178035358e-11,5.862436138019608e-17,1.0,1.0,1.0,1.0,1.2800000000000015e-08,7.609190047547397e-07,1.1552097979737663e-05,5.961188362758167e-05,4.509240657527985e-05,4.576494140979435e-05,1,3538
1773,lm,371.733,3.737867567734352e-11,1.2899652901366606e-11,1.0236187590628337e-11,1.4242776645018495e-11,5.854033008576429e-17,1.0,1.0,1.0,1.0,1.2800000000000015e-08,7.591114953304239e-07,1.154591426607401e-05,5.9579096762308154e-05,4.506558742035079e-05,4.5739851414626326e-05,1,3540
1774,lm,371.937,3.73267958622272e-11,1.28815207077025e-11,1.0221390913643559e-11,1.422382578735749e-11,5.845352364999931e-17,1.0,1.0,1.0,1.0,1.2800000000000015e-08,7.573102189556974e-07,1.1539744982298721e-05,5.954638288568697e-05,4.5038831838100014e-05,4.57148144191566e-05,1,3542
1775,lm,372.141,3.727504624393928e-11,1.2863431127630036e-11,1.0206636339155069e-11,1.4204920413141018e-11,5.836401315918656e-17,1.0,1.0,1.0,1.0,1.2800000000000015e-08,7.555151874597791e-07,1.1533590069658204e-05,5.951374167778202e-05,4.501213960915675e-05,4.5689830232188434e-05,1,3544
1776,lm,372.345,3.722342630079313e-11,1.2845384020948665e-11,1.019192368034119e-11,1.4186060327546078e-11,5.827195719498397e-17,1.0,1.0,1.0,1.0,1.2800000000000015e-08,7.537264348218789e-07,1.1527449462424085e-05,5.948117282609992e-05,4.498551051219919e-05,4.566489866087758e-05,1,3546
1777,lm,372.550,3.7171935512826956e-11,1.2827379241500364e-11,1.0177252754756209e-11,1.4167245339570092e-11,5.817700028258934e-17,1.0,1.0,1.0,1.0,1.2800000000000015e-08,7.51944036498906e-07,1.1521323100477409e-05,5.944867602732523e-05,4.4958944329352134e-05,4.564001951713278e-05,1,3548
1778,lm,372.754,3.712057336419489e-11,1.2809416645454878e-11,1.0162623378291552e-11,1.4148475260975685e-11,5.807947277154589e-17,1.0,1.0,1.0,1.0,1.2800000000000015e-08,7.501676510549926e-07,1.1515210920170341e-05,5.941625096071469e-05,4.493244081599568e-05,4.561519259813047e-05,1,3550
1779,lm,372.958,3.70693393433597e-11,1.2791496086000911e-11,1.0148035374571e-11,1.4129749903498512e-11,5.797928927277037e-17,1.0,1.0,1.0,1.0,1.2800000000000015e-08,7.483972413104771e-07,1.1509112862916628e-05,5.938389732436723e-05,4.4905999763894614e-05,4.559041771489417e-05,1,3552
1780,lm,373.162,3.7018232941663933e-11,1.2773617425628778e-11,1.0133488561223989e-11,1.4111069078276648e-11,5.787653451991503e-17,1.0,1.0,1.0,1.0,1.2800000000000015e-08,7.466328453577695e-07,1.1503028864019371e-05,5.935161480239532e-05,4.487962094466568e-05,4.556569468113804e-05,1,3554
1781,lm,373.366,3.696725365268349e-11,1.2755780522056532e-11,1.0118982759079263e-11,1.409243260026289e-11,5.777128480403821e-17,1.0,1.0,1.0,1.0,1.2800000000000015e-08,7.448744590487146e-07,1.149695886410926e-05,5.931940309171042e-05,4.48533041410578e-05,4.554102330250986e-05,1,3556
1782,lm,373.570,3.691640097153243e-11,1.2737985234914136e-11,1.0104517786909411e-11,1.4073840286375109e-11,5.766333377224336e-17,1.0,1.0,1.0,1.0,1.2800000000000015e-08,7.431220340506385e-07,1.1490902801742628e-05,5.92872618835508e-05,4.482704913150638e-05,4.551640339410498e-05,1,3558
1783,lm,373.775,3.686567440149298e-11,1.2720231422377094e-11,1.009009347491431e-11,1.4055291951259776e-11,5.755294179459297e-17,1.0,1.0,1.0,1.0,1.2800000000000015e-08,7.41375007722579e-07,1.1484860619487937e-05,5.9255190887754586e-05,4.4800855698036305e-05,4.549183476893528e-05,1,3560
1784,lm,373.979,3.6815073446465076e-11,1.2702518946759191e-11,1.0075709645338374e-11,1.4036787414378659e-11,5.7439988855103e-17,1.0,1.0,1.0,1.0,1.2800000000000015e-08,7.396339233133535e-07,1.1478832254307853e-05,5.92231897838265e-05,4.4774723604215164e-05,4.546731723067689e-05,1,3562
1785,lm,374.183,3.6764597612135666e-11,1.2684847669715905e-11,1.0061366121325428e-11,1.4018326496617459e-11,5.732447687200035e-17,1.0,1.0,1.0,1.0,1.2800000000000015e-08,7.378982883381551e-07,1.1472817646012497e-05,5.919125827197284e-05,4.4748652645152656e-05,4.5442850595113275e-05,1,3564
1786,lm,374.387,3.6714246411356334e-11,1.2667217455103937e-11,1.0047062733233614e-11,1.399990901619161e-11,5.72068271754447e-17,1.0,1.0,1.0,1.0,1.2800000000000015e-08,7.361682126563873e-07,1.1466816736425475e-05,5.91593960533586e-05,4.472264259588639e-05,4.5418434676204615e-05,1,3566
1787,lm,374.591,3.666401935454121e-11,1.2649628165222388e-11,1.003279930790187e-11,1.398153479489458e-11,5.708652237220785e-17,1.0,1.0,1.0,1.0,1.2800000000000015e-08,7.344439390379512e-07,1.1460829466826703e-05,5.91276028332302e-05,4.469669324692183e-05,4.539406929459684e-05,1,3568
1788,lm,374.795,3.6613915961095856e-11,1.2632079665200539e-11,1.0018575674287367e-11,1.396320365768951e-11,5.69639184426112e-17,1.0,1.0,1.0,1.0,1.2800000000000015e-08,7.327248159934472e-07,1.1454855777083699e-05,5.909587831086688e-05,4.467080437458268e-05,4.5369754261699945e-05,1,3570
1789,lm,374.999,3.656393574822506e-11,1.2614571818367886e-11,1.0004391661377885e-11,1.3944915429604034e-11,5.683887524908558e-17,1.0,1.0,1.0,1.0,1.2800000000000015e-08,7.310111393944124e-07,1.144889560948498e-05,5.9064222196579945e-05,4.46449757631627e-05,4.5345489395615504e-05,1,3572
1790,lm,375.204,3.6514078239639575e-11,1.2597104491011257e-11,9.990247102545362e-12,1.3926669934610743e-11,5.671147221459123e-17,1.0,1.0,1.0,1.0,1.2800000000000015e-08,7.293028115552093e-07,1.1442948906018378e-05,5.903263419435367e-05,4.4619207197093854e-05,4.5321274512962284e-05,1,3574
1791,lm,375.408,3.6464342961665053e-11,1.257967755065618e-11,9.976141829490044e-12,1.3908466999517636e-11,5.658200119851547e-17,1.0,1.0,1.0,1.0,1.2800000000000015e-08,7.275995335769076e-07,1.1437015608099991e-05,5.9001114016446044e-05,4.4593498471056185e-05,4.529710943875784e-05,1,3576
1792,lm,375.612,3.641472944191508e-11,1.2562290863297152e-11,9.962075673204007e-12,1.3890306455357016e-11,5.645005690272558e-17,1.0,1.0,1.0,1.0,1.2800000000000015e-08,7.259017670686887e-07,1.1431095658769932e-05,5.896966135391915e-05,4.4567849353329404e-05,4.527299398206148e-05,1,3578
1793,lm,375.816,3.636523721266658e-11,1.2544944298037379e-11,9.94804847182561e-12,1.3872188126975986e-11,5.631582760703162e-17,1.0,1.0,1.0,1.0,1.2800000000000015e-08,7.242089093201159e-07,1.142518899963884e-05,5.893827592785512e-05,4.454225964246413e-05,4.524892796796607e-05,1,3580
1794,lm,376.020,3.631586580771453e-11,1.2527637720201997e-11,9.934060060328598e-12,1.3854111847683028e-11,5.617950090448913e-17,1.0,1.0,1.0,1.0,1.2800000000000015e-08,7.225209155262797e-07,1.1419295575802881e-05,5.890695745030911e-05,4.451672912512394e-05,4.5224911218808713e-05,1,3582
1795,lm,376.224,3.626661476501969e-11,1.2510371002631845e-11,9.920110273693946e-12,1.3836077447714671e-11,5.604097922185808e-17,1.0,1.0,1.0,1.0,1.2800000000000015e-08,7.208382761152663e-07,1.1413415329033796e-05,5.8875705631865535e-05,4.449125757931261e-05,4.52009435502403e-05,1,3584
1796,lm,376.428,3.621748362656252e-11,1.249314401597562e-11,9.906198950204329e-12,1.3818084760106569e-11,5.59002760000958e-17,1.0,1.0,1.0,1.0,1.2800000000000015e-08,7.191603784443211e-07,1.1407548203012357e-05,5.884452018723494e-05,4.446584480934161e-05,4.517702479399454e-05,1,3586
1797,lm,376.634,3.616847193301459e-11,1.247595662792006e-11,9.892325927674729e-12,1.3800133620029064e-11,5.575739073641627e-17,1.0,1.0,1.0,1.0,1.2800000000000015e-08,7.174874824757691e-07,1.1401694142451294e-05,5.8813400833186515e-05,4.444049059618893e-05,4.515315476814378e-05,1,3588
1798,lm,376.839,3.611957923240981e-11,1.2458808713068706e-11,9.87849104681959e-12,1.3782223860095356e-11,5.561242616246749e-17,1.0,1.0,1.0,1.0,1.2800000000000015e-08,7.15819414343529e-07,1.1395853092110601e-05,5.878234728116817e-05,4.441519472835979e-05,4.512933329562424e-05,1,3590
1799,lm,377.044,3.607080507363734e-11,1.2441700138640864e-11,9.864694148820307e-12,1.3764355320724248e-11,5.5465451922589437e-17,1.0,1.0,1.0,1.0,1.2800000000000015e-08,7.141559250086953e-07,1.1390024994605153e-05,5.8751359258591836e-05,4.4389957000564486e-05,4.510556020810587e-05,1,3592
1800,lm,377.248,3.6022149007080946e-11,1.2424630781769402e-11,9.850935073731836e-12,1.3746527835282791e-11,5.531629691441177e-17,1.0,1.0,1.0,1.0,1.2800000000000015e-08,7.124974964236456e-07,1.1384209795259508e-05,5.8720436473145834e-05,4.4364777203787334e-05,4.5081835326564596e-05,1,3594
1801,lm,377.452,3.5973610588298344e-11,1.240760051317055e-11,9.837213665752798e-12,1.3728741244154702e-11,5.516522029608961e-17,1.0,1.0,1.0,1.0,1.2800000000000015e-08,7.108435040352773e-07,1.1378407441681958e-05,5.868957866445687e-05,4.433965514547891e-05,4.505815848768461e-05,1,3596
1802,lm,377.656,3.592518937483857e-11,1.2390609208923154e-11,9.823529768987412e-12,1.3710995384696053e-11,5.501223194491741e-17,1.0,1.0,1.0,1.0,1.2800000000000015e-08,7.091941162219971e-07,1.1372617874217264e-05,5.86587855272521e-05,4.4314590594652525e-05,4.5034529501876694e-05,1,3598
1803,lm,377.860,3.587688492633398e-11,1.2373656744100353e-11,9.809883225598426e-12,1.3693290099442195e-11,5.4857193002932433e-17,1.0,1.0,1.0,1.0,1.2800000000000015e-08,7.075494179364466e-07,1.1366841044869442e-05,5.862805681207191e-05,4.428958336313767e-05,4.50109482150237e-05,1,3600
1804,lm,378.064,3.5828696805147536e-11,1.2356742992361577e-11,9.796273883213472e-12,1.367562522933982e-11,5.470023266406006e-17,1.0,1.0,1.0,1.0,1.2800000000000015e-08,7.059092579275846e-07,1.1361076893509098e-05,5.859739222767192e-05,4.426463323533186e-05,4.498741444300995e-05,1,3602
1805,lm,378.269,3.578062457870852e-11,1.2339867831244614e-11,9.782701587182275e-12,1.3658000619031657e-11,5.454124997647389e-17,1.0,1.0,1.0,1.0,1.2800000000000015e-08,7.042733384277997e-07,1.1355325371272653e-05,5.8566791505631736e-05,4.423974001189244e-05,4.49639280248787e-05,1,3604
1806,lm,378.473,3.573266781274895e-11,1.2323031136595893e-11,9.769166185377262e-12,1.3640416110125061e-11,5.4380650738126316e-17,1.0,1.0,1.0,1.0,1.2800000000000015e-08,7.026418336425625e-07,1.1349586422097952e-05,5.853625437870991e-05,4.421490349412384e-05,4.494048879077509e-05,1,3606
1807,lm,378.677,3.568482607920757e-11,1.230623278449648e-11,9.755667530665946e-12,1.3622871545955787e-11,5.4218089360211984e-17,1.0,1.0,1.0,1.0,1.2800000000000015e-08,7.010150443567288e-07,1.1343859993959861e-05,5.850578057203377e-05,4.4190123474846194e-05,4.491709656965558e-05,1,3608
1808,lm,378.881,3.563709894954965e-11,1.2289472653598738e-11,9.742205464502027e-12,1.3605366777850077e-11,5.4053598811781026e-17,1.0,1.0,1.0,1.0,1.2800000000000015e-08,6.993921609439524e-07,1.1338146032557365e-05,5.847536980450152e-05,4.416539974763894e-05,4.489375119553923e-05,1,3610
1809,lm,379.085,3.5589486002380914e-11,1.2272750625775725e-11,9.72877984160404e-12,1.3587901647654247e-11,5.3887346904398445e-17,1.0,1.0,1.0,1.0,1.2800000000000015e-08,6.977737599202304e-07,1.1332444487061668e-05,5.8445021822293145e-05,4.414073211398052e-05,4.487045250209558e-05,1,3612
1810,lm,379.290,3.554198681487586e-11,1.2256066576806275e-11,9.715390513239929e-12,1.3570476005213983e-11,5.3719615672560235e-17,1.0,1.0,1.0,1.0,1.2800000000000015e-08,6.961593682756858e-07,1.1326755303667012e-05,5.841473635449413e-05,4.411612038467248e-05,4.48472003263553e-05,1,3614
1811,lm,379.494,3.549460096671598e-11,1.2239420385941094e-11,9.702037329882196e-12,1.3553089701087252e-11,5.354980543704934e-17,1.0,1.0,1.0,1.0,1.2800000000000015e-08,6.94549545753835e-07,1.1321078433168503e-05,5.8384513138733885e-05,4.40915643462991e-05,4.4823994500604265e-05,1,3616
1812,lm,379.698,3.5447328043938264e-11,1.2222811934569731e-11,9.688720147067482e-12,1.3535742583835735e-11,5.337846531875009e-17,1.0,1.0,1.0,1.0,1.2800000000000015e-08,6.929433395755949e-07,1.1315413820924845e-05,5.8354351904356265e-05,4.4067063803235485e-05,4.480083485980775e-05,1,3618
1813,lm,379.902,3.5400167631007694e-11,1.2206241104688407e-11,9.675438817130626e-12,1.3518434503701507e-11,5.320548715472759e-17,1.0,1.0,1.0,1.0,1.2800000000000015e-08,6.913415492776498e-07,1.1309761417045862e-05,5.832425239431796e-05,4.404261856255526e-05,4.4777721245143655e-05,1,3620
1814,lm,380.107,3.5353119316788374e-11,1.2189707774734702e-11,9.662193197042075e-12,1.3501165314097028e-11,5.3030914565831127e-17,1.0,1.0,1.0,1.0,1.2800000000000015e-08,6.89743803632287e-07,1.13041211676653e-05,5.829421433012929e-05,4.401822842420851e-05,4.4754653490398587e-05,1,3622
1815,lm,380.311,3.5306182691657705e-11,1.2173211831793614e-11,9.648983139211348e-12,1.3483934866160757e-11,5.2854491981223834e-17,1.0,1.0,1.0,1.0,1.2800000000000015e-08,6.881499400964717e-07,1.1298493025614108e-05,5.826423747477296e-05,4.399389318718549e-05,4.4731631436163226e-05,1,3624
1816,lm,380.515,3.525935735040706e-11,1.2156753154054414e-11,9.635808504480691e-12,1.346674301510969e-11,5.2676762261000436e-17,1.0,1.0,1.0,1.0,1.2800000000000015e-08,6.86560008061549e-07,1.1292876938026303e-05,5.823432155506369e-05,4.396961267266543e-05,4.4708654922179625e-05,1,3626
1817,lm,380.719,3.521264288708295e-11,1.214033162736463e-11,9.622669146585092e-12,1.3449589615944648e-11,5.2497188584875515e-17,1.0,1.0,1.0,1.0,1.2800000000000015e-08,6.849740364403799e-07,1.1287272857594025e-05,5.8204466327776186e-05,4.394538667481336e-05,4.468572379129342e-05,1,3628
1818,lm,380.923,3.5166038901806405e-11,1.2123947135665024e-11,9.609564925411028e-12,1.3432474524386266e-11,5.231634408488972e-17,1.0,1.0,1.0,1.0,1.2800000000000015e-08,6.833917376305047e-07,1.1281680730221066e-05,5.8174671510468706e-05,4.392121498966305e-05,4.466283787517346e-05,1,3630
1819,lm,381.128,3.51195449934852e-11,1.2107599558832893e-11,9.596495701342316e-12,1.3415397599321332e-11,5.213398865960117e-17,1.0,1.0,1.0,1.0,1.2800000000000015e-08,6.818134764959823e-07,1.1276100506881118e-05,5.8144936865636926e-05,4.389709744065899e-05,4.463999702541321e-05,1,3632
1820,lm,381.332,3.507316076369418e-11,1.2091288786628345e-11,9.583461334065952e-12,1.3398358692950627e-11,5.19500492534874e-17,1.0,1.0,1.0,1.0,1.2800000000000015e-08,6.8023902442793e-07,1.1270532139317474e-05,5.811526213727068e-05,4.387303382614315e-05,4.461720107756764e-05,1,3634
1821,lm,381.536,3.502688582316452e-11,1.2075014704992526e-11,9.570461685943961e-12,1.33813576675825e-11,5.176464553645801e-17,1.0,1.0,1.0,1.0,1.2800000000000015e-08,6.78668077375835e-07,1.1264975579849797e-05,5.808564707585568e-05,4.3849023964261565e-05,4.459444988354303e-05,1,3636
1822,lm,381.740,3.498071977568619e-11,1.205877719730838e-11,9.557496615412289e-12,1.336439438497544e-11,5.157799008214903e-17,1.0,1.0,1.0,1.0,1.2800000000000015e-08,6.771009630210354e-07,1.1259430777965394e-05,5.8056091427419334e-05,4.3825067650728215e-05,4.457174328087635e-05,1,3638
1823,lm,381.945,3.493466223019615e-11,1.2042576152487174e-11,9.544565985683938e-12,1.3347468702321874e-11,5.1389703162601196e-17,1.0,1.0,1.0,1.0,1.2800000000000015e-08,6.755377655587283e-07,1.1253897682454264e-05,5.802659492962469e-05,4.3801164705646545e-05,4.454908111709812e-05,1,3640
1824,lm,382.149,3.488871280142115e-11,1.2026411452795653e-11,9.531669663992889e-12,1.3330580484352804e-11,5.1200279801284537e-17,1.0,1.0,1.0,1.0,1.2800000000000015e-08,6.739778555626728e-07,1.1248376247344383e-05,5.799715735367594e-05,4.377731493763729e-05,4.4526463236018094e-05,1,3642
1825,lm,382.353,3.4842871102430223e-11,1.2010282992164717e-11,9.518807511437697e-12,1.3313729589387798e-11,5.100944001437474e-17,1.0,1.0,1.0,1.0,1.2800000000000015e-08,6.724215876326793e-07,1.1242866426086196e-05,5.796777843880926e-05,4.3753518159156626e-05,4.4503889486808994e-05,1,3644
1826,lm,382.557,3.479713674953939e-11,1.1994190655280207e-11,9.505979394281657e-12,1.3296915882601382e-11,5.081737614351723e-17,1.0,1.0,1.0,1.0,1.2800000000000015e-08,6.708689110988177e-07,1.1237368166834782e-05,5.793845793698732e-05,4.372977417869645e-05,4.4481359711796994e-05,1,3646
1827,lm,382.762,3.47515093615654e-11,1.1978134330046671e-11,9.493185179738601e-12,1.3280139227806986e-11,5.062397313850673e-17,1.0,1.0,1.0,1.0,1.2800000000000015e-08,6.69319813419645e-07,1.1231881426603104e-05,5.7909195615640545e-05,4.3706082818260826e-05,4.4458873768145836e-05,1,3648
1828,lm,382.966,3.470598856033389e-11,1.1962113908720948e-11,9.480424731334282e-12,1.3263399490855068e-11,5.042942359659724e-17,1.0,1.0,1.0,1.0,1.2800000000000015e-08,6.677741693860998e-07,1.122640615692448e-05,5.787999123432025e-05,4.368244388769329e-05,4.443643149908559e-05,1,3650
1829,lm,383.170,3.466057396807759e-11,1.1946129278385292e-11,9.467697918190895e-12,1.3246696538015504e-11,5.023348589476346e-17,1.0,1.0,1.0,1.0,1.2800000000000015e-08,6.662319787944117e-07,1.1220942307552101e-05,5.785084452277869e-05,4.365885719342234e-05,4.441403274927738e-05,1,3652
1830,lm,383.374,3.461526521025748e-11,1.1930180331694183e-11,9.455004609869483e-12,1.323003023215697e-11,5.003653684292201e-17,1.0,1.0,1.0,1.0,1.2800000000000015e-08,6.646932372117571e-07,1.1215489833973208e-05,5.7821755258330845e-05,4.363532255745987e-05,4.439167737742097e-05,1,3654
1831,lm,383.578,3.457006191472889e-11,1.1914266957684353e-11,9.442344674108502e-12,1.3213400444567526e-11,4.983836851236449e-17,1.0,1.0,1.0,1.0,1.2800000000000015e-08,6.631577690670525e-07,1.1210048689683095e-05,5.779272319983277e-05,4.361183980004489e-05,4.4369365229672665e-05,1,3656
1832,lm,383.782,3.452496371129974e-11,1.1898389045781734e-11,9.429717983592146e-12,1.3196807042923213e-11,4.9639002641249254e-17,1.0,1.0,1.0,1.0,1.2800000000000015e-08,6.616257654908292e-07,1.1204618827062565e-05,5.776374811442908e-05,4.358840874216748e-05,4.434709616327802e-05,1,3658
1833,lm,383.987,3.4479970232082984e-11,1.1882546490433648e-11,9.417124406740555e-12,1.3180249896273406e-11,4.9438635374530525e-17,1.0,1.0,1.0,1.0,1.2800000000000015e-08,6.600970499496234e-07,1.119920020137744e-05,5.773482974786788e-05,4.3565029188462317e-05,4.432487002517658e-05,1,3660
1834,lm,384.191,3.443508110911703e-11,1.1866739183881085e-11,9.40456381309599e-12,1.3163728874937454e-11,4.923720250664177e-17,1.0,1.0,1.0,1.0,1.2800000000000015e-08,6.585716715089874e-07,1.1193792763638153e-05,5.7705967869615885e-05,4.354170096608232e-05,4.430268666804208e-05,1,3662
1835,lm,384.395,3.439029597772914e-11,1.1850967016239546e-11,9.392036076905773e-12,1.3147243849878464e-11,4.9034705357903804e-17,1.0,1.0,1.0,1.0,1.2800000000000015e-08,6.570494369387364e-07,1.11883964727704e-05,5.767716224959535e-05,4.351842388655523e-05,4.428054595147725e-05,1,3664
1836,lm,384.599,3.4345614478172424e-11,1.1835229884197694e-11,9.37954107142241e-12,1.3130794691397069e-11,4.883115525302713e-17,1.0,1.0,1.0,1.0,1.2800000000000015e-08,6.555305208624828e-07,1.1183011281422998e-05,5.764841265228487e-05,4.349519778416677e-05,4.4258447728449905e-05,1,3666
1837,lm,384.803,3.430103624892248e-11,1.1819527678768952e-11,9.36707867023539e-12,1.3114381273234131e-11,4.8626684000535987e-17,1.0,1.0,1.0,1.0,1.2800000000000015e-08,6.540148856225105e-07,1.1177637145326311e-05,5.7619718842007104e-05,4.347202247943328e-05,4.4236391860094796e-05,1,3668
1838,lm,385.008,3.425656093323094e-11,1.1803860295130707e-11,9.354648748179746e-12,1.3098003468770098e-11,4.842115039183825e-17,1.0,1.0,1.0,1.0,1.2800000000000015e-08,6.525022884919649e-07,1.1172274019678085e-05,5.759108059575334e-05,4.344889779014649e-05,4.4214378195943814e-05,1,3670
1839,lm,385.212,3.4212188173470425e-11,1.1788227629240783e-11,9.342251178677398e-12,1.3081661150699424e-11,4.82148528211732e-17,1.0,1.0,1.0,1.0,1.2800000000000015e-08,6.509926640801547e-07,1.1166921857673194e-05,5.75624976647327e-05,4.3425823534178465e-05,4.419240659299407e-05,1,3672
1840,lm,385.416,3.416791761667075e-11,1.1772629574694021e-11,9.32988583846856e-12,1.306535419608016e-11,4.800742801069572e-17,1.0,1.0,1.0,1.0,1.2800000000000015e-08,6.494864849897172e-07,1.1161580617864863e-05,5.753396983740545e-05,4.340279954424378e-05,4.417047691682286e-05,1,3674
1841,lm,385.620,3.4123748909638654e-11,1.1757066023642075e-11,9.317552606775368e-12,1.304908248001162e-11,4.7799209592038095e-17,1.0,1.0,1.0,1.0,1.2800000000000015e-08,6.479832467829557e-07,1.1156250255375626e-05,5.750549687664166e-05,4.337982563725854e-05,4.4148589018729046e-05,1,3676
1842,lm,385.824,3.40796817025269e-11,1.1741536875457742e-11,9.305251358809501e-12,1.3032845878224048e-11,4.7590035610999494e-17,1.0,1.0,1.0,1.0,1.2800000000000015e-08,6.46483099260973e-07,1.1150930725521869e-05,5.7477078562478977e-05,4.3356901639646926e-05,4.412674276016493e-05,1,3678
1843,lm,386.028,3.403571564855722e-11,1.1726042027568027e-11,9.29298197242752e-12,1.3016644268377223e-11,4.7380184446202896e-17,1.0,1.0,1.0,1.0,1.2800000000000015e-08,6.449858517017415e-07,1.1145621984602582e-05,5.744871466007861e-05,4.333402737891242e-05,4.4104937998907764e-05,1,3680
1844,lm,386.233,3.399185039811091e-11,1.1710581375760645e-11,9.280744326196982e-12,1.3000477526709633e-11,4.7169443654018344e-17,1.0,1.0,1.0,1.0,1.2800000000000015e-08,6.434917757155585e-07,1.1140323989821415e-05,5.742040494278883e-05,4.331120268810878e-05,4.408317460207088e-05,1,3682
1845,lm,386.437,3.394808560873065e-11,1.1695154816468934e-11,9.268538300043411e-12,1.2984345534213104e-11,4.6958005199986166e-17,1.0,1.0,1.0,1.0,1.2800000000000015e-08,6.420006062294012e-07,1.1135036699303077e-05,5.739214919633857e-05,4.328842738518207e-05,4.406145242591793e-05,1,3684
1846,lm,386.641,3.390442093703884e-11,1.1679762248001446e-11,9.25636377300338e-12,1.2968248170307339e-11,4.6745726671681314e-17,1.0,1.0,1.0,1.0,1.2800000000000015e-08,6.405125364565331e-07,1.1129760069265674e-05,5.736394720013702e-05,4.326570131247886e-05,4.4039771342575454e-05,1,3686
1847,lm,386.846,3.386085604207968e-11,1.166440356681986e-11,9.244220628237584e-12,1.2952185314293839e-11,4.653272840425991e-17,1.0,1.0,1.0,1.0,1.2800000000000015e-08,6.390272441692779e-07,1.112449405681251e-05,5.7335798732909964e-05,4.3243024285856094e-05,4.4018131201956876e-05,1,3688
1848,lm,387.050,3.38173905850151e-11,1.164907867603231e-11,9.232108745838074e-12,1.2936156844070513e-11,4.6319074197850856e-17,1.0,1.0,1.0,1.0,1.2800000000000015e-08,6.375450404475554e-07,1.111923861868263e-05,5.7307703562626146e-05,4.322039613836626e-05,4.3996531874858084e-05,1,3690
1849,lm,387.254,3.377402423033181e-11,1.1633787470408236e-11,9.2200280082008e-12,1.2920162646916716e-11,4.610480606219847e-17,1.0,1.0,1.0,1.0,1.2800000000000015e-08,6.36065443482185e-07,1.1113993714378819e-05,5.727966147842586e-05,4.319781669958824e-05,4.397497322114672e-05,1,3692
1850,lm,387.458,3.3730756640835264e-11,1.1618529850812951e-11,9.207978298997859e-12,1.2904202601259743e-11,4.588976470806633e-17,1.0,1.0,1.0,1.0,1.2800000000000015e-08,6.345889293488551e-07,1.1108759300052188e-05,5.725167225849722e-05,4.317528580980713e-05,4.395345511460411e-05,1,3694
1851,lm,387.662,3.3687587483627306e-11,1.1603305717946578e-11,9.195959499216458e-12,1.288827659239486e-11,4.567406940688733e-17,1.0,1.0,1.0,1.0,1.2800000000000015e-08,6.331152459893855e-07,1.1103535334947816e-05,5.72237356792522e-05,4.3152803288913214e-05,4.3931977410650866e-05,1,3696
1852,lm,387.866,3.3644516427343524e-11,1.1588114969183604e-11,9.18397149656269e-12,1.2872384503711159e-11,4.5457886072642617e-17,1.0,1.0,1.0,1.0,1.2800000000000015e-08,6.316442801834336e-07,1.1098321778480266e-05,5.71958515503176e-05,4.313036898220378e-05,4.391053998608419e-05,1,3698
1853,lm,388.071,3.360154314220687e-11,1.157295750828371e-11,9.172014174683949e-12,1.2856526218109288e-11,4.5241129924902626e-17,1.0,1.0,1.0,1.0,1.2800000000000015e-08,6.301761044492436e-07,1.1093118587598487e-05,5.7168019629540444e-05,4.310798271234392e-05,4.388914270024152e-05,1,3700
1854,lm,388.275,3.3558667297815766e-11,1.15578332331764e-11,9.16008741831191e-12,1.2840701622577698e-11,4.502374975891046e-17,1.0,1.0,1.0,1.0,1.2800000000000015e-08,6.287109281817208e-07,1.1087925724439676e-05,5.7140239726565854e-05,4.308564432920044e-05,4.386778542920261e-05,1,3702
1855,lm,388.479,3.35158885696282e-11,1.1542742048681375e-11,9.148191111625046e-12,1.2824910603431315e-11,4.480589046222761e-17,1.0,1.0,1.0,1.0,1.2800000000000015e-08,6.272483708324231e-07,1.108274314542714e-05,5.711251161319288e-05,4.306335365862211e-05,4.384646803742601e-05,1,3704
1856,lm,388.683,3.347320663135155e-11,1.1527683855307798e-11,9.136325144719652e-12,1.280915304389581e-11,4.4587428287180997e-17,1.0,1.0,1.0,1.0,1.2800000000000015e-08,6.257886678170376e-07,1.1077570812591797e-05,5.7084835088921493e-05,4.304111054194294e-05,4.382519039658329e-05,1,3706
1857,lm,388.887,3.343062116159429e-11,1.1512658555046938e-11,9.12448940503586e-12,1.2793428832885823e-11,4.436862567513933e-17,1.0,1.0,1.0,1.0,1.2800000000000015e-08,6.243314512441457e-07,1.107240868020319e-05,5.7057209926264624e-05,4.301891481002397e-05,4.380395237219131e-05,1,3708
1858,lm,389.091,3.33881318391615e-11,1.1497666050542625e-11,9.112683779236765e-12,1.277773786001821e-11,4.4149363895843474e-17,1.0,1.0,1.0,1.0,1.2800000000000015e-08,6.228771107068241e-07,1.1067256713730071e-05,5.70296359365678e-05,4.2996766306097434e-05,4.378275383539934e-05,1,3710
1859,lm,389.295,3.334573834277019e-11,1.1482706246486746e-11,9.100908156443329e-12,1.2762080010253222e-11,4.3929586890315525e-17,1.0,1.0,1.0,1.0,1.2800000000000015e-08,6.214255493174849e-07,1.1062114871156446e-05,5.7002112902708484e-05,4.297466486458074e-05,4.376159466320643e-05,1,3712
1860,lm,389.500,3.3303440354593865e-11,1.1467779042367935e-11,9.089162425565182e-12,1.2746455177198295e-11,4.370946244845078e-17,1.0,1.0,1.0,1.0,1.2800000000000015e-08,6.199764789768161e-07,1.1056983112200992e-05,5.6974640616335844e-05,4.295261032957923e-05,4.3740474723641295e-05,1,3714
1861,lm,389.704,3.326123755970644e-11,1.1452884348157122e-11,9.0774464744544e-12,1.2730863248164897e-11,4.3488930026909765e-17,1.0,1.0,1.0,1.0,1.2800000000000015e-08,6.185300689138348e-07,1.1051861400631253e-05,5.6947218884651915e-05,4.293060254248864e-05,4.37193938947898e-05,1,3716
1862,lm,389.908,3.321912964152212e-11,1.143802206254903e-11,9.065760197493616e-12,1.2715304113444337e-11,4.326803513821402e-17,1.0,1.0,1.0,1.0,1.2800000000000015e-08,6.170865018055363e-07,1.104674969390901e-05,5.691984748800559e-05,4.290864133641358e-05,4.369835204349777e-05,1,3718
1863,lm,390.112,3.317711628843714e-11,1.1423192094402655e-11,9.054103481346273e-12,1.2699777665896182e-11,4.304679203123185e-17,1.0,1.0,1.0,1.0,1.2800000000000015e-08,6.156453719154916e-07,1.1041647953867088e-05,5.6892526235806175e-05,4.288672656835185e-05,4.367734905015401e-05,1,3720
1864,lm,390.316,3.313519718813493e-11,1.140839434506647e-11,9.042476222416559e-12,1.2684283795361983e-11,4.282528991620703e-17,1.0,1.0,1.0,1.0,1.2800000000000015e-08,6.142068370488488e-07,1.103655614100594e-05,5.6865254913991213e-05,4.2864858068015745e-05,4.3656384787338755e-05,1,3722
1865,lm,390.521,3.3093372029657495e-11,1.1393628720645835e-11,9.030878309563103e-12,1.2668822396020969e-11,4.2603427587876286e-17,1.0,1.0,1.0,1.0,1.2800000000000015e-08,6.127710848112454e-07,1.1031474218050152e-05,5.683803332466619e-05,4.284303568363846e-05,4.363545912931463e-05,1,3724
1866,lm,390.725,3.3051640506704045e-11,1.137889512757234e-11,9.019309638839487e-12,1.265339335892351e-11,4.238136870172673e-17,1.0,1.0,1.0,1.0,1.2800000000000015e-08,6.113375631918248e-07,1.1026402146231111e-05,5.6810861271696086e-05,4.282125925781711e-05,4.361457195517106e-05,1,3726
1867,lm,390.929,3.301000230972565e-11,1.1364193472118185e-11,9.007770101684321e-12,1.2637996576948583e-11,4.215897455957981e-17,1.0,1.0,1.0,1.0,1.2800000000000015e-08,6.099069769850263e-07,1.1021339886688e-05,5.6783738551597566e-05,4.279952863267264e-05,4.359372313453337e-05,1,3728
1868,lm,391.133,3.296845713624542e-11,1.1349523662009576e-11,8.996259590520507e-12,1.2622631947335843e-11,4.193637949134571e-17,1.0,1.0,1.0,1.0,1.2800000000000015e-08,6.084787237814082e-07,1.1016287402098416e-05,5.675666496884827e-05,4.277784366239243e-05,4.357291255387076e-05,1,3730
1869,lm,391.337,3.29270046804154e-11,1.1334885602968742e-11,8.98477800120861e-12,1.2607299362558048e-11,4.17136799979247e-17,1.0,1.0,1.0,1.0,1.2800000000000015e-08,6.070530595822344e-07,1.1011244654422718e-05,5.672964032341248e-05,4.275620418852915e-05,4.3552140087339426e-05,1,3732
1870,lm,391.541,3.288564464110625e-11,1.1320279200580793e-11,8.973325229230026e-12,1.259199872058675e-11,4.149070868581816e-17,1.0,1.0,1.0,1.0,1.2800000000000015e-08,6.056298665292789e-07,1.1006211608061664e-05,5.6702664432581105e-05,4.273461006506688e-05,4.353140561840216e-05,1,3734
1871,lm,391.746,3.284437671752544e-11,1.1305704365606951e-11,8.961901169859713e-12,1.2576729914431939e-11,4.126762683563013e-17,1.0,1.0,1.0,1.0,1.2800000000000015e-08,6.042093500613481e-07,1.1001188221887166e-05,5.66757370750405e-05,4.271306112467989e-05,4.351070901805008e-05,1,3736
1872,lm,391.951,3.280320060990752e-11,1.1291161003458223e-11,8.95050572030201e-12,1.2561492841761427e-11,4.104438586267982e-17,1.0,1.0,1.0,1.0,1.2800000000000015e-08,6.027911690643526e-07,1.0996174460110976e-05,5.664885807921881e-05,4.269155722817876e-05,4.3490050172381365e-05,1,3738
1873,lm,392.155,3.2762116019365376e-11,1.1276649023416342e-11,8.939138775491958e-12,1.2546287399412951e-11,4.082104412669908e-17,1.0,1.0,1.0,1.0,1.2800000000000015e-08,6.013754808011935e-07,1.0991170288465668e-05,5.662202724933982e-05,4.267009822486455e-05,4.346942896151328e-05,1,3740
1874,lm,392.359,3.272112265311131e-11,1.1262168333795452e-11,8.927800235675752e-12,1.2531113486104715e-11,4.059753538656912e-17,1.0,1.0,1.0,1.0,1.2800000000000015e-08,5.999621551150881e-07,1.0986175668089678e-05,5.6595244388423e-05,4.264868396237805e-05,4.344884526600566e-05,1,3742
1875,lm,392.564,3.2680220213518757e-11,1.1247718843455864e-11,8.916489997098134e-12,1.2515970998904178e-11,4.0374060585173044e-17,1.0,1.0,1.0,1.0,1.2800000000000015e-08,5.985514053579059e-07,1.0981190562227658e-05,5.656850929960463e-05,4.2627314295604256e-05,4.342829897125901e-05,1,3744
1876,lm,392.768,3.263940840849142e-11,1.123330046168088e-11,8.905207957710158e-12,1.250085983867682e-11,4.01504235625381e-17,1.0,1.0,1.0,1.0,1.2800000000000015e-08,5.971432151995666e-07,1.0976214935665938e-05,5.654182180180606e-05,4.260598907173354e-05,4.340778995298979e-05,1,3746
1877,lm,392.972,3.2598686945733547e-11,1.121891309890956e-11,8.893954015798798e-12,1.248577990418007e-11,3.992684511250144e-17,1.0,1.0,1.0,1.0,1.2800000000000015e-08,5.957374526648645e-07,1.097124875035586e-05,5.651518171146206e-05,4.2584708152688965e-05,4.338731810437386e-05,1,3748
1878,lm,393.176,3.255805553512115e-11,1.1204556664389586e-11,8.88272807273053e-12,1.2470731094849152e-11,3.9703151875232895e-17,1.0,1.0,1.0,1.0,1.2800000000000015e-08,5.943339752053105e-07,1.0966291972300229e-05,5.648858883006733e-05,4.2563471376182464e-05,4.336688329841777e-05,1,3750
1879,lm,393.380,3.251751388762983e-11,1.1190231069262388e-11,8.871530027721094e-12,1.2455713311086133e-11,3.9479560218742164e-17,1.0,1.0,1.0,1.0,1.2800000000000015e-08,5.929328991785565e-07,1.0961344564565642e-05,5.6462042979173533e-05,4.254227861455797e-05,4.334648543150204e-05,1,3752
1880,lm,393.584,3.247706171502767e-11,1.1175936223657398e-11,8.860359781650232e-12,1.2440726453784132e-11,3.925593590537765e-17,1.0,1.0,1.0,1.0,1.2800000000000015e-08,5.915344005668818e-07,1.0956406491063001e-05,5.643554396462514e-05,4.252112970835127e-05,4.3326124377151324e-05,1,3754
1881,lm,393.789,3.243669873069769e-11,1.1161672038215957e-11,8.849217233952692e-12,1.242577042607572e-11,3.9032453320876454e-17,1.0,1.0,1.0,1.0,1.2800000000000015e-08,5.901382120068775e-07,1.0951477717859156e-05,5.640909160336277e-05,4.250002451981846e-05,4.330580002839966e-05,1,3756
1882,lm,393.993,3.239642465073767e-11,1.1147438426798383e-11,8.838102285723213e-12,1.2410845129303801e-11,3.8808912269948624e-17,1.0,1.0,1.0,1.0,1.2800000000000015e-08,5.887443630483892e-07,1.0946558209499506e-05,5.638268572247691e-05,4.247896290594217e-05,4.328551227141875e-05,1,3758
1883,lm,394.197,3.2356239191436276e-11,1.1133235298616564e-11,8.827014841170048e-12,1.2395950466068546e-11,3.858558111603321e-17,1.0,1.0,1.0,1.0,1.2800000000000015e-08,5.873529050965628e-07,1.0941647931620436e-05,5.635632612913699e-05,4.2457944724299295e-05,4.3265260991977846e-05,1,3760
1884,lm,394.408,3.231614207026563e-11,1.111906256706085e-11,8.815954802689063e-12,1.2381086338279669e-11,3.8362236045977287e-17,1.0,1.0,1.0,1.0,1.2800000000000015e-08,5.859639509536546e-07,1.0936746846784134e-05,5.6330012636556126e-05,4.243696983090708e-05,4.3245046076796e-05,1,3762
1885,lm,394.612,3.227613300664654e-11,1.1104920141311024e-11,8.804922074101737e-12,1.2366252652240433e-11,3.813899333963624e-17,1.0,1.0,1.0,1.0,1.2800000000000015e-08,5.845772777658253e-07,1.0931854922009924e-05,5.63037450735855e-05,4.241603808612592e-05,4.32248674161082e-05,1,3764
1886,lm,394.816,3.2236211721628205e-11,1.1090807937954294e-11,8.793916557849592e-12,1.23514493099501e-11,3.791587421869321e-17,1.0,1.0,1.0,1.0,1.2800000000000015e-08,5.831927681299474e-07,1.092697212371637e-05,5.627752325966342e-05,4.2395149346299606e-05,4.3204724895935977e-05,1,3766
1887,lm,395.021,3.219637793613424e-11,1.1076725867018659e-11,8.782938157221153e-12,1.2336676218822151e-11,3.7693072270382186e-17,1.0,1.0,1.0,1.0,1.2800000000000015e-08,5.818106543877963e-07,1.0922098417064383e-05,5.6251347014236655e-05,4.237430346771639e-05,4.3184618403854104e-05,1,3768
1888,lm,395.225,3.215663137336632e-11,1.1062673842546921e-11,8.771986779083744e-12,1.2321933281423896e-11,3.7470311761970494e-17,1.0,1.0,1.0,1.0,1.2800000000000015e-08,5.804310636314351e-07,1.0917233767339667e-05,5.6225216156211255e-05,4.235350032595286e-05,4.316454783862517e-05,1,3770
1889,lm,395.429,3.2116971757556404e-11,1.104865178225461e-11,8.761062323013641e-12,1.2307220404543372e-11,3.724774478139895e-17,1.0,1.0,1.0,1.0,1.2800000000000015e-08,5.790536681898406e-07,1.0912378141046934e-05,5.619913051162067e-05,4.233273976580012e-05,4.3144513080725895e-05,1,3772
1890,lm,395.633,3.207739881551963e-11,1.1034659594585618e-11,8.75016470058061e-12,1.2292537494827896e-11,3.7025525499536553e-17,1.0,1.0,1.0,1.0,1.2800000000000015e-08,5.776785947710024e-07,1.0907531507004657e-05,5.6173089909510845e-05,4.231202166127869e-05,4.312451402788648e-05,1,3774
1891,lm,395.837,3.2037912272882124e-11,1.1020697195753681e-11,8.739293813575147e-12,1.2277884460178484e-11,3.680337480727922e-17,1.0,1.0,1.0,1.0,1.2800000000000015e-08,5.763059937729613e-07,1.0902693826136355e-05,5.614709416229392e-05,4.229134587064556e-05,4.310455056914056e-05,1,3776
1892,lm,396.041,3.199851186086141e-11,1.100676450080728e-11,8.728449572517779e-12,1.226326120603503e-11,3.658150131654221e-17,1.0,1.0,1.0,1.0,1.2800000000000015e-08,5.74935521627085e-07,1.0897865071750566e-05,5.6121143114582726e-05,4.227071226260769e-05,4.3084622602170804e-05,1,3778
1893,lm,396.246,3.195919730544119e-11,1.0992861423236354e-11,8.717631881430338e-12,1.2248667640832775e-11,3.635994171779647e-17,1.0,1.0,1.0,1.0,1.2800000000000015e-08,5.735674121306574e-07,1.0893045204513608e-05,5.609523657575585e-05,4.225012069537664e-05,4.306473001020252e-05,1,3780
1894,lm,396.450,3.191996833895797e-11,1.0978987880575656e-11,8.706840646245471e-12,1.223410367345739e-11,3.6138679447248785e-17,1.0,1.0,1.0,1.0,1.2800000000000015e-08,5.722016737038266e-07,1.0888234194216588e-05,5.6069374374633e-05,4.2229571032447434e-05,4.304487268829054e-05,1,3782
1895,lm,396.654,3.188082469337437e-11,1.0965143785361918e-11,8.696075777466915e-12,1.2219569212941458e-11,3.5917604091367194e-17,1.0,1.0,1.0,1.0,1.2800000000000015e-08,5.708381726225028e-07,1.0883432008024381e-05,5.604355634813912e-05,4.220906314774096e-05,4.302505053931914e-05,1,3784
1896,lm,396.858,3.18417661025826e-11,1.0951329055028313e-11,8.68533718382019e-12,1.220506416680381e-11,3.5696930282124945e-17,1.0,1.0,1.0,1.0,1.2800000000000015e-08,5.694769103466955e-07,1.0878638615012776e-05,5.601778233160709e-05,4.2188596911151377e-05,4.3005263457319016e-05,1,3786
1897,lm,397.063,3.180279230073646e-11,1.0937543605778484e-11,8.674624773009155e-12,1.2190588445441618e-11,3.547650721182717e-17,1.0,1.0,1.0,1.0,1.2800000000000015e-08,5.68118076739732e-07,1.0873853978660714e-05,5.599205214114628e-05,4.2168172173474005e-05,4.298551132332623e-05,1,3788
1898,lm,397.267,3.1763903022580195e-11,1.092378735601024e-11,8.663938451305591e-12,1.217614195872878e-11,3.525653558499972e-17,1.0,1.0,1.0,1.0,1.2800000000000015e-08,5.667613480966415e-07,1.0869078070242017e-05,5.596636561352909e-05,4.214778881755217e-05,4.2965794045557164e-05,1,3790
1899,lm,397.471,3.172509800594289e-11,1.0910060219179184e-11,8.65327813284696e-12,1.2161724617123166e-11,3.50367935841814e-17,1.0,1.0,1.0,1.0,1.2800000000000015e-08,5.654068675715013e-07,1.0864310856736973e-05,5.594072258645167e-05,4.2127446710513854e-05,4.2946111518548016e-05,1,3792
1900,lm,397.675,3.168637698971396e-11,1.0896362110973649e-11,8.642643725442715e-12,1.2147336335806447e-11,3.481749115061802e-17,1.0,1.0,1.0,1.0,1.2800000000000015e-08,5.64054807671276e-07,1.0859552304343831e-05,5.591512288027787e-05,4.210714571494509e-05,4.292646363549533e-05,1,3794
1901,lm,397.879,3.1647739712562876e-11,1.0882692952763398e-11,8.632035139839928e-12,1.2132977021358483e-11,3.459860106451126e-17,1.0,1.0,1.0,1.0,1.2800000000000015e-08,5.627049717385441e-07,1.0854802383592201e-05,5.588956633630694e-05,4.2086885700916285e-05,4.290685029277865e-05,1,3796
1902,lm,398.083,3.160918591347951e-11,1.0869052661078922e-11,8.621452286325407e-12,1.211864658603301e-11,3.438004216614151e-17,1.0,1.0,1.0,1.0,1.2800000000000015e-08,5.613573460607637e-07,1.085006106224522e-05,5.586405279930536e-05,4.206666654712888e-05,4.2887271395921474e-05,1,3798
1903,lm,398.287,3.157071533598924e-11,1.0855441151758863e-11,8.610895078539162e-12,1.210434494380635e-11,3.416188486514899e-17,1.0,1.0,1.0,1.0,1.2800000000000015e-08,5.600120050688788e-07,1.0845328307832684e-05,5.5838582094240115e-05,4.204648812125188e-05,4.286772683636676e-05,1,3800
1904,lm,398.492,3.1532327723625515e-11,1.084185834543119e-11,8.600363426240519e-12,1.2090072007786183e-11,3.3944167619382245e-17,1.0,1.0,1.0,1.0,1.2800000000000015e-08,5.586688844656207e-07,1.0840604091538048e-05,5.5813154061144656e-05,4.202635029333966e-05,4.284821651443772e-05,1,3802
1905,lm,398.696,3.1494022817265607e-11,1.0828304159991477e-11,8.589857240555364e-12,1.2075827689760244e-11,3.3726958523297856e-17,1.0,1.0,1.0,1.0,1.2800000000000015e-08,5.573280250310162e-07,1.083588837942632e-05,5.578776854113453e-05,4.2006252941629214e-05,4.282874033266457e-05,1,3804
1906,lm,398.900,3.145580036416694e-11,1.0814778511428345e-11,8.579376436269895e-12,1.206161190627021e-11,3.351019849255657e-17,1.0,1.0,1.0,1.0,1.2800000000000015e-08,5.559893689874225e-07,1.0831181140440694e-05,5.576242536046809e-05,4.1986195929060025e-05,4.280929818273453e-05,1,3806
1907,lm,399.104,3.1417660110369604e-11,1.0801281322274052e-11,8.568920925529747e-12,1.2047424568700338e-11,3.3293865469967744e-17,1.0,1.0,1.0,1.0,1.2800000000000015e-08,5.546530547301997e-07,1.0826482345173342e-05,5.573712436211544e-05,4.196617914158378e-05,4.278988997403317e-05,1,3808
1908,lm,399.309,3.137960180342186e-11,1.0787812511731006e-11,8.558490621717086e-12,1.2033265591843703e-11,3.307813006108321e-17,1.0,1.0,1.0,1.0,1.2800000000000015e-08,5.53318908505653e-07,1.0821791962058767e-05,5.571186539412845e-05,4.1946202450424576e-05,4.277051560238183e-05,1,3810
1909,lm,399.513,3.134162519124804e-11,1.077437199770765e-11,8.54808543883281e-12,1.2019134891954624e-11,3.2862752951731494e-17,1.0,1.0,1.0,1.0,1.2800000000000015e-08,5.519870273333156e-07,1.0817109962971249e-05,5.56866483037104e-05,4.192626573473327e-05,4.27511749747413e-05,1,3812
1910,lm,399.717,3.130373002362731e-11,1.0760959700249319e-11,8.537705290488877e-12,1.2005032384980249e-11,3.264790885827371e-17,1.0,1.0,1.0,1.0,1.2800000000000015e-08,5.506573898769175e-07,1.0812436316057964e-05,5.566147292285996e-05,4.19063688630539e-05,4.2731867988236456e-05,1,3814
1911,lm,399.921,3.126591605073862e-11,1.0747575538711475e-11,8.527350094389845e-12,1.1990957984001176e-11,3.2433636121701415e-17,1.0,1.0,1.0,1.0,1.2800000000000015e-08,5.493298775823794e-07,1.0807770988032149e-05,5.563633908859377e-05,4.188651171846484e-05,4.271259454618156e-05,1,3816
1912,lm,400.373,3.122818302444298e-11,1.0734219435926933e-11,8.517019761309577e-12,1.1976911607300713e-11,3.2219905758481676e-17,1.0,1.0,1.0,1.0,1.2800000000000015e-08,5.480047193201223e-07,1.080311395308698e-05,5.561124665781233e-05,4.186669417562946e-05,4.269335455291347e-05,1,3818
1913,lm,400.577,3.119053069850955e-11,1.0720891311839989e-11,8.506714209169954e-12,1.1962893170771324e-11,3.200672827147432e-17,1.0,1.0,1.0,1.0,1.2800000000000015e-08,5.466816913253515e-07,1.0798465180203899e-05,5.55861954676944e-05,4.1846916113065195e-05,4.267414791107188e-05,1,3820
1914,lm,400.781,3.1152958826768966e-11,1.0707591086408246e-11,8.496433353181975e-12,1.1948902593104535e-11,3.179407420732823e-17,1.0,1.0,1.0,1.0,1.2800000000000015e-08,5.453609508811078e-07,1.0793824640463955e-05,5.5561185373348106e-05,4.182717741798063e-05,4.2654974530072086e-05,1,3822
1915,lm,400.985,3.111546716248772e-11,1.069431868089433e-11,8.486177109910995e-12,1.19349397896761e-11,3.158200629315616e-17,1.0,1.0,1.0,1.0,1.2800000000000015e-08,5.440424373717875e-07,1.0789192301608666e-05,5.5536216209999684e-05,4.1807477956653023e-05,4.263583430431051e-05,1,3824
1916,lm,401.189,3.107805546373325e-11,1.0681074018390586e-11,8.475945394207094e-12,1.1921004680612445e-11,3.137052312403304e-17,1.0,1.0,1.0,1.0,1.2800000000000015e-08,5.427259776263104e-07,1.0784568137814638e-05,5.551128782836217e-05,4.178781761477586e-05,4.261672714422026e-05,1,3826
1917,lm,401.393,3.104072348582754e-11,1.0667857016876317e-11,8.465738125745702e-12,1.1907097183572546e-11,3.115963297210149e-17,1.0,1.0,1.0,1.0,1.2800000000000015e-08,5.414119912865864e-07,1.0779952116457749e-05,5.54864000763241e-05,4.176819627532432e-05,4.2597652954695994e-05,1,3828
1918,lm,401.598,3.1003470987732113e-11,1.065466760415117e-11,8.455555219251705e-12,1.1893217214938048e-11,3.09493911831661e-17,1.0,1.0,1.0,1.0,1.2800000000000015e-08,5.401001014307778e-07,1.077534420983853e-05,5.546155280319125e-05,4.174861381976831e-05,4.2578611643303095e-05,1,3830
1919,lm,401.802,3.096629772957598e-11,1.064150570011271e-11,8.445396592083136e-12,1.187936469769142e-11,3.0739688712311124e-17,1.0,1.0,1.0,1.0,1.2800000000000015e-08,5.387904019543525e-07,1.0770744389568132e-05,5.543674586083775e-05,4.1729070125954814e-05,4.255960311297382e-05,1,3832
1920,lm,402.006,3.092920347022961e-11,1.0628371226024559e-11,8.435262165708576e-12,1.1865539547814728e-11,3.053068174361909e-17,1.0,1.0,1.0,1.0,1.2800000000000015e-08,5.374830180858312e-07,1.0766152626449219e-05,5.541197910108984e-05,4.170956508678585e-05,4.254062727927692e-05,1,3834
1921,lm,402.210,3.089218797090707e-11,1.06152641054853e-11,8.42515185750529e-12,1.1851741685565905e-11,3.0322350569547116e-17,1.0,1.0,1.0,1.0,1.2800000000000015e-08,5.361777246312983e-07,1.0761568890956023e-05,5.5387252365869566e-05,4.1690098575989896e-05,4.2521684037799305e-05,1,3836
1922,lm,402.415,3.0855250993969933e-11,1.060218426167147e-11,8.415065585428622e-12,1.1837971032329364e-11,3.0114540481645324e-17,1.0,1.0,1.0,1.0,1.2800000000000015e-08,5.348747387819119e-07,1.0756993154601473e-05,5.536256551319482e-05,4.167067047642523e-05,4.250277330086533e-05,1,3838
1923,lm,402.619,3.081839230274247e-11,1.0589131616822222e-11,8.405003269667514e-12,1.1824227508753692e-11,2.990749903822264e-17,1.0,1.0,1.0,1.0,1.2800000000000015e-08,5.335738032185135e-07,1.0752425390236069e-05,5.533791839862066e-05,4.1651280683187045e-05,4.248389498082938e-05,1,3840
1924,lm,402.823,3.0781611662426296e-11,1.0576106096948536e-11,8.394964828088266e-12,1.1810511036237406e-11,2.9701152089912886e-17,1.0,1.0,1.0,1.0,1.2800000000000015e-08,5.322753094744636e-07,1.0747865568173548e-05,5.531331087365053e-05,4.1631929073573915e-05,4.2465048980554815e-05,1,3842
1925,lm,403.027,3.0744908836662375e-11,1.0563107626190756e-11,8.384950183086493e-12,1.1796821531983347e-11,2.9495401779492364e-17,1.0,1.0,1.0,1.0,1.2800000000000015e-08,5.309788650965499e-07,1.074331366173169e-05,5.528874279225979e-05,4.1612615539971737e-05,4.244623521651389e-05,1,3844
1926,lm,403.231,3.0708283592180204e-11,1.055013612565849e-11,8.374959251168368e-12,1.178315892492557e-11,2.929042778206644e-17,1.0,1.0,1.0,1.0,1.2800000000000015e-08,5.296847409251185e-07,1.0738769640807602e-05,5.5264214001716926e-05,4.1593339964515706e-05,4.242745359226219e-05,1,3846
1927,lm,403.435,3.067173569531978e-11,1.0537191521974611e-11,8.364991957270113e-12,1.176952312995738e-11,2.908611768210556e-17,1.0,1.0,1.0,1.0,1.2800000000000015e-08,5.283927605936801e-07,1.0734233477509313e-05,5.523972436532109e-05,4.15741022290258e-05,4.2408704014099274e-05,1,3848
1928,lm,403.640,3.063526491502126e-11,1.0524273738034485e-11,8.35504822005358e-12,1.1755914074463712e-11,2.8882469482577695e-17,1.0,1.0,1.0,1.0,1.2800000000000015e-08,5.271029144125025e-07,1.0729705147904093e-05,5.521527375615041e-05,4.155490223343396e-05,4.2389986405533226e-05,1,3850
1929,lm,403.844,3.059887102037818e-11,1.0511382700672337e-11,8.34512796199331e-12,1.1742331678086685e-11,2.867962584606101e-17,1.0,1.0,1.0,1.0,1.2800000000000015e-08,5.258153707602187e-07,1.0725184622013605e-05,5.519086200661022e-05,4.15357398579093e-05,4.2371300665928974e-05,1,3852
1930,lm,404.048,3.056255378143622e-11,1.0498518334886924e-11,8.335231103284143e-12,1.1728775865922302e-11,2.847734284676665e-17,1.0,1.0,1.0,1.0,1.2800000000000015e-08,5.245300519988776e-07,1.0720671871115381e-05,5.516648898433508e-05,4.1516614992223095e-05,4.2352646710383606e-05,1,3854
1931,lm,404.253,3.052631296874493e-11,1.0485680564910315e-11,8.325357568108136e-12,1.1715246559764554e-11,2.827596192729096e-17,1.0,1.0,1.0,1.0,1.2800000000000015e-08,5.232467903552465e-07,1.0716166869177588e-05,5.5142154551551354e-05,4.149752752708472e-05,4.233402444971208e-05,1,3856
1932,lm,404.457,3.049014835545077e-11,1.0472869316872054e-11,8.315507277100104e-12,1.1701743686182199e-11,2.8075296413154e-17,1.0,1.0,1.0,1.0,1.2800000000000015e-08,5.219658934195931e-07,1.0711669589531109e-05,5.511785857304479e-05,4.1478477357686614e-05,4.231543380225646e-05,1,3858
1933,lm,404.661,3.0454059712567054e-11,1.0460084517141353e-11,8.305680152802175e-12,1.1688267167262318e-11,2.7875361216795877e-17,1.0,1.0,1.0,1.0,1.2800000000000015e-08,5.20687129227552e-07,1.0707180003457558e-05,5.5093600887977446e-05,4.1459464368489087e-05,4.229687467462771e-05,1,3860
1934,lm,404.865,3.0418046815381424e-11,1.0447326093394615e-11,8.295876119574005e-12,1.1674816926153385e-11,2.7676259418703063e-17,1.0,1.0,1.0,1.0,1.2800000000000015e-08,5.19410639244897e-07,1.0702698085812526e-05,5.506938138100033e-05,4.1440488454821664e-05,4.2278346982514374e-05,1,3862
1935,lm,405.069,3.038210943788438e-11,1.0434593970792474e-11,8.286095099663463e-12,1.1661392889610722e-11,2.7477817723853195e-17,1.0,1.0,1.0,1.0,1.2800000000000015e-08,5.18136403912131e-07,1.069822380821956e-05,5.5045199901256876e-05,4.1421549508827535e-05,4.225985064119258e-05,1,3864
1936,lm,405.273,3.0346247356335135e-11,1.0421888075175404e-11,8.27633701790251e-12,1.164799498305322e-11,2.7280204004023408e-17,1.0,1.0,1.0,1.0,1.2800000000000015e-08,5.168642301849713e-07,1.0693757144791585e-05,5.502105631200174e-05,4.140264741919533e-05,4.224138555949879e-05,1,3866
1937,lm,405.477,3.031046034638941e-11,1.040920833410404e-11,8.266601796786352e-12,1.1634623132184944e-11,2.708331406795121e-17,1.0,1.0,1.0,1.0,1.2800000000000015e-08,5.155943607589978e-07,1.068929807224716e-05,5.499695049338283e-05,4.1383782086128464e-05,4.222295165831974e-05,1,3868
1938,lm,405.681,3.027474818662875e-11,1.0396554675543395e-11,8.256889362549479e-12,1.1621277261174774e-11,2.688736110438065e-17,1.0,1.0,1.0,1.0,1.2800000000000015e-08,5.143266049584599e-07,1.06848465596406e-05,5.497288229359655e-05,4.136495340202384e-05,4.2204548850530445e-05,1,3870
1939,lm,405.886,3.023911065333999e-11,1.0383927024968336e-11,8.247199639302469e-12,1.1607957296998268e-11,2.6692070924784862e-17,1.0,1.0,1.0,1.0,1.2800000000000015e-08,5.130612684618217e-07,1.0680402581572844e-05,5.494885157895742e-05,4.134616125580298e-05,4.21861770490797e-05,1,3872
1940,lm,406.090,3.020354752747609e-11,1.0371325312174597e-11,8.237532550846905e-12,1.159466316683595e-11,2.6497618637186182e-17,1.0,1.0,1.0,1.0,1.2800000000000015e-08,5.117978633789604e-07,1.0675966110908747e-05,5.492485821573736e-05,4.1327405543640735e-05,4.216783616755157e-05,1,3874
1941,lm,406.294,3.016805858885379e-11,1.0358749464023313e-11,8.22788802461745e-12,1.1581394796183592e-11,2.630402942983345e-17,1.0,1.0,1.0,1.0,1.2800000000000015e-08,5.10536896097205e-07,1.0671537124901204e-05,5.4900902074612734e-05,4.1308686165760426e-05,4.214952612977465e-05,1,3876
1942,lm,406.498,3.01326436182437e-11,1.0346199408708839e-11,8.218265983920941e-12,1.1568152114378887e-11,2.6111235034384814e-17,1.0,1.0,1.0,1.0,1.2800000000000015e-08,5.092780878297772e-07,1.0667115595308844e-05,5.4876983020803126e-05,4.129000301641161e-05,4.213124684726886e-05,1,3878
1943,lm,406.702,3.009730239741641e-11,1.0333675074760248e-11,8.208666355519425e-12,1.155493504789503e-11,2.591924170481578e-17,1.0,1.0,1.0,1.0,1.2800000000000015e-08,5.080215017269927e-07,1.0662701497553279e-05,5.4853100924307395e-05,4.1271355993478306e-05,4.211299823938189e-05,1,3880
1944,lm,406.906,3.006203470982309e-11,1.0321176391894435e-11,8.199089067718494e-12,1.1541743522090863e-11,2.5728119300850422e-17,1.0,1.0,1.0,1.0,1.2800000000000015e-08,5.06767081805854e-07,1.0658294805281202e-05,5.4829255649821624e-05,4.1252744995231274e-05,4.2094780223312147e-05,1,3882
1945,lm,407.111,3.002684033819378e-11,1.0308703288911795e-11,8.18953404467507e-12,1.1528577466849602e-11,2.553775731349793e-17,1.0,1.0,1.0,1.0,1.2800000000000015e-08,5.055148758487022e-07,1.0653895493596776e-05,5.480544707253562e-05,4.123416991352631e-05,4.207659271247086e-05,1,3884
1946,lm,407.315,2.9991719067010536e-11,1.0296255693051658e-11,8.18000121445528e-12,1.1515436811198257e-11,2.5348305343483077e-17,1.0,1.0,1.0,1.0,1.2800000000000015e-08,5.042648457781064e-07,1.064950353519877e-05,5.478167505603496e-05,4.1215630651591974e-05,4.2058435627946506e-05,1,3886
1947,lm,407.519,2.995667068231867e-11,1.0283833535374271e-11,8.170490502702371e-12,1.1502321484556523e-11,2.5159685512658497e-17,1.0,1.0,1.0,1.0,1.2800000000000015e-08,5.030171388674496e-07,1.0645118905980186e-05,5.475793947200012e-05,4.119712710833655e-05,4.204030888907313e-05,1,3888
1948,lm,407.723,2.9921694969921614e-11,1.027143674394623e-11,8.16100183902927e-12,1.1489231414972828e-11,2.4971973289160627e-17,1.0,1.0,1.0,1.0,1.2800000000000015e-08,5.017715292296492e-07,1.0640741580986924e-05,5.4734240196973004e-05,4.117865918098193e-05,4.202221241169202e-05,1,3890
1949,lm,407.927,2.988679171664139e-11,1.0259065249449016e-11,8.151535150920716e-12,1.1476166531256133e-11,2.4785015524694625e-17,1.0,1.0,1.0,1.0,1.2800000000000015e-08,5.005282433914212e-07,1.0636371534832106e-05,5.47105770978478e-05,4.1160226770666995e-05,4.2004146117887944e-05,1,3892
1950,lm,408.131,2.9851960710915756e-11,1.0246718981294496e-11,8.142090366180357e-12,1.1463126764543601e-11,2.4598897296095107e-17,1.0,1.0,1.0,1.0,1.2800000000000015e-08,4.992871003814839e-07,1.063200874451688e-05,5.468695005759724e-05,4.1141829786896575e-05,4.1986109934019306e-05,1,3894
1951,lm,408.335,2.981720174030102e-11,1.0234397871336966e-11,8.132667412625538e-12,1.1450112042538375e-11,2.441380013639498e-17,1.0,1.0,1.0,1.0,1.2800000000000015e-08,4.98048157588955e-07,1.0627653184513639e-05,5.466335894758906e-05,4.112346811740653e-05,4.1968103768583606e-05,1,3896
1952,lm,408.540,2.978251459405541e-11,1.0222101849514546e-11,8.123266218139911e-12,1.1437122296900029e-11,2.4229500926495753e-17,1.0,1.0,1.0,1.0,1.2800000000000015e-08,4.968115860598347e-07,1.062330482683045e-05,5.463980362509446e-05,4.110514167075741e-05,4.195012754633352e-05,1,3898
1953,lm,408.744,2.9747899064324184e-11,1.0209830846020795e-11,8.113886713797414e-12,1.1424157458397339e-11,2.4046108638786077e-17,1.0,1.0,1.0,1.0,1.2800000000000015e-08,4.955771722171036e-07,1.0618963649157365e-05,5.461628398206891e-05,4.108685035014724e-05,4.1932181189971444e-05,1,3900
1954,lm,408.948,2.971335494124474e-11,1.0197584792121968e-11,8.104528828812304e-12,1.1411217456767044e-11,2.386354342425718e-17,1.0,1.0,1.0,1.0,1.2800000000000015e-08,4.943450184730984e-07,1.0614629627572046e-05,5.459279988638978e-05,4.106859405408309e-05,4.191426461740347e-05,1,3902
1955,lm,409.152,2.967888201665579e-11,1.018536361838813e-11,8.095192491151365e-12,1.1398302225184913e-11,2.3681931389175076e-17,1.0,1.0,1.0,1.0,1.2800000000000015e-08,4.931149013032367e-07,1.061030273600581e-05,5.456935121331751e-05,4.105037268901652e-05,4.189637775147847e-05,1,3904
1956,lm,409.356,2.964448008261601e-11,1.0173167257557843e-11,8.085877631631742e-12,1.1385411692235242e-11,2.3501191178714752e-17,1.0,1.0,1.0,1.0,1.2800000000000015e-08,4.918872253361704e-07,1.0605982952318167e-05,5.4545937850609754e-05,4.103218615636313e-05,4.1878520513673384e-05,1,3906
1957,lm,409.560,2.96101489342858e-11,1.0160995641237714e-11,8.076584181028165e-12,1.1372545790628669e-11,2.3321391257719896e-17,1.0,1.0,1.0,1.0,1.2800000000000015e-08,4.90661781474928e-07,1.0601670250958625e-05,5.452255966397542e-05,4.101403436552333e-05,4.186069282797475e-05,1,3908
1958,lm,409.764,2.957588836432488e-11,1.0148848699926497e-11,8.067312068123332e-12,1.1359704453859579e-11,2.3142415466603714e-17,1.0,1.0,1.0,1.0,1.2800000000000015e-08,4.894385331259544e-07,1.0597364609197425e-05,5.449921654429239e-05,4.099591722241376e-05,4.184289462161648e-05,1,3910
1959,lm,409.968,2.954169816829347e-11,1.0136726366836688e-11,8.05806122426723e-12,1.1346887612814431e-11,2.2964375118305454e-17,1.0,1.0,1.0,1.0,1.2800000000000015e-08,4.882174271630792e-07,1.0593066001843468e-05,5.4475908359915805e-05,4.097783462577301e-05,4.182512580853846e-05,1,3912
1960,lm,410.173,2.9507578141907856e-11,1.0124628574486286e-11,8.04883158094314e-12,1.1334095199243304e-11,2.2787235128634995e-17,1.0,1.0,1.0,1.0,1.2800000000000015e-08,4.869987286552791e-07,1.0588774404409494e-05,5.445263499359635e-05,4.095978648567488e-05,4.180738631623685e-05,1,3914
1961,lm,410.377,2.9473528083348486e-11,1.0112555255625333e-11,8.039623069305254e-12,1.132132714742936e-11,2.2610988540805828e-17,1.0,1.0,1.0,1.0,1.2800000000000015e-08,4.857820466216857e-07,1.0584489794684536e-05,5.442939632397235e-05,4.0941772706624644e-05,4.178967606775434e-05,1,3916
1962,lm,410.581,2.943954778878702e-11,1.0100506342153049e-11,8.030435621032826e-12,1.1308583389942177e-11,2.2435658962098585e-17,1.0,1.0,1.0,1.0,1.2800000000000015e-08,4.845677274774363e-07,1.058021214902181e-05,5.440619223326487e-05,4.092379319531112e-05,4.177199498677483e-05,1,3918
1963,lm,410.785,2.940563705614855e-11,1.0088481768027201e-11,8.021269165964488e-12,1.1295863860882819e-11,2.2261274041919243e-17,1.0,1.0,1.0,1.0,1.2800000000000015e-08,4.833555174290734e-07,1.0575941443345153e-05,5.438302260255025e-05,4.090584786173021e-05,4.1754342996918764e-05,1,3920
1964,lm,410.989,2.9371795686255894e-11,1.0076481467306149e-11,8.012123639402343e-12,1.1283168491756546e-11,2.2087790857867335e-17,1.0,1.0,1.0,1.0,1.2800000000000015e-08,4.821456701281986e-07,1.057167765474742e-05,5.435988731591272e-05,4.0887936615039965e-05,4.173672002661972e-05,1,3922
1965,lm,411.194,2.933802347707335e-11,1.0064505371319298e-11,8.002998973094801e-12,1.1270497217390706e-11,2.1915268548536618e-17,1.0,1.0,1.0,1.0,1.2800000000000015e-08,4.809380353084912e-07,1.0567420759106504e-05,5.4336786253841544e-05,4.087005936484347e-05,4.171912600065831e-05,1,3924
1966,lm,411.398,2.930432022937136e-11,1.0052553413469635e-11,7.993895098438416e-12,1.1257849973875932e-11,2.1743587378052444e-17,1.0,1.0,1.0,1.0,1.2800000000000015e-08,4.797326511261768e-07,1.0563170732526209e-05,5.4313719296464926e-05,4.0852216012305565e-05,4.170156083846432e-05,1,3926
1967,lm,411.602,2.92706857444688e-11,1.0040625528905766e-11,7.984811949315776e-12,1.1245226693380808e-11,2.1572866455343803e-17,1.0,1.0,1.0,1.0,1.2800000000000015e-08,4.785295228362672e-07,1.0558927553962707e-05,5.4290686333808814e-05,4.083440647205605e-05,4.16840244687939e-05,1,3928
1968,lm,411.806,2.923711982489077e-11,1.0028721652745015e-11,7.975749456767688e-12,1.1232627312226997e-11,2.1403151069790587e-17,1.0,1.0,1.0,1.0,1.2800000000000015e-08,4.773285379981212e-07,1.0554691199042103e-05,5.426768724440791e-05,4.081663065796853e-05,4.166651682269601e-05,1,3930
1969,lm,412.010,2.920362227314986e-11,1.0016841718128064e-11,7.966707555417759e-12,1.122005176530061e-11,2.1234303422753642e-17,1.0,1.0,1.0,1.0,1.2800000000000015e-08,4.7612987324387733e-07,1.0550461645232538e-05,5.424472192470974e-05,4.079888847309687e-05,4.16490378191919e-05,1,3932
1970,lm,412.215,2.9170192893119944e-11,1.0004985659825444e-11,7.95768617983617e-12,1.1207499987057899e-11,2.1066400433703126e-17,1.0,1.0,1.0,1.0,1.2800000000000015e-08,4.74933575803912e-07,1.0546238869468117e-05,5.422179024366286e-05,4.078117983260389e-05,4.1631587388389625e-05,1,3934
1971,lm,412.419,2.913683148851108e-11,9.993153413504871e-12,7.948685263607584e-12,1.1194971911994986e-11,2.0899403638155634e-17,1.0,1.0,1.0,1.0,1.2800000000000015e-08,4.7373947017442424e-07,1.0542022849213971e-05,5.419889209867863e-05,4.0763504644913825e-05,4.1614165454855496e-05,1,3936
1972,lm,412.623,2.9103537863665858e-11,9.981344912220862e-12,7.939704740712771e-12,1.1182467477351284e-11,2.073338094585831e-17,1.0,1.0,1.0,1.0,1.2800000000000015e-08,4.725474848525929e-07,1.053781356221289e-05,5.417602737892238e-05,4.0745862826614244e-05,4.159677194964743e-05,1,3938
1973,lm,412.827,2.9070311824888412e-11,9.969560092078415e-12,7.930744545504666e-12,1.116998661904291e-11,2.0568262423222706e-17,1.0,1.0,1.0,1.0,1.2800000000000015e-08,4.713578283373644e-07,1.053361098644849e-05,5.415319596740687e-05,4.0728254290302696e-05,4.157940680053772e-05,1,3940
1974,lm,413.031,2.903715317937771e-11,9.957798890140207e-12,7.921804612421976e-12,1.1157529272676042e-11,2.0404139487603525e-17,1.0,1.0,1.0,1.0,1.2800000000000015e-08,4.70170322918503e-07,1.0529415098775931e-05,5.413039775359634e-05,4.071067894534281e-05,4.156206993253032e-05,1,3942
1975,lm,413.235,2.900406173318748e-11,9.946061241096568e-12,7.91288487738679e-12,1.1145095373729224e-11,2.0240974899530632e-17,1.0,1.0,1.0,1.0,1.2800000000000015e-08,4.689852202101693e-07,1.0525225875208301e-05,5.410763262028431e-05,4.0693136708033516e-05,4.154476127670698e-05,1,3944
1976,lm,413.440,2.897103729503685e-11,9.934347079559839e-12,7.903985274974003e-12,1.113268486187869e-11,2.007862431833957e-17,1.0,1.0,1.0,1.0,1.2800000000000015e-08,4.6780237423921987e-07,1.0521043297308638e-05,5.4084900466921675e-05,4.067562749139924e-05,4.1527480761069386e-05,1,3946
1977,lm,413.644,2.893807967256242e-11,9.922656340785841e-12,7.895105742427813e-12,1.1120297672002285e-11,1.9917346484306303e-17,1.0,1.0,1.0,1.0,1.2800000000000015e-08,4.666216899505667e-07,1.0516867339503281e-05,5.4062201170665336e-05,4.06581512027142e-05,4.151022830651026e-05,1,3948
1978,lm,413.848,2.890518867660283e-11,9.910988965595972e-12,7.886246211919494e-12,1.1107933742084342e-11,1.9757003021332685e-17,1.0,1.0,1.0,1.0,1.2800000000000015e-08,4.6544335259227307e-07,1.0512697982000323e-05,5.403953463532317e-05,4.0640707770064904e-05,4.149300385666885e-05,1,3950
1979,lm,414.052,2.8872364115153933e-11,9.899344887092902e-12,7.877406621115467e-12,1.1095593009400959e-11,1.9597544604207892e-17,1.0,1.0,1.0,1.0,1.2800000000000015e-08,4.6426727420727084e-07,1.0508535201654337e-05,5.401690074413618e-05,4.062329709678297e-05,4.1475807328828706e-05,1,3952
1980,lm,414.256,2.8839605800085784e-11,9.887724042565663e-12,7.868586907391068e-12,1.1083275411015337e-11,1.9439113718392057e-17,1.0,1.0,1.0,1.0,1.2800000000000015e-08,4.6309330495957464e-07,1.0504378977585172e-05,5.399429939225096e-05,4.0605919109603985e-05,4.145863866314433e-05,1,3954
1981,lm,414.461,2.8806913542783533e-11,9.876126370242687e-12,7.859787006140899e-12,1.107098088485901e-11,1.9281540933933722e-17,1.0,1.0,1.0,1.0,1.2800000000000015e-08,4.6192182769854527e-07,1.050022928706422e-05,5.397173047028164e-05,4.058857371703644e-05,4.144149778094864e-05,1,3956
1982,lm,414.665,2.8774287154800594e-11,9.864551804669053e-12,7.851006853616217e-12,1.1058709371544767e-11,1.9124970558871364e-17,1.0,1.0,1.0,1.0,1.2800000000000015e-08,4.6075242992322077e-07,1.0496086108438741e-05,5.394919386705393e-05,4.057126083582261e-05,4.142438461492343e-05,1,3958
1983,lm,414.869,2.8741726448700227e-11,9.853000284486265e-12,7.842246387713098e-12,1.1046460807218265e-11,1.8969282598943886e-17,1.0,1.0,1.0,1.0,1.2800000000000015e-08,4.595853882640532e-07,1.049194942204232e-05,5.392668948886463e-05,4.055398038647314e-05,4.140729909864649e-05,1,3960
1984,lm,415.073,2.870923123971093e-11,9.84147174798051e-12,7.833505545283574e-12,1.1034235131800485e-11,1.881464635778816e-17,1.0,1.0,1.0,1.0,1.2800000000000015e-08,4.5842042779181287e-07,1.0487819204604481e-05,5.390421721933756e-05,4.053673228323568e-05,4.139024115959869e-05,1,3962
1985,lm,415.277,2.867680134031832e-11,9.82996613306494e-12,7.824784263918232e-12,1.1022032282445274e-11,1.8660889873750828e-17,1.0,1.0,1.0,1.0,1.2800000000000015e-08,4.5725804090949696e-07,1.0483695435048704e-05,5.388177694807837e-05,4.05195164490835e-05,4.137321073419596e-05,1,3964
1986,lm,415.481,2.8644436565096387e-11,9.818483376222543e-12,7.8160824811121e-12,1.1009852199665179e-11,1.850809656185698e-17,1.0,1.0,1.0,1.0,1.2800000000000015e-08,4.5609767361533274e-07,1.0479578092086747e-05,5.385936858067549e-05,4.05023327973931e-05,4.13562077488977e-05,1,3966
1987,lm,415.686,2.861213672994998e-11,9.80702341662258e-12,7.807400135314336e-12,1.0997694821779004e-11,1.8356234062107373e-17,1.0,1.0,1.0,1.0,1.2800000000000015e-08,4.549397709691323e-07,1.0475467154827588e-05,5.383699200299779e-05,4.048518124801041e-05,4.133923213692063e-05,1,3968
1988,lm,415.890,2.8579901651593156e-11,9.795586192823762e-12,7.798737163249745e-12,1.098556009015537e-11,1.8205364278100592e-17,1.0,1.0,1.0,1.0,1.2800000000000015e-08,4.537839669441189e-07,1.0471362602181212e-05,5.3814647121183526e-05,4.04680617215619e-05,4.1322283831036e-05,1,3970
1989,lm,416.094,2.854773114646494e-11,9.784171643799435e-12,7.790093503001265e-12,1.0973447944241628e-11,1.8055422611416227e-17,1.0,1.0,1.0,1.0,1.2800000000000015e-08,4.526305245239422e-07,1.0467264411134468e-05,5.379233381891389e-05,4.045097413402877e-05,4.130536275955972e-05,1,3972
1990,lm,416.298,2.8515625032501933e-11,9.772779705647657e-12,7.781469096033741e-12,1.0961358324370094e-11,1.7906450442854854e-17,1.0,1.0,1.0,1.0,1.2800000000000015e-08,4.514793344841938e-07,1.0463172562167897e-05,5.377005199610814e-05,4.043391840557596e-05,4.128846885551338e-05,1,3974
1991,lm,416.502,2.8483583126755375e-11,9.761410319572573e-12,7.772863879964441e-12,1.0949291168829194e-11,1.7758389165105127e-17,1.0,1.0,1.0,1.0,1.2800000000000015e-08,4.5033041735374284e-07,1.0459087035713856e-05,5.3747801559094644e-05,4.041689446225797e-05,4.1271602059201035e-05,1,3976
1992,lm,416.707,2.845160524950773e-11,9.750063426387522e-12,7.764277791831226e-12,1.093724642001104e-11,1.7611277940381134e-17,1.0,1.0,1.0,1.0,1.2800000000000015e-08,4.4918377532427787e-07,1.0455007809148812e-05,5.3725582399849645e-05,4.039990222307186e-05,4.125476229852278e-05,1,3978
1993,lm,416.911,2.841969121902242e-11,9.738738962718069e-12,7.755710772535389e-12,1.09252240186203e-11,1.7465148664061273e-17,1.0,1.0,1.0,1.0,1.2800000000000015e-08,4.480393851182346e-07,1.0450934864548387e-05,5.370339442868756e-05,4.038294160983095e-05,4.123794950975299e-05,1,3980
1994,lm,417.115,2.8387840855798437e-11,9.727436867728675e-12,7.74716276334867e-12,1.091322390478777e-11,1.731993331857699e-17,1.0,1.0,1.0,1.0,1.2800000000000015e-08,4.46897418762826e-07,1.0446868178670019e-05,5.368123753053575e-05,4.0366012538014524e-05,4.122116362045182e-05,1,3982
1995,lm,417.319,2.8356053980252966e-11,9.716157084664606e-12,7.738633699553166e-12,1.0901246020401267e-11,1.7175633930533813e-17,1.0,1.0,1.0,1.0,1.2800000000000015e-08,4.457575346807463e-07,1.0442807730440394e-05,5.365911160419075e-05,4.034911493826751e-05,4.120440457202885e-05,1,3984
1996,lm,417.523,2.8324330413858898e-11,9.704899551336227e-12,7.730123523949876e-12,1.088929030622964e-11,1.703234315386593e-17,1.0,1.0,1.0,1.0,1.2800000000000015e-08,4.4461996445363887e-07,1.0438753502740707e-05,5.363701655851827e-05,4.033224872802806e-05,4.118767229427295e-05,1,3986
1997,lm,417.728,2.8292669980027844e-11,9.693664206841218e-12,7.721632177920886e-12,1.0877356705318902e-11,1.6889946838333325e-17,1.0,1.0,1.0,1.0,1.2800000000000015e-08,4.434848122549787e-07,1.0434705471582457e-05,5.3614952289346905e-05,4.0315413830218373e-05,4.1170966720616434e-05,1,3988
1998,lm,417.932,2.8261072498620725e-11,9.682450992857074e-12,7.713159599875021e-12,1.086544515736318e-11,1.6748525445913483e-17,1.0,1.0,1.0,1.0,1.2800000000000015e-08,4.4235175833796695e-07,1.0430663620597715e-05,5.3592918704505385e-05,4.02986101762975e-05,4.1154287794181044e-05,1,3990
1999,lm,418.136,2.8229537795753084e-11,9.671259850699765e-12,7.704705730947669e-12,1.0853555606047436e-11,1.6608058212868226e-17,1.0,1.0,1.0,1.0,1.2800000000000015e-08,4.412209877908462e-07,1.0426627925920895e-05,5.357091569373188e-05,4.0281837680194717e-05,4.113763544087717e-05,1,3992
2000,lm,418.340,2.8198065694765835e-11,9.66009071998498e-12,7.696270512983416e-12,1.0841687993344143e-11,1.6468453295000697e-17,1.0,1.0,1.0,1.0,1.2800000000000015e-08,4.40092572944149e-07,1.0422598368928297e-05,5.3548943164369104e-05,4.0265096267779963e-05,4.1121009596955536e-05,1,3994
2001,lm,418.544,2.816665601932785e-11,9.648943543379364e-12,7.687853884795202e-12,1.0829842261324846e-11,1.632982844116445e-17,1.0,1.0,1.0,1.0,1.2800000000000015e-08,4.3896651719615524e-07,1.041857492794717e-05,5.352700101677513e-05,4.024838586216306e-05,4.110441019664737e-05,1,3996
2002,lm,418.748,2.8135308595821496e-11,9.637818260708628e-12,7.679455790447759e-12,1.0818018352479477e-11,1.619218563488058e-17,1.0,1.0,1.0,1.0,1.2800000000000015e-08,4.3784259559304636e-07,1.0414557586287315e-05,5.3505089159284356e-05,4.023170639288192e-05,4.108783718056368e-05,1,3998
2003,lm,418.952,2.8104023248648138e-11,9.626714813707023e-12,7.671076167956725e-12,1.0806216211553263e-11,1.6055431129152986e-17,1.0,1.0,1.0,1.0,1.2800000000000015e-08,4.367210638859562e-07,1.0410546320940905e-05,5.348320748964455e-05,4.021505778397139e-05,4.107129048303319e-05,1,4000
2004,lm,419.157,2.8072799805379683e-11,9.615633143236803e-12,7.662714962007733e-12,1.0794435780544677e-11,1.5919590469263673e-17,1.0,1.0,1.0,1.0,1.2800000000000015e-08,4.356018453866762e-07,1.0406541115620326e-05,5.346135592132883e-05,4.019843996426108e-05,4.1054770044026716e-05,1,4002
2005,lm,419.361,2.804163809237833e-11,9.604573191468819e-12,7.65437211461524e-12,1.0782677001592461e-11,1.5784701808737242e-17,1.0,1.0,1.0,1.0,1.2800000000000015e-08,4.3448485175559027e-07,1.0402541948414488e-05,5.3439534358958145e-05,4.018185285830499e-05,4.1038275797062375e-05,1,4004
2006,lm,419.565,2.8010537938977522e-11,9.593534901077249e-12,7.646047566470559e-12,1.0770939820683026e-11,1.5650746687004543e-17,1.0,1.0,1.0,1.0,1.2800000000000015e-08,4.3337008882226906e-07,1.0398548799332477e-05,5.341774269516812e-05,4.016529638304945e-05,4.1021807671681894e-05,1,4006
2007,lm,419.769,2.797949917057527e-11,9.582518213672013e-12,7.637741259792383e-12,1.0759224179399038e-11,1.551771183762813e-17,1.0,1.0,1.0,1.0,1.2800000000000015e-08,4.3225767379427207e-07,1.0394561648331058e-05,5.3395980835994306e-05,4.014877047565549e-05,4.100536561241195e-05,1,4008
2008,lm,419.973,2.7948521618300157e-11,9.571523072698225e-12,7.629453137437159e-12,1.0747530022539354e-11,1.5385625416993096e-17,1.0,1.0,1.0,1.0,1.2800000000000015e-08,4.3114753549784605e-07,1.039058047934141e-05,5.337424870513927e-05,4.013227506531627e-05,4.09889495594283e-05,1,4010
2009,lm,420.177,2.791760511080076e-11,9.560549417927034e-12,7.621183143584414e-12,1.0735857294815367e-11,1.525447394910838e-17,1.0,1.0,1.0,1.0,1.2800000000000015e-08,4.300397098864625e-07,1.0386605267600055e-05,5.335254618685465e-05,4.01158100700397e-05,4.0972559440918484e-05,1,4012
2010,lm,420.382,2.788674947845649e-11,9.54959719553711e-12,7.612931219700305e-12,1.0724205939043955e-11,1.5124175120434143e-17,1.0,1.0,1.0,1.0,1.2800000000000015e-08,4.2893423288939366e-07,1.0382635997431928e-05,5.333087320040353e-05,4.0099375424990835e-05,4.0956195200101965e-05,1,4014
2011,lm,420.586,2.7855954551905253e-11,9.538666346726216e-12,7.604697308739167e-12,1.0712575901658762e-11,1.4994781110010426e-17,1.0,1.0,1.0,1.0,1.2800000000000015e-08,4.2783084021707916e-07,1.0378672648915274e-05,5.330922964935469e-05,4.008297105279979e-05,4.0939856771091684e-05,1,4016
2012,lm,420.790,2.7825220162755478e-11,9.527756815594745e-12,7.596481354940127e-12,1.0700967125829035e-11,1.4866391574735644e-17,1.0,1.0,1.0,1.0,1.2800000000000015e-08,4.267297538810791e-07,1.0374715203007828e-05,5.3287615443619814e-05,4.006659688745519e-05,4.092354409710681e-05,1,4018
2013,lm,420.994,2.779454614262737e-11,9.516868543751836e-12,7.588283301675295e-12,1.0689379558347806e-11,1.473885243231162e-17,1.0,1.0,1.0,1.0,1.2800000000000015e-08,4.2563117386938345e-07,1.037076364089682e-05,5.326603049311827e-05,4.0050252858665915e-05,4.090725711682549e-05,1,4020
2014,lm,421.198,2.776393232479892e-11,9.506001475419457e-12,7.580103093707084e-12,1.067781314340333e-11,1.4612269051401118e-17,1.0,1.0,1.0,1.0,1.2800000000000015e-08,4.245347432588482e-07,1.036681794311059e-05,5.324447470116305e-05,4.0033938893112814e-05,4.089099576545626e-05,1,4022
2015,lm,421.403,2.773337854194434e-11,9.495155556189899e-12,7.571940674648112e-12,1.0666267824529333e-11,1.4486577001398384e-17,1.0,1.0,1.0,1.0,1.2800000000000015e-08,4.2344067040841386e-07,1.0362878089485867e-05,5.322294797932296e-05,4.001765491725827e-05,4.087475997876727e-05,1,4024
2016,lm,421.607,2.7702884625720422e-11,9.484330727093911e-12,7.563795986647272e-12,1.0654743550175307e-11,1.4361803927528983e-17,1.0,1.0,1.0,1.0,1.2800000000000015e-08,4.2234885171754504e-07,1.0358944061949232e-05,5.320145023760367e-05,4.0001400865227946e-05,4.0858549699947115e-05,1,4026
2017,lm,421.811,2.7672450413392977e-11,9.473526933398657e-12,7.555668976836906e-12,1.064324026525987e-11,1.4237897544130476e-17,1.0,1.0,1.0,1.0,1.2800000000000015e-08,4.212593035797526e-07,1.0355015844169045e-05,5.317998138806069e-05,3.9985176668821226e-05,4.0842364870114584e-05,1,4028
2018,lm,422.015,2.7642075738828456e-11,9.462744121056318e-12,7.54755958837237e-12,1.0631757914537328e-11,1.4114862439645124e-17,1.0,1.0,1.0,1.0,1.2800000000000015e-08,4.201720220946258e-07,1.0351093415093072e-05,5.3158541340039345e-05,3.99689822566437e-05,4.082620542525792e-05,1,4030
2019,lm,422.219,2.7611760436397873e-11,9.451982232022781e-12,7.539467766309751e-12,1.0620296445268307e-11,1.3992797031904183e-17,1.0,1.0,1.0,1.0,1.2800000000000015e-08,4.1908702541087777e-07,1.034717675576365e-05,5.3137130001751514e-05,3.9952817559947204e-05,4.0810071305923565e-05,1,4032
2020,lm,422.423,2.758150434382663e-11,9.441241211175638e-12,7.531393456951723e-12,1.0608855804089603e-11,1.3871609668819408e-17,1.0,1.0,1.0,1.0,1.2800000000000015e-08,4.1800430732886315e-07,1.0343265847792574e-05,5.311574728817112e-05,3.993668251114437e-05,4.079396245230313e-05,1,4034
2021,lm,422.628,2.7551307296742385e-11,9.430521004843295e-12,7.523336603176379e-12,1.0597435937392561e-11,1.3751330152485762e-17,1.0,1.0,1.0,1.0,1.2800000000000015e-08,4.16923969526905e-07,1.0339360672583339e-05,5.3094393105601365e-05,3.992057704222136e-05,4.077787880467464e-05,1,4036
2022,lm,422.832,2.752116913144108e-11,9.419821558242028e-12,7.515297150946538e-12,1.0586036790369734e-11,1.3631882774415224e-17,1.0,1.0,1.0,1.0,1.2800000000000015e-08,4.1584595185905503e-07,1.0335461212333033e-05,5.307306736822734e-05,3.9904501082958874e-05,4.0761820301655254e-05,1,4038
2023,lm,423.036,2.7491089686734022e-11,9.40914281468081e-12,7.507275046294666e-12,1.0574658312368657e-11,1.351338989097142e-17,1.0,1.0,1.0,1.0,1.2800000000000015e-08,4.1477012967272304e-07,1.0331567447464725e-05,5.3051769985206614e-05,3.988845456607373e-05,4.074578688305816e-05,1,4040
2024,lm,423.240,2.7461068800907344e-11,9.398484720485028e-12,7.499270236874426e-12,1.0563300447825052e-11,1.3395722836626435e-17,1.0,1.0,1.0,1.0,1.2800000000000015e-08,4.1369660157104257e-07,1.0327679360553477e-05,5.3030500878289906e-05,3.987243742506132e-05,4.0729778489672014e-05,1,4042
2025,lm,423.444,2.7431106312500587e-11,9.387847221139574e-12,7.491282666501598e-12,1.0551963145882307e-11,1.3278977107686557e-17,1.0,1.0,1.0,1.0,1.2800000000000015e-08,4.1262532361834235e-07,1.032379693345542e-05,5.3009259953254486e-05,3.9856449595508805e-05,4.071379506637238e-05,1,4044
2026,lm,423.649,2.7401202060316204e-11,9.377230262332398e-12,7.483312282070992e-12,1.0540646352834392e-11,1.3163078424116495e-17,1.0,1.0,1.0,1.0,1.2800000000000015e-08,4.115564208251209e-07,1.0319920149042924e-05,5.2988047134238185e-05,3.9840491009544904e-05,4.069783655180943e-05,1,4046
2027,lm,423.853,2.7371355885997618e-11,9.366633790983749e-12,7.475359029251324e-12,1.0529350017680641e-11,1.3048081907584976e-17,1.0,1.0,1.0,1.0,1.2800000000000015e-08,4.104897736769939e-07,1.0316048986901376e-05,5.2966862325898995e-05,3.982456159961205e-05,4.068190288540508e-05,1,4048
2028,lm,424.057,2.734156762870837e-11,9.35605775192138e-12,7.467422855442934e-12,1.0518074087440184e-11,1.2933903870219623e-17,1.0,1.0,1.0,1.0,1.2800000000000015e-08,4.094254157362545e-07,1.0312183431104043e-05,5.294570544238363e-05,3.9808661300045474e-05,4.066599401013022e-05,1,4050
2029,lm,424.261,2.7311837129285804e-11,9.34550209161171e-12,7.459503707041702e-12,1.0506818509956175e-11,1.2820676212737526e-17,1.0,1.0,1.0,1.0,1.2800000000000015e-08,4.0836337637574615e-07,1.0308323461354525e-05,5.292457639985304e-05,3.979279004641673e-05,4.065010986771219e-05,1,4052
2030,lm,424.465,2.7282164231016682e-11,9.334966757015095e-12,7.45160153235265e-12,1.0495583233410415e-11,1.270823852290537e-17,1.0,1.0,1.0,1.0,1.2800000000000015e-08,4.0730368442119854e-07,1.0304469061733633e-05,5.290347511625896e-05,3.9776947771616146e-05,4.06342503983772e-05,1,4054
2031,lm,424.670,2.7252548773826555e-11,9.32445169407944e-12,7.443716276861511e-12,1.0484368206236814e-11,1.2596648786775768e-17,1.0,1.0,1.0,1.0,1.2800000000000015e-08,4.0624615775853194e-07,1.0300620213465563e-05,5.2882401506942026e-05,3.9761134413668944e-05,4.061841554734956e-05,1,4056
2032,lm,424.874,2.722299060278774e-11,9.313956850395561e-12,7.435847887781372e-12,1.0473173378625259e-11,1.2485985547344011e-17,1.0,1.0,1.0,1.0,1.2800000000000015e-08,4.0519091159339154e-07,1.0296776900043219e-05,5.2861355494903765e-05,3.974534990458511e-05,4.060260525359778e-05,1,4058
2033,lm,425.078,2.719348955974726e-11,9.303482173014741e-12,7.427996313492047e-12,1.0461998697109558e-11,1.2376130913947569e-17,1.0,1.0,1.0,1.0,1.2800000000000015e-08,4.0413799176309456e-07,1.0292939100709989e-05,5.284033697834619e-05,3.972959418094539e-05,4.0586819460563636e-05,1,4060
2034,lm,425.282,2.716404548905822e-11,9.29302760880912e-12,7.420161501266525e-12,1.0450844111827703e-11,1.2267154869189329e-17,1.0,1.0,1.0,1.0,1.2800000000000015e-08,4.030874233324484e-07,1.0289106801180061e-05,5.281934588992939e-05,3.971386718040387e-05,4.05710581115724e-05,1,4062
2035,lm,425.486,2.7134658234992284e-11,9.282593105293256e-12,7.412343399393873e-12,1.0439709571306076e-11,1.215899907891572e-17,1.0,1.0,1.0,1.0,1.2800000000000015e-08,4.0203909373821204e-07,1.0285279981750592e-05,5.279838213944525e-05,3.969816884083494e-05,4.0555321152116647e-05,1,4064
2036,lm,425.691,2.7105327641451182e-11,9.272178611462684e-12,7.404541954682403e-12,1.0428595023602363e-11,1.2051703734068813e-17,1.0,1.0,1.0,1.0,1.2800000000000015e-08,4.009930389330399e-07,1.0281458626365189e-05,5.2777445648718055e-05,3.968249909429193e-05,4.053960851956693e-05,1,4066
2037,lm,425.895,2.7076053555248994e-11,9.261784071961713e-12,7.396757116434541e-12,1.0417500421638912e-11,1.1945213826496237e-17,1.0,1.0,1.0,1.0,1.2800000000000015e-08,3.999492719814166e-07,1.0277642716454356e-05,5.2756536331391565e-05,3.966685787911254e-05,4.0523920158498785e-05,1,4068
2038,lm,426.099,2.7046835822285446e-11,9.251409437679023e-12,7.388988833994423e-12,1.040642571096711e-11,1.1839644889165931e-17,1.0,1.0,1.0,1.0,1.2800000000000015e-08,3.9890779825717145e-07,1.0273832235064388e-05,5.273565411371371e-05,3.965124513476662e-05,4.0508256015500994e-05,1,4070
2039,lm,426.303,2.7017674288881322e-11,9.241054653193264e-12,7.381237055649711e-12,1.0395370845214149e-11,1.173482420301611e-17,1.0,1.0,1.0,1.0,1.2800000000000015e-08,3.9786869261394226e-07,1.0270027163602481e-05,5.27147989012774e-05,3.963566079468458e-05,4.0492616029489984e-05,1,4072
2040,lm,426.508,2.6988568801512483e-11,9.230719670594345e-12,7.373501729692168e-12,1.038433577040619e-11,1.163081978107503e-17,1.0,1.0,1.0,1.0,1.2800000000000015e-08,3.9683172855493476e-07,1.0266227486621935e-05,5.269397062432856e-05,3.962010479886416e-05,4.047700014631863e-05,1,4074
2041,lm,426.712,2.6959519207539202e-11,9.220404435195713e-12,7.365782804480298e-12,1.0373320440154164e-11,1.1527709031571604e-17,1.0,1.0,1.0,1.0,1.2800000000000015e-08,3.957971271785234e-07,1.0262433186552089e-05,5.267316920540665e-05,3.9604577088083634e-05,4.046140831232079e-05,1,4076
2042,lm,426.916,2.69305253558674e-11,9.210108896723686e-12,7.358080231366153e-12,1.0362324802405477e-11,1.1425372084512258e-17,1.0,1.0,1.0,1.0,1.2800000000000015e-08,3.9476479695020696e-07,1.025864424442451e-05,5.265239454507656e-05,3.95890775914799e-05,4.0445840462455765e-05,1,4078
2043,lm,427.120,2.690158709476848e-11,9.19983300668438e-12,7.350393956337912e-12,1.0351348807898142e-11,1.1323848045708788e-17,1.0,1.0,1.0,1.0,1.2800000000000015e-08,3.937347229442687e-07,1.0254860645962358e-05,5.2631646581893534e-05,3.957360626043895e-05,4.043029655371083e-05,1,4080
2044,lm,427.325,2.6872704273641018e-11,9.189576710404046e-12,7.342723932027785e-12,1.0340392408055492e-11,1.1223153695557793e-17,1.0,1.0,1.0,1.0,1.2800000000000015e-08,3.927069276160683e-07,1.0251082372469975e-05,5.261092523239272e-05,3.9558163025547444e-05,4.041477652214054e-05,1,4082
2045,lm,427.529,2.6843876741093493e-11,9.179339957707614e-12,7.335070105014112e-12,1.0329455555084127e-11,1.1123287642459573e-17,1.0,1.0,1.0,1.0,1.2800000000000015e-08,3.916815399973647e-07,1.0247309407008234e-05,5.25902304126578e-05,3.954274782752972e-05,4.039928031375741e-05,1,4084
2046,lm,427.733,2.6815104348567695e-11,9.169122698609068e-12,7.327432428324016e-12,1.0318538197436733e-11,1.1024197880908157e-17,1.0,1.0,1.0,1.0,1.2800000000000015e-08,3.906582890500377e-07,1.0243541732427804e-05,5.256956204775903e-05,3.9527360604677896e-05,4.038380787223874e-05,1,4086
2047,lm,427.937,2.6786386945998225e-11,9.158924882726463e-12,7.319810849819632e-12,1.030764028753323e-11,1.0925918895509838e-17,1.0,1.0,1.0,1.0,1.2800000000000015e-08,3.896373767827034e-07,1.0239779333661801e-05,5.2548920065489344e-05,3.951200130160243e-05,4.0368359147450234e-05,1,4088
2048,lm,428.141,2.6757724385287576e-11,9.148746458599296e-12,7.312205322072648e-12,1.029676177621639e-11,1.0828399239930484e-17,1.0,1.0,1.0,1.0,1.2800000000000015e-08,3.8861870658150645e-07,1.0236022193211985e-05,5.252830437973263e-05,3.949666985376456e-05,4.035293407956732e-05,1,4090
2049,lm,428.347,2.6729116517819595e-11,9.138587377783836e-12,7.304615793455604e-12,1.0285902614856045e-11,1.0731724107452661e-17,1.0,1.0,1.0,1.0,1.2800000000000015e-08,3.876022979889917e-07,1.0232270291709799e-05,5.2507714912523316e-05,3.948136620060887e-05,4.033753261307245e-05,1,4092
2050,lm,428.551,2.670056319510252e-11,9.128447587597634e-12,7.29704221587018e-12,1.0275062755799955e-11,1.0635834752768327e-17,1.0,1.0,1.0,1.0,1.2800000000000015e-08,3.8658820434735065e-07,1.0228523616571027e-05,5.248715159690411e-05,3.946609028771814e-05,4.032215469798851e-05,1,4094
2051,lm,428.755,2.6672064270956822e-11,9.118327041351137e-12,7.28948453939146e-12,1.0264242149512272e-11,1.054070195420276e-17,1.0,1.0,1.0,1.0,1.2800000000000015e-08,3.8557641047331115e-07,1.0224782147677406e-05,5.246661433927524e-05,3.9450842051006786e-05,4.030680027513112e-05,1,4096
2052,lm,428.959,2.6643619598017345e-11,9.108225686658454e-12,7.281942714335718e-12,1.0253440750636917e-11,1.0446386260781053e-17,1.0,1.0,1.0,1.0,1.2800000000000015e-08,3.8456681885649394e-07,1.0221045868956802e-05,5.244610306927012e-05,3.943562143327035e-05,4.029146929189211e-05,1,4098
2053,lm,429.163,2.6615229030206716e-11,9.098143476621166e-12,7.2744166926336074e-12,1.0242658508138242e-11,1.0352813700347169e-17,1.0,1.0,1.0,1.0,1.2800000000000015e-08,3.835597093989886e-07,1.0217314766937959e-05,5.242561772520938e-05,3.9420428378177954e-05,4.027616169642636e-05,1,4100
2054,lm,429.367,2.6586892421730627e-11,9.088080358370361e-12,7.266906426765491e-12,1.0231895376557991e-11,1.0260036783967416e-17,1.0,1.0,1.0,1.0,1.2800000000000015e-08,3.8255461925015326e-07,1.0213588823642438e-05,5.2405158215309564e-05,3.94052628241314e-05,4.026087743173791e-05,1,4102
2055,lm,429.572,2.6558609627088102e-11,9.078036285002651e-12,7.259411865891961e-12,1.0221151308184603e-11,1.0168008886186668e-17,1.0,1.0,1.0,1.0,1.2800000000000015e-08,3.815519580554868e-07,1.0209868021330014e-05,5.238472446561816e-05,3.939012471854029e-05,4.0245616449294766e-05,1,4104
2056,lm,429.776,2.6530380501385015e-11,9.068011207581055e-12,7.251932962353427e-12,1.0210426254716542e-11,1.0076733990455014e-17,1.0,1.0,1.0,1.0,1.2800000000000015e-08,3.805515456309805e-07,1.0206152345419212e-05,5.2364316404339587e-05,3.937501399605451e-05,4.023037868747616e-05,1,4106
2057,lm,429.980,2.6502204901824294e-11,9.058005078517716e-12,7.244469669007059e-12,1.0199720168043878e-11,9.986255637041345e-18,1.0,1.0,1.0,1.0,1.2800000000000015e-08,3.7955325498950355e-07,1.0202441777298276e-05,5.2343933948996153e-05,3.935993059899599e-05,4.021516409329084e-05,1,4108
2058,lm,430.184,2.647408268255942e-11,9.04801784667355e-12,7.237021936596776e-12,1.0189033002801002e-11,9.896488094272705e-18,1.0,1.0,1.0,1.0,1.2800000000000015e-08,3.7855735269717514e-07,1.0198736302346021e-05,5.2323577034295976e-05,3.934487447421743e-05,4.019997261763354e-05,1,4110
2059,lm,430.389,2.6446013701024556e-11,9.038049463250737e-12,7.22958971863991e-12,1.0178364711620611e-11,9.807513300039592e-18,1.0,1.0,1.0,1.0,1.2800000000000015e-08,3.7756371066467296e-07,1.0195035905832601e-05,5.230324558369252e-05,3.9329845566171364e-05,4.018480420828139e-05,1,4112
2060,lm,430.593,2.641799781445572e-11,9.028099881545494e-12,7.222172965724782e-12,1.0167715247940218e-11,9.719245227995643e-18,1.0,1.0,1.0,1.0,1.2800000000000015e-08,3.765723606684029e-07,1.0191340569884866e-05,5.228293952584152e-05,3.9314843815847264e-05,4.016965881047346e-05,1,4114
2061,lm,430.797,2.639003488126199e-11,9.018169052895616e-12,7.214771631735524e-12,1.0157084564844401e-11,9.631786447327239e-18,1.0,1.0,1.0,1.0,1.2800000000000015e-08,3.7558320845733063e-07,1.0187650278296833e-05,5.2262658778945215e-05,3.92998691637754e-05,4.0154536368342464e-05,1,4116
2062,lm,431.001,2.6362124758937978e-11,9.008256928904707e-12,7.207385668660709e-12,1.0146472616349355e-11,9.545023209143052e-18,1.0,1.0,1.0,1.0,1.2800000000000015e-08,3.745964936946889e-07,1.0183965014362718e-05,5.224240326720841e-05,3.928492155672392e-05,4.0139436832030255e-05,1,4118
2063,lm,431.206,2.6334267306452402e-11,8.998363461767253e-12,7.200015029021599e-12,1.013587935668218e-11,9.458981367744099e-18,1.0,1.0,1.0,1.0,1.2800000000000015e-08,3.736118256515954e-07,1.0180284764211723e-05,5.2222172929068894e-05,3.927000093745764e-05,4.012436014808606e-05,1,4120
2064,lm,431.410,2.6306462382333365e-11,8.988488604208738e-12,7.192659666444516e-12,1.0125304737995784e-11,9.373684327320773e-18,1.0,1.0,1.0,1.0,1.2800000000000015e-08,3.726294709382092e-07,1.0176609511144918e-05,5.2201967688316614e-05,3.9255107248003057e-05,4.010930626194083e-05,1,4122
2065,lm,431.614,2.6278709846990034e-11,8.978632308099744e-12,7.1853195346877116e-12,1.0114748715083941e-11,9.28911863638528e-18,1.0,1.0,1.0,1.0,1.2800000000000015e-08,3.7164940232974026e-07,1.0172939239481422e-05,5.218178747015797e-05,3.9240240437451555e-05,4.0094275125487665e-05,1,4124
2066,lm,431.818,2.625100955971484e-11,8.968794526396032e-12,7.177994585877724e-12,1.0104211242171494e-11,9.205269590365998e-18,1.0,1.0,1.0,1.0,1.2800000000000015e-08,3.706716331841823e-07,1.0169273931995616e-05,5.216163219760876e-05,3.9225400444664554e-05,4.007926668122492e-05,1,4126
2067,lm,432.022,2.62233613811203e-11,8.958975211952348e-12,7.170684772022641e-12,1.0093692275011243e-11,9.122134066118017e-18,1.0,1.0,1.0,1.0,1.2800000000000015e-08,3.696960877780584e-07,1.016561357389227e-05,5.214150180362236e-05,3.92105872176374e-05,4.006428088001211e-05,1,4128
2068,lm,432.226,2.6195765173174748e-11,8.949174317561135e-12,7.163390050969323e-12,1.0083191764901373e-11,9.039742921610154e-18,1.0,1.0,1.0,1.0,1.2800000000000015e-08,3.6872281741941597e-07,1.0161958150640609e-05,5.212139622220336e-05,3.919580070531609e-05,4.004931767408456e-05,1,4130
2069,lm,432.430,2.6168220796266203e-11,8.939391796071297e-12,7.156110371956451e-12,1.0072709670222967e-11,8.958015488600343e-18,1.0,1.0,1.0,1.0,1.2800000000000015e-08,3.677518003376627e-07,1.0158307645816806e-05,5.2101315372815626e-05,3.9181040845180675e-05,4.00343770036604e-05,1,4132
2070,lm,432.635,2.6140728113503555e-11,8.929627601475949e-12,7.148845691884599e-12,1.0062245943127371e-11,8.877015638807953e-18,1.0,1.0,1.0,1.0,1.2800000000000015e-08,3.6678297816364053e-07,1.0154662043902338e-05,5.208125919182214e-05,3.916630759065693e-05,4.001945882512529e-05,1,4134
2071,lm,432.839,2.6113286986222136e-11,8.919881686363284e-12,7.14159596400371e-12,1.0051800539169719e-11,8.796685417154745e-18,1.0,1.0,1.0,1.0,1.2800000000000015e-08,3.658163906261075e-07,1.0151021329351642e-05,5.20612276068655e-05,3.915160088282237e-05,4.0004563082166524e-05,1,4136
2072,lm,433.043,2.6085897278503777e-11,8.910154005180092e-12,7.1343611430368786e-12,1.0041373413203985e-11,8.717082817225528e-18,1.0,1.0,1.0,1.0,1.2800000000000015e-08,3.648521219688983e-07,1.0147385486846431e-05,5.204122054954189e-05,3.91369206671244e-05,3.998968972301215e-05,1,4138
2073,lm,433.247,2.605855885275649e-11,8.900444510959808e-12,7.127141182085388e-12,1.0030964521545786e-11,8.638165506316685e-18,1.0,1.0,1.0,1.0,1.2800000000000015e-08,3.6389016270632406e-07,1.0143754501164086e-05,5.2021237945532386e-05,3.912226689212586e-05,3.99748386985589e-05,1,4140
2074,lm,433.451,2.603127157355374e-11,8.89075315741235e-12,7.1199360376277366e-12,1.002057381857816e-11,8.559935492671347e-18,1.0,1.0,1.0,1.0,1.2800000000000015e-08,3.629303398591471e-07,1.0140128357037763e-05,5.20012797246597e-05,3.910763950032194e-05,3.9960009953921846e-05,1,4142
2075,lm,433.656,2.6004035305847728e-11,8.881079897740552e-12,7.112745664826721e-12,1.0010201260859703e-11,8.482420751025565e-18,1.0,1.0,1.0,1.0,1.2800000000000015e-08,3.619728164603019e-07,1.0136507037705022e-05,5.198134581573376e-05,3.909303844188528e-05,3.9945203441847324e-05,1,4144
2076,lm,433.860,2.5976849912199636e-11,8.8714246885299e-12,7.105570014711642e-12,9.99984680341911e-12,8.405538980596806e-18,1.0,1.0,1.0,1.0,1.2800000000000015e-08,3.610175876458786e-07,1.0132890528982374e-05,5.1961436154235984e-05,3.9078463662841114e-05,3.993041911042901e-05,1,4146
2077,lm,434.064,2.5949715259784843e-11,8.861787482389601e-12,7.098409045971636e-12,9.989510402080163e-12,8.329343438310954e-18,1.0,1.0,1.0,1.0,1.2800000000000015e-08,3.6006450228691344e-07,1.0129278816317835e-05,5.19415506685042e-05,3.906391511018026e-05,3.991565690921069e-05,1,4148
2078,lm,434.268,2.5922631213687596e-11,8.85216823400013e-12,7.091262713211493e-12,9.97919201267216e-12,8.253803809517402e-18,1.0,1.0,1.0,1.0,1.2800000000000015e-08,3.591136484006368e-07,1.0125671883898058e-05,5.1921689296824276e-05,3.904939273061165e-05,3.9900916786579176e-05,1,4150
2079,lm,434.472,2.589559763992602e-11,8.842566898171738e-12,7.084130970956318e-12,9.968891591872222e-12,8.178925740643644e-18,1.0,1.0,1.0,1.0,1.2800000000000015e-08,3.5816507716372323e-07,1.0122069717985168e-05,5.190185196695417e-05,3.90348964750747e-05,3.9886198695958853e-05,1,4152
2080,lm,434.676,2.5868614405878803e-11,8.83298343021451e-12,7.077013775944842e-12,9.958609094996241e-12,8.104723208497314e-18,1.0,1.0,1.0,1.0,1.2800000000000015e-08,3.5721867567201495e-07,1.0118472300463843e-05,5.1882038601272897e-05,3.9020426286227694e-05,3.987150258163316e-05,1,4154
2081,lm,434.881,2.58416813776306e-11,8.823417783753826e-12,7.0699110832512614e-12,9.948344479446338e-12,8.031179173191201e-18,1.0,1.0,1.0,1.0,1.2800000000000015e-08,3.562746094651979e-07,1.0114879618277634e-05,5.186224913821779e-05,3.900598211400406e-05,3.985682839573159e-05,1,4156
2082,lm,435.085,2.581479842284476e-11,8.813869915169288e-12,7.062822848089176e-12,9.938097701309455e-12,7.958276842170641e-18,1.0,1.0,1.0,1.0,1.2800000000000015e-08,3.553327021456141e-07,1.011129165739796e-05,5.184248351864953e-05,3.899156390839196e-05,3.984217608980475e-05,1,4158
2083,lm,435.289,2.5787965411018437e-11,8.804339779565484e-12,7.055749027636805e-12,9.927868717759161e-12,7.886056986663592e-18,1.0,1.0,1.0,1.0,1.2800000000000015e-08,3.543930848169984e-07,1.0107708400427416e-05,5.182274166109553e-05,3.897717161210716e-05,3.9827545608559373e-05,1,4160
2084,lm,435.493,2.576118220702168e-11,8.794827330894835e-12,7.048689576838074e-12,9.917657484832774e-12,7.81445599459961e-18,1.0,1.0,1.0,1.0,1.2800000000000015e-08,3.5345574595645887e-07,1.0104129834833699e-05,5.1803023508876546e-05,3.8962805179121975e-05,3.9812936907351036e-05,1,4162
2085,lm,435.697,2.573444868294686e-11,8.785332525606872e-12,7.041644453415868e-12,9.90746396044942e-12,7.743474699731905e-18,1.0,1.0,1.0,1.0,1.2800000000000015e-08,3.525205814841084e-07,1.0100555946175202e-05,5.178332899687955e-05,3.894846455381815e-05,3.9798349932331424e-05,1,4164
2086,lm,435.901,2.570776470724313e-11,8.775855320528706e-12,7.034613612735247e-12,9.89728810082704e-12,7.673152137528308e-18,1.0,1.0,1.0,1.0,1.2800000000000015e-08,3.5158755523318374e-07,1.0096986717809736e-05,5.176365804930376e-05,3.893414969195249e-05,3.978378464070879e-05,1,4166
2087,lm,436.106,2.568113014943266e-11,8.766395669648029e-12,7.027597012106668e-12,9.887129864204207e-12,7.603473756999889e-18,1.0,1.0,1.0,1.0,1.2800000000000015e-08,3.5065689490493464e-07,1.0093422135240464e-05,5.174401059903763e-05,3.891986053618534e-05,3.976924097659196e-05,1,4168
2088,lm,436.310,2.565454487958133e-11,8.75695352988818e-12,7.020594608471886e-12,9.876989206823634e-12,7.534397628049448e-18,1.0,1.0,1.0,1.0,1.2800000000000015e-08,3.4972833213522535e-07,1.0089862184745146e-05,5.1724386589511645e-05,3.8905597038386545e-05,3.9754718893133105e-05,1,4170
2089,lm,436.514,2.562800876819266e-11,8.747528857411106e-12,7.013606357547378e-12,9.866866087303176e-12,7.465931002165018e-18,1.0,1.0,1.0,1.0,1.2800000000000015e-08,3.488020867874216e-07,1.0086306851652714e-05,5.1704785951698605e-05,3.889135914716219e-05,3.97402183402512e-05,1,4172
2090,lm,436.718,2.560152168710217e-11,8.73812160858538e-12,7.006632217056364e-12,9.856760463353007e-12,7.398107421182666e-18,1.0,1.0,1.0,1.0,1.2800000000000015e-08,3.478779703375092e-07,1.0082756121026396e-05,5.168520861835684e-05,3.887714681418658e-05,3.9725739270948714e-05,1,4174
2091,lm,436.922,2.5575083507571726e-11,8.728731738844369e-12,6.999672144795872e-12,9.846672293061847e-12,7.33086963607707e-18,1.0,1.0,1.0,1.0,1.2800000000000015e-08,3.4695618496537727e-07,1.0079209979838392e-05,5.166565453208803e-05,3.886295998841407e-05,3.971128163524957e-05,1,4176
2092,lm,437.126,2.5548694100931784e-11,8.719359205570323e-12,6.992726097291756e-12,9.836601533791528e-12,7.264278176607071e-18,1.0,1.0,1.0,1.0,1.2800000000000015e-08,3.460364765225399e-07,1.0075668410162025e-05,5.164612361215612e-05,3.8848798616785995e-05,3.9696845380993284e-05,1,4178
2093,lm,437.331,2.5522353340034105e-11,8.710003966601268e-12,6.9857940326766805e-12,9.826548142473266e-12,7.198282891636048e-18,1.0,1.0,1.0,1.0,1.2800000000000015e-08,3.451190478496263e-07,1.0072131401716733e-05,5.162661580109916e-05,3.883466265331534e-05,3.96824304632721e-05,1,4180
2094,lm,437.535,2.5496061097578054e-11,8.700665976722418e-12,6.978875909353967e-12,9.81651207863364e-12,7.13286802860707e-18,1.0,1.0,1.0,1.0,1.2800000000000015e-08,3.4420387863317027e-07,1.0068598938089113e-05,5.160713104353496e-05,3.882055205050706e-05,3.9668036835579285e-05,1,4182
2095,lm,437.739,2.5469817246753636e-11,8.691345195342093e-12,6.971971683361752e-12,9.806493300003336e-12,7.068046451339876e-18,1.0,1.0,1.0,1.0,1.2800000000000015e-08,3.4329088719307347e-07,1.0065071002977189e-05,5.158766925682787e-05,3.8806466750126844e-05,3.9653664440384184e-05,1,4184
2096,lm,437.943,2.5443621661138365e-11,8.682041576069321e-12,6.965081314110603e-12,9.796491767106926e-12,7.003851511920272e-18,1.0,1.0,1.0,1.0,1.2800000000000015e-08,3.423800679213203e-07,1.0061547585766892e-05,5.1568230390959455e-05,3.8792406709250504e-05,3.96393132355926e-05,1,4186
2097,lm,438.147,2.5417474214807887e-11,8.6727550793379e-12,6.9582047585994014e-12,9.78650743665561e-12,6.940214974217912e-18,1.0,1.0,1.0,1.0,1.2800000000000015e-08,3.4147151297195017e-07,1.0058028670428149e-05,5.1548814381878145e-05,3.8778371880193544e-05,3.96249831742395e-05,1,4188
2098,lm,438.351,2.5391374783073562e-11,8.663485661184968e-12,6.951341976438429e-12,9.776540268280737e-12,6.877169427882343e-18,1.0,1.0,1.0,1.0,1.2800000000000015e-08,3.4056515539791844e-07,1.0054514244216046e-05,5.1529421164143444e-05,3.8764362211528224e-05,3.961067420550703e-05,1,4190
2099,lm,438.556,2.5365323239411983e-11,8.654233280350795e-12,6.944492924809072e-12,9.766590219574567e-12,6.814677549475195e-18,1.0,1.0,1.0,1.0,1.2800000000000015e-08,3.396609389055545e-07,1.0051004290149862e-05,5.1510050668756225e-05,3.875037765688149e-05,3.959638628364577e-05,1,4192
2100,lm,438.760,2.5339319460075227e-11,8.644997893690258e-12,6.937657562185888e-12,9.756657251397294e-12,6.7528017852627884e-18,1.0,1.0,1.0,1.0,1.2800000000000015e-08,3.3875893901732147e-07,1.0047498795733194e-05,5.149070283336477e-05,3.8736418164002905e-05,3.958211935681138e-05,1,4194
2101,lm,438.964,2.531336332046231e-11,8.635779458206792e-12,6.930835849305558e-12,9.74674132145988e-12,6.691490078008335e-18,1.0,1.0,1.0,1.0,1.2800000000000015e-08,3.378591309957507e-07,1.004399774837891e-05,5.147137760399861e-05,3.8722483687334576e-05,3.956787337994208e-05,1,4196
2102,lm,439.170,2.5287454697132286e-11,8.626577933042317e-12,6.924027743789283e-12,9.736842389582746e-12,6.630717943160526e-18,1.0,1.0,1.0,1.0,1.2800000000000015e-08,3.369616164469539e-07,1.0040501132078204e-05,5.14520749095676e-05,3.8708574176201596e-05,3.955364830266961e-05,1,4198
2103,lm,439.374,2.5261593466331853e-11,8.617393277036021e-12,6.9172332038280184e-12,9.72696041495501e-12,6.57051280443078e-18,1.0,1.0,1.0,1.0,1.2800000000000015e-08,3.3606618747972977e-07,1.0037008933671527e-05,5.143279469430001e-05,3.869468958818083e-05,3.953944408302987e-05,1,4200
2104,lm,439.579,2.5235779505428966e-11,8.60822544622723e-12,6.910452190025077e-12,9.717095358285938e-12,6.510890719727348e-18,1.0,1.0,1.0,1.0,1.2800000000000015e-08,3.351730069834228e-07,1.0033521140177741e-05,5.1413536892000195e-05,3.868082987151461e-05,3.9525260669419676e-05,1,4202
2105,lm,439.783,2.5210012691590323e-11,8.59907440134458e-12,6.903684660429409e-12,9.707247178007555e-12,6.451808776736499e-18,1.0,1.0,1.0,1.0,1.2800000000000015e-08,3.342820022776556e-07,1.003003773612076e-05,5.1394301439089025e-05,3.866699497622712e-05,3.951109801190841e-05,1,4204
2106,lm,439.987,2.5184292903097566e-11,8.589940099854202e-12,6.896930575062353e-12,9.697415834921685e-12,6.393259327131134e-18,1.0,1.0,1.0,1.0,1.2800000000000015e-08,3.3339324717907735e-07,1.0026558708470102e-05,5.137508827905713e-05,3.8653184860426626e-05,3.9496956068935e-05,1,4206
2107,lm,440.192,2.5158620017803284e-11,8.5808224994387e-12,6.890189893351349e-12,9.687601289774473e-12,6.335238763457667e-18,1.0,1.0,1.0,1.0,1.2800000000000015e-08,3.3250649858645253e-07,1.0023084043033694e-05,5.1355897343881376e-05,3.8639399471515044e-05,3.948283478780451e-05,1,4208
2108,lm,440.396,2.5132993914512617e-11,8.571721561939553e-12,6.883462575043271e-12,9.677803499722563e-12,6.277807224400794e-18,1.0,1.0,1.0,1.0,1.2800000000000015e-08,3.316219401496567e-07,1.001961372697424e-05,5.133672857574386e-05,3.8625638764760775e-05,3.9468734123824016e-05,1,4210
2109,lm,440.600,2.510741447285899e-11,8.562637242906128e-12,6.8767485809924325e-12,9.668022428054205e-12,6.2209062243581404e-18,1.0,1.0,1.0,1.0,1.2800000000000015e-08,3.3073972630198484e-07,1.0016147746975982e-05,5.1317581919727666e-05,3.8611902693266565e-05,3.9454654030067163e-05,1,4212
2110,lm,440.804,2.508188157097805e-11,8.553569503018517e-12,6.8700478695854265e-12,9.65825803385294e-12,6.164521165306923e-18,1.0,1.0,1.0,1.0,1.2800000000000015e-08,3.29859651051356e-07,1.0012686089556616e-05,5.129845731493369e-05,3.859819121503199e-05,3.944059446455746e-05,1,4214
2111,lm,441.009,2.505639508941698e-11,8.544518300789836e-12,6.863360401699495e-12,9.648510278243418e-12,6.108684232101211e-18,1.0,1.0,1.0,1.0,1.2800000000000015e-08,3.2898167198304235e-07,1.0009228738466258e-05,5.127935468693289e-05,3.858450427722857e-05,3.942655537410543e-05,1,4216
2112,lm,441.213,2.50309549089712e-11,8.53548359688371e-12,6.8566861381002065e-12,9.638779120667697e-12,6.053319586456817e-18,1.0,1.0,1.0,1.0,1.2800000000000015e-08,3.281060184770139e-07,1.0005775682030021e-05,5.126027397798308e-05,3.8570841831391866e-05,3.9412536709953846e-05,1,4218
2113,lm,441.417,2.5005560910161832e-11,8.526465350141644e-12,6.8500250392374295e-12,9.629064522255077e-12,5.998527683104944e-18,1.0,1.0,1.0,1.0,1.2800000000000015e-08,3.2723234998962104e-07,1.0002326907729585e-05,5.124121514373968e-05,3.855720383801627e-05,3.9398538432526454e-05,1,4220
2114,lm,441.621,2.4980212973072803e-11,8.517463520334259e-12,6.8433770644796256e-12,9.61936644402062e-12,5.944238295871813e-18,1.0,1.0,1.0,1.0,1.2800000000000015e-08,3.263609526579179e-07,9.99888240106896e-06,5.1222178107363986e-05,3.854359024800909e-05,3.938456049198875e-05,1,4222
2115,lm,441.825,2.4954910980854132e-11,8.50847806617544e-12,6.8367421757300045e-12,9.609684848486625e-12,5.890462060379378e-18,1.0,1.0,1.0,1.0,1.2800000000000015e-08,3.2549167399647504e-07,9.99544214846055e-06,5.120316282327466e-05,3.853000101759745e-05,3.9370602844680795e-05,1,4224
2116,lm,442.029,2.4929654814170896e-11,8.499508949098589e-12,6.830120333201583e-12,9.6000196946678e-12,5.837202924076515e-18,1.0,1.0,1.0,1.0,1.2800000000000015e-08,3.246245999659288e-07,9.992006137094898e-06,5.1184169224768946e-05,3.851643609950452e-05,3.935666544258947e-05,1,4226
2117,lm,442.233,2.4904444355504817e-11,8.490556128453707e-12,6.823511499361893e-12,9.590370943280768e-12,5.7844084495681296e-18,1.0,1.0,1.0,1.0,1.2800000000000015e-08,3.237596539270566e-07,9.988574353218114e-06,5.1165197247166045e-05,3.850289544375245e-05,3.934274823501719e-05,1,4228
2118,lm,442.437,2.4879279487851812e-11,8.481619565303394e-12,6.81691563228095e-12,9.5807385581118e-12,5.732155662200637e-18,1.0,1.0,1.0,1.0,1.2800000000000015e-08,3.228969363882014e-07,9.985146783950547e-06,5.11462468398539e-05,3.848937900987495e-05,3.932885118143767e-05,1,4230
2119,lm,442.642,2.4854160094064738e-11,8.472699218264129e-12,6.810332696144622e-12,9.571122499271303e-12,5.680384686619538e-18,1.0,1.0,1.0,1.0,1.2800000000000015e-08,3.220362524408921e-07,9.9817234159826e-06,5.112731794135562e-05,3.847588674975312e-05,3.931497423257898e-05,1,4232
2120,lm,442.846,2.4829086057463247e-11,8.463795048189005e-12,6.80376265174641e-12,9.56152272841926e-12,5.6291085753734285e-18,1.0,1.0,1.0,1.0,1.2800000000000015e-08,3.211778849274226e-07,9.97830423433676e-06,5.110841049004259e-05,3.84624186182159e-05,3.9301117342875314e-05,1,4234
2121,lm,443.050,2.4804057261743052e-11,8.454907016752863e-12,6.797205459192742e-12,9.551939207505551e-12,5.578291892247749e-18,1.0,1.0,1.0,1.0,1.2800000000000015e-08,3.203215706689811e-07,9.97488923002194e-06,5.1089524431929874e-05,3.844897457410532e-05,3.928728047050026e-05,1,4236
2122,lm,443.254,2.477907359273364e-11,8.446035083922274e-12,6.790661081531802e-12,9.542371899283419e-12,5.52799614510382e-18,1.0,1.0,1.0,1.0,1.2800000000000015e-08,3.194673309546874e-07,9.971478386042004e-06,5.107065970366317e-05,3.8435554568042e-05,3.927346356537283e-05,1,4238
2123,lm,443.458,2.4754134933161607e-11,8.437179210899873e-12,6.784129479423866e-12,9.532820764659075e-12,5.478178791638519e-18,1.0,1.0,1.0,1.0,1.2800000000000015e-08,3.1861545106022213e-07,9.968071691745119e-06,5.105181625391934e-05,3.8422158559885625e-05,3.925966658635119e-05,1,4240
2124,lm,443.662,2.472924116914179e-11,8.428339357851999e-12,6.777610617110527e-12,9.523285765353453e-12,5.428825811822488e-18,1.0,1.0,1.0,1.0,1.2800000000000015e-08,3.177655932222457e-07,9.96466913293855e-06,5.103299401963623e-05,3.8408786500530944e-05,3.924588948351212e-05,1,4242
2125,lm,443.866,2.4704392185212804e-11,8.419515486307918e-12,6.771104453469951e-12,9.513766865479496e-12,5.379955442006367e-18,1.0,1.0,1.0,1.0,1.2800000000000015e-08,3.169178370558328e-07,9.961270697857615e-06,5.101419294846065e-05,3.839543834863065e-05,3.9232132214676334e-05,1,4244
2126,lm,444.071,2.4679587868650033e-11,8.410707558164041e-12,6.764610952685696e-12,9.504264026254264e-12,5.331546030259686e-18,1.0,1.0,1.0,1.0,1.2800000000000015e-08,3.1607232230752294e-07,9.957876372462663e-06,5.099541298212472e-05,3.838211405903291e-05,3.9218394733587176e-05,1,4246
2127,lm,444.275,2.465482810362949e-11,8.401915532822067e-12,6.758130077815329e-12,9.494777209394894e-12,5.2835972024697965e-18,1.0,1.0,1.0,1.0,1.2800000000000015e-08,3.1522882558864605e-07,9.954486144099936e-06,5.097665405674831e-05,3.836881358859776e-05,3.9204676996331634e-05,1,4248
2128,lm,444.479,2.4630112778253907e-11,8.393139373322891e-12,6.7516617904513475e-12,9.48530637835962e-12,5.2361200455809706e-18,1.0,1.0,1.0,1.0,1.2800000000000015e-08,3.143876109914676e-07,9.951100000729968e-06,5.09579161232676e-05,3.835553688898477e-05,3.919097895323705e-05,1,4250
2129,lm,444.683,2.460544177842841e-11,8.38437904086551e-12,6.7452060517946695e-12,9.475851496686465e-12,5.189081769850249e-18,1.0,1.0,1.0,1.0,1.2800000000000015e-08,3.1354843733978414e-07,9.947717928255644e-06,5.093919911893486e-05,3.834228391990939e-05,3.917730056309132e-05,1,4252
2130,lm,444.887,2.4580814992345018e-11,8.375634497373698e-12,6.738762827005037e-12,9.466412525441737e-12,5.142524546577608e-18,1.0,1.0,1.0,1.0,1.2800000000000015e-08,3.1271141099328073e-07,9.944339914061863e-06,5.092050298621556e-05,3.8329054634725514e-05,3.9163641778152185e-05,1,4254
2131,lm,445.092,2.455623230724441e-11,8.366905704978457e-12,6.732332077437346e-12,9.456989428446606e-12,5.096381995383339e-18,1.0,1.0,1.0,1.0,1.2800000000000015e-08,3.1187652391652035e-07,9.940965947034966e-06,5.0901827677908144e-05,3.831584899289941e-05,3.915000255655685e-05,1,4256
2132,lm,445.296,2.4531693611096454e-11,8.35819262495117e-12,6.725913766911693e-12,9.447582168524027e-12,5.050709561764149e-18,1.0,1.0,1.0,1.0,1.2800000000000015e-08,3.1104375048204164e-07,9.937596012368878e-06,5.0883173125395104e-05,3.8302666951038255e-05,3.9136382853652765e-05,1,4258
2133,lm,445.500,2.4507198793217145e-11,8.349495219370345e-12,6.719507858646493e-12,9.438190709732787e-12,5.00546751613113e-18,1.0,1.0,1.0,1.0,1.2800000000000015e-08,3.102131313620041e-07,9.934230098394425e-06,5.086453927357476e-05,3.8289508461191444e-05,3.912278262039822e-05,1,4260
2134,lm,445.704,2.4482747741071836e-11,8.34081345154465e-12,6.713114314208424e-12,9.428815014632021e-12,4.960686738211634e-18,1.0,1.0,1.0,1.0,1.2800000000000015e-08,3.093845799044748e-07,9.930868193123055e-06,5.0845926077092804e-05,3.8276373487831866e-05,3.910920181984098e-05,1,4262
2135,lm,445.908,2.445834034465582e-11,8.332147280785726e-12,6.706733099943753e-12,9.419455047609592e-12,4.9163167479493034e-18,1.0,1.0,1.0,1.0,1.2800000000000015e-08,3.0855828796154395e-07,9.927510283739585e-06,5.0827333474313254e-05,3.826326198135722e-05,3.9095640401174416e-05,1,4264
2136,lm,446.113,2.4433976493453862e-11,8.32349667276596e-12,6.7003641770373534e-12,9.41011077127123e-12,4.872379321277496e-18,1.0,1.0,1.0,1.0,1.2800000000000015e-08,3.077338703067565e-07,9.924156356443921e-06,5.0808761405744374e-05,3.825017389993745e-05,3.9082098320729985e-05,1,4266
2137,lm,446.317,2.440965607753818e-11,8.314861588790525e-12,6.6940075107870296e-12,9.400782149085521e-12,4.828875105557825e-18,1.0,1.0,1.0,1.0,1.2800000000000015e-08,3.069117806993506e-07,9.92080640138215e-06,5.079020982393793e-05,3.823710920248297e-05,3.906857553652747e-05,1,4268
2138,lm,446.521,2.438537898650263e-11,8.306241991676699e-12,6.687663063216015e-12,9.39146914581415e-12,4.785795766535549e-18,1.0,1.0,1.0,1.0,1.2800000000000015e-08,3.0609175429966895e-07,9.91746040434415e-06,5.077167867607331e-05,3.822406784858298e-05,3.9055072006611656e-05,1,4270
2139,lm,446.725,2.4361145110928897e-11,8.297637844009734e-12,6.681330798433469e-12,9.382171725344404e-12,4.7431412860176195e-18,1.0,1.0,1.0,1.0,1.2800000000000015e-08,3.052737966096416e-07,9.914118353442029e-06,5.075316789931495e-05,3.821104979123142e-05,3.9041587682400785e-05,1,4272
2140,lm,446.930,2.4336954343452253e-11,8.289049110173855e-12,6.675010682608057e-12,9.372889849781884e-12,4.700888458836464e-18,1.0,1.0,1.0,1.0,1.2800000000000015e-08,3.044579202411683e-07,9.910780235138147e-06,5.073467743681096e-05,3.819805499034464e-05,3.9028122522101886e-05,1,4274
2141,lm,447.134,2.4312806573789043e-11,8.280475751642299e-12,6.6687026780378915e-12,9.363623485054409e-12,4.659054445532382e-18,1.0,1.0,1.0,1.0,1.2800000000000015e-08,3.036442340821229e-07,9.907446039488371e-06,5.071620724065762e-05,3.8185083402558014e-05,3.9014676480780894e-05,1,4276
2142,lm,447.338,2.4288701694563008e-11,8.271917730537496e-12,6.662406750382719e-12,9.354372596005964e-12,4.617636833046992e-18,1.0,1.0,1.0,1.0,1.2800000000000015e-08,3.0283260597296773e-07,9.904115751988181e-06,5.0697757251285826e-05,3.817213498486392e-05,3.9001249514099996e-05,1,4278
2143,lm,447.543,2.4264639596873973e-11,8.263375011771141e-12,6.656122862007261e-12,9.345137146489227e-12,4.576606342073885e-18,1.0,1.0,1.0,1.0,1.2800000000000015e-08,3.020230950339575e-07,9.900789362519595e-06,5.067932742356353e-05,3.815920969881075e-05,3.898784158206679e-05,1,4280
2144,lm,447.748,2.4240620174840033e-11,8.254847558791039e-12,6.6498509805331094e-12,9.335917099504795e-12,4.536011087629178e-18,1.0,1.0,1.0,1.0,1.2800000000000015e-08,3.012156544924334e-07,9.897466856931988e-06,5.066091769232844e-05,3.814630749911744e-05,3.897445263730809e-05,1,4282
2145,lm,447.952,2.4216643319684455e-11,8.246335335063929e-12,6.643591068311552e-12,9.326712420529194e-12,4.495779778468969e-18,1.0,1.0,1.0,1.0,1.2800000000000015e-08,3.00410329035581e-07,9.894148224789719e-06,5.064252800996781e-05,3.813342834453323e-05,3.896108263685021e-05,1,4284
2146,lm,448.156,2.419270892459218e-11,8.237838303354102e-12,6.6373430902425955e-12,9.317523075029508e-12,4.455965974353777e-18,1.0,1.0,1.0,1.0,1.2800000000000015e-08,2.996071008099089e-07,9.89083345208701e-06,5.062415831521141e-05,3.8120572191574017e-05,3.894773153592972e-05,1,4286
2147,lm,448.360,2.4168816884242857e-11,8.229356428671063e-12,6.631107011943811e-12,9.308349027098448e-12,4.416529532602646e-18,1.0,1.0,1.0,1.0,1.2800000000000015e-08,2.9880598330248685e-07,9.887522528204454e-06,5.060580856170403e-05,3.810773900395152e-05,3.893439929599027e-05,1,4288
2148,lm,448.564,2.414496709197942e-11,8.22088967430264e-12,6.624882797409644e-12,9.299190242771765e-12,4.377495370666059e-18,1.0,1.0,1.0,1.0,1.2800000000000015e-08,2.98006887682386e-07,9.884215440711607e-06,5.0587478696894083e-05,3.8094928735306317e-05,3.8921085869052295e-05,1,4290
2149,lm,448.769,2.4121159442911087e-11,8.212438004291353e-12,6.618670414243522e-12,9.290046685543223e-12,4.338832987021252e-18,1.0,1.0,1.0,1.0,1.2800000000000015e-08,2.972099243510321e-07,9.880912178268236e-06,5.056916866484828e-05,3.808214134715905e-05,3.890779121460215e-05,1,4292
2150,lm,448.973,2.4097393830117508e-11,8.204001383142569e-12,6.6124698261452924e-12,9.280918320273957e-12,4.3005556886246784e-18,1.0,1.0,1.0,1.0,1.2800000000000015e-08,2.964149871557512e-07,9.877612728207424e-06,5.0550878409313585e-05,3.8069376794594363e-05,3.889451528648645e-05,1,4294
2151,lm,449.178,2.407367014829316e-11,8.19557977315982e-12,6.606280998290836e-12,9.271805114182196e-12,4.262660305958681e-18,1.0,1.0,1.0,1.0,1.2800000000000015e-08,2.9562225739888066e-07,9.87431707862309e-06,5.053260788288469e-05,3.8056635040500704e-05,3.8881258044997184e-05,1,4296
2152,lm,449.382,2.4049988294831407e-11,8.187173141026709e-12,6.600103897414098e-12,9.262707031254009e-12,4.2251365909717006e-18,1.0,1.0,1.0,1.0,1.2800000000000015e-08,2.9483147815156804e-07,9.871025217740864e-06,5.051435703317124e-05,3.804391604263289e-05,3.886801944572597e-05,1,4298
2153,lm,449.586,2.402634816401295e-11,8.17878144949778e-12,6.593938488373123e-12,9.253624038167602e-12,4.1879744423019096e-18,1.0,1.0,1.0,1.0,1.2800000000000015e-08,2.940428640233196e-07,9.867737134795012e-06,5.049612580968119e-05,3.803121976088379e-05,3.8854799447774206e-05,1,4300
2154,lm,449.790,2.4002749652157514e-11,8.170404663987933e-12,6.5877847375659446e-12,9.244556099403905e-12,4.151199732059508e-18,1.0,1.0,1.0,1.0,1.2800000000000015e-08,2.932562931523066e-07,9.864452815988106e-06,5.047791414987365e-05,3.8018546150665526e-05,3.884159800335192e-05,1,4302
2155,lm,449.994,2.397919265456782e-11,8.162042749113433e-12,6.5816426095825195e-12,9.235503181097402e-12,4.114774465500204e-18,1.0,1.0,1.0,1.0,1.2800000000000015e-08,2.924718085189798e-07,9.861172251017345e-06,5.0459722006180705e-05,3.8005895173875624e-05,3.8828415073361215e-05,1,4304
2156,lm,450.198,2.3955677069372875e-11,8.15369567002991e-12,6.575512071611168e-12,9.226465248998216e-12,4.078733578397426e-18,1.0,1.0,1.0,1.0,1.2800000000000015e-08,2.916893284403588e-07,9.857895428567928e-06,5.044154933556653e-05,3.799326679241269e-05,3.881525061696032e-05,1,4306
2157,lm,450.403,2.3932202792782678e-11,8.145363390431334e-12,6.569393090323348e-12,9.217442268991453e-12,4.043036541253525e-18,1.0,1.0,1.0,1.0,1.2800000000000015e-08,2.909089968049791e-07,9.854622335791766e-06,5.042339606937015e-05,3.7980660961281555e-05,3.880210458747479e-05,1,4308
2158,lm,450.607,2.3908769722035292e-11,8.137045876663343e-12,6.5632856304745134e-12,9.20843420721118e-12,4.0076862485714346e-18,1.0,1.0,1.0,1.0,1.2800000000000015e-08,2.9013072067881e-07,9.851352961561004e-06,5.0405262171979394e-05,3.796807764494184e-05,3.87889769470598e-05,1,4310
2159,lm,450.811,2.3885377755929622e-11,8.128743093326966e-12,6.5571896600205815e-12,9.199441029901883e-12,3.972680193981942e-18,1.0,1.0,1.0,1.0,1.2800000000000015e-08,2.8935448268969063e-07,9.848087295063208e-06,5.0387147584116664e-05,3.7955516801069406e-05,3.87758676513527e-05,1,4312
2160,lm,451.016,2.3862026791815516e-11,8.12045500523913e-12,6.5511051458481365e-12,9.190462702706756e-12,3.938021492975452e-18,1.0,1.0,1.0,1.0,1.2800000000000015e-08,2.885801615299035e-07,9.84482532321566e-06,5.036905225328697e-05,3.794297838633059e-05,3.876277665477295e-05,1,4314
2161,lm,451.220,2.383871672755414e-11,8.112181577536638e-12,6.545032053177597e-12,9.181499193092913e-12,3.903746990189706e-18,1.0,1.0,1.0,1.0,1.2800000000000015e-08,2.8780805637194685e-07,9.841567036352522e-06,5.035097613273612e-05,3.7930462364006515e-05,3.874970391833848e-05,1,4316
2162,lm,451.424,2.3815447462084468e-11,8.103922777364764e-12,6.538970348733279e-12,9.172550466194257e-12,3.8697921678326275e-18,1.0,1.0,1.0,1.0,1.2800000000000015e-08,2.870380619575458e-07,9.83831242033437e-06,5.0332919164727816e-05,3.7917968695311224e-05,3.873664940175995e-05,1,4318
2163,lm,451.704,2.379221889469963e-11,8.095678568215662e-12,6.53292000107332e-12,9.163616489256468e-12,3.836154179927499e-18,1.0,1.0,1.0,1.0,1.2800000000000015e-08,2.8627002570124473e-07,9.835061466508151e-06,5.031488130393954e-05,3.790549733452569e-05,3.872361305661277e-05,1,4320
2164,lm,451.908,2.3769030924663752e-11,8.087448916811395e-12,6.52688097626177e-12,9.154697228715681e-12,3.8028749049963794e-18,1.0,1.0,1.0,1.0,1.2800000000000015e-08,2.855039552118797e-07,9.831814161698838e-06,5.0296862499645375e-05,3.7893048251248874e-05,3.8710594849850604e-05,1,4322
2165,lm,452.112,2.3745883451737747e-11,8.079233789576232e-12,6.5208532400227255e-12,9.145792652210386e-12,3.769928398911807e-18,1.0,1.0,1.0,1.0,1.2800000000000015e-08,2.8474010255950475e-07,9.828570495913158e-06,5.027886270048629e-05,3.788062139928601e-05,3.869759473384082e-05,1,4324
2166,lm,452.316,2.3722776376414693e-11,8.071033151454794e-12,6.514836762040964e-12,9.136902725624642e-12,3.7372942969167114e-18,1.0,1.0,1.0,1.0,1.2800000000000015e-08,2.8397816213653555e-07,9.82533045728e-06,5.0260881853393934e-05,3.786821674102841e-05,3.8684612668236596e-05,1,4326
2167,lm,452.521,2.3699709598334116e-11,8.062846968358084e-12,6.508831508539528e-12,9.128027416427733e-12,3.705008770924488e-18,1.0,1.0,1.0,1.0,1.2800000000000015e-08,2.832183427610852e-07,9.822094034903792e-06,5.024291991472978e-05,3.7855834236882004e-05,3.867164861143173e-05,1,4328
2168,lm,452.725,2.367668301848274e-11,8.054675205765746e-12,6.50283744800546e-12,9.119166691667388e-12,3.6730441491237685e-18,1.0,1.0,1.0,1.0,1.2800000000000015e-08,2.8246054254772587e-07,9.818861216361724e-06,5.02249768287576e-05,3.784347384795973e-05,3.865870252211413e-05,1,4330
2169,lm,452.929,2.3653696537031585e-11,8.046517830748459e-12,6.496854546129257e-12,9.110320518753398e-12,3.641400472789186e-18,1.0,1.0,1.0,1.0,1.2800000000000015e-08,2.817047431211141e-07,9.815631991473235e-06,5.020705254320785e-05,3.783113553533883e-05,3.864577435964812e-05,1,4332
2170,lm,453.133,2.3630750057056776e-11,8.038374810017995e-12,6.4908827718345905e-12,9.101488865130908e-12,3.610073280412289e-18,1.0,1.0,1.0,1.0,1.2800000000000015e-08,2.809510494286444e-07,9.812406348981827e-06,5.018914701401474e-05,3.781881926023344e-05,3.863286408198821e-05,1,4334
2171,lm,453.337,2.360784347880015e-11,8.030246109569512e-12,6.484922093068752e-12,9.092671697120363e-12,3.57904152613763e-18,1.0,1.0,1.0,1.0,1.2800000000000015e-08,2.8019931137721344e-07,9.809184276186294e-06,5.017126018363822e-05,3.7806524977498204e-05,3.861997164220187e-05,1,4336
2172,lm,453.541,2.3584976705647496e-11,8.0221316954938e-12,6.478972478083116e-12,9.083868983743195e-12,3.548327384377831e-18,1.0,1.0,1.0,1.0,1.2800000000000015e-08,2.794495826011255e-07,9.805965765934992e-06,5.015339201775193e-05,3.7794252658890186e-05,3.8607097009467575e-05,1,4338
2173,lm,453.745,2.3562149638254868e-11,8.014031534020233e-12,6.4730338953886714e-12,9.075080690918366e-12,3.517927592100087e-18,1.0,1.0,1.0,1.0,1.2800000000000015e-08,2.7870195965171984e-07,9.802750803299068e-06,5.0135542451860476e-05,3.77820022597289e-05,3.859424013618136e-05,1,4340
2174,lm,453.950,2.35393621800777e-11,8.005945592649596e-12,6.4671063114504154e-12,9.066306788126457e-12,3.487851231206179e-18,1.0,1.0,1.0,1.0,1.2800000000000015e-08,2.7795633332381934e-07,9.799539378435015e-06,5.011771144260694e-05,3.7769773739802396e-05,3.8581400981062606e-05,1,4342
2175,lm,454.154,2.3516614234824256e-11,7.997873838792857e-12,6.4611896964052e-12,9.057547241564546e-12,3.4580616543201207e-18,1.0,1.0,1.0,1.0,1.2800000000000015e-08,2.772126626576386e-07,9.796331481297825e-06,5.0099898940087634e-05,3.775756706418446e-05,3.8568579505884076e-05,1,4344
2176,lm,454.358,2.349390570473591e-11,7.989816236879696e-12,6.455284017975278e-12,9.04880202130928e-12,3.428571655436251e-18,1.0,1.0,1.0,1.0,1.2800000000000015e-08,2.764710944226139e-07,9.79312709903461e-06,5.0082104895130084e-05,3.7745382191931097e-05,3.855577566748136e-05,1,4346
2177,lm,454.562,2.347123649314691e-11,7.981772756631538e-12,6.449389244213614e-12,9.04007109292563e-12,3.3993761276809893e-18,1.0,1.0,1.0,1.0,1.2800000000000015e-08,2.757315044932721e-07,9.789926221834451e-06,5.006432925705622e-05,3.7733219081525524e-05,3.8542989421358264e-05,1,4348
2178,lm,454.766,2.3448606505735606e-11,7.973743365712548e-12,6.4435053440265475e-12,9.031354425517835e-12,3.370478673954234e-18,1.0,1.0,1.0,1.0,1.2800000000000015e-08,2.749939790657088e-07,9.786728839296943e-06,5.004657197900696e-05,3.772107769972248e-05,3.8530220731604515e-05,1,4350
2179,lm,454.970,2.342601564479699e-11,7.965728028794348e-12,6.437632286745394e-12,9.022651987396822e-12,3.341860423607096e-18,1.0,1.0,1.0,1.0,1.2800000000000015e-08,2.742583788015507e-07,9.783534941532153e-06,5.002883302013149e-05,3.770895800928538e-05,3.8517469559599906e-05,1,4352
2180,lm,455.174,2.3403463816149526e-11,7.957726714822033e-12,6.431770040965063e-12,9.013963746805894e-12,3.3135565336700975e-18,1.0,1.0,1.0,1.0,1.2800000000000015e-08,2.735247813312552e-07,9.780344516575846e-06,5.001111232853865e-05,3.769685997175218e-05,3.850473586486115e-05,1,4354
2181,lm,455.378,2.3380950923539335e-11,7.949739390473665e-12,6.425918576014948e-12,9.005289671517769e-12,3.2855329546896793e-18,1.0,1.0,1.0,1.0,1.2800000000000015e-08,2.727932751874925e-07,9.777157552648912e-06,4.999340984637755e-05,3.7684783545230225e-05,3.849201960172754e-05,1,4356
2182,lm,455.583,2.33584768730403e-11,7.941766022822813e-12,6.420077860578871e-12,8.99662973184984e-12,3.2577887782566404e-18,1.0,1.0,1.0,1.0,1.2800000000000015e-08,2.720637650109641e-07,9.773974040285008e-06,4.997572553166618e-05,3.76727286905398e-05,3.8479320729603116e-05,1,4358
2183,lm,455.787,2.333604156940307e-11,7.933806581116816e-12,6.414247863043628e-12,8.98798389492321e-12,3.230319419961081e-18,1.0,1.0,1.0,1.0,1.2800000000000015e-08,2.7133625093349664e-07,9.770793968408485e-06,4.995805934124612e-05,3.766069537486235e-05,3.8466639212308505e-05,1,4360
2184,lm,455.991,2.3313644919458566e-11,7.925861032532642e-12,6.408428553988314e-12,8.979352129808828e-12,3.2031287802056e-18,1.0,1.0,1.0,1.0,1.2800000000000015e-08,2.7061065725354524e-07,9.767617326164842e-06,4.9940411217082995e-05,3.76486835578534e-05,3.845397500706929e-05,1,4362
2185,lm,456.195,2.3291286828540446e-11,7.917929343773196e-12,6.402619902383193e-12,8.970734406168418e-12,3.1762156346995136e-18,1.0,1.0,1.0,1.0,1.2800000000000015e-08,2.6988705797070035e-07,9.764444102838798e-06,4.992278111784048e-05,3.763669320009549e-05,3.844132807261262e-05,1,4364
2186,lm,456.399,2.3268967203116425e-11,7.910011484144239e-12,6.396821877717436e-12,8.962130691688248e-12,3.1495664970214854e-18,1.0,1.0,1.0,1.0,1.2800000000000015e-08,2.6916555185560643e-07,9.761274289716437e-06,4.99051690012856e-05,3.762472426926421e-05,3.842869837314008e-05,1,4366
2187,lm,456.603,2.324668594942274e-11,7.902107420847903e-12,6.391034450144929e-12,8.953540955225474e-12,3.1232044342721038e-18,1.0,1.0,1.0,1.0,1.2800000000000015e-08,2.684459468799527e-07,9.758107874697241e-06,4.988757481292867e-05,3.761277672284853e-05,3.8416085864340235e-05,1,4368
2188,lm,456.808,2.3224442975512078e-11,7.894217122160066e-12,6.3852575892397705e-12,8.944965167009598e-12,3.0971026458202926e-18,1.0,1.0,1.0,1.0,1.2800000000000015e-08,2.6772835044125893e-07,9.754944846535797e-06,4.986999850784139e-05,3.760085052365266e-05,3.840349050676857e-05,1,4370
2189,lm,457.012,2.3202238188414832e-11,7.886340556833018e-12,6.379491264997045e-12,8.936403295323048e-12,3.0712617223029193e-18,1.0,1.0,1.0,1.0,1.2800000000000015e-08,2.67012743481458e-07,9.75178519538731e-06,4.9852440035848135e-05,3.758894563672912e-05,3.839091226203276e-05,1,4372
2190,lm,457.216,2.31800714962032e-11,7.87847769195548e-12,6.373735447697141e-12,8.927855310856849e-12,3.045693732296889e-18,1.0,1.0,1.0,1.0,1.2800000000000015e-08,2.662991521253275e-07,9.74862891222215e-06,4.9834899357554044e-05,3.757706202612846e-05,3.837835109194428e-05,1,4374
2191,lm,457.420,2.3157942805799084e-11,7.870628496481201e-12,6.367990107078846e-12,8.919321181866988e-12,3.0203720481126523e-18,1.0,1.0,1.0,1.0,1.2800000000000015e-08,2.6558753000482377e-07,9.745475984779534e-06,4.98173764166482e-05,3.7565199651071314e-05,3.836580695352026e-05,1,4376
2192,lm,457.624,2.313585202552703e-11,7.862792939899019e-12,6.362255213676726e-12,8.910800876642505e-12,2.995308778417543e-18,1.0,1.0,1.0,1.0,1.2800000000000015e-08,2.648778518646208e-07,9.74232640473059e-06,4.9799871176070473e-05,3.755335847765431e-05,3.8353279810752995e-05,1,4378
2193,lm,457.828,2.3113799064305732e-11,7.854970988961051e-12,6.356530737414187e-12,8.902294367425504e-12,2.9705049871211897e-18,1.0,1.0,1.0,1.0,1.2800000000000015e-08,2.6417005827985007e-07,9.739180159639847e-06,4.978238358222023e-05,3.75415384641598e-05,3.834076961820046e-05,1,4380
2194,lm,458.032,2.309178383104085e-11,7.847162614395706e-12,6.3508166479799755e-12,8.89380162269889e-12,2.9459662818036325e-18,1.0,1.0,1.0,1.0,1.2800000000000015e-08,2.6346437134981776e-07,9.736037239978008e-06,4.976491359054471e-05,3.75297395779642e-05,3.8328276340602104e-05,1,4382
2195,lm,458.237,2.3069806234851842e-11,7.83936778335298e-12,6.34511291805245e-12,8.885322611797905e-12,2.921648508291791e-18,1.0,1.0,1.0,1.0,1.2800000000000015e-08,2.627606675263921e-07,9.732897635147772e-06,4.974746114583733e-05,3.751796177898605e-05,3.831579993616557e-05,1,4384
2196,lm,458.441,2.3047866184884053e-11,7.831586465019277e-12,6.3394195173112344e-12,8.876857304954718e-12,2.8975988242690565e-18,1.0,1.0,1.0,1.0,1.2800000000000015e-08,2.620588801748048e-07,9.729761335788553e-06,4.973002622207267e-05,3.750620503299661e-05,3.830334036762185e-05,1,4386
2197,lm,458.645,2.302596359144876e-11,7.823818629254796e-12,6.333736416176947e-12,8.868405672230608e-12,2.873786405086227e-18,1.0,1.0,1.0,1.0,1.2800000000000015e-08,2.613590003807483e-07,9.726628332368455e-06,4.971260876164415e-05,3.749446930117223e-05,3.829089759462211e-05,1,4388
2198,lm,458.849,2.3004098363657967e-11,7.816064245199076e-12,6.328063584761355e-12,8.859967683474477e-12,2.8502230593077585e-18,1.0,1.0,1.0,1.0,1.2800000000000015e-08,2.6066117466701084e-07,9.723498613772597e-06,4.969520872116197e-05,3.74827545493245e-05,3.82784715799526e-05,1,4390
2199,lm,459.053,2.2982270412695736e-11,7.808323280518286e-12,6.322400996116112e-12,8.851543309163128e-12,2.826898208885748e-18,1.0,1.0,1.0,1.0,1.2800000000000015e-08,2.599653012897643e-07,9.72037216955134e-06,4.967782605529904e-05,3.747106073944954e-05,3.8266062282980974e-05,1,4392
2200,lm,459.257,2.2960479648623786e-11,7.800595705308977e-12,6.316748620106228e-12,8.843132519392688e-12,2.8038158901022546e-18,1.0,1.0,1.0,1.0,1.2800000000000015e-08,2.5927137306423164e-07,9.717248988854127e-06,4.966046070996565e-05,3.745938783447042e-05,3.825366966305578e-05,1,4394
2201,lm,459.462,2.2938725981627458e-11,7.792881489332628e-12,6.31110642657781e-12,8.834735284764194e-12,2.78095282486778e-18,1.0,1.0,1.0,1.0,1.2800000000000015e-08,2.585793564748228e-07,9.71412906418726e-06,4.9643112651291445e-05,3.744773579919068e-05,3.824129368429352e-05,1,4396
2202,lm,459.666,2.2917009324872157e-11,7.78518060280238e-12,6.305474389182628e-12,8.826351574558807e-12,2.7583283404817256e-18,1.0,1.0,1.0,1.0,1.2800000000000015e-08,2.578892382438727e-07,9.711012383455136e-06,4.962578182897838e-05,3.743610459665719e-05,3.822893430495029e-05,1,4398
2203,lm,459.870,2.2895329588459278e-11,7.777493012977588e-12,6.299852478785706e-12,8.817981360757924e-12,2.735938059744625e-18,1.0,1.0,1.0,1.0,1.2800000000000015e-08,2.572011865788659e-07,9.707898937239683e-06,4.960846819407423e-05,3.7424494188998066e-05,3.8216591485650404e-05,1,4400
2204,lm,460.074,2.2873686683625203e-11,7.769818690898242e-12,6.294240665755849e-12,8.80962461319733e-12,2.7137737792895274e-18,1.0,1.0,1.0,1.0,1.2800000000000015e-08,2.565149768660643e-07,9.704788715928449e-06,4.959117170880726e-05,3.7412904542135896e-05,3.820426519041995e-05,1,4402
2205,lm,460.279,2.2852080523311752e-11,7.76215760512945e-12,6.288638924049187e-12,8.801281302286383e-12,2.691846731691652e-18,1.0,1.0,1.0,1.0,1.2800000000000015e-08,2.5583081406255484e-07,9.701681709842275e-06,4.9573892326791316e-05,3.740133561946133e-05,3.8191955380249014e-05,1,4404
2206,lm,460.483,2.2830511019880095e-11,7.754509727413371e-12,6.283047223004702e-12,8.79295139932922e-12,2.6701328024438504e-18,1.0,1.0,1.0,1.0,1.2800000000000015e-08,2.551485456729076e-07,9.69857790805024e-06,4.955662999770856e-05,3.7389787383822006e-05,3.817966201378819e-05,1,4406
2207,lm,460.687,2.2808978085734002e-11,7.746875026407106e-12,6.277465535237489e-12,8.784634875460973e-12,2.6486284356765582e-18,1.0,1.0,1.0,1.0,1.2800000000000015e-08,2.544682678863957e-07,9.695477302566492e-06,4.953938468551712e-05,3.737825980283567e-05,3.816738505728445e-05,1,4408
2208,lm,460.891,2.2787481633628394e-11,7.739253472619798e-12,6.271893832576916e-12,8.7763317010639e-12,2.627367782801e-18,1.0,1.0,1.0,1.0,1.2800000000000015e-08,2.537897746159225e-07,9.692379881276854e-06,4.9522156336656075e-05,3.736675283668041e-05,3.815512446856761e-05,1,4410
2209,lm,461.096,2.276602157707166e-11,7.731645035174759e-12,6.266332087541609e-12,8.768041848055775e-12,2.6062995166463433e-18,1.0,1.0,1.0,1.0,1.2800000000000015e-08,2.531133182437239e-07,9.689285637161662e-06,4.9504944917948885e-05,3.735526645103334e-05,3.814288021076019e-05,1,4412
2210,lm,461.280,2.2765805532541316e-11,7.720934919885404e-12,6.314057714407856e-12,8.729310510609085e-12,1.5023876389686574e-15,1.0,1.0,1.0,1.0,2.560000000000003e-09,2.5243874078246965e-07,9.675421152809527e-06,4.9429722304038064e-05,3.729421533061841e-05,3.806921000939926e-05,1,4413
2211,lm,461.484,2.2658010879964756e-11,7.683082977935396e-12,6.284982687531414e-12,8.688487031277282e-12,1.458183220662943e-15,1.0,1.0,1.0,1.0,2.560000000000003e-09,6.186843108940408e-06,9.660204584805825e-06,4.934480982523479e-05,3.723797410164404e-05,3.800879115986571e-05,1,4415
2212,lm,461.688,2.2551061000916717e-11,7.645525695431484e-12,6.256149882491e-12,8.647977387777162e-12,1.4080352170747432e-15,1.0,1.0,1.0,1.0,2.560000000000003e-09,6.112071720356002e-06,9.645046149731597e-06,4.926017423412263e-05,3.71822350335599e-05,3.794876677636059e-05,1,4417
2213,lm,461.892,2.244499387779434e-11,7.608282910734757e-12,6.227572736640186e-12,8.607781613402118e-12,1.3566170172784313e-15,1.0,1.0,1.0,1.0,2.560000000000003e-09,6.035364377652223e-06,9.629953153143298e-06,4.9175876827123186e-05,3.712699680464885e-05,3.7889137273329974e-05,1,4419
2214,lm,462.097,2.2339822872440405e-11,7.571357490705554e-12,6.199260714196512e-12,8.567898918354178e-12,1.3057491841625063e-15,1.0,1.0,1.0,1.0,2.560000000000003e-09,5.958203689657488e-06,9.614929307984772e-06,4.9091943147978846e-05,3.707225224748308e-05,3.782989692837726e-05,1,4421
2215,lm,462.301,2.2235546244724227e-11,7.53474812618657e-12,6.171214039664622e-12,8.528327555755772e-12,1.2565231172645155e-15,1.0,1.0,1.0,1.0,2.560000000000003e-09,5.881487881511607e-06,9.5999757590391e-06,4.900838292604076e-05,3.701799561842547e-05,3.777104100180407e-05,1,4423
2216,lm,462.506,2.2132157878708233e-11,7.49845222516075e-12,6.143431055338808e-12,8.489065189701696e-12,1.2094085069773238e-15,1.0,1.0,1.0,1.0,2.560000000000003e-09,5.805533434014245e-06,9.585092397680602e-06,4.892519844192554e-05,3.696422246624035e-05,3.771256564857301e-05,1,4425
2217,lm,462.710,2.2029649309362924e-11,7.462466653123678e-12,6.115908810916306e-12,8.450109207730073e-12,1.1646375928693194e-15,1.0,1.0,1.0,1.0,2.560000000000003e-09,5.730497601022587e-06,9.570278471434666e-06,4.88423886474694e-05,3.691092778787256e-05,3.7654466105095346e-05,1,4427
2218,lm,462.914,2.192801159684599e-11,7.426788148581213e-12,6.088644539021856e-12,8.411456775660848e-12,1.1221335820791128e-15,1.0,1.0,1.0,1.0,2.560000000000003e-09,5.656444734547361e-06,9.555533042489401e-06,4.8759950944833754e-05,3.685810710987045e-05,3.759673790595519e-05,1,4429
2219,lm,463.118,2.182723499210936e-11,7.391413289804322e-12,6.061634853168213e-12,8.373105001722242e-12,1.0818474145799999e-15,1.0,1.0,1.0,1.0,2.560000000000003e-09,5.583412912462644e-06,9.540855182528211e-06,4.867788171995508e-05,3.680575591694173e-05,3.753937647592634e-05,1,4431
2220,lm,463.323,2.1727309528389452e-11,7.356338687754942e-12,6.034876246910008e-12,8.335050948889374e-12,1.0436448351284751e-15,1.0,1.0,1.0,1.0,2.560000000000003e-09,5.511409705331189e-06,9.526243743684189e-06,4.859617708362062e-05,3.675386964798636e-05,3.748237708496809e-05,1,4433
2221,lm,463.527,2.162822590465718e-11,7.321560989488929e-12,6.008365799331769e-12,8.297291672369898e-12,1.0074434665851428e-15,1.0,1.0,1.0,1.0,2.560000000000003e-09,5.440432951282855e-06,9.511697856717967e-06,4.8514833211951e-05,3.6702444267358506e-05,3.742573559595056e-05,1,4435
2222,lm,463.731,2.152997421918188e-11,7.287076945461618e-12,5.982099928943134e-12,8.259824220875416e-12,9.731239017098406e-16,1.0,1.0,1.0,1.0,2.560000000000003e-09,5.370504571908401e-06,9.497216372360095e-06,4.8433845822384106e-05,3.6651475667778805e-05,3.736944777357188e-05,1,4437
2223,lm,463.935,2.1432544706792933e-11,7.252883165125236e-12,5.956075348385095e-12,8.222645665269223e-12,9.405280133813565e-16,1.0,1.0,1.0,1.0,2.560000000000003e-09,5.301613546333228e-06,9.482798501013598e-06,4.835321096242844e-05,3.660095956687216e-05,3.7313509101620446e-05,1,4439
2224,lm,464.139,2.1335927919349838e-11,7.218976406451543e-12,5.930288763393986e-12,8.185753151975006e-12,9.095975293084134e-16,1.0,1.0,1.0,1.0,2.560000000000003e-09,5.233746548408336e-06,9.468443222154348e-06,4.8272924438379546e-05,3.65508920869999e-05,3.725791556840613e-05,1,4441
2225,lm,464.344,2.124011429008977e-11,7.185353431247503e-12,5.904736850885928e-12,8.149143789829988e-12,8.802181263505266e-16,1.0,1.0,1.0,1.0,2.560000000000003e-09,5.166911038943368e-06,9.454149673317539e-06,4.819298221126784e-05,3.650126929371883e-05,3.7202663084467136e-05,1,4443
2226,lm,464.548,2.1145094791696572e-11,7.1520111536889325e-12,5.879416590664688e-12,8.112814755190736e-12,8.522921522143893e-16,1.0,1.0,1.0,1.0,2.560000000000003e-09,5.101097193581773e-06,9.439916967575405e-06,4.811338027839956e-05,3.645208703099425e-05,3.714774735138609e-05,1,4445
2227,lm,464.752,2.1050859892173937e-11,7.118946356999649e-12,5.854324539612157e-12,8.076763257468617e-12,8.257380935164396e-16,1.0,1.0,1.0,1.0,2.560000000000003e-09,5.036306367323372e-06,9.425744261293387e-06,4.803411452606546e-05,3.640334150482217e-05,3.70931644845606e-05,1,4447
2228,lm,464.956,2.0957400849311477e-11,7.086156061602663e-12,5.829457737773918e-12,8.040986560261356e-12,8.004896735382869e-16,1.0,1.0,1.0,1.0,2.560000000000003e-09,4.9725156450082375e-06,9.411630718631643e-06,4.795518103012375e-05,3.635502903228505e-05,3.703891068003834e-05,1,4449
2229,lm,465.160,2.0864708569078942e-11,7.05363708835838e-12,5.804813068874843e-12,8.005481928327005e-12,7.764835187124615e-16,1.0,1.0,1.0,1.0,2.560000000000003e-09,4.9097343376156686e-06,9.397575548589306e-06,4.7876575855755835e-05,3.630714536723774e-05,3.6984981680079644e-05,1,4451
2230,lm,465.365,2.0772774233828904e-11,7.021386494532623e-12,5.780387454225713e-12,7.970246689490248e-12,7.535955803254328e-16,1.0,1.0,1.0,1.0,2.560000000000003e-09,4.847952107169157e-06,9.383577966048381e-06,4.7798295280005585e-05,3.625968711146647e-05,3.693137395056563e-05,1,4453
2231,lm,465.569,2.068158940524994e-11,6.9894013833761424e-12,5.756178014627048e-12,7.935278186780843e-12,7.318204659054783e-16,1.0,1.0,1.0,1.0,2.560000000000003e-09,4.787151507481253e-06,9.369637156158485e-06,4.7720335310929105e-05,3.621265036536969e-05,3.68780836175233e-05,1,4455
2232,lm,465.773,2.059114530501217e-11,6.957678713591358e-12,5.732181700027147e-12,7.900573825248737e-12,7.110661449264614e-16,1.0,1.0,1.0,1.0,2.560000000000003e-09,4.727346338406393e-06,9.355752397872576e-06,4.7642692219194104e-05,3.616603091962818e-05,3.682510645717565e-05,1,4457
2233,lm,465.977,2.0501433427714306e-11,6.9262156016113796e-12,5.708395507560598e-12,7.86613104056865e-12,6.912779736798493e-16,1.0,1.0,1.0,1.0,2.560000000000003e-09,4.668510249713242e-06,9.341923017985748e-06,4.756536235615186e-05,3.611982568265482e-05,3.677243941231434e-05,1,4459
2234,lm,466.181,2.0412445685383573e-11,6.895009244038945e-12,5.684816806939416e-12,7.831947266365206e-12,6.723680400071988e-16,1.0,1.0,1.0,1.0,2.560000000000003e-09,4.610635185757374e-06,9.328148183849281e-06,4.7488341988886886e-05,3.607403053637569e-05,3.672007842102489e-05,1,4461
2235,lm,466.385,2.0324173899835158e-11,6.864056849007696e-12,5.661442637457595e-12,7.798020033772142e-12,6.543795977232785e-16,1.0,1.0,1.0,1.0,2.560000000000003e-09,4.553716994412131e-06,9.314427236838363e-06,4.741162750977309e-05,3.602864171643698e-05,3.6668019798948914e-05,1,4463
2236,lm,466.590,2.0236609910337435e-11,6.833355590596912e-12,5.638270332305755e-12,7.764346848427704e-12,6.371390070663739e-16,1.0,1.0,1.0,1.0,2.560000000000003e-09,4.497752211982926e-06,9.300759517774192e-06,4.73352154087786e-05,3.598365569605341e-05,3.6616260071268947e-05,1,4465
2237,lm,466.794,2.0149745933471322e-11,6.802902766271711e-12,5.6152971834591925e-12,7.730925289185534e-12,6.206945548847066e-16,1.0,1.0,1.0,1.0,2.560000000000003e-09,4.442719345719544e-06,9.287144311079909e-06,4.725910206765873e-05,3.593906878954749e-05,3.6564795702384676e-05,1,4467
2238,lm,466.998,2.0063574066892385e-11,6.772695671246337e-12,5.5925204950274825e-12,7.697752947921578e-12,6.0495269698728775e-16,1.0,1.0,1.0,1.0,2.560000000000003e-09,4.388623099893454e-06,9.273580994183423e-06,4.7183284182418366e-05,3.589487713067924e-05,3.6513623077863644e-05,1,4469
2239,lm,467.202,1.9978086543510155e-11,6.7427315856360095e-12,5.5699375962746154e-12,7.664827464707888e-12,5.898968916433741e-16,1.0,1.0,1.0,1.0,2.560000000000003e-09,4.3354458882410025e-06,9.26006892056935e-06,4.710775838030034e-05,3.5851077297710956e-05,3.6462738887999956e-05,1,4471
2240,lm,467.407,1.9893275908104757e-11,6.713007953578375e-12,5.547546012238759e-12,7.632146498600084e-12,5.754436875379485e-16,1.0,1.0,1.0,1.0,2.560000000000003e-09,4.283178661298946e-06,9.246607463323425e-06,4.703252122649119e-05,3.580766556013515e-05,3.6412139603987106e-05,1,4473
2241,lm,467.699,1.9809134775040522e-11,6.683522142617181e-12,5.525343250030682e-12,7.599707753730944e-12,5.616286617135481e-16,1.0,1.0,1.0,1.0,2.560000000000003e-09,4.2318091053608515e-06,9.233195976863358e-06,4.6957569513637026e-05,3.576463813353936e-05,3.6361821818726474e-05,1,4475
2242,lm,467.903,1.972565566971714e-11,6.654271627771199e-12,5.503326697572941e-12,7.567508952124765e-12,5.483922482314592e-16,1.0,1.0,1.0,1.0,2.560000000000003e-09,4.181340884739006e-06,9.219833935870386e-06,4.688290003037336e-05,3.5721991450651326e-05,3.6311782185962164e-05,1,4477
2243,lm,468.107,1.9642831246409022e-11,6.625253801681307e-12,5.481493964231854e-12,7.535547830192169e-12,5.356503036915685e-16,1.0,1.0,1.0,1.0,2.560000000000003e-09,4.131752925298403e-06,9.206520674640332e-06,4.680850965258775e-05,3.5679722137972834e-05,3.6262017609412686e-05,1,4479
2244,lm,468.311,1.956065447649649e-11,6.596466232828072e-12,5.4598426326921676e-12,7.503822196861001e-12,5.234141152456211e-16,1.0,1.0,1.0,1.0,2.560000000000003e-09,4.0830328622535006e-06,9.193255706225728e-06,4.673439528187875e-05,3.56378265346465e-05,3.621252479917145e-05,1,4481
2245,lm,468.516,1.9479118407137973e-11,6.567906452488487e-12,5.438370457022305e-12,7.472329846601038e-12,5.116510261428601e-16,1.0,1.0,1.0,1.0,2.560000000000003e-09,4.03517215551621e-06,9.180038461503597e-06,4.666055386030338e-05,3.5596300781112706e-05,3.6163300296160584e-05,1,4483
2246,lm,468.720,1.9398216089869154e-11,6.539572060693329e-12,5.417075053375487e-12,7.441068639349173e-12,5.003364511636763e-16,1.0,1.0,1.0,1.0,2.560000000000003e-09,3.988163792125199e-06,9.166868334826348e-06,4.658698247939119e-05,3.555514163147615e-05,3.611434119602901e-05,1,4485
2247,lm,468.924,1.9317940525779166e-11,6.511460598690899e-12,5.395954057601066e-12,7.410036437058651e-12,4.894324285480695e-16,1.0,1.0,1.0,1.0,2.560000000000003e-09,3.94200353599473e-06,9.153744837107331e-06,4.6513678176598964e-05,3.5514345393944666e-05,3.606564433348473e-05,1,4487
2248,lm,469.128,1.9238285226377835e-11,6.483569777339445e-12,5.3750053761427305e-12,7.379231150161536e-12,4.789227341224128e-16,1.0,1.0,1.0,1.0,2.560000000000003e-09,3.8966670869074236e-06,9.140667491643872e-06,4.6440638161124275e-05,3.5473908596594464e-05,3.601720665730664e-05,1,4489
2249,lm,469.332,1.915924337094715e-11,6.455897182822709e-12,5.354226723499681e-12,7.348650693695816e-12,4.68770928939155e-16,1.0,1.0,1.0,1.0,2.560000000000003e-09,3.852154117567694e-06,9.127635796252671e-06,4.636785967574115e-05,3.543382765584215e-05,3.5969025085635155e-05,1,4491
2250,lm,469.537,1.9080808525335733e-11,6.428440609554904e-12,5.3336159356627686e-12,7.318293007788562e-12,4.589723294995299e-16,1.0,1.0,1.0,1.0,2.560000000000003e-09,3.808446100164778e-06,9.114649215477945e-06,4.629534002551104e-05,3.539409913088527e-05,3.592109674644243e-05,1,4493
2251,lm,469.741,1.9002974255219385e-11,6.4011976992010406e-12,5.3131709798132055e-12,7.28815609721284e-12,4.494789923019935e-16,1.0,1.0,1.0,1.0,2.560000000000003e-09,3.7655395710434188e-06,9.101707305197127e-06,4.622307637596937e-05,3.5354719453104325e-05,3.587341861036476e-05,1,4495
2252,lm,469.945,1.89257342305079e-11,6.374166263684656e-12,5.29288973142584e-12,7.258237945825365e-12,4.4028957203581485e-16,1.0,1.0,1.0,1.0,2.560000000000003e-09,3.723419649852081e-06,9.088809630291932e-06,4.615106628807677e-05,3.5315685258300905e-05,3.582598783142315e-05,1,4497
2253,lm,470.149,1.884908220697993e-11,6.34734410493034e-12,5.272770114030221e-12,7.228536588605256e-12,4.313994141118752e-16,1.0,1.0,1.0,1.0,2.560000000000003e-09,3.682073268129334e-06,9.075955712226684e-06,4.607930711978686e-05,3.5276992833410055e-05,3.577880144430441e-05,1,4499
2254,lm,470.353,1.8773012005772568e-11,6.320729009872902e-12,5.2528101499823624e-12,7.1990500679036395e-12,4.2277801366311397e-16,1.0,1.0,1.0,1.0,2.560000000000003e-09,3.6414991112232233e-06,9.063145124129932e-06,4.6007796457444804e-05,3.523863906740715e-05,3.573185689915754e-05,1,4501
2255,lm,470.558,1.8697517499367597e-11,6.294318841736416e-12,5.233007813857723e-12,7.169776469244393e-12,4.143745290650009e-16,1.0,1.0,1.0,1.0,2.560000000000003e-09,3.6016792957497734e-06,9.050377449039898e-06,4.5936531852354186e-05,3.520062028076412e-05,3.568515120511868e-05,1,4503
2256,lm,470.762,1.8622592881823986e-11,6.2681114974707435e-12,5.213361249316313e-12,7.140713908037018e-12,4.06226999910216e-16,1.0,1.0,1.0,1.0,2.560000000000003e-09,3.5625935565629647e-06,9.037652262456147e-06,4.5865510929807396e-05,3.5162933095744795e-05,3.563868175581851e-05,1,4505
2257,lm,470.966,1.8548232084351637e-11,6.242104835409975e-12,5.193868477879968e-12,7.1118604768056325e-12,3.9829425606077537e-16,1.0,1.0,1.0,1.0,2.560000000000003e-09,3.5242479973267705e-06,9.024969174216498e-06,4.5794731381957285e-05,3.512557414247573e-05,3.559244579831538e-05,1,4507
2258,lm,471.170,1.8474429393815413e-11,6.216296844889049e-12,5.174527658297442e-12,7.083214346427366e-12,3.9054420155200915e-16,1.0,1.0,1.0,1.0,2.560000000000003e-09,3.486621634707102e-06,9.012327807078106e-06,4.572419102862691e-05,3.508854005881842e-05,3.554644077574883e-05,1,4509
2259,lm,471.374,1.8401179120349194e-11,6.190685456572739e-12,5.155336991397514e-12,7.054773670482159e-12,3.8300189678262524e-16,1.0,1.0,1.0,1.0,2.560000000000003e-09,3.449700637065351e-06,8.999727800342326e-06,4.5653887574849844e-05,3.505182730430949e-05,3.5500663970021687e-05,1,4511
2260,lm,471.578,1.8328475544778623e-11,6.165268658151578e-12,5.136294617173003e-12,7.026536650251757e-12,3.756192022840404e-16,1.0,1.0,1.0,1.0,2.560000000000003e-09,3.4134832858803356e-06,8.987168769436942e-06,4.5583818883474254e-05,3.501543267004768e-05,3.545511296428242e-05,1,4513
2261,lm,471.783,1.8256313115930805e-11,6.140044476633506e-12,5.1173987091451215e-12,6.998501513014011e-12,3.684171381674944e-16,1.0,1.0,1.0,1.0,2.560000000000003e-09,3.3779518502733233e-06,8.974650317925772e-06,4.551398286024083e-05,3.497935255142634e-05,3.5409784999513715e-05,1,4515
2262,lm,471.987,1.8184686443750862e-11,6.1150109660821565e-12,5.098647673204473e-12,6.970666447679466e-12,3.613567847676099e-16,1.0,1.0,1.0,1.0,2.560000000000003e-09,3.3430972027821193e-06,8.962172156685248e-06,4.54443776363301e-05,3.494358383638168e-05,3.536467785740883e-05,1,4517
2263,lm,472.438,1.8113590030912616e-11,6.0901661915236984e-12,5.080039656369352e-12,6.943029742372034e-12,3.544406475310754e-16,1.0,1.0,1.0,1.0,2.560000000000003e-09,3.308905963057529e-06,8.949733956954214e-06,4.5375001121457485e-05,3.490812320016886e-05,3.5319789073621675e-05,1,4519
2264,lm,472.642,1.804301854193832e-11,6.0655082082681765e-12,5.061573018175523e-12,6.915589656356733e-12,3.476591378873441e-16,1.0,1.0,1.0,1.0,2.560000000000003e-09,3.2753691641773217e-06,8.93733536805943e-06,4.530585135149608e-05,3.487296730499861e-05,3.527511618239623e-05,1,4521
2265,lm,472.846,1.797296677270501e-11,6.041035161739289e-12,5.043246104817378e-12,6.888344504376543e-12,3.4100177179936214e-16,1.0,1.0,1.0,1.0,2.560000000000003e-09,3.2424749351154117e-06,8.924976081585891e-06,4.5236926420605226e-05,3.483811275234327e-05,3.5230656728618305e-05,1,4523
2266,lm,473.050,1.7903429529746908e-11,6.016745213350081e-12,5.025057280735867e-12,6.861292577147872e-12,3.344585130877043e-16,1.0,1.0,1.0,1.0,2.560000000000003e-09,3.2102101024673256e-06,8.912655805964477e-06,4.516822484786489e-05,3.480355642735761e-05,3.518640857869534e-05,1,4525
2267,lm,473.255,1.7834401725597527e-11,5.992636518671672e-12,5.007004967117792e-12,6.834432217347656e-12,3.280224604076012e-16,1.0,1.0,1.0,1.0,2.560000000000003e-09,3.1785655656896947e-06,8.90037428102118e-06,4.509974459192493e-05,3.47692949562438e-05,3.51423694056373e-05,1,4527
2268,lm,473.459,1.776587828508668e-11,5.968707242227053e-12,4.9890875775037476e-12,6.807761775824731e-12,3.2168953114796123e-16,1.0,1.0,1.0,1.0,2.560000000000003e-09,3.147530015767598e-06,8.888131153941245e-06,4.5031483925378126e-05,3.473532511125095e-05,3.509853689667764e-05,1,4529
2269,lm,473.663,1.7697854236114793e-11,5.944955635826033e-12,4.971303554724382e-12,6.7812796155148146e-12,3.154300495668031e-16,1.0,1.0,1.0,1.0,2.560000000000003e-09,3.1170913362518916e-06,8.875926197433145e-06,4.4963441233502815e-05,3.470164362852202e-05,3.5054908802541475e-05,1,4531
2270,lm,473.867,1.7630324718154228e-11,5.9213799187898615e-12,4.9536513992383815e-12,6.75498413253788e-12,3.092675881050844e-16,1.0,1.0,1.0,1.0,2.560000000000003e-09,3.087237242705362e-06,8.86375914308305e-06,4.489561511025812e-05,3.4668247384592094e-05,3.501148309695588e-05,1,4533
2271,lm,474.071,1.756328490504437e-11,5.897978383836108e-12,4.936129599326877e-12,6.72887373065512e-12,3.031912262594414e-16,1.0,1.0,1.0,1.0,2.560000000000003e-09,3.0579585657714947e-06,8.851629727702154e-06,4.482800372324215e-05,3.463513305902998e-05,3.4968257515659615e-05,1,4535
2272,lm,474.275,1.7496729980810602e-11,5.874749274899874e-12,4.9187366764924586e-12,6.702946841521484e-12,2.9718789678339874e-16,1.0,1.0,1.0,1.0,2.560000000000003e-09,3.0292482693737328e-06,8.83953770927115e-06,4.4760605665311624e-05,3.460229755691759e-05,3.4925230013028435e-05,1,4537
2273,lm,474.479,1.743065533035818e-11,5.851690938273229e-12,4.9014712445596905e-12,6.677201891531741e-12,2.9125599352109964e-16,1.0,1.0,1.0,1.0,2.560000000000003e-09,3.0010857760389487e-06,8.827482824662584e-06,4.4693419486237075e-05,3.456973760172247e-05,3.48823984004104e-05,1,4539
2274,lm,474.684,1.736505624091135e-11,5.8288016794908166e-12,4.884331837845482e-12,6.651637338810476e-12,2.85384764577313e-16,1.0,1.0,1.0,1.0,2.560000000000003e-09,2.9734704221270444e-06,8.815464889657558e-06,4.462644377516398e-05,3.4537450270712444e-05,3.483976091217395e-05,1,4541
2275,lm,474.888,1.7299928124323096e-11,5.806079840792038e-12,4.867317035826148e-12,6.626251671516122e-12,2.795761887872234e-16,1.0,1.0,1.0,1.0,2.560000000000003e-09,2.946385122620144e-06,8.803483627627184e-06,4.455967714848465e-05,3.4505432230897926e-05,3.4797315320595907e-05,1,4543
2276,lm,475.092,1.723526651245903e-11,5.783523821818501e-12,4.850425501069133e-12,6.601043369950515e-12,2.7381962088263896e-16,1.0,1.0,1.0,1.0,2.560000000000003e-09,2.919819066991514e-06,8.791538856334336e-06,4.449311835839636e-05,3.447368048296024e-05,3.4755059758174864e-05,1,4545
2277,lm,475.296,1.7171067024342367e-11,5.761132010911591e-12,4.833655938502632e-12,6.5760109415540975e-12,2.6813337404697346e-16,1.0,1.0,1.0,1.0,2.560000000000003e-09,2.8937614229807974e-06,8.779630394801649e-06,4.4426765992050636e-05,3.44421919164711e-05,3.4712992275602616e-05,1,4547
2278,lm,475.500,1.710732510537579e-11,5.738902790958592e-12,4.817006928822245e-12,6.5511529088016986e-12,2.6247679325424117e-16,1.0,1.0,1.0,1.0,2.560000000000003e-09,2.8682098693682413e-06,8.7677579513044e-06,4.4360618878034156e-05,3.4410963382804206e-05,3.467111089986888e-05,1,4549
2279,lm,475.704,1.7044036461991717e-11,5.716834626841442e-12,4.80047714101096e-12,6.526467804163564e-12,2.5688997574999424e-16,1.0,1.0,1.0,1.0,2.560000000000003e-09,2.8431416504928936e-06,8.755921442797662e-06,4.429467580777351e-05,3.437999194850038e-05,3.462941384518286e-05,1,4551
2280,lm,475.908,1.698119691795807e-11,5.694925963532376e-12,4.784065426094968e-12,6.501954186894137e-12,2.5134143658948624e-16,1.0,1.0,1.0,1.0,2.560000000000003e-09,2.8185518756775374e-06,8.744120599313543e-06,4.4228935624521554e-05,3.434927452878806e-05,3.458789926729139e-05,1,4553
2281,lm,476.112,1.6918802167053844e-11,5.6731752723916176e-12,4.767770443018417e-12,6.477610617708639e-12,2.458339351697441e-16,1.0,1.0,1.0,1.0,2.560000000000003e-09,2.7944343645284846e-06,8.732355284691026e-06,4.416339726586924e-05,3.4318808128809225e-05,3.4546565322552745e-05,1,4555
2282,lm,476.316,1.6856848063847086e-11,5.6515810679313614e-12,4.751590943415074e-12,6.4534356856955434e-12,2.403668051053494e-16,1.0,1.0,1.0,1.0,2.560000000000003e-09,2.7707749026443935e-06,8.72062530942377e-06,4.409805966376904e-05,3.4288589750696996e-05,3.4505410269808655e-05,1,4557
2283,lm,476.521,1.679533045468034e-11,5.630141831490619e-12,4.735525690063764e-12,6.429427985676904e-12,2.349474490527426e-16,1.0,1.0,1.0,1.0,2.560000000000003e-09,2.747562195437277e-06,8.708930528408249e-06,4.403292163748569e-05,3.4258616466793624e-05,3.4464432359120505e-05,1,4559
2284,lm,476.725,1.6734245305012506e-11,5.608856107194104e-12,4.719573512775706e-12,6.405586121981091e-12,2.2956306160339166e-16,1.0,1.0,1.0,1.0,2.560000000000003e-09,2.7247905012275854e-06,8.6972707536638e-06,4.396798242241411e-05,3.422888525105058e-05,3.442362989515073e-05,1,4561
2285,lm,476.929,1.667358856972845e-11,5.587722439294785e-12,4.7037331939148156e-12,6.3819087239080496e-12,2.2421261079971136e-16,1.0,1.0,1.0,1.0,2.560000000000003e-09,2.702440994493713e-06,8.68564587148406e-06,4.390324084287999e-05,3.4199393135611795e-05,3.438300113174894e-05,1,4563
2286,lm,477.133,1.6613356311292815e-11,5.56673937971096e-12,4.688003589048647e-12,6.358394433401633e-12,2.1890913157435283e-16,1.0,1.0,1.0,1.0,2.560000000000003e-09,2.680510028093868e-06,8.674055685235017e-06,4.383869608045741e-05,3.417013731725954e-05,3.434254442847919e-05,1,4565
2287,lm,477.337,1.6553544700967706e-11,5.545905577742171e-12,4.6723835839476365e-12,6.335041893227473e-12,2.136460504235621e-16,1.0,1.0,1.0,1.0,2.560000000000003e-09,2.658993967453497e-06,8.662500050015714e-06,4.377434723738381e-05,3.4141115015151324e-05,3.4302258216867625e-05,1,4567
2288,lm,477.541,1.6494149761621473e-11,5.525219562086615e-12,4.6568720098653765e-12,6.311849774355891e-12,2.084153135900839e-16,1.0,1.0,1.0,1.0,2.560000000000003e-09,2.6378759552881914e-06,8.65097887431832e-06,4.371019347887613e-05,3.411232314513063e-05,3.426214084455751e-05,1,4569
2289,lm,477.745,1.6435167699569245e-11,5.504679976944697e-12,4.641467744978759e-12,6.288816749334645e-12,2.0322831114328932e-16,1.0,1.0,1.0,1.0,2.560000000000003e-09,2.6171488951614423e-06,8.63949200537816e-06,4.364623391158579e-05,3.408375901794524e-05,3.422219068424247e-05,1,4571
2290,lm,477.950,1.637659475494726e-11,5.4842854778196685e-12,4.626169689889449e-12,6.265941515594682e-12,1.9807164346080698e-16,1.0,1.0,1.0,1.0,2.560000000000003e-09,2.596802578212112e-06,8.628039290441664e-06,4.358246776675039e-05,3.405541969839554e-05,3.418240620782035e-05,1,4573
2291,lm,478.154,1.631842722057836e-11,5.464034692548845e-12,4.610976803932553e-12,6.243222766744986e-12,1.9295735197670142e-16,1.0,1.0,1.0,1.0,2.560000000000003e-09,2.576825412626459e-06,8.616620640002346e-06,4.3518894300075365e-05,3.4027302675075593e-05,3.4142786052433375e-05,1,4575
2292,lm,478.358,1.6260661411777987e-11,5.443926311778313e-12,4.595887990276272e-12,6.220659224169608e-12,1.8788555379376896e-16,1.0,1.0,1.0,1.0,2.560000000000003e-09,2.5572150364695287e-06,8.605235925055062e-06,4.345551280545603e-05,3.3999404721531365e-05,3.410332844293545e-05,1,4577
2293,lm,478.562,1.620329369099136e-11,5.423959015491905e-12,4.580902216831077e-12,6.1982496136927395e-12,1.8284497563794582e-16,1.0,1.0,1.0,1.0,2.560000000000003e-09,2.5379577481029714e-06,8.593885037302958e-06,4.339232257416291e-05,3.397172358955596e-05,3.406403216316017e-05,1,4579
2294,lm,478.766,1.6146320516720147e-11,5.404131490703526e-12,4.5660185072517784e-12,6.175992673278092e-12,1.7784548674845357e-16,1.0,1.0,1.0,1.0,2.560000000000003e-09,2.5190436989669184e-06,8.58256787161942e-06,4.3329322921637555e-05,3.394425627439653e-05,3.4024895568599854e-05,1,4581
2295,lm,478.970,1.6089738254292436e-11,5.384442458175525e-12,4.5512357438063824e-12,6.153887157079612e-12,1.728952309188238e-16,1.0,1.0,1.0,1.0,2.560000000000003e-09,2.5004725351960763e-06,8.5712842708272e-06,4.3266513139758585e-05,3.3917000027508846e-05,3.3985917267343414e-05,1,4583
2296,lm,479.175,1.6033543435245405e-11,5.364890657961431e-12,4.536552960060939e-12,6.131931833435123e-12,1.6798378791018596e-16,1.0,1.0,1.0,1.0,2.560000000000003e-09,2.4822265405812042e-06,8.560034206625572e-06,4.320389276725713e-05,3.38899524612621e-05,3.39470960624471e-05,1,4585
2297,lm,479.379,1.597773259684455e-11,5.345474814610509e-12,4.5219692056814984e-12,6.110125460894378e-12,1.6311565816334305e-16,1.0,1.0,1.0,1.0,2.560000000000003e-09,2.4642995100348935e-06,8.54881755900396e-06,4.314146108812041e-05,3.3863110550351016e-05,3.390843030638338e-05,1,4587
2298,lm,479.583,1.5922302346023072e-11,5.326193735237891e-12,4.507483490477733e-12,6.088466832727916e-12,1.582875795341984e-16,1.0,1.0,1.0,1.0,2.560000000000003e-09,2.4466878268372666e-06,8.537634212163685e-06,4.307921750077768e-05,3.3836471986112004e-05,3.386991871480842e-05,1,4589
2299,lm,479.787,1.5867249257819583e-11,5.3070461467922395e-12,4.4930948366072255e-12,6.0669547542282464e-12,1.535201918739401e-16,1.0,1.0,1.0,1.0,2.560000000000003e-09,2.429376181930663e-06,8.526484062693608e-06,4.301716153529052e-05,3.3810034071845886e-05,3.383156006465995e-05,1,4591
2300,lm,479.991,1.5812570029413585e-11,5.288030888162078e-12,4.478802335813691e-12,6.045588019275732e-12,1.487861620847737e-16,1.0,1.0,1.0,1.0,2.560000000000003e-09,2.4123678885969697e-06,8.515367078028109e-06,4.2955292695804644e-05,3.378379413594145e-05,3.3793352927066755e-05,1,4593
2301,lm,480.195,1.5758261319623435e-11,5.269146715118173e-12,4.464605044041332e-12,6.024365458896478e-12,1.441015674503817e-16,1.0,1.0,1.0,1.0,2.560000000000003e-09,2.3956433935436683e-06,8.504283143307303e-06,4.289361054121303e-05,3.375774974143098e-05,3.3755296063435545e-05,1,4595
2302,lm,480.400,1.5704319894622522e-11,5.250392487245484e-12,4.450502034211617e-12,6.00328589504148e-12,1.3947812394370193e-16,1.0,1.0,1.0,1.0,2.560000000000003e-09,2.3792000164587447e-06,8.49323216944174e-06,4.283211440759645e-05,3.373189844441639e-05,3.371738817845789e-05,1,4597
2303,lm,480.604,1.5650742463822456e-11,5.231766991059378e-12,4.436492412393627e-12,5.982348167377717e-12,1.3489299173475307e-16,1.0,1.0,1.0,1.0,2.560000000000003e-09,2.363035345005658e-06,8.482214132783743e-06,4.277080402122132e-05,3.370623768126337e-05,3.3679628064802423e-05,1,4599
2304,lm,480.808,1.55975259213541e-11,5.213269107559502e-12,4.422575309959787e-12,5.9615511281233734e-12,1.3037571143804212e-16,1.0,1.0,1.0,1.0,2.560000000000003e-09,2.347131985191626e-06,8.471228879520831e-06,4.270967880042672e-05,3.368076483856589e-05,3.364201444271435e-05,1,4601
2305,lm,481.012,1.5544667033829753e-11,5.1948976854778914e-12,4.4087498092149476e-12,5.940893630143395e-12,1.259089935211609e-16,1.0,1.0,1.0,1.0,2.560000000000003e-09,2.3314954216494454e-06,8.460276400299138e-06,4.264873846975581e-05,3.365547763275293e-05,3.36045461386899e-05,1,4603
2306,lm,481.216,1.5492162718986765e-11,5.176651608663648e-12,4.395015058652494e-12,5.920374552353694e-12,1.214993169277426e-16,1.0,1.0,1.0,1.0,2.560000000000003e-09,2.316106721268476e-06,8.449356585819196e-06,4.258798259153792e-05,3.3630373723151447e-05,3.3567222017058023e-05,1,4605
2307,lm,481.420,1.544000983761952e-11,5.158529732997876e-12,4.381370193470651e-12,5.89999276945388e-12,1.1714169711388646e-16,1.0,1.0,1.0,1.0,2.560000000000003e-09,2.3009687864942845e-06,8.438469398774976e-06,4.252741074734023e-05,3.360545058884708e-05,3.353004077658234e-05,1,4607
2308,lm,481.625,1.538820540085121e-11,5.14053096145487e-12,4.36781439719101e-12,5.87974718098926e-12,1.1286121607120628e-16,1.0,1.0,1.0,1.0,2.560000000000003e-09,2.286065382127686e-06,8.42761473290036e-06,4.2467022510761645e-05,3.35807057395424e-05,3.349300125145972e-05,1,4609
2309,lm,481.829,1.533674632293659e-11,5.122654215842503e-12,4.354346799860502e-12,5.859636678450963e-12,1.0862878262042881e-16,1.0,1.0,1.0,1.0,2.560000000000003e-09,2.2714024911506505e-06,8.41679255089556e-06,4.2406817599600964e-05,3.355613721889853e-05,3.345610245206039e-05,1,4611
2310,lm,482.033,1.5285629653630378e-11,5.104898395638856e-12,4.340966623399791e-12,5.8396601691228336e-12,1.0446546889524298e-16,1.0,1.0,1.0,1.0,2.560000000000003e-09,2.2569592501159244e-06,8.406002811809053e-06,4.2346795750535266e-05,3.353174241517241e-05,3.341934318632221e-05,1,4613
2311,lm,482.237,1.523485243144871e-11,5.087262456833727e-12,4.327673019402024e-12,5.819816585689237e-12,1.003695237231089e-16,1.0,1.0,1.0,1.0,2.560000000000003e-09,2.2427412095949954e-06,8.395245429914857e-06,4.228695660013876e-05,3.350751901789293e-05,3.3382722319279225e-05,1,4615
2312,lm,482.441,1.518441170850726e-11,5.069745334769199e-12,4.314465201985811e-12,5.800104834419447e-12,9.633733280320317e-17,1.0,1.0,1.0,1.0,2.560000000000003e-09,2.228736937205295e-06,8.384520353466777e-06,4.222729977847768e-05,3.348346499627056e-05,3.3346238824982674e-05,1,4617
2313,lm,482.645,1.513430460105678e-11,5.052345964436371e-12,4.3013423920617804e-12,5.780523865410573e-12,9.237914805489197e-17,1.0,1.0,1.0,1.0,2.560000000000003e-09,2.2149404051376836e-06,8.373827533844473e-06,4.216782510498598e-05,3.345957801407363e-05,3.330989163078657e-05,1,4619
2314,lm,482.850,1.5084528266720638e-11,5.0350633405852206e-12,4.288303814691707e-12,5.761072623113714e-12,8.848832999712494e-17,1.0,1.0,1.0,1.0,2.560000000000003e-09,2.20134594079216e-06,8.363166885388885e-06,4.210853220952764e-05,3.3435855744498253e-05,3.3273679603795926e-05,1,4621
2315,lm,483.054,1.5035079795483333e-11,5.017896399626486e-12,4.2753486736737544e-12,5.741750054281684e-12,8.466790140928811e-17,1.0,1.0,1.0,1.0,2.560000000000003e-09,2.1879518889137495e-06,8.352538401365763e-06,4.2049420839981905e-05,3.341229630240116e-05,3.323760182679992e-05,1,4623
2316,lm,483.258,1.498595647734609e-11,5.000844181166839e-12,4.262476234990724e-12,5.722555135496975e-12,8.092569155038975e-17,1.0,1.0,1.0,1.0,2.560000000000003e-09,2.174743832346951e-06,8.341942000012679e-06,4.199049077700504e-05,3.3388897257582075e-05,3.320165716263097e-05,1,4625
2317,lm,483.462,1.4937155507795374e-11,4.983905646812727e-12,4.2496857601095965e-12,5.703486843730593e-12,7.725714245952948e-17,1.0,1.0,1.0,1.0,2.560000000000003e-09,2.16172929852925e-06,8.331377632897975e-06,4.1931741793074464e-05,3.3365656695669756e-05,3.316584470067184e-05,1,4627
2318,lm,483.666,1.4888674102254995e-11,4.967079819223851e-12,4.236976469342165e-12,5.68454414877953e-12,7.366490944937393e-17,1.0,1.0,1.0,1.0,2.560000000000003e-09,2.1488953604258547e-06,8.320845251378494e-06,4.187317358258311e-05,3.334257233840674e-05,3.3130163348869875e-05,1,4629
2319,lm,483.871,1.484050955880738e-11,4.950365710080422e-12,4.224347651031857e-12,5.665726044284912e-12,7.015341018813679e-17,1.0,1.0,1.0,1.0,2.560000000000003e-09,2.1362361461918432e-06,8.310344826953793e-06,4.18147859559944e-05,3.331964236095803e-05,3.309461227690844e-05,1,4631
2320,lm,484.075,1.4792659184767645e-11,4.933762348834101e-12,4.211798597000175e-12,5.647031521297544e-12,6.671763582964517e-17,1.0,1.0,1.0,1.0,2.560000000000003e-09,2.1237483654239096e-06,8.29987627815547e-06,4.175657869460065e-05,3.329686438757537e-05,3.3059190429943884e-05,1,4633
2321,lm,484.279,1.4745120346047934e-11,4.917268797083051e-12,4.199328585791474e-12,5.628459600849308e-12,6.336232409922153e-17,1.0,1.0,1.0,1.0,2.560000000000003e-09,2.1114269918911223e-06,8.289439580585948e-06,4.1698551510850734e-05,3.327423671543367e-05,3.302389683173268e-05,1,4635
2322,lm,484.483,1.4697890350757633e-11,4.90088407541712e-12,4.186936895065203e-12,5.61000928609109e-12,6.009418422151714e-17,1.0,1.0,1.0,1.0,2.560000000000003e-09,2.099270596917566e-06,8.279034675037034e-06,4.164070431904616e-05,3.3251757189934455e-05,3.2988730554187007e-05,1,4637
2323,lm,484.687,1.465096663235134e-11,4.884607254472976e-12,4.174622870115652e-12,5.591679604467902e-12,5.69032948106151e-17,1.0,1.0,1.0,1.0,2.560000000000003e-09,2.087267670107401e-06,8.268661521300093e-06,4.158303689759043e-05,3.322942389525852e-05,3.295369079971824e-05,1,4639
2324,lm,484.892,1.4604346587561755e-11,4.868437400619708e-12,4.1623857942886305e-12,5.573469594595092e-12,5.3798058323191527e-17,1.0,1.0,1.0,1.0,2.560000000000003e-09,2.075422067108298e-06,8.258320069698694e-06,4.152554901824768e-05,3.320723487727929e-05,3.2918776450221784e-05,1,4641
2325,lm,485.096,1.4558027649457043e-11,4.852373589376314e-12,4.150224994612137e-12,5.555378287387697e-12,5.07780808951011e-17,1.0,1.0,1.0,1.0,2.560000000000003e-09,2.063720325659526e-06,8.248010285172243e-06,4.14682405011771e-05,3.318518823368386e-05,3.288398680512315e-05,1,4643
2326,lm,485.300,1.4512007272886355e-11,4.836414915990358e-12,4.138139777993088e-12,5.537404735171434e-12,4.7843731472112346e-17,1.0,1.0,1.0,1.0,2.560000000000003e-09,2.0521672625521783e-06,8.237732119906695e-06,4.141111111102263e-05,3.3163282119753185e-05,3.284932088800044e-05,1,4645
2327,lm,485.504,1.4466283000520286e-11,4.820560467224467e-12,4.126129542846047e-12,5.519547992792121e-12,4.499765765309702e-17,1.0,1.0,1.0,1.0,2.560000000000003e-09,2.0407511240630995e-06,8.22748551012491e-06,4.13541607679832e-05,3.314151465951026e-05,3.2814777790617565e-05,1,4647
2328,lm,485.708,1.4420852280229924e-11,4.8048093483981555e-12,4.1141935774869e-12,5.501807117387378e-12,4.223695749054391e-17,1.0,1.0,1.0,1.0,2.560000000000003e-09,2.029475208515574e-06,8.217270435912206e-06,4.129738925437215e-05,3.311988404166403e-05,3.278035677684783e-05,1,4649
2329,lm,485.913,1.43757127117672e-11,4.7891606888255934e-12,4.102331275998733e-12,5.4841811819837074e-12,3.956495916648739e-17,1.0,1.0,1.0,1.0,2.560000000000003e-09,2.0183296804571508e-06,8.207086863431044e-06,4.124079641000125e-05,3.3098388473273136e-05,3.274605681260296e-05,1,4651
2330,lm,486.117,1.4330861795213878e-11,4.773613588868489e-12,4.090541952193419e-12,5.466669272060558e-12,3.698209141434091e-17,1.0,1.0,1.0,1.0,2.560000000000003e-09,2.0073155835465558e-06,8.19693469991581e-06,4.118438206917375e-05,3.307702605835536e-05,3.271187726108701e-05,1,4653
2331,lm,486.321,1.4286297140061144e-11,4.758167185669481e-12,4.078825013021901e-12,5.4492704558538055e-12,3.4485515956331707e-17,1.0,1.0,1.0,1.0,2.560000000000003e-09,1.996425835605136e-06,8.186813957606627e-06,4.112814607112145e-05,3.305579516876945e-05,3.267781714404457e-05,1,4655
2332,lm,486.525,1.4242016400032969e-11,4.742820642612195e-12,4.067179823169058e-12,5.431983850728088e-12,3.208352362836315e-17,1.0,1.0,1.0,1.0,2.560000000000003e-09,1.985653796092539e-06,8.176724553409635e-06,4.107208825482284e-05,3.3034694132264196e-05,3.264387573931362e-05,1,4657
2333,lm,486.729,1.4198017149073127e-11,4.727573066720943e-12,4.055605765052981e-12,5.414808549891622e-12,2.976740758193752e-17,1.0,1.0,1.0,1.0,2.560000000000003e-09,1.9750067907185194e-06,8.16666645472753e-06,4.101620844324101e-05,3.301372099433021e-05,3.2610052171800444e-05,1,4659
2334,lm,486.934,1.4154297057805929e-11,4.712423654642529e-12,4.0441022119402715e-12,5.397743652046302e-12,2.7539176824496065e-17,1.0,1.0,1.0,1.0,2.560000000000003e-09,1.964474004034208e-06,8.156639620976663e-06,4.096050648874169e-05,3.299287439246786e-05,3.25763457341385e-05,1,4661
2335,lm,487.138,1.4110853830576953e-11,4.697371554811354e-12,4.032668586076465e-12,5.380788285987216e-12,2.540370191845747e-17,1.0,1.0,1.0,1.0,2.560000000000003e-09,1.9540499976861423e-06,8.14664399247436e-06,4.090498224698134e-05,3.297215259124423e-05,3.254275558934013e-05,1,4663
2336,lm,487.342,1.4067685108753228e-11,4.682415916065769e-12,4.021304267253066e-12,5.363941567007737e-12,2.3358426656410845e-17,1.0,1.0,1.0,1.0,2.560000000000003e-09,1.943736262740558e-06,8.13667956348506e-06,4.084963560092519e-05,3.2951553834843645e-05,3.250928094534997e-05,1,4665
2337,lm,487.546,1.4024788675900748e-11,4.667555959688634e-12,4.010008690578902e-12,5.347202623390836e-12,2.1402242377620067e-17,1.0,1.0,1.0,1.0,2.560000000000003e-09,1.9335299908011965e-06,8.126746241816863e-06,4.0794466263372194e-05,3.2931076696444165e-05,3.247592107280434e-05,1,4667
2338,lm,487.750,1.3982162243996563e-11,4.652790858969583e-12,3.998781250367841e-12,5.330570597025766e-12,1.9537633372583083e-17,1.0,1.0,1.0,1.0,2.560000000000003e-09,1.9234246571056242e-06,8.11684399220983e-06,4.0739474203285394e-05,3.291071937391285e-05,3.2442675147751655e-05,1,4669
2339,lm,487.954,1.3939803557856307e-11,4.638119783467118e-12,3.98762137889064e-12,5.3140446341675766e-12,1.7761330973991077e-17,1.0,1.0,1.0,1.0,2.560000000000003e-09,1.913421744618831e-06,8.106972804617756e-06,4.0684659248576016e-05,3.289048060289248e-05,3.2409542522537075e-05,1,4671
2340,lm,488.159,1.3897710428491892e-11,4.6235419703022695e-12,3.976528511342498e-12,5.297623873589225e-12,1.6073257897843176e-17,1.0,1.0,1.0,1.0,2.560000000000003e-09,1.9035154014570807e-06,8.097132572661388e-06,4.063002115418108e-05,3.2870358690050666e-05,3.2376522386846673e-05,1,4673
2341,lm,488.363,1.3855880650010732e-11,4.60905661669963e-12,3.9655020732811405e-12,5.281307483451416e-12,1.4476578545707745e-17,1.0,1.0,1.0,1.0,2.560000000000003e-09,1.893705155871138e-06,8.087323309008166e-06,4.057555989570901e-05,3.2850352096719265e-05,3.234361405649303e-05,1,4675
2342,lm,488.567,1.3814312038762598e-11,4.594662936791419e-12,3.95454150773919e-12,5.265094627482249e-12,1.2966749740189534e-17,1.0,1.0,1.0,1.0,2.560000000000003e-09,1.8839876465225227e-06,8.077544915262112e-06,4.0521275135811826e-05,3.283045934981405e-05,3.2310816727588663e-05,1,4677
2343,lm,488.771,1.3773002456317441e-11,4.580360178721475e-12,3.943646254774738e-12,5.248984476040114e-12,1.1546781111070524e-17,1.0,1.0,1.0,1.0,2.560000000000003e-09,1.8743589745821082e-06,8.067797373805524e-06,4.046716686152137e-05,3.281067919702867e-05,3.227812980223318e-05,1,4679
2344,lm,488.975,1.3731949762644974e-11,4.5661475523047894e-12,3.932815800641111e-12,5.232976198351508e-12,1.0211347568082229e-17,1.0,1.0,1.0,1.0,2.560000000000003e-09,1.864818385460375e-06,8.058080615804218e-06,4.041323488116049e-05,3.2791009970486884e-05,3.224555258172058e-05,1,4681
2345,lm,489.180,1.369115180545057e-11,4.552024313932615e-12,3.922049529722275e-12,5.2170689945239855e-12,8.967271696564913e-18,1.0,1.0,1.0,1.0,2.560000000000003e-09,1.8553652420324807e-06,8.04839462903268e-06,4.035947895021594e-05,3.27714503310753e-05,3.221308423669568e-05,1,4683
2346,lm,489.384,1.3650606552842279e-11,4.537989696130734e-12,3.911347000010926e-12,5.2012620515826966e-12,7.805117922117611e-18,1.0,1.0,1.0,1.0,2.560000000000003e-09,1.8459892298118546e-06,8.038739315850136e-06,4.0305899000463754e-05,3.275199897156849e-05,3.2180724217235525e-05,1,4685
2347,lm,489.588,1.3610311857608832e-11,4.52404294894211e-12,3.900707611105493e-12,5.18555456851062e-12,6.72905060792993e-18,1.0,1.0,1.0,1.0,2.560000000000003e-09,1.836699433919765e-06,8.029114643700189e-06,4.025249480932085e-05,3.273265445989491e-05,3.214847176117823e-05,1,4687
2348,lm,489.792,1.3570265718434502e-11,4.510183340191509e-12,3.890130895667047e-12,5.16994574468509e-12,5.7378908557130825e-18,1.0,1.0,1.0,1.0,2.560000000000003e-09,1.827486112229356e-06,8.019520576639895e-06,4.019926617221202e-05,3.271341555512439e-05,3.21163262325267e-05,1,4689
2349,lm,489.996,1.3530466051975176e-11,4.496410156612622e-12,3.879616275111303e-12,5.154434789639833e-12,4.830611418014391e-18,1.0,1.0,1.0,1.0,2.560000000000003e-09,1.8183530752368842e-06,8.009957031022858e-06,4.0146212978926966e-05,3.2694280823012484e-05,3.208428701924991e-05,1,4691
2350,lm,490.200,1.3490910854836813e-11,4.482722644679681e-12,3.869163282931505e-12,5.139020922519207e-12,4.004706419960508e-18,1.0,1.0,1.0,1.0,2.560000000000003e-09,1.8092949793014316e-06,8.000423986551634e-06,4.0093335025405175e-05,3.2675248940191176e-05,3.2052353353016956e-05,1,4693
2351,lm,490.405,1.3451598121333092e-11,4.4691200945971885e-12,3.858771390828006e-12,5.123703376184119e-12,3.2597237786879653e-18,1.0,1.0,1.0,1.0,2.560000000000003e-09,1.8003085713011556e-06,7.990921365562619e-06,4.00406321206784e-05,3.265631879302871e-05,3.202052469578084e-05,1,4695
2352,lm,490.609,1.341252586137948e-11,4.455601797166285e-12,3.848440100971998e-12,5.108481367707843e-12,2.5955333518776767e-18,1.0,1.0,1.0,1.0,2.560000000000003e-09,1.7913914128922665e-06,7.9814491196716e-06,3.998810405324497e-05,3.263748893353684e-05,3.198880023933755e-05,1,4697
2353,lm,490.813,1.3373692126392679e-11,4.442167059866454e-12,3.838168910026371e-12,5.09335414616357e-12,2.0103362830444485e-18,1.0,1.0,1.0,1.0,2.560000000000003e-09,1.7825457656661965e-06,7.972007211625817e-06,3.993575063897361e-05,3.261875830856357e-05,3.19571795568893e-05,1,4699
2354,lm,491.017,1.333509494439082e-11,4.428815169600474e-12,3.827957333058393e-12,5.078320938910552e-12,1.5028213996486981e-18,1.0,1.0,1.0,1.0,2.560000000000003e-09,1.7737692123430443e-06,7.962595553280297e-06,3.988357173829933e-05,3.2600125496375884e-05,3.192566189927312e-05,1,4701
2355,lm,491.221,1.3296732388641436e-11,4.415545419099763e-12,3.817804892868897e-12,5.063381005600191e-12,1.0710725822901694e-18,1.0,1.0,1.0,1.0,2.560000000000003e-09,1.7650606691179777e-06,7.953214109298675e-06,3.9831567110582716e-05,3.258158954428341e-05,3.189424663997372e-05,1,4703
2356,lm,491.425,1.3258602556004337e-11,4.402357140646589e-12,3.807711099094074e-12,5.0485336011944655e-12,7.1506920785397845e-19,1.0,1.0,1.0,1.0,2.560000000000003e-09,1.7564146985453355e-06,7.943862793505081e-06,3.977973648782054e-05,3.256314913196104e-05,3.18629332359711e-05,1,4705
2357,lm,491.629,1.3220703508439022e-11,4.3892496495132885e-12,3.79767544625862e-12,5.033777980364885e-12,4.323022291263349e-19,1.0,1.0,1.0,1.0,2.560000000000003e-09,1.7478346042517994e-06,7.93454157556425e-06,3.972807968011541e-05,3.254480329710567e-05,3.183172103527353e-05,1,4707
2358,lm,491.834,1.3183033408105769e-11,4.37622226611556e-12,3.78769750738739e-12,5.019113413193091e-12,2.214097276493955e-19,1.0,1.0,1.0,1.0,2.560000000000003e-09,1.73931304055008e-06,7.925250389645657e-06,3.967659661641607e-05,3.2526550775064486e-05,3.1800609445502e-05,1,4709
2359,lm,492.038,1.3145590346856762e-11,4.363274330061462e-12,3.777776765955183e-12,5.004539169431121e-12,8.140899657690801e-20,1.0,1.0,1.0,1.0,2.560000000000003e-09,1.7308555673999074e-06,7.915989180106555e-06,3.962528693163518e-05,3.250839036031764e-05,3.17695978544377e-05,1,4711
2360,lm,492.242,1.3108372521097624e-11,4.350405172708903e-12,3.7679128081230144e-12,4.9900545300353856e-12,1.0230319555554299e-20,1.0,1.0,1.0,1.0,2.560000000000003e-09,1.7224543825628573e-06,7.90675784731078e-06,3.957415038702081e-05,3.2490321105261916e-05,3.173868568678959e-05,1,4713
2361,lm,492.446,1.3071378069321742e-11,4.33761413162551e-12,3.758105140549279e-12,4.975658790521295e-12,6.625658225357271e-21,1.0,1.0,1.0,1.0,2.560000000000003e-09,1.714111579705598e-06,7.897556379646252e-06,3.952318684693857e-05,3.2472341941630295e-05,3.1707872368994886e-05,1,4715
2362,lm,492.650,1.3034605193273443e-11,4.324900582059425e-12,3.748353316400023e-12,4.961351226001936e-12,6.881205960820459e-20,1.0,1.0,1.0,1.0,2.560000000000003e-09,1.7058270025429197e-06,7.888384694975529e-06,3.9472396057776105e-05,3.245445169496586e-05,3.1677157260716414e-05,1,4717
2363,lm,492.855,1.2998052078841087e-11,4.3122638491661816e-12,3.738656902118211e-12,4.947131132238332e-12,1.9531836103530626e-19,1.0,1.0,1.0,1.0,2.560000000000003e-09,1.6975975894464964e-06,7.879242709135032e-06,3.9421777727524174e-05,3.2436649469760354e-05,3.164653986420018e-05,1,4719
2364,lm,493.059,1.2961716952995e-11,4.29970330974114e-12,3.729015442641637e-12,4.932997816259052e-12,3.8435317093204714e-19,1.0,1.0,1.0,1.0,2.560000000000003e-09,1.689423578780411e-06,7.87013038002589e-06,3.937133167275231e-05,3.2418934189140894e-05,3.161601961364993e-05,1,4721
2365,lm,493.263,1.292559803437824e-11,4.2872183376393575e-12,3.719428476681497e-12,4.918950585933526e-12,6.341238600363595e-19,1.0,1.0,1.0,1.0,2.560000000000003e-09,1.6813021434567066e-06,7.861047637050039e-06,3.9321057560779885e-05,3.2401304900227465e-05,3.15855959401987e-05,1,4723
2366,lm,493.467,1.2889693577039422e-11,4.274808285357339e-12,3.70989559380532e-12,4.904988754760463e-12,9.431163025278836e-19,1.0,1.0,1.0,1.0,2.560000000000003e-09,1.6732320323447872e-06,7.851994383456258e-06,3.927095521797848e-05,3.238376047399571e-05,3.155526818664408e-05,1,4725
2367,lm,493.671,1.285400185450836e-11,4.262472554109695e-12,3.70041635012526e-12,4.8911116409656584e-12,1.3093077476361568e-18,1.0,1.0,1.0,1.0,2.560000000000003e-09,1.6652139989876649e-06,7.84297059493946e-06,3.922102435020976e-05,3.236630011650453e-05,3.152503595417226e-05,1,4727
2368,lm,493.875,1.2818521121316055e-11,4.250210501474253e-12,3.690990318412199e-12,4.877318570155615e-12,1.7312739881948781e-18,1.0,1.0,1.0,1.0,2.560000000000003e-09,1.6572486808880266e-06,7.833976178588162e-06,3.917126471898218e-05,3.2348922896765645e-05,3.149489865119104e-05,1,4729
2369,lm,494.080,1.278324969164096e-11,4.238021544822465e-12,3.681617076548343e-12,4.863608863696e-12,2.2065741537232067e-18,1.0,1.0,1.0,1.0,2.560000000000003e-09,1.6493318685296137e-06,7.825011081086853e-06,3.912167599893138e-05,3.233162774778847e-05,3.146485565819229e-05,1,4731
2370,lm,494.284,1.2748185851690369e-11,4.225905056339294e-12,3.672296193793184e-12,4.849981867144081e-12,2.7344138106067448e-18,1.0,1.0,1.0,1.0,2.560000000000003e-09,1.6414616762248224e-06,7.81607520066122e-06,3.907225793311036e-05,3.231441382164131e-05,3.14349065484173e-05,1,4733
2371,lm,494.488,1.2713327935944178e-11,4.21386044801554e-12,3.6630272590788796e-12,4.836436916517219e-12,3.312332536587391e-18,1.0,1.0,1.0,1.0,2.560000000000003e-09,1.6336398765875835e-06,7.807168483505013e-06,3.9023010212439315e-05,3.229728033969259e-05,3.140505078554682e-05,1,4735
2372,lm,494.692,1.2678674286223317e-11,4.201887117180221e-12,3.653809866067542e-12,4.8229733647895466e-12,3.938186006924298e-18,1.0,1.0,1.0,1.0,2.560000000000003e-09,1.6258637533182482e-06,7.798290839760975e-06,3.897393256993222e-05,3.228022621657566e-05,3.1375287703209486e-05,1,4737
2373,lm,494.897,1.264422325971467e-11,4.189984482841206e-12,3.644643612764332e-12,4.809590553735859e-12,4.6103732746079914e-18,1.0,1.0,1.0,1.0,2.560000000000003e-09,1.6181355808332224e-06,7.789442230463078e-06,3.8925024721692796e-05,3.2263250657973564e-05,3.134561692861598e-05,1,4739
2374,lm,495.101,1.2609973205249078e-11,4.178151959671187e-12,3.635528070385886e-12,4.796287847546878e-12,5.327645125604095e-18,1.0,1.0,1.0,1.0,2.560000000000003e-09,1.6104509541164529e-06,7.780622543976539e-06,3.8876286361817016e-05,3.224635298072835e-05,3.1316037933477475e-05,1,4741
2375,lm,495.305,1.2575922516406044e-11,4.166388972889946e-12,3.626462854702231e-12,4.783064601495751e-12,6.0873181161106036e-18,1.0,1.0,1.0,1.0,2.560000000000003e-09,1.6028128769162631e-06,7.771831736917486e-06,3.882771722344412e-05,3.222953212658532e-05,3.128655019958019e-05,1,4743
2376,lm,495.509,1.2542069582292878e-11,4.154694938333905e-12,3.617447567865554e-12,4.769920187696021e-12,6.8883973975423434e-18,1.0,1.0,1.0,1.0,2.560000000000003e-09,1.5952177522245948e-06,7.763069720877489e-06,3.8779316915496554e-05,3.2212787424260266e-05,3.1257153195429435e-05,1,4745
2377,lm,495.713,1.2508412815196719e-11,4.143069297127298e-12,3.608481811849412e-12,4.756853977810537e-12,7.72840947207296e-18,1.0,1.0,1.0,1.0,2.560000000000003e-09,1.587664822809063e-06,7.754336406683953e-06,3.873108518794743e-05,3.219611799358411e-05,3.12278463695532e-05,1,4747
2378,lm,495.917,1.247495061663335e-11,4.131511469657365e-12,3.599565195625618e-12,4.7438653452363765e-12,8.60611399006661e-18,1.0,1.0,1.0,1.0,2.560000000000003e-09,1.5801558762624927e-06,7.745631713610893e-06,3.868302163895762e-05,3.2179523102930246e-05,3.1198629333822226e-05,1,4749
2379,lm,496.121,1.2441681457996491e-11,4.120020920701762e-12,3.590697336753764e-12,4.730953682240054e-12,9.518300911438787e-18,1.0,1.0,1.0,1.0,2.560000000000003e-09,1.5726876954160407e-06,7.736955595030685e-06,3.863512605306685e-05,3.2163002003235004e-05,3.1169501572679284e-05,1,4751
2380,lm,496.326,1.240860377409194e-11,4.108597080210241e-12,3.5818778624624934e-12,4.71811836768406e-12,1.0463735146099703e-17,1.0,1.0,1.0,1.0,2.560000000000003e-09,1.5652580163733177e-06,7.72830793649133e-06,3.8587397950294606e-05,3.214655391232388e-05,3.114046255707169e-05,1,4753
2381,lm,496.530,1.2375716026414529e-11,4.097239406603394e-12,3.5731063807482617e-12,4.705358798200904e-12,1.144086196840844e-17,1.0,1.0,1.0,1.0,2.560000000000003e-09,1.5578719997951207e-06,7.719688672743769e-06,3.853983712735811e-05,3.213017796987328e-05,3.111151183092697e-05,1,4755
2382,lm,496.734,1.2343016681842193e-11,4.085947354402201e-12,3.5643825020463807e-12,4.692674376160351e-12,1.2449233259733203e-17,1.0,1.0,1.0,1.0,2.560000000000003e-09,1.550525556342241e-06,7.711097720408945e-06,3.8492443138442374e-05,3.211387368644049e-05,3.108264887613289e-05,1,4757
2383,lm,496.938,1.2310504260981374e-11,4.074720396120371e-12,3.5557058884199368e-12,4.680064492034614e-12,1.3484406453712477e-17,1.0,1.0,1.0,1.0,2.560000000000003e-09,1.5432169881733232e-06,7.702534978033134e-06,3.844521566492744e-05,3.209764003492803e-05,3.10538732084867e-05,1,4759
2384,lm,497.142,1.2278177235465839e-11,4.06355798548354e-12,3.5470761411406643e-12,4.667528562845755e-12,1.4545995880627754e-17,1.0,1.0,1.0,1.0,2.560000000000003e-09,1.535949096571753e-06,7.694000384351924e-06,3.8398154389588185e-05,3.208147656815444e-05,3.102518452113455e-05,1,4761
2385,lm,497.346,1.224603414382552e-11,4.052459589931609e-12,3.5384929187333486e-12,4.655066002418162e-12,1.563274239953237e-17,1.0,1.0,1.0,1.0,2.560000000000003e-09,1.5287179659687598e-06,7.685493866732762e-06,3.835125891489042e-05,3.206538268588579e-05,3.0996582181824694e-05,1,4763
2386,lm,497.551,1.2214073483533616e-11,4.041424694732173e-12,3.5299558249613197e-12,4.6426762222279086e-12,1.6741612216561545e-17,1.0,1.0,1.0,1.0,2.560000000000003e-09,1.521526195212655e-06,7.677015327348568e-06,3.830452887261106e-05,3.204935734960166e-05,3.0968065793049915e-05,1,4765
2387,lm,497.755,1.2182293843070911e-11,4.030452775882732e-12,3.521464546716506e-12,4.630358649197235e-12,1.7871274438178415e-17,1.0,1.0,1.0,1.0,2.560000000000003e-09,1.5143675321348851e-06,7.668564663407081e-06,3.825796389265638e-05,3.203340015152219e-05,3.093963487333837e-05,1,4767
2388,lm,497.959,1.2150693760981443e-11,4.0195433270237426e-12,3.5130187000363987e-12,4.618112712781001e-12,1.9021140299477315e-17,1.0,1.0,1.0,1.0,2.560000000000003e-09,1.5072503646720513e-06,7.660141811361639e-06,3.8211563584700844e-05,3.201751037978057e-05,3.091128899706673e-05,1,4769
2389,lm,498.163,1.2119271789082074e-11,4.008695822406103e-12,3.5046179386185345e-12,4.605937840991738e-12,2.018706569831052e-17,1.0,1.0,1.0,1.0,2.560000000000003e-09,1.500169099489507e-06,7.651746692177082e-06,3.8165327617843056e-05,3.2001687302094504e-05,3.0883027651979504e-05,1,4771
2390,lm,498.367,1.208802651648151e-11,3.997909770978309e-12,3.496261906571654e-12,4.5938334692781906e-12,2.1369653355751932e-17,1.0,1.0,1.0,1.0,2.560000000000003e-09,1.4931221975741108e-06,7.64337917511356e-06,3.8119255497923476e-05,3.1985930378130006e-05,3.0854850460725965e-05,1,4773
2391,lm,498.572,1.2056956539156332e-11,3.987184658337243e-12,3.4879502692463757e-12,4.581799042861232e-12,2.2568711481983217e-17,1.0,1.0,1.0,1.0,2.560000000000003e-09,1.4861125996764516e-06,7.635039222805392e-06,3.8073346934949105e-05,3.197023907501468e-05,3.0826756917991446e-05,1,4775
2392,lm,498.776,1.2026060450663522e-11,3.976520004666234e-12,3.4796826699740763e-12,4.569833998899299e-12,2.377712391314575e-17,1.0,1.0,1.0,1.0,2.560000000000003e-09,1.479137118409627e-06,7.626726715782462e-06,3.802760148814312e-05,3.195461268420591e-05,3.079874669581851e-05,1,4777
2393,lm,498.980,1.1995336889295968e-11,3.965915311100072e-12,3.4714587784154283e-12,4.557937803124437e-12,2.4996656030577184e-17,1.0,1.0,1.0,1.0,2.560000000000003e-09,1.4721920615792002e-06,7.618441578194799e-06,3.7982018740141034e-05,3.19390505834217e-05,3.077081925099245e-05,1,4779
2394,lm,499.184,1.1964784468379592e-11,3.9553700795507555e-12,3.4632782622553803e-12,4.5461098987340565e-12,2.6227839400993938e-17,1.0,1.0,1.0,1.0,2.560000000000003e-09,1.4652849539242058e-06,7.6101836947164195e-06,3.793659826670251e-05,3.1923552196645416e-05,3.074297419725194e-05,1,4781
2395,lm,499.499,1.1934401841354547e-11,3.944883842309274e-12,3.455140782659016e-12,4.534349752012749e-12,2.7464373506544e-17,1.0,1.0,1.0,1.0,2.560000000000003e-09,1.458412752695753e-06,7.601953006423415e-06,3.78913396765042e-05,3.190811699357355e-05,3.071521110022488e-05,1,4783
2396,lm,499.703,1.1904187631166553e-11,3.934456106095413e-12,3.447045992343579e-12,4.522656825686392e-12,2.870704116804186e-17,1.0,1.0,1.0,1.0,2.560000000000003e-09,1.4515742975565987e-06,7.593749407280343e-06,3.784624255395181e-05,3.1892744378679544e-05,3.0687529539519655e-05,1,4785
2397,lm,499.907,1.1874140538375926e-11,3.924086404118997e-12,3.4389935964688683e-12,4.511030581168789e-12,2.9956619271945845e-17,1.0,1.0,1.0,1.0,2.560000000000003e-09,1.4447660613040356e-06,7.585572808707365e-06,3.78013064527684e-05,3.187743385977252e-05,3.065992902670009e-05,1,4787
2398,lm,500.111,1.1844259216369902e-11,3.913774265800533e-12,3.4309832424977193e-12,4.499470500853584e-12,3.1207218066466454e-17,1.0,1.0,1.0,1.0,2.560000000000003e-09,1.4379930479290845e-06,7.577423111583833e-06,3.7756530969143906e-05,3.186218487549898e-05,3.063240927148804e-05,1,4789
2399,lm,500.315,1.1814542365244479e-11,3.9035192253216536e-12,3.4230146201337423e-12,4.487976059690684e-12,3.246009839891405e-17,1.0,1.0,1.0,1.0,2.560000000000003e-09,1.4312509489014393e-06,7.569300239661008e-06,3.771191567630777e-05,3.1846996888662154e-05,3.060496978638001e-05,1,4791
2400,lm,500.520,1.1784988684306848e-11,3.893320824817707e-12,3.415087410893731e-12,4.476546732798587e-12,3.3715796825600323e-17,1.0,1.0,1.0,1.0,2.560000000000003e-09,1.4245414934555472e-06,7.561204075594563e-06,3.766746008446781e-05,3.1831869327755724e-05,3.0577610174211825e-05,1,4793
2401,lm,500.724,1.1755596862849203e-11,3.883178596953245e-12,3.4072012830684128e-12,4.465182015245053e-12,3.4967582496044154e-17,1.0,1.0,1.0,1.0,2.560000000000003e-09,1.4178649384869058e-06,7.553134545873378e-06,3.7623163796906996e-05,3.181680169758771e-05,3.0550330058641677e-05,1,4795
2402,lm,500.928,1.1726365671153871e-11,3.873092096383179e-12,3.399355960396661e-12,4.453881393312175e-12,3.6221061857144065e-17,1.0,1.0,1.0,1.0,2.560000000000003e-09,1.4112174334965446e-06,7.545091548545242e-06,3.7579026333337455e-05,3.180179348148132e-05,3.052312898758702e-05,1,4797
2403,lm,501.132,1.1697293788751598e-11,3.86306087139852e-12,3.391551086154004e-12,4.4426443639733434e-12,3.746722573125617e-17,1.0,1.0,1.0,1.0,2.560000000000003e-09,1.4046051824890809e-06,7.537074977710349e-06,3.753504726586241e-05,3.17868442368721e-05,3.0496006549916043e-05,1,4799
2404,lm,501.336,1.1668379990968849e-11,3.853084474464923e-12,3.3837863840394426e-12,4.43147042276177e-12,3.870970271255473e-17,1.0,1.0,1.0,1.0,2.560000000000003e-09,1.398022006963125e-06,7.529084751877052e-06,3.7491226166952554e-05,3.177195342671779e-05,3.046896239102429e-05,1,4801
2405,lm,501.540,1.1639623020137769e-11,3.843162459600686e-12,3.3760615333971718e-12,4.42035908039069e-12,3.9946749222781185e-17,1.0,1.0,1.0,1.0,2.560000000000003e-09,1.3914690592369442e-06,7.521120789921534e-06,3.7447562548618185e-05,3.175712061351261e-05,3.044199614096481e-05,1,4803
2406,lm,501.745,1.1611021647460817e-11,3.833294406211985e-12,3.3683762314838464e-12,4.409309835810457e-12,4.117395452941638e-17,1.0,1.0,1.0,1.0,2.560000000000003e-09,1.3849475130851666e-06,7.513182970326395e-06,3.740405591728146e-05,3.17423452829699e-05,3.04151073591344e-05,1,4805
2407,lm,501.949,1.1582574651234585e-11,3.823479863465041e-12,3.360730189473507e-12,4.398322201730761e-12,4.2396565278584144e-17,1.0,1.0,1.0,1.0,2.560000000000003e-09,1.3784536342054114e-06,7.5052712012596715e-06,3.7360705828168084e-05,3.172762706536282e-05,3.038829564751463e-05,1,4807
2408,lm,502.153,1.1554280816678893e-11,3.813718407949338e-12,3.353123100076608e-12,4.38739570150698e-12,4.36071459660989e-17,1.0,1.0,1.0,1.0,2.560000000000003e-09,1.3719908162150632e-06,7.4973853914220406e-06,3.7317511830897254e-05,3.1712965337315046e-05,3.036156067243174e-05,1,4809
2409,lm,502.357,1.1526138950747549e-11,3.804009615193075e-12,3.345554677489512e-12,4.37652985086077e-12,4.4807204191813154e-17,1.0,1.0,1.0,1.0,2.560000000000003e-09,1.3655591800741176e-06,7.489525427239775e-06,3.727447337728338e-05,3.169835980029379e-05,3.0334901965523694e-05,1,4811
2410,lm,502.561,1.1498147838365032e-11,3.794353057860524e-12,3.338024614881528e-12,4.365724169079805e-12,4.59965431756156e-17,1.0,1.0,1.0,1.0,2.560000000000003e-09,1.3591557532347666e-06,7.481691234905177e-06,3.7231590085982176e-05,3.1683810009842805e-05,3.0308319312376675e-05,1,4813
2411,lm,502.766,1.1470306326096672e-11,3.7847483342374335e-12,3.3305326331622526e-12,4.3549781864603905e-12,4.7172236595248675e-17,1.0,1.0,1.0,1.0,2.560000000000003e-09,1.352780751833182e-06,7.4738826991944565e-06,3.718886137955298e-05,3.166931545563624e-05,3.0281812123403093e-05,1,4815
2412,lm,502.970,1.1442613229069748e-11,3.775195014040243e-12,3.3230784438390452e-12,4.344291436955192e-12,4.833423526837025e-17,1.0,1.0,1.0,1.0,2.560000000000003e-09,1.346434878335653e-06,7.466099722990355e-06,3.7146286818894454e-05,3.165487578821692e-05,3.0255380222345295e-05,1,4817
2413,lm,503.174,1.1415067391733293e-11,3.765692697776632e-12,3.315661759545281e-12,4.3336634526553575e-12,4.948175602386715e-17,1.0,1.0,1.0,1.0,2.560000000000003e-09,1.3401186071694751e-06,7.4583422052901765e-06,3.710386586483905e-05,3.1640490549983e-05,3.0229023081342628e-05,1,4819
2414,lm,503.378,1.1387667673592847e-11,3.7562409751776975e-12,3.3082823021174626e-12,4.323093781494644e-12,5.061480304153388e-17,1.0,1.0,1.0,1.0,2.560000000000003e-09,1.3338304179037415e-06,7.450610075322107e-06,3.7061598104951264e-05,3.162615939811004e-05,3.0202740485948258e-05,1,4821
2415,lm,503.582,1.1360412911661204e-11,3.7468394358331906e-12,3.3009397869486354e-12,4.312581958721796e-12,5.173015758334082e-17,1.0,1.0,1.0,1.0,2.560000000000003e-09,1.3275717005868977e-06,7.442903196719287e-06,3.701948302705865e-05,3.161188186424861e-05,3.0176531946346377e-05,1,4823
2416,lm,503.787,1.1333301993086761e-11,3.737487688311304e-12,3.2936339445994588e-12,4.302127531527261e-12,5.282864873598935e-17,1.0,1.0,1.0,1.0,2.560000000000003e-09,1.3213399103976984e-06,7.435221495608382e-06,3.697752006934119e-05,3.1597657548781906e-05,3.015039718104831e-05,1,4825
2417,lm,503.991,1.1306333796887296e-11,3.72818534998198e-12,3.2863644901087204e-12,4.291730050127369e-12,5.390666922570162e-17,1.0,1.0,1.0,1.0,2.560000000000003e-09,1.315135337169025e-06,7.4275648522883e-06,3.693570876287988e-05,3.1583486092390514e-05,3.012433577175773e-05,1,4827
2418,lm,504.195,1.1279507205497916e-11,3.7189320062955934e-12,3.2791311534284858e-12,4.281389078287273e-12,5.496748656416784e-17,1.0,1.0,1.0,1.0,2.560000000000003e-09,1.308959203561368e-06,7.41993318326408e-06,3.6894048551848275e-05,3.156936711412444e-05,3.009834741113734e-05,1,4829
2419,lm,504.399,1.1252821121625548e-11,3.709727284715305e-12,3.2719336626961426e-12,4.271104163327603e-12,5.601088649708402e-17,1.0,1.0,1.0,1.0,2.560000000000003e-09,1.3028097415642873e-06,7.412326368651895e-06,3.685253899885921e-05,3.155530028671696e-05,3.0072431734833606e-05,1,4831
2420,lm,504.604,1.1226274465713272e-11,3.7005707856139106e-12,3.2647717666157327e-12,4.260874881707415e-12,5.703177621231568e-17,1.0,1.0,1.0,1.0,2.560000000000003e-09,1.296687659997016e-06,7.4047443277870605e-06,3.6811179589260235e-05,3.1541285156974275e-05,3.0046588372086156e-05,1,4833
2421,lm,504.808,1.1199866146935203e-11,3.691462144401033e-12,3.257645179147694e-12,4.250700791729395e-12,5.803165708137358e-17,1.0,1.0,1.0,1.0,2.560000000000003e-09,1.2905942445842432e-06,7.397186955996868e-06,3.6769969779704274e-05,3.152732136906629e-05,3.0020816985288375e-05,1,4835
2422,lm,505.012,1.1173595091338785e-11,3.6824009715341935e-12,3.250553644061446e-12,4.240581465381059e-12,5.901036208481677e-17,1.0,1.0,1.0,1.0,2.560000000000003e-09,1.2845267859777115e-06,7.389654153903381e-06,3.672890900140357e-05,3.151340868719275e-05,2.9995117210417634e-05,1,4837
2423,lm,505.216,1.1147460232355103e-11,3.67338689777996e-12,3.2434968954945955e-12,4.230516472239274e-12,5.99668412713553e-17,1.0,1.0,1.0,1.0,2.560000000000003e-09,1.2784856939986463e-06,7.382145787234668e-06,3.6687996779190955e-05,3.149954667652057e-05,2.9969488808867166e-05,1,4839
2424,lm,505.421,1.1121460537177545e-11,3.664419559127306e-12,3.236474684198337e-12,4.220505392894619e-12,6.090095728304086e-17,1.0,1.0,1.0,1.0,2.560000000000003e-09,1.2724710472536756e-06,7.374661807999555e-06,3.664723263183655e-05,3.1485734976107015e-05,2.9943931290005197e-05,1,4841
2425,lm,505.625,1.109559494721884e-11,3.6554985723556146e-12,3.2294867563413422e-12,4.210547807029176e-12,6.181149270913367e-17,1.0,1.0,1.0,1.0,2.560000000000003e-09,1.2664840397037358e-06,7.367202084619132e-06,3.660661598021192e-05,3.147197321153312e-05,2.991844442113667e-05,1,4843
2426,lm,505.829,1.1069862438858905e-11,3.646623588710643e-12,3.2225328500367684e-12,4.200643301296415e-12,6.269881507963189e-17,1.0,1.0,1.0,1.0,2.560000000000003e-09,1.260521928114631e-06,7.359766514020988e-06,3.6566146292717396e-05,3.145826116411064e-05,2.989302781767223e-05,1,4845
2427,lm,506.033,1.1044261970881987e-11,3.6377942405545635e-12,3.2156127074251127e-12,4.190791463063492e-12,6.355983881812062e-17,1.0,1.0,1.0,1.0,2.560000000000003e-09,1.254588763537441e-06,7.352355010452665e-06,3.6525823052192976e-05,3.144459844893711e-05,2.9867681182339644e-05,1,4847
2428,lm,506.237,1.1018792537986042e-11,3.629010171323395e-12,3.208726082310023e-12,4.180991887012833e-12,6.439733979049955e-17,1.0,1.0,1.0,1.0,2.560000000000003e-09,1.2486787979122251e-06,7.344967463419239e-06,3.6485645685653626e-05,3.143098471526802e-05,2.9842404162613163e-05,1,4849
2429,lm,506.442,1.0993453131058325e-11,3.620271031211519e-12,3.201872730167067e-12,4.171244160081885e-12,6.520959785310797e-17,1.0,1.0,1.0,1.0,2.560000000000003e-09,1.242794767013052e-06,7.337603761404676e-06,3.64456137368896e-05,3.141741974915833e-05,2.9817196436938966e-05,1,4851
2430,lm,506.646,1.0968242759020463e-11,3.611576467665165e-12,3.195052408141086e-12,4.16154788450095e-12,6.599871326109707e-17,1.0,1.0,1.0,1.0,2.560000000000003e-09,1.2369359665507626e-06,7.330263821050253e-06,3.640572667281982e-05,3.1403903185665035e-05,2.979205771665907e-05,1,4853
2431,lm,506.850,1.0943160424859138e-11,3.6029261276708782e-12,3.1882648749645944e-12,4.151902664803687e-12,6.675741997844716e-17,1.0,1.0,1.0,1.0,2.560000000000003e-09,1.2311040905613943e-06,7.322947537838801e-06,3.636598383952314e-05,3.1390434576879314e-05,2.9766987568629686e-05,1,4855
2432,lm,507.054,1.0918205138410384e-11,3.594319671093112e-12,3.181509866668039e-12,4.142308105669839e-12,6.749497939289398e-17,1.0,1.0,1.0,1.0,2.560000000000003e-09,1.2252976868971047e-06,7.31565480362295e-06,3.6326384807585005e-05,3.1377013923680115e-05,2.9741985825462094e-05,1,4857
2433,lm,507.259,1.0893375954843195e-11,3.585756763145907e-12,3.1747871804636827e-12,4.1327638093209284e-12,6.820191267771765e-17,1.0,1.0,1.0,1.0,2.560000000000003e-09,1.2195152582104165e-06,7.308385517977756e-06,3.628692895157134e-05,3.1363640581113664e-05,2.971705202408148e-05,1,4859
2434,lm,507.463,1.08686718766782e-11,3.577237053459307e-12,3.168096540182302e-12,4.1232693973419106e-12,6.888569467896046e-17,1.0,1.0,1.0,1.0,2.560000000000003e-09,1.2137588595679598e-06,7.301139582510436e-06,3.6247615769425596e-05,3.135031453414224e-05,2.9692185983079387e-05,1,4861
2435,lm,507.667,1.0844091980986514e-11,3.568760222553172e-12,3.161437737966527e-12,4.113824477085997e-12,6.954338081686128e-17,1.0,1.0,1.0,1.0,2.560000000000003e-09,1.2080262724201105e-06,7.293916882847318e-06,3.620844469437899e-05,3.1337035391652704e-05,2.9667387334063216e-05,1,4863
2436,lm,507.871,1.0819635311246804e-11,3.560325929239593e-12,3.154810535329884e-12,4.1044286757308696e-12,7.017094645757508e-17,1.0,1.0,1.0,1.0,2.560000000000003e-09,1.202320992501064e-06,7.286717330895322e-06,3.616941519884661e-05,3.132380290708822e-05,2.964265574003224e-05,1,4865
2437,lm,508.075,1.079530092386787e-11,3.5519338433796398e-12,3.1482146964158505e-12,4.095081609856321e-12,7.07742160557927e-17,1.0,1.0,1.0,1.0,2.560000000000003e-09,1.1966391984047344e-06,7.279540826742816e-06,3.613052675999534e-05,3.131061666281883e-05,2.9617990895670937e-05,1,4867
2438,lm,508.279,1.077108788781794e-11,3.5435836448341826e-12,3.1416499918798887e-12,4.0857829037363765e-12,7.134736749291245e-17,1.0,1.0,1.0,1.0,2.560000000000003e-09,1.1909841409444125e-06,7.272387262176136e-06,3.6091778741806185e-05,3.1297476459574684e-05,2.9593392506877836e-05,1,4869
2439,lm,508.483,1.0746995288086183e-11,3.535275007699931e-12,3.135116195206704e-12,4.076532190077451e-12,7.189510209905963e-17,1.0,1.0,1.0,1.0,2.560000000000003e-09,1.1853512423300543e-06,7.265256531136911e-06,3.6053170668976424e-05,3.12843821699983e-05,2.956886030238249e-05,1,4871
2440,lm,508.688,1.0723022204664258e-11,3.5270076080357597e-12,3.1286130825010334e-12,4.067329099146784e-12,7.241498068170669e-17,1.0,1.0,1.0,1.0,2.560000000000003e-09,1.179744364435578e-06,7.258148540746713e-06,3.601470192407393e-05,3.127133339831084e-05,2.9544393906304253e-05,1,4873
2441,lm,508.893,1.0699167735628498e-11,3.5187811409197738e-12,3.1221404262106448e-12,4.05817326134065e-12,7.290715742953269e-17,1.0,1.0,1.0,1.0,2.560000000000003e-09,1.174162823793386e-06,7.251063179533464e-06,3.597637199526735e-05,3.1258329894718684e-05,2.951999311158643e-05,1,4875
2442,lm,509.097,1.067543098393974e-11,3.510595288801581e-12,3.1156980054019614e-12,4.0490643175699715e-12,7.337216622674505e-17,1.0,1.0,1.0,1.0,2.560000000000003e-09,1.1686027290243018e-06,7.2440003493859776e-06,3.593818031517376e-05,3.12453713856141e-05,2.9495657559414276e-05,1,4877
2443,lm,509.301,1.0651811074033974e-11,3.502449737010048e-12,3.1092856167646123e-12,4.0400019104188544e-12,7.380984045836227e-17,1.0,1.0,1.0,1.0,2.560000000000003e-09,1.163067323836876e-06,7.236959974767241e-06,3.5900126322695175e-05,3.123245758829561e-05,2.947138697906868e-05,1,4879
2444,lm,509.505,1.0628307094451636e-11,3.494344178537242e-12,3.102903013199857e-12,4.0309856833348115e-12,7.421937972486266e-17,1.0,1.0,1.0,1.0,2.560000000000003e-09,1.1575581435164805e-06,7.229941922010132e-06,3.586220943522749e-05,3.1219588274497265e-05,2.9447181017105908e-05,1,4881
2445,lm,509.709,1.0604918199631594e-11,3.4862783125890574e-12,3.096550003780532e-12,4.022015279921534e-12,7.460334047140307e-17,1.0,1.0,1.0,1.0,2.560000000000003e-09,1.1520721210709652e-06,7.222946092451611e-06,3.5824429122768516e-05,3.1206763307764806e-05,2.9423039461875556e-05,1,4883
2446,lm,509.913,1.058164350658439e-11,3.478251829626511e-12,3.0902263614621458e-12,4.013090356767581e-12,7.495872815089189e-17,1.0,1.0,1.0,1.0,2.560000000000003e-09,1.1466114241162717e-06,7.215972411584306e-06,3.5786784858629435e-05,3.119398229136747e-05,2.9398962011024317e-05,1,4885
2447,lm,510.117,1.0558482162572297e-11,3.47026443334917e-12,3.0839318769883253e-12,4.004210565045654e-12,7.528718914630422e-17,1.0,1.0,1.0,1.0,2.560000000000003e-09,1.1411745314976444e-06,7.2090207555574755e-06,3.574927603564813e-05,3.1181245004626117e-05,2.9374948329018754e-05,1,4887
2448,lm,510.322,1.0535433324017131e-11,3.4623158303542603e-12,3.0776663439039633e-12,3.995375561296544e-12,7.55884623631312e-17,1.0,1.0,1.0,1.0,2.560000000000003e-09,1.135759434528584e-06,7.202091022436596e-06,3.5711902087729254e-05,3.116855136480868e-05,2.9350998175254056e-05,1,4889
2449,lm,510.526,1.0512496141830953e-11,3.454405729499673e-12,3.0714295486210803e-12,3.986585001552294e-12,7.586215790550973e-17,1.0,1.0,1.0,1.0,2.560000000000003e-09,1.1303710445671705e-06,7.1951831306962956e-06,3.5674662493546476e-05,3.115590097948974e-05,2.9327111248336585e-05,1,4891
2450,lm,510.730,1.0489669776376343e-11,3.4465338328566443e-12,3.065221280190868e-12,3.977838555387855e-12,7.610794097565209e-17,1.0,1.0,1.0,1.0,2.560000000000003e-09,1.125005290567352e-06,7.18829695607288e-06,3.563755661797671e-05,3.114329369490971e-05,2.9303287280744973e-05,1,4893
2451,lm,510.934,1.046695340268087e-11,3.4386998545712365e-12,3.0590413393812347e-12,3.96913588149215e-12,7.632723624770218e-17,1.0,1.0,1.0,1.0,2.560000000000003e-09,1.1196621746750694e-06,7.181432413899837e-06,3.5600583953355775e-05,3.1130729217781525e-05,2.9279525980238658e-05,1,4895
2452,lm,511.138,1.0444346205536168e-11,3.430903509512071e-12,3.0528895245964813e-12,3.960476648824331e-12,7.652260328436345e-17,1.0,1.0,1.0,1.0,2.560000000000003e-09,1.114341901939877e-06,7.174589414778109e-06,3.5563743939668256e-05,3.11182073571072e-05,2.9255827059975753e-05,1,4897
2453,lm,511.342,1.0421847367787244e-11,3.423144509758787e-12,3.046765639696184e-12,3.9518605289370465e-12,7.668939522535496e-17,1.0,1.0,1.0,1.0,2.560000000000003e-09,1.1090486381312807e-06,7.167767833252896e-06,3.552703596698961e-05,3.110572799853269e-05,2.923219025830031e-05,1,4899
2454,lm,511.547,1.0399456077146826e-11,3.415422582036156e-12,3.0406694643459516e-12,3.943287199664417e-12,7.683110029910185e-17,1.0,1.0,1.0,1.0,2.560000000000003e-09,1.1037780122151684e-06,7.160967580632133e-06,3.5490459520626913e-05,3.1093290750238225e-05,2.920861533635514e-05,1,4901
2455,lm,511.751,1.0377171545017463e-11,3.407737442052443e-12,3.0346008235343063e-12,3.934756331695372e-12,7.694773534130248e-17,1.0,1.0,1.0,1.0,2.560000000000003e-09,1.0985300651748298e-06,7.1541885746848044e-06,3.545401402089103e-05,3.108089549109533e-05,2.9185101969889136e-05,1,4903
2456,lm,511.955,1.0354992972106082e-11,3.400088825095426e-12,3.0285595074477713e-12,3.926267603388848e-12,7.703617403528234e-17,1.0,1.0,1.0,1.0,2.560000000000003e-09,1.0933080686144415e-06,7.147430694789796e-06,3.541769890339765e-05,3.1068541992231824e-05,2.9161649885125777e-05,1,4905
2457,lm,512.159,1.0332919574275363e-11,3.392476444184437e-12,3.022545324389196e-12,3.917820704278613e-12,7.710142311904871e-17,1.0,1.0,1.0,1.0,2.560000000000003e-09,1.0881067500403227e-06,7.14069384762235e-06,3.5381513608836734e-05,3.1056230090728163e-05,2.913825886371928e-05,1,4907
2458,lm,512.363,1.0310950585410102e-11,3.3849000480888835e-12,3.0165580816178568e-12,3.909415312905314e-12,7.714279804744205e-17,1.0,1.0,1.0,1.0,2.560000000000003e-09,1.0829300057056474e-06,7.133977939152192e-06,3.5345457536964615e-05,3.1043959424316646e-05,2.9114928560936247e-05,1,4909
2459,lm,512.568,1.0289085212346901e-11,3.3773593474860484e-12,3.010597586465646e-12,3.901051121040835e-12,7.715735436912233e-17,1.0,1.0,1.0,1.0,2.560000000000003e-09,1.0777784326341649e-06,7.127282869414039e-06,3.5309530126719686e-05,3.1031729894774566e-05,2.909165879039177e-05,1,4911
2460,lm,512.772,1.0267322713943292e-11,3.369854087380929e-12,3.0046636586724394e-12,3.892727818657201e-12,7.714923272385188e-17,1.0,1.0,1.0,1.0,2.560000000000003e-09,1.0726478453622816e-06,7.120608534474895e-06,3.527373086231054e-05,3.1019541371734546e-05,2.906844925588056e-05,1,4913
2461,lm,512.976,1.0245662310510215e-11,3.362384004519092e-12,2.998756090684986e-12,3.884445100156491e-12,7.711514964517398e-17,1.0,1.0,1.0,1.0,2.560000000000003e-09,1.0675442424697155e-06,7.1139548501222644e-06,3.52380591186687e-05,3.100739352490673e-05,2.904529969502498e-05,1,4915
2462,lm,513.180,1.0224103270528763e-11,3.354948845632148e-12,2.992874713338342e-12,3.876202655424298e-12,7.705613397565846e-17,1.0,1.0,1.0,1.0,2.560000000000003e-09,1.0624608363211663e-06,7.1073217119812235e-06,3.52025143815752e-05,3.0995286232630395e-05,2.902220983245442e-05,1,4917
2463,lm,513.384,1.0202644834573685e-11,3.3475483356846415e-12,2.987019335852419e-12,3.86800018691011e-12,7.697612651438087e-17,1.0,1.0,1.0,1.0,2.560000000000003e-09,1.0574012317184819e-06,7.1007090094943865e-06,3.516709602906143e-05,3.098321938143704e-05,2.899917945657619e-05,1,4919
2464,lm,513.588,1.0181286281042327e-11,3.3401822381404568e-12,2.981189774545206e-12,3.859837396278902e-12,7.687207776262296e-17,1.0,1.0,1.0,1.0,2.560000000000003e-09,1.0523662629085268e-06,7.094116670873741e-06,3.513180354423946e-05,3.097119264237979e-05,2.8976208261891116e-05,1,4921
2465,lm,513.793,1.0160026855087505e-11,3.332850287335381e-12,2.975385838455014e-12,3.8517139850762035e-12,7.674422090692348e-17,1.0,1.0,1.0,1.0,2.560000000000003e-09,1.0473547148877667e-06,7.087544591438326e-06,3.509663639178453e-05,3.095920584591865e-05,2.8953296034197395e-05,1,4923
2466,lm,513.997,1.0138865863583956e-11,3.3255522396236406e-12,2.969607367404199e-12,3.843629660304612e-12,7.659625150515478e-17,1.0,1.0,1.0,1.0,2.560000000000003e-09,1.0423655747166483e-06,7.080992656308718e-06,3.5061593933260316e-05,3.094725877721393e-05,2.893044248219552e-05,1,4925
2467,lm,514.201,1.0117802563556916e-11,3.31828783854895e-12,2.963854166248851e-12,3.8355841333009344e-12,7.642545818042879e-17,1.0,1.0,1.0,1.0,2.560000000000003e-09,1.0374022555789195e-06,7.074460788746636e-06,3.502667562018731e-05,3.093535139207931e-05,2.8907647375680812e-05,1,4927
2468,lm,514.405,1.0096836257372493e-11,3.3110568459024708e-12,2.9581260611691045e-12,3.827577115479532e-12,7.623482138475105e-17,1.0,1.0,1.0,1.0,2.560000000000003e-09,1.0324605610318694e-06,7.06794887287447e-06,3.499188087313705e-05,3.092348343599508e-05,2.888491045590559e-05,1,4929
2469,lm,514.610,1.0075966234117192e-11,3.3038590112853033e-12,2.9524228817151557e-12,3.819608319572642e-12,7.602154408994479e-17,1.0,1.0,1.0,1.0,2.560000000000003e-09,1.0275443732779007e-06,7.061456844178497e-06,3.495720920616609e-05,3.0911654629102515e-05,2.8862231490466572e-05,1,4931
2470,lm,514.814,1.0055191782373752e-11,3.2966940972301596e-12,2.9467444396571184e-12,3.8116774591311255e-12,7.578635534957766e-17,1.0,1.0,1.0,1.0,2.560000000000003e-09,1.0226498788666907e-06,7.054984594274904e-06,3.492266000375355e-05,3.089986497987494e-05,2.883961023234307e-05,1,4933
2471,lm,515.018,1.0034512240037977e-11,3.2895618669075505e-12,2.941090585954152e-12,3.803784255084632e-12,7.553209164232943e-17,1.0,1.0,1.0,1.0,2.560000000000003e-09,1.0177777802764712e-06,7.048532021084312e-06,3.488823275655841e-05,3.088811411462132e-05,2.8817046433617692e-05,1,4935
2472,lm,515.222,1.00139268923098e-11,3.282462078977321e-12,2.9354611302687135e-12,3.795928427109854e-12,7.525595391173631e-17,1.0,1.0,1.0,1.0,2.560000000000003e-09,1.0129317492421637e-06,7.04209903608654e-06,3.4853926818390745e-05,3.0876402037797294e-05,2.879453981244162e-05,1,4937
2473,lm,515.426,9.993435070196225e-12,3.275394494919731e-12,2.9298559103871887e-12,3.7881097049023795e-12,7.495998692888644e-17,1.0,1.0,1.0,1.0,2.560000000000003e-09,1.0081078536162433e-06,7.0356855411312005e-06,3.481974173717324e-05,3.0864728434414114e-05,2.8772090182141084e-05,1,4939
2474,lm,515.630,9.973036102304462e-12,3.2683588835395555e-12,2.9242747620544343e-12,3.7803278078510174e-12,7.464885945410638e-17,1.0,1.0,1.0,1.0,2.560000000000003e-09,1.003306769888662e-06,7.02929146403807e-06,3.4785676889977296e-05,3.0853093135755866e-05,2.8749697258650054e-05,1,4941
2475,lm,515.835,9.952729312383726e-12,3.2613550223639787e-12,2.9187175052201043e-12,3.772582467027031e-12,7.431777261244694e-17,1.0,1.0,1.0,1.0,2.560000000000003e-09,9.985325139210172e-07,7.022916680546536e-06,3.4751731705983645e-05,3.084149613587766e-05,2.8727360844366216e-05,1,4943
2476,lm,516.039,9.932514040657703e-12,3.2543826744628416e-12,2.9131839875404262e-12,3.7648734126628094e-12,7.396599162556529e-17,1.0,1.0,1.0,1.0,2.560000000000003e-09,9.937797975308637e-07,7.01656110894423e-06,3.4717905636249776e-05,3.082993721932167e-05,2.870508067616857e-05,1,4945
2477,lm,516.243,9.91238963150533e-12,3.247441611538246e-12,2.907674039714962e-12,3.757200380012461e-12,7.360023965985524e-17,1.0,1.0,1.0,1.0,2.560000000000003e-09,9.890503085205665e-07,7.010224662425128e-06,3.4684198125946424e-05,3.081841594625008e-05,2.8682856479192375e-05,1,4947
2478,lm,516.447,9.892355427677371e-12,3.2405316177146094e-12,2.9021874934374434e-12,3.7495631023148615e-12,7.321421045713828e-17,1.0,1.0,1.0,1.0,2.560000000000003e-09,9.843470766831248e-07,7.00390723601956e-06,3.4650608613802234e-05,3.080693255950684e-05,2.866068810982811e-05,1,4949
2479,lm,516.652,9.872410793499984e-12,3.2336524663156067e-12,2.896724191866582e-12,3.741961321517702e-12,7.281380009334562e-17,1.0,1.0,1.0,1.0,2.560000000000003e-09,9.796644708598945e-07,6.997608753549732e-06,3.4617136576424755e-05,3.0795486671098656e-05,2.863857525171882e-05,1,4951
2480,lm,516.856,9.852555086420868e-12,3.2268039351800203e-12,2.891283984231216e-12,3.73439477262349e-12,7.239438614222447e-17,1.0,1.0,1.0,1.0,2.560000000000003e-09,9.75009056888885e-07,6.991329121247144e-06,3.458378143627325e-05,3.078407804984242e-05,2.861651770933031e-05,1,4953
2481,lm,517.060,9.832787660822663e-12,3.2199858055271036e-12,2.8858666919965064e-12,3.726863202844726e-12,7.196045432664845e-17,1.0,1.0,1.0,1.0,2.560000000000003e-09,9.70375600712979e-07,6.985068228859909e-06,3.455054266727609e-05,3.0772706787698514e-05,2.859451527338651e-05,1,4955
2482,lm,517.264,9.81310790959814e-12,3.2131978627266593e-12,2.8804721809253247e-12,3.719366355724677e-12,7.151022148044876e-17,1.0,1.0,1.0,1.0,2.560000000000003e-09,9.65764735092411e-07,6.9788260065845185e-06,3.4517419688237324e-05,3.076137255362827e-05,2.857256765749234e-05,1,4957
2483,lm,517.468,9.793515190590135e-12,3.206439895773885e-12,2.875100273048706e-12,3.711903977107996e-12,7.104465954789261e-17,1.0,1.0,1.0,1.0,2.560000000000003e-09,9.611803454881766e-07,6.972602361708666e-06,3.448441195561449e-05,3.075007516150791e-05,2.855067467003573e-05,1,4959
2484,lm,517.672,9.774008901836976e-12,3.1997116923696854e-12,2.8697508309247333e-12,3.704475813493932e-12,7.056504862418673e-17,1.0,1.0,1.0,1.0,2.560000000000003e-09,9.566177973527504e-07,6.966397189292364e-06,3.445151892206823e-05,3.0738814560761604e-05,2.852883610118341e-05,1,4961
2485,lm,517.876,9.75458842000111e-12,3.1930130325051624e-12,2.864423693618528e-12,3.697081622129168e-12,7.007174825234212e-17,1.0,1.0,1.0,1.0,2.560000000000003e-09,9.520807107044033e-07,6.9602104173964485e-06,3.441874003769953e-05,3.072759057682317e-05,2.850705166620096e-05,1,4963
2486,lm,518.081,9.735253144383923e-12,3.186343716230512e-12,2.8591187124096112e-12,3.6897211515507435e-12,6.956419305686276e-17,1.0,1.0,1.0,1.0,2.560000000000003e-09,9.475665184760501e-07,6.954041949647971e-06,3.438607480084497e-05,3.071640314068255e-05,2.848532123489232e-05,1,4965
2487,lm,518.285,9.716002477848836e-12,3.1797035323609856e-12,2.8538357400490607e-12,3.6823941621596766e-12,6.904327911237404e-17,1.0,1.0,1.0,1.0,2.560000000000003e-09,9.430779817128945e-07,6.9478916901822105e-06,3.435352258710909e-05,3.07052519004287e-05,2.846364448106629e-05,1,4967
2488,lm,518.489,9.69683580912658e-12,3.1730922783484468e-12,2.848574613763903e-12,3.675100407946544e-12,6.850906768410041e-17,1.0,1.0,1.0,1.0,2.560000000000003e-09,9.386120892073509e-07,6.941759556599411e-06,3.432108289378339e-05,3.0694136852485136e-05,2.8442021261401243e-05,1,4969
2489,lm,518.694,9.677752563532375e-12,3.1665097545265107e-12,2.8433351981510885e-12,3.667839646802285e-12,6.796405249056841e-17,1.0,1.0,1.0,1.0,2.560000000000003e-09,9.341703354844256e-07,6.935645458399539e-06,3.4288755163818963e-05,3.068305786060835e-05,2.8420451313440018e-05,1,4971
2490,lm,518.898,9.658752151262845e-12,3.159955755994272e-12,2.838117341981928e-12,3.660611647739636e-12,6.740554700965644e-17,1.0,1.0,1.0,1.0,2.560000000000003e-09,9.297542039159207e-07,6.9295493075101465e-06,3.4256538861653356e-05,3.0672014710725294e-05,2.8398934421749847e-05,1,4973
2491,lm,519.102,9.639833990618146e-12,3.1534300854552813e-12,2.8329208989599643e-12,3.6534161701687105e-12,6.68360341895421e-17,1.0,1.0,1.0,1.0,2.560000000000003e-09,9.25360618877415e-07,6.923471016506973e-06,3.42244334545189e-05,3.0661007273927314e-05,2.8377470396680788e-05,1,4975
2492,lm,519.306,9.620997512398422e-12,3.146932540155991e-12,2.8277457331619396e-12,3.6462529816394e-12,6.62574410899333e-17,1.0,1.0,1.0,1.0,2.560000000000003e-09,9.209930089007106e-07,6.9174105047076825e-06,3.419243841812194e-05,3.065003547453675e-05,2.835605897934779e-05,1,4977
2493,lm,519.510,9.602242129956165e-12,3.1404629270710072e-12,2.8225916853737518e-12,3.639121851407907e-12,6.566610349936082e-17,1.0,1.0,1.0,1.0,2.560000000000003e-09,9.166506008922204e-07,6.911367687229648e-06,3.416055318334525e-05,3.0639099043120015e-05,2.8334699998742087e-05,1,4979
2494,lm,519.714,9.583567302201856e-12,3.134021058026519e-12,2.817458627830074e-12,3.632022550411228e-12,6.506593403664253e-17,1.0,1.0,1.0,1.0,2.560000000000003e-09,9.123295899723043e-07,6.905342457589701e-06,3.412877723224731e-05,3.062819801650338e-05,2.831339319394229e-05,1,4981
2495,lm,519.918,9.564972446460051e-12,3.127606734327381e-12,2.812346410433231e-12,3.6249548471961237e-12,6.445450331632457e-17,1.0,1.0,1.0,1.0,2.560000000000003e-09,9.08036221364994e-07,6.899334740154289e-06,3.409710999691783e-05,3.0617332068578284e-05,2.829213836733019e-05,1,4983
2496,lm,520.123,9.546457030794926e-12,3.1212197698005525e-12,2.8072549055129857e-12,3.6179185195559657e-12,6.383592542188048e-17,1.0,1.0,1.0,1.0,2.560000000000003e-09,9.037650026177143e-07,6.893344474183494e-06,3.4065551029206245e-05,3.060650116614362e-05,2.8270935337682434e-05,1,4985
2497,lm,520.327,9.528020480126184e-12,3.114859968348403e-12,2.8021839645686082e-12,3.6109133411411916e-12,6.320606798095835e-17,1.0,1.0,1.0,1.0,2.560000000000003e-09,8.995210968279324e-07,6.88737153523674e-06,3.403409971368108e-05,3.059570517796276e-05,2.8249783883290757e-05,1,4987
2498,lm,520.531,9.509662265550516e-12,3.1085271549073207e-12,2.797133451645527e-12,3.6039390897978718e-12,6.256919979595417e-17,1.0,1.0,1.0,1.0,2.560000000000003e-09,8.952993075425594e-07,6.881415856555122e-06,3.4002755557550536e-05,3.0584943984727094e-05,2.822868378835232e-05,1,4989
2499,lm,520.735,9.491381842670642e-12,3.102221131262525e-12,2.7921032387167815e-12,3.5969955480748526e-12,6.19246164832629e-17,1.0,1.0,1.0,1.0,2.560000000000003e-09,8.911029169600995e-07,6.875477364679629e-06,3.39715180461262e-05,3.057421732638527e-05,2.82076348288681e-05,1,4991
2500,lm,520.939,9.473178676200744e-12,3.095941723177507e-12,2.7870931826218366e-12,3.590082498772072e-12,6.127162932674204e-17,1.0,1.0,1.0,1.0,2.560000000000003e-09,8.869319068129883e-07,6.869555954160922e-06,3.39403866218676e-05,3.056352521049223e-05,2.8186636808786395e-05,1,4993
2501,lm,521.144,9.45505223174021e-12,3.0896887472224786e-12,2.7821031456399514e-12,3.5831997258412788e-12,6.061303650234892e-17,1.0,1.0,1.0,1.0,2.560000000000003e-09,8.827846670194074e-07,6.863651551969724e-06,3.390936074915418e-05,3.055286755011157e-05,2.8165689529734223e-05,1,4995
2502,lm,521.348,9.43700198805114e-12,3.0834620207832164e-12,2.7771330064828948e-12,3.576347014115481e-12,5.994666954692634e-17,1.0,1.0,1.0,1.0,2.560000000000003e-09,8.786627470371559e-07,6.857764077887336e-06,3.3878439937737075e-05,3.054224398619755e-05,2.8144792775197774e-05,1,4997
2503,lm,521.552,9.419027420294103e-12,3.077261367441665e-12,2.772182629149225e-12,3.5695241500180727e-12,5.92736851411778e-17,1.0,1.0,1.0,1.0,2.560000000000003e-09,8.745663941320672e-07,6.851893446911331e-06,3.384762364976327e-05,3.0531654657269776e-05,2.812394634517254e-05,1,4999
2504,lm,521.756,9.401128009635634e-12,3.0710866047345565e-12,2.7672518869129354e-12,3.5627309222167822e-12,5.859577135838002e-17,1.0,1.0,1.0,1.0,2.560000000000003e-09,8.704937646853318e-07,6.846039566511194e-06,3.381691137823429e-05,3.052109919163897e-05,2.8103150024274936e-05,1,5001
2505,lm,521.960,9.38330324839177e-12,3.064937561382047e-12,2.762340648168446e-12,3.5559671262722476e-12,5.791256902855282e-17,1.0,1.0,1.0,1.0,2.560000000000003e-09,8.664473576766217e-07,6.840202373886793e-06,3.3786302610584856e-05,3.0510577765843392e-05,2.808240366651487e-05,1,5003
2506,lm,522.165,9.365552628600618e-12,3.058814066734035e-12,2.757448784632156e-12,3.5492325526533035e-12,5.722458112541792e-17,1.0,1.0,1.0,1.0,2.560000000000003e-09,8.624256517113187e-07,6.8343817775316585e-06,3.375579682488645e-05,3.050009002068667e-05,2.8061706997586798e-05,1,5005
2507,lm,522.369,9.347875636262172e-12,3.052715942345619e-12,2.752576162846196e-12,3.542527000347713e-12,5.653072264356011e-17,1.0,1.0,1.0,1.0,2.560000000000003e-09,8.584297026737285e-07,6.828577687944901e-06,3.372539346566784e-05,3.0489635806660476e-05,2.804105985184437e-05,1,5007
2508,lm,522.573,9.330271773493283e-12,3.046643019510487e-12,2.7477226604903246e-12,3.5358502625233382e-12,5.583096913364121e-17,1.0,1.0,1.0,1.0,2.560000000000003e-09,8.544579712875788e-07,6.822790038940802e-06,3.369509208370269e-05,3.0479215110718447e-05,2.802046206679791e-05,1,5009
2509,lm,522.777,9.312740562745212e-12,3.0405951300289966e-12,2.7428881642177952e-12,3.5292021378551585e-12,5.513064325981846e-17,1.0,1.0,1.0,1.0,2.560000000000003e-09,8.505096538894364e-07,6.817018742162411e-06,3.3664892151461324e-05,3.0468827818593415e-05,2.7999913402882854e-05,1,5011
2510,lm,522.981,9.295281488663588e-12,3.0345721064671986e-12,2.7380725334224428e-12,3.522582425434646e-12,5.4423339300300094e-17,1.0,1.0,1.0,1.0,2.560000000000003e-09,8.465908872690848e-07,6.811263720069838e-06,3.363479311143657e-05,3.0458473697439444e-05,2.79794136615489e-05,1,5013
2511,lm,523.185,9.27789408136683e-12,3.0285737753382495e-12,2.7332756601745103e-12,3.5159909300255406e-12,5.371582852781765e-17,1.0,1.0,1.0,1.0,2.560000000000003e-09,8.426940517564888e-07,6.805524884846797e-06,3.3604794471089785e-05,3.044815272257713e-05,2.7958962618266066e-05,1,5015
2512,lm,523.389,9.260577854511695e-12,3.0225999832226645e-12,2.7284974121434295e-12,3.509427455337059e-12,5.300380854089297e-17,1.0,1.0,1.0,1.0,2.560000000000003e-09,8.388238833165666e-07,6.799802176445386e-06,3.357489578786175e-05,3.0437864848977606e-05,2.793856014609024e-05,1,5017
2513,lm,523.594,9.243332328155389e-12,3.016650559514549e-12,2.7237376771082303e-12,3.5028918027016693e-12,5.228883094062248e-17,1.0,1.0,1.0,1.0,2.560000000000003e-09,8.349779661239509e-07,6.7940954975203255e-06,3.354509651358501e-05,3.042760979720114e-05,2.7918206037046676e-05,1,5019
2514,lm,523.798,9.226157036620397e-12,3.0107253435486413e-12,2.718996332732605e-12,3.496383786506468e-12,5.1573832682063445e-17,1.0,1.0,1.0,1.0,2.560000000000003e-09,8.311573225830965e-07,6.788404776756447e-06,3.351539613237581e-05,3.04173875217092e-05,2.789790006950665e-05,1,5021
2515,lm,524.003,9.209051499920587e-12,3.0048241729184005e-12,2.7142732570802037e-12,3.489903212874851e-12,5.0857047132641224e-17,1.0,1.0,1.0,1.0,2.560000000000003e-09,8.273654690861851e-07,6.782729935322007e-06,3.348579416767568e-05,3.040719787117618e-05,2.787764206009184e-05,1,5023
2516,lm,524.207,9.192015250819619e-12,2.9989468899886077e-12,2.7095683339646147e-12,3.483449889909493e-12,5.01369569035769e-17,1.0,1.0,1.0,1.0,2.560000000000003e-09,8.235979135909971e-07,6.777070899685493e-06,3.345629011836019e-05,3.0397040780269122e-05,2.7857431828316135e-05,1,5025
2517,lm,524.411,9.175047832275853e-12,2.993093338793121e-12,2.704881446380007e-12,3.4770236317606446e-12,4.941534207992336e-17,1.0,1.0,1.0,1.0,2.560000000000003e-09,8.198538006974752e-07,6.7714275823998686e-06,3.342688346756534e-05,3.0386916075225954e-05,2.783726918228314e-05,1,5027
2518,lm,524.615,9.158148787932409e-12,2.987263364015389e-12,2.7002124782231715e-12,3.4706242520607012e-12,4.869363314688859e-17,1.0,1.0,1.0,1.0,2.560000000000003e-09,8.161354668221633e-07,6.765799916483177e-06,3.339757370936028e-05,3.037682366573083e-05,2.781715391470616e-05,1,5029
2519,lm,524.819,9.141317664701345e-12,2.9814568063410626e-12,2.6955613179173616e-12,3.464251568217564e-12,4.797222535545033e-17,1.0,1.0,1.0,1.0,2.560000000000003e-09,8.124427712512729e-07,6.760187822413975e-06,3.336836039687259e-05,3.036676355092034e-05,2.77970858659692e-05,1,5031
2520,lm,525.024,9.12455400912279e-12,2.9756735172759732e-12,2.6909278441993864e-12,3.457905397032448e-12,4.7250614982443744e-17,1.0,1.0,1.0,1.0,2.560000000000003e-09,8.08777992978221e-07,6.754591230384068e-06,3.3339243042964274e-05,3.0356735428513964e-05,2.777706483562746e-05,1,5033
2521,lm,525.228,9.107857378253866e-12,2.969913337059373e-12,2.6863119596071475e-12,3.4515855525271706e-12,4.652906017472656e-17,1.0,1.0,1.0,1.0,2.560000000000003e-09,8.051372835854268e-07,6.749010057799057e-06,3.331022112941809e-05,3.0346739287199164e-05,2.775709064832012e-05,1,5035
2522,lm,525.441,9.091227332095653e-12,2.964176121920453e-12,2.6817135428795286e-12,3.445291860030127e-12,4.58072655450626e-17,1.0,1.0,1.0,1.0,2.560000000000003e-09,8.015232825546834e-07,6.743444226838847e-06,3.328129419079511e-05,3.0336775001735715e-05,2.7737163099317576e-05,1,5037
2523,lm,525.646,9.074663419549019e-12,2.958461718859915e-12,2.6771324752935103e-12,3.4390241390951346e-12,4.5086300459396147e-17,1.0,1.0,1.0,1.0,2.560000000000003e-09,7.9793452187848e-07,6.737893672235177e-06,3.325246169201869e-05,3.0326842478264252e-05,2.7717282051164487e-05,1,5039
2524,lm,525.851,9.058165219987708e-12,2.952769977865646e-12,2.6725686600230257e-12,3.4327822150881148e-12,4.4367010920427635e-17,1.0,1.0,1.0,1.0,2.560000000000003e-09,7.943709611136392e-07,6.732358313521143e-06,3.322372321379288e-05,3.0316941569787493e-05,2.769744726666687e-05,1,5041
2525,lm,526.055,9.041732298314295e-12,2.9471007522310906e-12,2.6680219850471725e-12,3.4265659133077238e-12,4.3647728308564155e-17,1.0,1.0,1.0,1.0,2.560000000000003e-09,7.90833629867932e-07,6.7268380765830926e-06,3.3195078265628356e-05,3.030707221127736e-05,2.7677658583151616e-05,1,5043
2526,lm,526.259,9.0253642266847e-12,2.941453901541311e-12,2.663492341914664e-12,3.4203750532255577e-12,4.2930003168840244e-17,1.0,1.0,1.0,1.0,2.560000000000003e-09,7.873221016305448e-07,6.721332884712571e-06,3.316652630738997e-05,3.0297234297154863e-05,2.7657915829905595e-05,1,5045
2527,lm,526.463,9.009060581354459e-12,2.935829276178847e-12,2.6589796190951238e-12,3.414209470646668e-12,4.221543382084623e-17,1.0,1.0,1.0,1.0,2.560000000000003e-09,7.83835416343027e-07,6.715842670238395e-06,3.3138066926378285e-05,3.0287427641839634e-05,2.7638218801192654e-05,1,5047
2528,lm,526.667,8.99282094197397e-12,2.9302267360093295e-12,2.6544837111431967e-12,3.408068991662127e-12,4.150315931458995e-17,1.0,1.0,1.0,1.0,2.560000000000003e-09,7.803760057627724e-07,6.710367358436928e-06,3.310969965830508e-05,3.027765225617106e-05,2.7618567375968408e-05,1,5049
2529,lm,526.871,8.976644899212711e-12,2.9246461379219238e-12,2.650004520898564e-12,3.401953449031018e-12,4.0791361204357174e-17,1.0,1.0,1.0,1.0,2.560000000000003e-09,7.769412648217398e-07,6.704906879395948e-06,3.3081423966281906e-05,3.0267907887193494e-05,2.7598961290175478e-05,1,5051
2530,lm,527.075,8.960532035400518e-12,2.919087339990066e-12,2.6455419418335903e-12,3.395862670753715e-12,4.008282314650283e-17,1.0,1.0,1.0,1.0,2.560000000000003e-09,7.735326337380862e-07,6.6994611631493275e-06,3.305323942619555e-05,3.0258194590412103e-05,2.7579400425331288e-05,1,5053
2531,lm,527.279,8.944481939531898e-12,2.913550202767017e-12,2.641095862048832e-12,3.3897964970717774e-12,3.9377644270614366e-17,1.0,1.0,1.0,1.0,2.560000000000003e-09,7.70150324908456e-07,6.694030138002458e-06,3.302514557669046e-05,3.024851217648957e-05,2.7559884581613276e-05,1,5055
2532,lm,527.575,8.92849420900655e-12,2.908034589720249e-12,2.6366661830961075e-12,3.383754760778636e-12,3.867541155607422e-17,1.0,1.0,1.0,1.0,2.560000000000003e-09,7.667939191430556e-07,6.688613718227015e-06,3.299714189871773e-05,3.0238860501166718e-05,2.7540413600535725e-05,1,5057
2533,lm,527.779,8.912568435840047e-12,2.9025403586809573e-12,2.6322528027498317e-12,3.377737298451826e-12,3.7975957430793865e-17,1.0,1.0,1.0,1.0,2.560000000000003e-09,7.634634173460204e-07,6.683211848120963e-06,3.2969227997374854e-05,3.0229239582323244e-05,2.7520987308467374e-05,1,5059
2534,lm,527.983,8.896704232718562e-12,2.8970673812573632e-12,2.62785562561769e-12,3.3717439455027472e-12,3.728034076301785e-17,1.0,1.0,1.0,1.0,2.560000000000003e-09,7.601578278684948e-07,6.677824455364945e-06,3.294140332030655e-05,3.0219649153803696e-05,2.7501605488126878e-05,1,5061
2535,lm,528.187,8.880901197576693e-12,2.891615517661395e-12,2.62347454844014e-12,3.3657745430240954e-12,3.658845106395719e-17,1.0,1.0,1.0,1.0,2.560000000000003e-09,7.568800298796472e-07,6.672451460017272e-06,3.291366750159379e-05,3.0210089312495666e-05,2.7482268008091477e-05,1,5063
2536,lm,528.955,8.865158936561463e-12,2.8861846380699977e-12,2.6191094654002873e-12,3.3598289328497744e-12,3.590024140465254e-17,1.0,1.0,1.0,1.0,2.560000000000003e-09,7.53627474207194e-07,6.66709280892369e-06,3.2886020039352525e-05,3.0200559793023072e-05,2.7462974705037997e-05,1,5065
2537,lm,529.162,8.849477060446652e-12,2.8807746038566976e-12,2.614760285240668e-12,3.3539069551390014e-12,3.521621028635683e-17,1.0,1.0,1.0,1.0,2.560000000000003e-09,7.503999303998718e-07,6.661748422581793e-06,3.2858460474773454e-05,3.0191060567731e-05,2.7443725389349812e-05,1,5067
2538,lm,529.366,8.83385519039546e-12,2.875385288217157e-12,2.6104269112179416e-12,3.3480084544014837e-12,3.453655887647451e-17,1.0,1.0,1.0,1.0,2.560000000000003e-09,7.471984590944333e-07,6.65641823290833e-06,3.2830988363564686e-05,3.0181591479758036e-05,2.7424519871591387e-05,1,5069
2539,lm,529.570,8.818292939365054e-12,2.870016560416194e-12,2.6061092374492997e-12,3.3421332815438027e-12,3.385995575742022e-17,1.0,1.0,1.0,1.0,2.560000000000003e-09,7.440231339232328e-07,6.6511021706352186e-06,3.280360324586667e-05,3.0172152562347316e-05,2.7405357999540124e-05,1,5071
2540,lm,529.774,8.802789933362258e-12,2.8646682893710587e-12,2.6018071809571304e-12,3.3362812719424023e-12,3.3191091665262744e-17,1.0,1.0,1.0,1.0,2.560000000000003e-09,7.408721918253155e-07,6.645800178707843e-06,3.2776304708171603e-05,3.016274359527544e-05,2.73862396327247e-05,1,5073
2541,lm,529.978,8.787345790821267e-12,2.859340347738948e-12,2.597520638679794e-12,3.3304522797148094e-12,3.2524687716035035e-17,1.0,1.0,1.0,1.0,2.560000000000003e-09,7.37750710451796e-07,6.640512166212399e-06,3.2749092214215065e-05,3.0153364452399836e-05,2.7367164529964435e-05,1,5075
2542,lm,530.182,8.771960143457877e-12,2.8540326091697676e-12,2.593249518047611e-12,3.324646153106052e-12,3.1863134445890706e-17,1.0,1.0,1.0,1.0,2.560000000000003e-09,7.346530591252897e-07,6.635238082886815e-06,3.2721965393132575e-05,3.014401507164857e-05,2.7348132570590173e-05,1,5077
2543,lm,530.386,8.756632620339533e-12,2.848744947031106e-12,2.588993720341565e-12,3.318862744562057e-12,3.1208404804007074e-17,1.0,1.0,1.0,1.0,2.560000000000003e-09,7.315802326418988e-07,6.629977865628068e-06,3.2694923783680426e-05,3.0134695463152046e-05,2.732914358764089e-05,1,5079
2544,lm,530.590,8.741362852860594e-12,2.8434772374848486e-12,2.5847531565297545e-12,3.3131019012747536e-12,3.055757123695965e-17,1.0,1.0,1.0,1.0,2.560000000000003e-09,7.28534500591774e-07,6.624731438571952e-06,3.266796692566846e-05,3.012540538322043e-05,2.731019742549536e-05,1,5081
2545,lm,530.794,8.726150485131893e-12,2.8382293566156715e-12,2.580527739563798e-12,3.3073634765348467e-12,2.9912417577461196e-17,1.0,1.0,1.0,1.0,2.560000000000003e-09,7.255122004225853e-07,6.619498729473331e-06,3.264109438615853e-05,3.011614481330345e-05,2.7291293882819745e-05,1,5083
2546,lm,531.117,8.710995153346956e-12,2.8330011811927773e-12,2.576317375990346e-12,3.3016473226656037e-12,2.927349823095513e-17,1.0,1.0,1.0,1.0,2.560000000000003e-09,7.225182159687459e-07,6.614279683641947e-06,3.261430574677199e-05,3.010691369877856e-05,2.727243285030466e-05,1,5085
2547,lm,531.489,8.695896499937347e-12,2.827792588941367e-12,2.5721219694263723e-12,3.2959533016511617e-12,2.8639918445481e-17,1.0,1.0,1.0,1.0,2.560000000000003e-09,7.19549731776655e-07,6.609074231370797e-06,3.258760056028801e-05,3.0097711851761554e-05,2.7253614099677388e-05,1,5087
2548,lm,531.693,8.680854171672768e-12,2.8226034574470772e-12,2.5679414373285176e-12,3.290281264855087e-12,2.801204208511346e-17,1.0,1.0,1.0,1.0,2.560000000000003e-09,7.166054631832519e-07,6.603882314418164e-06,3.256097838670456e-05,3.0088539225864817e-05,2.7234837488954258e-05,1,5089
2549,lm,531.897,8.66586781662337e-12,2.8174336722633914e-12,2.563775685381202e-12,3.2846310686461993e-12,2.7390332578028206e-17,1.0,1.0,1.0,1.0,2.560000000000003e-09,7.136875637538654e-07,6.598703857182807e-06,3.25344387909453e-05,3.0079395644508547e-05,2.7216102864961667e-05,1,5091
2550,lm,532.101,8.650937089929246e-12,2.81228311004767e-12,2.5596246268043307e-12,3.2790025771523287e-12,2.6775924915423912e-17,1.0,1.0,1.0,1.0,2.560000000000003e-09,7.10794736136019e-07,6.593538801578698e-06,3.250798137632204e-05,3.007028110255116e-05,2.7197410076015663e-05,1,5093
2551,lm,532.305,8.636061639560383e-12,2.8071516549242534e-12,2.555488174990198e-12,3.273395644355802e-12,2.6165290130003364e-17,1.0,1.0,1.0,1.0,2.560000000000003e-09,7.079284562421084e-07,6.588387084778237e-06,3.2481605662353064e-05,3.006119548402072e-05,2.717875893842117e-05,1,5095
2552,lm,532.509,8.621241132168299e-12,2.8020391927296967e-12,2.551366240163919e-12,3.2678101367217653e-12,2.556255291877825e-17,1.0,1.0,1.0,1.0,2.560000000000003e-09,7.050857341115641e-07,6.583248639656947e-06,3.2455311277528906e-05,3.0052138738991544e-05,2.716014931370874e-05,1,5097
2553,lm,532.713,8.606475223077256e-12,2.796945603113487e-12,2.5472587412033844e-12,3.2622459125598945e-12,2.4966200491430745e-17,1.0,1.0,1.0,1.0,2.560000000000003e-09,7.022697709704331e-07,6.5781234071826166e-06,3.242909774647281e-05,3.004311070373383e-05,2.7141581003285542e-05,1,5099
2554,lm,532.917,8.591763578845177e-12,2.79187077141831e-12,2.5431655914383974e-12,3.256702839383263e-12,2.4376605205945096e-17,1.0,1.0,1.0,1.0,2.560000000000003e-09,6.994799038442804e-07,6.573011313257999e-06,3.240296467229248e-05,3.003411133587204e-05,2.712305388570871e-05,1,5101
2555,lm,533.122,8.577105859695197e-12,2.7868145864793247e-12,2.5390867010490847e-12,3.251180779675462e-12,2.3792491326617803e-17,1.0,1.0,1.0,1.0,2.560000000000003e-09,6.967151134563147e-07,6.567912304125471e-06,3.2376911627327266e-05,3.0025140481875476e-05,2.7104567789899295e-05,1,5103
2556,lm,533.326,8.56250174381786e-12,2.781776934070797e-12,2.5350219916166923e-12,3.2456796008697406e-12,2.321726062841817e-17,1.0,1.0,1.0,1.0,2.560000000000003e-09,6.939739778739383e-07,6.562826322455597e-06,3.2350938228037315e-05,3.0016198169869307e-05,2.7086122602023316e-05,1,5105
2557,lm,533.530,8.547950895406935e-12,2.776757701456558e-12,2.5309713776063856e-12,3.240199169319394e-12,2.264702459678906e-17,1.0,1.0,1.0,1.0,2.560000000000003e-09,6.912599224137315e-07,6.557753296041085e-06,3.232504405071016e-05,3.0007284129650427e-05,2.706771806453697e-05,1,5107
2558,lm,533.734,8.53345299583581e-12,2.7717567807093687e-12,2.5269347758752802e-12,3.2347393543041023e-12,2.208494705754456e-17,1.0,1.0,1.0,1.0,2.560000000000003e-09,6.885687359802973e-07,6.552693172200966e-06,3.229922864764697e-05,2.999839843706938e-05,2.70493541120826e-05,1,5109
2559,lm,533.938,8.51900771754798e-12,2.7667740633494247e-12,2.5229121041760946e-12,3.2293000211346016e-12,2.1528887859425938e-17,1.0,1.0,1.0,1.0,2.560000000000003e-09,6.859052281805784e-07,6.5476458906738994e-06,3.2273491653870686e-05,2.9989540863658287e-05,2.703103054788825e-05,1,5111
2560,lm,534.142,8.504614735619762e-12,2.7618094280746356e-12,2.518903282813801e-12,3.2238810446510285e-12,2.098008029686511e-17,1.0,1.0,1.0,1.0,2.560000000000003e-09,6.832648071685717e-07,6.542611384077038e-06,3.224783263798913e-05,2.998071149534467e-05,2.7012747252342897e-05,1,5113
2561,lm,534.346,8.49027374781164e-12,2.756862781090495e-12,2.514908234055897e-12,3.2184822944658947e-12,2.0438199352516697e-17,1.0,1.0,1.0,1.0,2.560000000000003e-09,6.806491617782352e-07,6.537589588420053e-06,3.222225116230434e-05,2.9971910073488407e-05,2.6994504027248313e-05,1,5115
2562,lm,534.550,8.475984423228422e-12,2.751934008197546e-12,2.5109268668806155e-12,3.2131036434524634e-12,1.990469779753561e-17,1.0,1.0,1.0,1.0,2.560000000000003e-09,6.780598355767137e-07,6.532580451413136e-06,3.219674684009421e-05,2.9963136588042937e-05,2.6976300742936824e-05,1,5117
2563,lm,534.755,8.461746459602023e-12,2.7470230025557674e-12,2.5069591159717666e-12,3.2077449644663774e-12,1.9376608110766855e-17,1.0,1.0,1.0,1.0,2.560000000000003e-09,6.75494164720686e-07,6.527583910288885e-06,3.21713192847323e-05,2.9954391020753264e-05,2.6958137218420933e-05,1,5119
2564,lm,534.959,8.447559547232942e-12,2.74212966153769e-12,2.5030048966255035e-12,3.2024061315288013e-12,1.8857540947085448e-17,1.0,1.0,1.0,1.0,2.560000000000003e-09,6.729527158117636e-07,6.522599909117497e-06,3.2145968116628454e-05,2.994567311115335e-05,2.6940013366264055e-05,1,5121
2565,lm,535.163,8.433423369405936e-12,2.7372538770874683e-12,2.4990641254555984e-12,3.197087022137455e-12,1.8344725413635875e-17,1.0,1.0,1.0,1.0,2.560000000000003e-09,6.704377206641789e-07,6.5176283912057556e-06,3.2120692914719544e-05,2.9936982908177673e-05,2.6921928986948645e-05,1,5123
2566,lm,535.367,8.419337634113958e-12,2.7323955449853494e-12,2.495136732134457e-12,3.1917875169751863e-12,1.7840018964689784e-17,1.0,1.0,1.0,1.0,2.560000000000003e-09,6.679445809996491e-07,6.512669284086192e-06,3.2095493268484174e-05,2.9928320273044246e-05,2.6903883920073888e-05,1,5125
2567,lm,535.572,8.40530203158191e-12,2.727554563920825e-12,2.4912226393555776e-12,3.186507485982405e-12,1.734232310319892e-17,1.0,1.0,1.0,1.0,2.560000000000003e-09,6.654774674301632e-07,6.5077225444454665e-06,3.20703688170358e-05,2.991968507594458e-05,2.6885878060389356e-05,1,5127
2568,lm,535.776,8.391316267886947e-12,2.7227308334501493e-12,2.4873217695553625e-12,3.1812468127724786e-12,1.6852108955873944e-17,1.0,1.0,1.0,1.0,2.560000000000003e-09,6.630346044244499e-07,6.50278809791584e-06,3.2045319098404834e-05,2.9911077358839897e-05,2.686791118541842e-05,1,5129
2569,lm,535.980,8.377380041730649e-12,2.7179242484852007e-12,2.4834340453093883e-12,3.1760053778989167e-12,1.6370037142753616e-17,1.0,1.0,1.0,1.0,2.560000000000003e-09,6.606159698969971e-07,6.497865912678786e-06,3.202034380077158e-05,2.9902497013817004e-05,2.6849983226066828e-05,1,5131
2570,lm,536.184,8.363493057566033e-12,2.7131347104526093e-12,2.479559394470447e-12,3.170783058740022e-12,1.5893902952751788e-17,1.0,1.0,1.0,1.0,2.560000000000003e-09,6.582214137622108e-07,6.492955906084338e-06,3.199544248705793e-05,2.989394376957558e-05,2.6832093989153686e-05,1,5133
2571,lm,536.388,8.349655025516637e-12,2.708362118865076e-12,2.475697741639466e-12,3.1655797377978373e-12,1.5427214257244213e-17,1.0,1.0,1.0,1.0,2.560000000000003e-09,6.558498823195127e-07,6.488058033182573e-06,3.197061477238182e-05,2.9885417755887215e-05,2.6814243331395212e-05,1,5135
2572,lm,536.593,8.335865658129554e-12,2.7036063734710232e-12,2.4718490163494502e-12,3.1603953006714783e-12,1.4967637603057164e-17,1.0,1.0,1.0,1.0,2.560000000000003e-09,6.535034159392742e-07,6.483172237620073e-06,3.194586031092511e-05,2.9876918713489534e-05,2.679643110907067e-05,1,5137
2573,lm,536.797,8.322124662879752e-12,2.698867381371034e-12,2.468013134768695e-12,3.1552296319630677e-12,1.451477695294041e-17,1.0,1.0,1.0,1.0,2.560000000000003e-09,6.511806662799933e-07,6.478298455141725e-06,3.19211786780354e-05,2.9868446754304736e-05,2.6778657182808064e-05,1,5139
2574,lm,537.001,8.308431755828143e-12,2.694145039084217e-12,2.4641900334536258e-12,3.1500826127814205e-12,1.4070508880038945e-17,1.0,1.0,1.0,1.0,2.560000000000003e-09,6.48880794210287e-07,6.4734366368151795e-06,3.189656953286214e-05,2.986000164705907e-05,2.676092141566258e-05,1,5141
2575,lm,537.205,8.294786657827967e-12,2.6894392518818503e-12,2.4603796412604595e-12,3.1449541315999806e-12,1.3633085678031518e-17,1.0,1.0,1.0,1.0,2.560000000000003e-09,6.466047937307689e-07,6.468586729445437e-06,3.187203247192257e-05,2.9851583345789302e-05,2.674322364401261e-05,1,5143
2576,lm,537.409,8.281189086023088e-12,2.6847499251876894e-12,2.4565818846877522e-12,3.139844072620205e-12,1.3203527441744407e-17,1.0,1.0,1.0,1.0,2.560000000000003e-09,6.44351782281906e-07,6.463748661904401e-06,3.1847567093117794e-05,2.9843191844260644e-05,2.672556373820066e-05,1,5145
2577,lm,537.613,8.26763876435432e-12,2.6800769625417313e-12,2.452796694749771e-12,3.1347523253176817e-12,1.2781745138024843e-17,1.0,1.0,1.0,1.0,2.560000000000003e-09,6.421226748084234e-07,6.458922401202505e-06,3.182317309884949e-05,2.9834826845109023e-05,2.670794154168849e-05,1,5147
2578,lm,537.817,8.254135412586141e-12,2.6754202690782763e-12,2.449024000803976e-12,3.1296787748999703e-12,1.2367803918173847e-17,1.0,1.0,1.0,1.0,2.560000000000003e-09,6.399174280433813e-07,6.454107880771506e-06,3.179885005124217e-05,2.9826488505669203e-05,2.6690356890795783e-05,1,5149
2579,lm,538.022,8.240678758590291e-12,2.670779754557739e-12,2.4452637270555315e-12,3.1246233161410798e-12,1.1960835940955856e-17,1.0,1.0,1.0,1.0,2.560000000000003e-09,6.377338860353099e-07,6.449305051589014e-06,3.1774597618425854e-05,2.981817663962798e-05,2.6672809699106447e-05,1,5151
2580,lm,538.226,8.227268533804277e-12,2.6661553234732485e-12,2.4415158143334817e-12,3.1195858341757066e-12,1.1561821839252375e-17,1.0,1.0,1.0,1.0,2.560000000000003e-09,6.35573636509776e-07,6.444513849814293e-06,3.175041541100868e-05,2.980989111919252e-05,2.6655299807362308e-05,1,5153
2581,lm,538.430,8.213904465000452e-12,2.661546884012192e-12,2.4377801840082762e-12,3.1145662262147304e-12,1.1170765254242403e-17,1.0,1.0,1.0,1.0,2.560000000000003e-09,6.33436594058441e-07,6.4397342290662514e-06,3.1726303077830384e-05,2.98016319701405e-05,2.663782706941846e-05,1,5155
2582,lm,538.634,8.200586284485456e-12,2.6569543450602753e-12,2.434056774083206e-12,3.1095643789479546e-12,1.0786394020930932e-17,1.0,1.0,1.0,1.0,2.560000000000003e-09,6.313217549997785e-07,6.4349661344908086e-06,3.170226023049231e-05,2.97933990098642e-05,2.662039131218465e-05,1,5157
2583,lm,538.838,8.187313732028375e-12,2.6523776147153378e-12,2.4303455154866207e-12,3.104580190905835e-12,1.0410920581653813e-17,1.0,1.0,1.0,1.0,2.560000000000003e-09,6.292295238360937e-07,6.43020951354055e-06,3.1678286507848544e-05,2.978519227464044e-05,2.6602992416219133e-05,1,5159
2584,lm,539.042,8.17408654016774e-12,2.647816603812172e-12,2.426646341673087e-12,3.0996135529431878e-12,1.0041739292437491e-17,1.0,1.0,1.0,1.0,2.560000000000003e-09,6.271598985165141e-07,6.425464310611326e-06,3.1654381557129376e-05,2.977701154615543e-05,2.6585630262035826e-05,1,5161
2585,lm,539.246,8.160904452196059e-12,2.6432712245010548e-12,2.4229591891977785e-12,3.0946643575918796e-12,9.680905344563253e-18,1.0,1.0,1.0,1.0,2.560000000000003e-09,6.251119753596906e-07,6.4207304784345745e-06,3.1630545047345765e-05,2.9768856846723057e-05,2.6568304689254194e-05,1,5163
2586,lm,539.450,8.1477672069014e-12,2.6387413891004557e-12,2.419283986736679e-12,3.0897325041423253e-12,9.326921938308117e-18,1.0,1.0,1.0,1.0,2.560000000000003e-09,6.23087724837732e-07,6.4160079629836635e-06,3.1606776613065294e-05,2.9760727967019693e-05,2.6551015582202053e-05,1,5165
2587,lm,539.655,8.13467454904818e-12,2.6342270070205796e-12,2.415620670246017e-12,3.084817890899403e-12,8.980882181369609e-18,1.0,1.0,1.0,1.0,2.560000000000003e-09,6.210833082821946e-07,6.411296713964457e-06,3.158307589160616e-05,2.9752625006337296e-05,2.6533762796006066e-05,1,5167
2588,lm,539.859,8.121626222101124e-12,2.6297279917427677e-12,2.4119691771512284e-12,3.0799204106811776e-12,8.642525949871186e-18,1.0,1.0,1.0,1.0,2.560000000000003e-09,6.191020311292257e-07,6.406596673307054e-06,3.155944250560714e-05,2.97445477045434e-05,2.651654616977171e-05,1,5169
2589,lm,540.063,8.108621976795443e-12,2.6252442549909395e-12,2.408329444876555e-12,3.0750399655286214e-12,8.311399327070957e-18,1.0,1.0,1.0,1.0,2.560000000000003e-09,6.171423996159906e-07,6.401907792752852e-06,3.153587609951432e-05,2.9736496095311828e-05,2.649936557574379e-05,1,5171
2590,lm,540.267,8.09566155814851e-12,2.6207757166946608e-12,2.4047014045116798e-12,3.070176449376726e-12,7.987565444297927e-18,1.0,1.0,1.0,1.0,2.560000000000003e-09,6.15204561953817e-07,6.397230018911586e-06,3.151237636458827e-05,2.972847009094599e-05,2.6482220866250366e-05,1,5173
2591,lm,540.471,8.082744722231287e-12,2.61632228906839e-12,2.401084996840379e-12,3.0653297654770377e-12,7.670845480605475e-18,1.0,1.0,1.0,1.0,2.560000000000003e-09,6.132869078797234e-07,6.392563311379626e-06,3.148894294925489e-05,2.9720469538413304e-05,2.6465111958843992e-05,1,5175
2592,lm,540.675,8.069871218889547e-12,2.611883887636042e-12,2.397480155065911e-12,3.060499814378919e-12,7.361808675966272e-18,1.0,1.0,1.0,1.0,2.560000000000003e-09,6.113914683540279e-07,6.3879076170788455e-06,3.146557551940723e-05,2.971249446103464e-05,2.644803869304974e-05,1,5177
2593,lm,540.879,8.057040808802745e-12,2.6074604293395726e-12,2.393886820522558e-12,3.0556864989272444e-12,7.060013369182903e-18,1.0,1.0,1.0,1.0,2.560000000000003e-09,6.095164814367963e-07,6.38326287828745e-06,3.144227372622286e-05,2.9704544752649476e-05,2.6431000932229945e-05,1,5179
2594,lm,541.084,8.044253241829662e-12,2.6030518308675925e-12,2.3903049275924503e-12,3.05088971800355e-12,6.7653660684310526e-18,1.0,1.0,1.0,1.0,2.560000000000003e-09,6.076632352964263e-07,6.378629043265524e-06,3.141903720409644e-05,2.9696620271582318e-05,2.6413998533725326e-05,1,5181
2595,lm,541.288,8.031508287167283e-12,2.598658005934134e-12,2.386734425882187e-12,3.046109377221457e-12,6.4781295045247055e-18,1.0,1.0,1.0,1.0,2.560000000000003e-09,6.058299951281283e-07,6.3740060765541144e-06,3.139586562569496e-05,2.9688721074011323e-05,2.63970313575414e-05,1,5183
2596,lm,541.492,8.018805694799849e-12,2.5942788762038918e-12,2.3831752398136848e-12,3.041345380980992e-12,6.197801280641172e-18,1.0,1.0,1.0,1.0,2.560000000000003e-09,6.040180561429124e-07,6.369393916011128e-06,3.137275862793069e-05,2.9680846863512422e-05,2.6380099291511294e-05,1,5185
2597,lm,541.696,8.006145233456132e-12,2.5899143594261907e-12,2.3796273150983178e-12,3.0365976341497126e-12,5.924781909541219e-18,1.0,1.0,1.0,1.0,2.560000000000003e-09,6.022259233493434e-07,6.364792521144271e-06,3.134971594588892e-05,2.9672997755755373e-05,2.636320219137697e-05,1,5187
2598,lm,541.900,7.993526671496488e-12,2.585564379388943e-12,2.3760905932054183e-12,3.031866039671198e-12,5.659230930068923e-18,1.0,1.0,1.0,1.0,2.560000000000003e-09,6.00453891364607e-07,6.36020183458749e-06,3.132673718324318e-05,2.9665173572612332e-05,2.6346339930354584e-05,1,5189
2599,lm,542.104,7.98094977170146e-12,2.581228851672048e-12,2.372565015203075e-12,3.0271505047312077e-12,5.4000951292424906e-18,1.0,1.0,1.0,1.0,2.560000000000003e-09,5.987028680546506e-07,6.355621817012627e-06,3.1303822025834176e-05,2.965737431011611e-05,2.6329512365614537e-05,1,5191
2600,lm,542.308,7.968414299272784e-12,2.5769076947827554e-12,2.3690505172462692e-12,3.0224509395352137e-12,5.147708545100844e-18,1.0,1.0,1.0,1.0,2.560000000000003e-09,5.969712051298362e-07,6.351052416278517e-06,3.128097015358695e-05,2.9649599795776302e-05,2.6312719397691654e-05,1,5193
2601,lm,542.513,7.955920031752957e-12,2.572600834601424e-12,2.365547047782259e-12,3.017767246538988e-12,4.902830286960011e-18,1.0,1.0,1.0,1.0,2.560000000000003e-09,5.952588760546911e-07,6.346493582065224e-06,3.125818122254965e-05,2.964184999935945e-05,2.629596087657614e-05,1,5195
2602,lm,542.717,7.943466740578668e-12,2.568308196076339e-12,2.362054543704953e-12,3.0130993361927757e-12,4.664604600870224e-18,1.0,1.0,1.0,1.0,2.560000000000003e-09,5.935667577608358e-07,6.341945276315034e-06,3.1235454941630695e-05,2.9634124894420938e-05,2.6279236697544825e-05,1,5197
2603,lm,542.921,7.931054194518972e-12,2.5640296940762104e-12,2.3585729471995944e-12,3.0084471198902967e-12,4.433352869676952e-18,1.0,1.0,1.0,1.0,2.560000000000003e-09,5.918941544439903e-07,6.337407444513511e-06,3.121279094922763e-05,2.962642432326789e-05,2.626254669841359e-05,1,5199
2604,lm,543.125,7.918682174348711e-12,2.5597652547992912e-12,2.355102205757927e-12,3.003810505120565e-12,4.208670928094384e-18,1.0,1.0,1.0,1.0,2.560000000000003e-09,5.90240178101173e-07,6.332880040096947e-06,3.119018893999241e-05,2.9618748312839838e-05,2.624589075714315e-05,1,5201
2605,lm,543.329,7.9063504553405e-12,2.555514803048216e-12,2.351642258748751e-12,2.999189402622832e-12,3.9909207003080935e-18,1.0,1.0,1.0,1.0,2.560000000000003e-09,5.886054292689454e-07,6.3283630108855845e-06,3.1167648579698196e-05,2.9611096635069143e-05,2.6229268746680525e-05,1,5203
2606,lm,543.533,7.894058818584031e-12,2.5512782639887743e-12,2.348193047644752e-12,2.9945837279023806e-12,3.779048125104341e-18,1.0,1.0,1.0,1.0,2.560000000000003e-09,5.869903301469547e-07,6.323856330424355e-06,3.114516958569331e-05,2.9603469383847587e-05,2.621268056946191e-05,1,5205
2607,lm,543.737,7.881807044462947e-12,2.5470555602370904e-12,2.344754523279718e-12,2.9899933863703397e-12,3.57457580067942e-18,1.0,1.0,1.0,1.0,2.560000000000003e-09,5.853928930407907e-07,6.319359930109693e-06,3.112275161681368e-05,2.959586636902083e-05,2.6196126089229804e-05,1,5207
2608,lm,543.942,7.869594914145058e-12,2.5428466171454603e-12,2.341326624852307e-12,2.985418295869971e-12,3.376277319575059e-18,1.0,1.0,1.0,1.0,2.560000000000003e-09,5.838152645294266e-07,6.3148737790241025e-06,3.1100394366837537e-05,2.958828753647081e-05,2.6179605146716823e-05,1,5209
2609,lm,544.146,7.857422216028567e-12,2.5386513625771845e-12,2.337909301583446e-12,2.9808583672767836e-12,3.18459115295911e-18,1.0,1.0,1.0,1.0,2.560000000000003e-09,5.822549521594622e-07,6.310397825223051e-06,3.10780975179523e-05,2.9580732855482013e-05,2.6163117646996064e-05,1,5211
2610,lm,544.350,7.84528873103823e-12,2.534469719969346e-12,2.3345024924829288e-12,2.976313519173655e-12,2.9994122986781245e-18,1.0,1.0,1.0,1.0,2.560000000000003e-09,5.807140011045245e-07,6.30593202648115e-06,3.105586074943339e-05,2.9573202159641156e-05,2.6146663468173877e-05,1,5213
2611,lm,544.554,7.833194249634229e-12,2.530301623113826e-12,2.3311061465978016e-12,2.971783659772584e-12,2.8201500160632907e-18,1.0,1.0,1.0,1.0,2.560000000000003e-09,5.791900218186252e-07,6.301476330985653e-06,3.1033683781036146e-05,2.9565695456021777e-05,2.6130242480739293e-05,1,5215
2612,lm,544.759,7.821138560199168e-12,2.5261469930165927e-12,2.327720211838806e-12,2.967268707856646e-12,2.6474871223034688e-18,1.0,1.0,1.0,1.0,2.560000000000003e-09,5.776840108804828e-07,6.29703070467716e-06,3.101156627818775e-05,2.9558212634594208e-05,2.611385454947198e-05,1,5217
2613,lm,544.963,7.809121456257853e-12,2.52200576004814e-12,2.324344634836816e-12,2.9627685805690455e-12,2.4808038508355004e-18,1.0,1.0,1.0,1.0,2.560000000000003e-09,5.761952885883736e-07,6.2925950936758565e-06,3.098950794141721e-05,2.9550753670284574e-05,2.6097499552612565e-05,1,5219
2614,lm,545.167,7.797142729480862e-12,2.517877855524405e-12,2.3209793624455597e-12,2.9582831912313172e-12,2.3202795800031375e-18,1.0,1.0,1.0,1.0,2.560000000000003e-09,5.747244387657179e-07,6.2881694535183565e-06,3.0967508444395077e-05,2.9543318451820067e-05,2.6081177367894894e-05,1,5221
2615,lm,545.371,7.785202172850967e-12,2.513763206798773e-12,2.3176243381070052e-12,2.9538124617308845e-12,2.1662143039038036e-18,1.0,1.0,1.0,1.0,2.560000000000003e-09,5.732716745926907e-07,6.283753746616374e-06,3.09455675253838e-05,2.953590683048615e-05,2.606488791088689e-05,1,5223
2616,lm,545.575,7.773299584251981e-12,2.5096617448326712e-12,2.3142795139187806e-12,2.9493563079280146e-12,2.0175725136985506e-18,1.0,1.0,1.0,1.0,2.560000000000003e-09,5.718345262962517e-07,6.279347936705696e-06,3.0923684886306754e-05,2.9528518798187308e-05,2.6048631018164094e-05,1,5225
2617,lm,545.779,7.761434758999541e-12,2.5055733994448634e-12,2.3109448374893115e-12,2.9449146470127698e-12,1.8750525975630652e-18,1.0,1.0,1.0,1.0,2.560000000000003e-09,5.704155290124219e-07,6.274951961297618e-06,3.090186017497879e-05,2.9521154285390024e-05,2.603240657834123e-05,1,5227
2618,lm,545.983,7.749607495625078e-12,2.5014980976654737e-12,2.307620257104221e-12,2.940487402405527e-12,1.738449855708281e-18,1.0,1.0,1.0,1.0,2.560000000000003e-09,5.690125966987203e-07,6.270565794974192e-06,3.088009316732968e-05,2.9513813208372393e-05,2.601621446405881e-05,1,5229
2619,lm,546.187,7.737817596941413e-12,2.497435774988303e-12,2.3043057224315705e-12,2.9360744918633844e-12,1.6076581559357653e-18,1.0,1.0,1.0,1.0,2.560000000000003e-09,5.676261057550667e-07,6.26618938187035e-06,3.085838351176592e-05,2.950649546291968e-05,2.6000054604947197e-05,1,5231
2620,lm,546.391,7.726064863875335e-12,2.4933863666888673e-12,2.3010011789226208e-12,2.9316758358166756e-12,1.4824471712644582e-18,1.0,1.0,1.0,1.0,2.560000000000003e-09,5.662570641041364e-07,6.261822692397383e-06,3.0836730946864214e-05,2.949920104481059e-05,2.5983926805407778e-05,1,5233
2621,lm,546.596,7.714349099873348e-12,2.489349798747023e-12,2.2977065828771824e-12,2.9272913553402063e-12,1.3629089372892413e-18,1.0,1.0,1.0,1.0,2.560000000000003e-09,5.649030661358641e-07,6.257465668064472e-06,3.081513517908805e-05,2.949192988456561e-05,2.596783099708625e-05,1,5235
2622,lm,546.801,7.702670109870559e-12,2.4853260079343964e-12,2.29442187877922e-12,2.922920974072135e-12,1.249084806929412e-18,1.0,1.0,1.0,1.0,2.560000000000003e-09,5.635653631390393e-07,6.2531182899744225e-06,3.0793595932874514e-05,2.9484681886560872e-05,2.5951767073048227e-05,1,5237
2623,lm,547.005,7.691027701885006e-12,2.4813149239543307e-12,2.2911470227102133e-12,2.9185646145111708e-12,1.1407092912390267e-18,1.0,1.0,1.0,1.0,2.560000000000003e-09,5.622436593019789e-07,6.2487805005331625e-06,3.077211291612466e-05,2.9477456870018636e-05,2.5935734899474322e-05,1,5239
2624,lm,547.209,7.67942168444716e-12,2.47731648614661e-12,2.287881959329845e-12,2.9142222012208347e-12,1.0377498695219923e-18,1.0,1.0,1.0,1.0,2.560000000000003e-09,5.60937318406771e-07,6.2444522557811865e-06,3.075068577583461e-05,2.947025492044175e-05,2.5919734329655013e-05,1,5241
2625,lm,547.413,7.667851864080443e-12,2.473330626201377e-12,2.2846266438086026e-12,2.909893653838976e-12,9.40231489047489e-19,1.0,1.0,1.0,1.0,2.560000000000003e-09,5.59646807662036e-07,6.240133516957608e-06,3.072931429011789e-05,2.9463075830591686e-05,2.590376527134677e-05,1,5243
2626,lm,547.618,7.65631805228828e-12,2.469357280853837e-12,2.2813810254994134e-12,2.905578898165403e-12,8.47769625380968e-19,1.0,1.0,1.0,1.0,2.560000000000003e-09,5.583711549962193e-07,6.2358242481826994e-06,3.07079981580637e-05,2.9455919667030357e-05,2.5887827625167978e-05,1,5245
2627,lm,547.822,7.644820062771305e-12,2.465396383077664e-12,2.2781450591163377e-12,2.901277859832102e-12,7.607452009022641e-19,1.0,1.0,1.0,1.0,2.560000000000003e-09,5.571108758435223e-07,6.231524400044161e-06,3.0686737082590686e-05,2.9448786202024256e-05,2.5871921231302322e-05,1,5247
2628,lm,548.026,7.633357709022002e-12,2.4614478710992e-12,2.274918696563704e-12,2.896990462594113e-12,6.787649845394047e-19,1.0,1.0,1.0,1.0,2.560000000000003e-09,5.558654074693186e-07,6.227233943486732e-06,3.066553085705717e-05,2.9441675493255405e-05,2.585604601711178e-05,1,5249
2629,lm,548.230,7.621930806662814e-12,2.4575116801851496e-12,2.271701890181988e-12,2.8927166343358232e-12,6.01959852852313e-19,1.0,1.0,1.0,1.0,2.560000000000003e-09,5.546345658887961e-07,6.222952834697375e-06,3.064437914999634e-05,2.943458736378176e-05,2.5840201871359025e-05,1,5251
2630,lm,548.434,7.61053916892888e-12,2.4535877455189895e-12,2.268494591174949e-12,2.8884563022199927e-12,5.300149496082093e-19,1.0,1.0,1.0,1.0,2.560000000000003e-09,5.534178670075119e-07,6.2186810250313525e-06,3.0623281678414664e-05,2.942752179955513e-05,2.5824388660427927e-05,1,5253
2631,lm,548.638,7.59918261902207e-12,2.4496760108426704e-12,2.2652967527378125e-12,2.8842093924132957e-12,4.630282900245392e-19,1.0,1.0,1.0,1.0,2.560000000000003e-09,5.522160123425322e-07,6.2144184829824634e-06,3.06022381855475e-05,2.9420478769030077e-05,2.5808606269037724e-05,1,5255
2632,lm,548.843,7.587860973119985e-12,2.4457764065422814e-12,2.262108330634704e-12,2.879975835043412e-12,4.0089958691676096e-19,1.0,1.0,1.0,1.0,2.560000000000003e-09,5.510280313949703e-07,6.210165175818053e-06,3.058124840428776e-05,2.9413458191521516e-05,2.5792854620912148e-05,1,5257
2633,lm,549.047,7.576574053473777e-12,2.4418888751254067e-12,2.2589292794854712e-12,2.8757555552646872e-12,3.4359821052178103e-19,1.0,1.0,1.0,1.0,2.560000000000003e-09,5.498541693213811e-07,6.205921047763359e-06,3.0560312026534546e-05,2.9406459967701855e-05,2.5777133517722527e-05,1,5259
2634,lm,549.251,7.565321679210394e-12,2.438013353770453e-12,2.2557595497436187e-12,2.8715484847734287e-12,2.9092289306768415e-19,1.0,1.0,1.0,1.0,2.560000000000003e-09,5.486938411927056e-07,6.201686066637481e-06,3.053942881627151e-05,2.9399483897631696e-05,2.576144292594182e-05,1,5261
2635,lm,549.455,7.554103677447226e-12,2.4341497832097405e-12,2.252599101382475e-12,2.867354549894626e-12,2.4296038265408015e-19,1.0,1.0,1.0,1.0,2.560000000000003e-09,5.475477859415387e-07,6.19746019643119e-06,3.05185984912944e-05,2.9392530055196196e-05,2.5745782714672585e-05,1,5263
2636,lm,549.659,7.542919870812988e-12,2.4302981013723427e-12,2.249447886234626e-12,2.8631736836828562e-12,1.9952316251378274e-19,1.0,1.0,1.0,1.0,2.560000000000003e-09,5.46414364149034e-07,6.193243395302704e-06,3.0497820789604963e-05,2.9385598318184843e-05,2.5730152762037706e-05,1,5265
2637,lm,549.863,7.531770084845828e-12,2.4264582502445287e-12,2.2463058604237112e-12,2.859005813611373e-12,1.6056621453714208e-19,1.0,1.0,1.0,1.0,2.560000000000003e-09,5.452942021150235e-07,6.189035628391019e-06,3.0477095438838103e-05,2.9378688606254902e-05,2.571455298040176e-05,1,5267
2638,lm,550.067,7.520654147475705e-12,2.4226301676458767e-12,2.2431729819479235e-12,2.854850871903815e-12,1.2597809015098948e-19,1.0,1.0,1.0,1.0,2.560000000000003e-09,5.441881293447711e-07,6.18483685954884e-06,3.0456422220889996e-05,2.9371800933534305e-05,2.5698983249089705e-05,1,5269
2639,lm,550.271,7.509571887743696e-12,2.418813796938887e-12,2.2400492020016247e-12,2.8507087929901417e-12,9.581304282594324e-20,1.0,1.0,1.0,1.0,2.560000000000003e-09,5.43093844157506e-07,6.180647045255497e-06,3.0435800846426723e-05,2.9364935196478697e-05,2.5683443438211963e-05,1,5271
2640,lm,550.476,7.498523134879197e-12,2.415009078975881e-12,2.236934479443731e-12,2.846579506567191e-12,6.989239426213323e-20,1.0,1.0,1.0,1.0,2.560000000000003e-09,5.420121734154119e-07,6.176466155971954e-06,3.0415231045422255e-05,2.9358091232140995e-05,2.5667933459083972e-05,1,5273
2641,lm,550.680,7.487507720908364e-12,2.4112159576541276e-12,2.2338287703035113e-12,2.8424629447949297e-12,4.815579488031594e-20,1.0,1.0,1.0,1.0,2.560000000000003e-09,5.409432056402941e-07,6.172294137665626e-06,3.039471252090559e-05,2.935126909595247e-05,2.5652453205117248e-05,1,5275
2642,lm,550.884,7.476525475004851e-12,2.407434372375997e-12,2.230732031093234e-12,2.838359040988606e-12,3.0547013769826065e-20,1.0,1.0,1.0,1.0,2.560000000000003e-09,5.398868120627295e-07,6.168130972430781e-06,3.0374245082997788e-05,2.93444686584256e-05,2.5637002567359752e-05,1,5277
2643,lm,551.088,7.465576236272482e-12,2.4036642667951878e-12,2.227644224463758e-12,2.834267728000011e-12,1.7013524539134256e-20,1.0,1.0,1.0,1.0,2.560000000000003e-09,5.3884145658454e-07,6.163976607170778e-06,3.0353828440989605e-05,2.9337689776895135e-05,2.5621581419479976e-05,1,5279
2644,lm,551.292,7.454659836039502e-12,2.39990558439463e-12,2.224565302186547e-12,2.830188941999958e-12,7.458366825274276e-21,1.0,1.0,1.0,1.0,2.560000000000003e-09,5.378096565462528e-07,6.159831019740408e-06,3.0333462383998547e-05,2.9330932488345392e-05,2.5606189680747314e-05,1,5281
2645,lm,551.497,7.44377611077704e-12,2.396158269190966e-12,2.2214952228654074e-12,2.826122616909711e-12,1.8109548324025065e-21,1.0,1.0,1.0,1.0,2.560000000000003e-09,5.367888243852895e-07,6.155694162033475e-06,3.0313146626412874e-05,2.9324196686023116e-05,2.55908272476607e-05,1,5283
2646,lm,551.701,7.432924896837565e-12,2.3924222623899992e-12,2.218433943906674e-12,2.8220686905397688e-12,1.1235351689129294e-24,1.0,1.0,1.0,1.0,2.560000000000003e-09,5.357804882064834e-07,6.15156600435764e-06,3.0292880919904054e-05,2.9317482291147243e-05,2.5575493986153772e-05,1,5285
2647,lm,551.905,7.422106032396632e-12,2.388697511830403e-12,2.2153814253763335e-12,2.8180270932302143e-12,1.9596811316414737e-21,1.0,1.0,1.0,1.0,2.560000000000003e-09,5.347821240568326e-07,6.147446509252308e-06,3.0272665006304534e-05,2.931078923509224e-05,2.556018981380844e-05,1,5287
2648,lm,552.109,7.411319361120766e-12,2.3849839628386114e-12,2.2123376276468658e-12,2.8139977629983027e-12,7.636986697933427e-21,1.0,1.0,1.0,1.0,2.560000000000003e-09,5.337949096655056e-07,6.143335642395475e-06,3.0252498670017335e-05,2.9304117364170868e-05,2.554491461615024e-05,1,5289
2649,lm,552.313,7.400564719437671e-12,2.3812815552043795e-12,2.2093025081599765e-12,2.80998063915068e-12,1.6922634720812665e-20,1.0,1.0,1.0,1.0,2.560000000000003e-09,5.328206290419078e-07,6.139233370042071e-06,3.0232381644064107e-05,2.9297466740395852e-05,2.5529668283026345e-05,1,5291
2650,lm,552.517,7.389841951505713e-12,2.3775902365301234e-12,2.2062760274349094e-12,2.805975657759421e-12,2.9781258556959064e-20,1.0,1.0,1.0,1.0,2.560000000000003e-09,5.318556559805078e-07,6.135139646651599e-06,3.021231367114307e-05,2.9290837241726048e-05,2.5514450728403473e-05,1,5293
2651,lm,552.721,7.379150898105558e-12,2.3739099567860652e-12,2.2032581425390956e-12,2.80198275265254e-12,4.612785732335675e-20,1.0,1.0,1.0,1.0,2.560000000000003e-09,5.309020957238242e-07,6.1310544451477965e-06,3.019229454842912e-05,2.9284228799018353e-05,2.54992618522287e-05,1,5295
2652,lm,552.925,7.36849140473747e-12,2.370240658965247e-12,2.2002488122489933e-12,2.798001867615889e-12,6.59073394223006e-20,1.0,1.0,1.0,1.0,2.560000000000003e-09,5.299586202938539e-07,6.126977730421983e-06,3.017232399535793e-05,2.9277641264451073e-05,2.5484101505201453e-05,1,5297
2653,lm,553.130,7.357863320807242e-12,2.3665822919070655e-12,2.1972480047603895e-12,2.794032935086828e-12,8.905295956170848e-20,1.0,1.0,1.0,1.0,2.560000000000003e-09,5.290256576625972e-07,6.122909472725493e-06,3.015240180051569e-05,2.927107471328877e-05,2.5468969638772304e-05,1,5299
2654,lm,553.334,7.347266485395707e-12,2.3629347990999603e-12,2.1942556713845586e-12,2.790075899498013e-12,1.1541317382935848e-19,1.0,1.0,1.0,1.0,2.560000000000003e-09,5.281036618040039e-07,6.118849621776228e-06,3.0132527696312772e-05,2.9264529009233377e-05,2.54538661026761e-05,1,5301
2655,lm,553.538,7.336700751922443e-12,2.3592981325363945e-12,2.191271776394037e-12,2.7861306978784675e-12,1.4511354380408988e-19,1.0,1.0,1.0,1.0,2.560000000000003e-09,5.271908658541552e-07,6.114798155395499e-06,3.0112701471659885e-05,2.9258004028403472e-05,2.543879084204302e-05,1,5303
2656,lm,553.742,7.326165967944169e-12,2.3556722406501157e-12,2.188296280528985e-12,2.7821972688368473e-12,1.779282212305911e-19,1.0,1.0,1.0,1.0,2.560000000000003e-09,5.262879011243642e-07,6.110755035255966e-06,3.009292288577384e-05,2.925149974572214e-05,2.542374371864251e-05,1,5305
2657,lm,553.946,7.315661983660451e-12,2.3520570677819698e-12,2.1853291461453136e-12,2.7782755559377735e-12,2.1379539328422742e-19,1.0,1.0,1.0,1.0,2.560000000000003e-09,5.25395181207182e-07,6.106720232021386e-06,3.007319170132441e-05,2.9245016026133757e-05,2.54087246567489e-05,1,5307
2658,lm,554.150,7.305188647949846e-12,2.3484525634114614e-12,2.1823703363073905e-12,2.7743654955600526e-12,2.5267094064155617e-19,1.0,1.0,1.0,1.0,2.560000000000003e-09,5.245117053404295e-07,6.102693713511336e-06,3.005350769976152e-05,2.923855302208346e-05,2.5393733584225428e-05,1,5309
2659,lm,554.354,7.294745813051239e-12,2.344858677422498e-12,2.1794198086937534e-12,2.7704670324040015e-12,2.9453098566304444e-19,1.0,1.0,1.0,1.0,2.560000000000003e-09,5.23638031132567e-07,6.098675436907836e-06,3.0033870631984254e-05,2.9232110393233255e-05,2.5378770335213848e-05,1,5311
2660,lm,554.559,7.28433333328274e-12,2.341275360232652e-12,2.1764775271516145e-12,2.7665801066026685e-12,3.3929580572769463e-19,1.0,1.0,1.0,1.0,2.560000000000003e-09,5.227728820760321e-07,6.094665377335548e-06,3.0014280285485614e-05,2.9225688241573147e-05,2.5363834855591974e-05,1,5313
2661,lm,554.763,7.273951064398065e-12,2.3377025592531286e-12,2.173543458027015e-12,2.7627046602066036e-12,3.8691131780698914e-19,1.0,1.0,1.0,1.0,2.560000000000003e-09,5.219169227239044e-07,6.09066350086883e-06,2.999473640470633e-05,2.921928639708307e-05,2.534892702585121e-05,1,5315
2662,lm,554.967,7.2635988571562586e-12,2.3341402234522915e-12,2.170617561092869e-12,2.7588406353725997e-12,4.372384979115832e-19,1.0,1.0,1.0,1.0,2.560000000000003e-09,5.21070586170769e-07,6.086669769047756e-06,2.9975238788697833e-05,2.9212904838134067e-05,2.533404677140329e-05,1,5317
2663,lm,555.171,7.253276571190218e-12,2.3305883098157895e-12,2.1676997950699515e-12,2.7549879760299297e-12,4.902745472767781e-19,1.0,1.0,1.0,1.0,2.560000000000003e-09,5.202324370507917e-07,6.082684151249312e-06,2.9955787193956955e-05,2.9206543455704075e-05,2.5319193941906716e-05,1,5319
2664,lm,555.375,7.242984061369954e-12,2.327046763939673e-12,2.1647901251047694e-12,2.7511466263441302e-12,5.459813818736005e-19,1.0,1.0,1.0,1.0,2.560000000000003e-09,5.194031426248426e-07,6.078706619047256e-06,2.9936381425464973e-05,2.9200202239674702e-05,2.530436850030019e-05,1,5321
2665,lm,555.579,7.232721188098473e-12,2.3235155367440587e-12,2.1618885164054773e-12,2.7473165306349826e-12,6.043139548391353e-19,1.0,1.0,1.0,1.0,2.560000000000003e-09,5.185820415463856e-07,6.074737142856821e-06,2.9917021253183355e-05,2.919388103670286e-05,2.5289570313453545e-05,1,5323
2666,lm,555.784,7.2224878111929785e-12,2.3199945829008692e-12,2.1589949333988412e-12,2.743497629815152e-12,6.650781151055385e-19,1.0,1.0,1.0,1.0,2.560000000000003e-09,5.177692120911539e-07,6.070775685889921e-06,2.9897706436404195e-05,2.918757989009861e-05,2.527479929006528e-05,1,5325
2667,lm,555.988,7.212283788598957e-12,2.316483851070904e-12,2.1561093387929098e-12,2.7396898704274223e-12,7.283077202020888e-19,1.0,1.0,1.0,1.0,2.560000000000003e-09,5.169649030671998e-07,6.0668222110714475e-06,2.9878436771453868e-05,2.918129859138557e-05,2.526005535054554e-05,1,5327
2668,lm,556.193,7.202108981479901e-12,2.3129832947737634e-12,2.1532316943538153e-12,2.7358931984209698e-12,7.939313518307669e-19,1.0,1.0,1.0,1.0,2.560000000000003e-09,5.16168323564286e-07,6.062876698000816e-06,2.9859212062664585e-05,2.917503713743755e-05,2.5245338399480224e-05,1,5329
2669,lm,556.397,7.191963254825417e-12,2.3094928673796682e-12,2.15036196970895e-12,2.7321075558691485e-12,8.618676497677016e-19,1.0,1.0,1.0,1.0,2.560000000000003e-09,5.153789110311341e-07,6.058939106356341e-06,2.984003203172372e-05,2.9168795532265266e-05,2.5230648315346412e-05,1,5331
2670,lm,556.601,7.1818464694088844e-12,2.306012519161192e-12,2.1475001262029257e-12,2.728332891959837e-12,9.32084929642104e-19,1.0,1.0,1.0,1.0,2.560000000000003e-09,5.145982100157593e-07,6.055009411212143e-06,2.9820896544024583e-05,2.9162573564560958e-05,2.5215985045387447e-05,1,5333
2671,lm,556.806,7.171758490644622e-12,2.302542208931336e-12,2.1446461266841764e-12,2.724569150453088e-12,1.0045760220402878e-18,1.0,1.0,1.0,1.0,2.560000000000003e-09,5.138242833397336e-07,6.0510875749753775e-06,2.980180530988029e-05,2.915637125618986e-05,2.520134845700358e-05,1,5335
2672,lm,557.010,7.161699183755961e-12,2.299081884268747e-12,2.1417999399743105e-12,2.720816280280528e-12,1.0792323764558526e-18,1.0,1.0,1.0,1.0,2.560000000000003e-09,5.130576028815295e-07,6.047173566008707e-06,2.978275810945051e-05,2.9150188555532974e-05,2.5186738448744267e-05,1,5337
2673,lm,557.214,7.151668414893748e-12,2.2956315031493856e-12,2.1389615309562668e-12,2.7170742248979364e-12,1.1558901601566645e-18,1.0,1.0,1.0,1.0,2.560000000000003e-09,5.12299437131387e-07,6.04326735660663e-06,2.9763754796031164e-05,2.9144025304550655e-05,2.517215494996206e-05,1,5339
2674,lm,557.418,7.141666049890897e-12,2.2921910176174946e-12,2.136130861852236e-12,2.7133429357688555e-12,1.2346523106440695e-18,1.0,1.0,1.0,1.0,2.560000000000003e-09,5.115476665626424e-07,6.039368925962509e-06,2.9744795160620367e-05,2.9137881471611017e-05,2.515759788154515e-05,1,5341
2675,lm,557.622,7.131691958829971e-12,2.2887603830036448e-12,2.1333079032745022e-12,2.7096223570099123e-12,1.3155419108548165e-18,1.0,1.0,1.0,1.0,2.560000000000003e-09,5.108025273249479e-07,6.035478232433368e-06,2.9725878944838133e-05,2.9131757012803354e-05,2.514306711031098e-05,1,5343
2676,lm,557.826,7.121746006516103e-12,2.285339552812027e-12,2.1304926182780105e-12,2.705912437349139e-12,1.3980769269048133e-18,1.0,1.0,1.0,1.0,2.560000000000003e-09,5.100649393008575e-07,6.031595248219567e-06,2.9707005959843322e-05,2.912565186695322e-05,2.5128562595302837e-05,1,5345
2677,lm,558.030,7.111828066452026e-12,2.281928483870925e-12,2.1276849719562546e-12,2.7022131278622306e-12,1.4827626149845352e-18,1.0,1.0,1.0,1.0,2.560000000000003e-09,5.093335201205525e-07,6.027719949299762e-06,2.9688176061730578e-05,2.911956588106474e-05,2.5114084217434235e-05,1,5347
2678,lm,558.234,7.101938008953276e-12,2.2785271296486447e-12,2.1248849335688085e-12,2.6985243766272345e-12,1.5691085874291106e-18,1.0,1.0,1.0,1.0,2.560000000000003e-09,5.08608309836563e-07,6.0238522937678655e-06,2.966938894808105e-05,2.911349910507397e-05,2.509963188195499e-05,1,5349
2679,lm,558.439,7.092075706071143e-12,2.275135450391525e-12,2.1220924692128487e-12,2.6948461291671034e-12,1.6572996661570274e-18,1.0,1.0,1.0,1.0,2.560000000000003e-09,5.078894449116576e-07,6.019992264893229e-06,2.965064447511622e-05,2.9107451383110273e-05,2.5085205501791315e-05,1,5351
2680,lm,558.643,7.0822410292939036e-12,2.2717533964879784e-12,2.119307546380975e-12,2.6911783393894555e-12,1.7470354941509712e-18,1.0,1.0,1.0,1.0,2.560000000000003e-09,5.071776049386882e-07,6.016139824992094e-06,2.9631942408629966e-05,2.9101422675394523e-05,2.5070804985629487e-05,1,5353
2681,lm,558.848,7.07243385205848e-12,2.268380927901773e-12,2.116530129231095e-12,2.6875209562982214e-12,1.8386273913581964e-18,1.0,1.0,1.0,1.0,2.560000000000003e-09,5.064716975175193e-07,6.01229494627594e-06,2.9613282583878913e-05,2.909541292040351e-05,2.505643025091631e-05,1,5355
2682,lm,559.052,7.062654048910408e-12,2.265017999521546e-12,2.11376018773327e-12,2.68387392996841e-12,1.931687183045259e-18,1.0,1.0,1.0,1.0,2.560000000000003e-09,5.05771898216593e-07,6.0084576093812334e-06,2.9594664775238876e-05,2.9089422060046694e-05,2.5042081198142463e-05,1,5357
2683,lm,559.256,7.052901494330266e-12,2.2616645694625045e-12,2.1109976875177534e-12,2.68023721083507e-12,2.026514938241871e-18,1.0,1.0,1.0,1.0,2.560000000000003e-09,5.050774958928074e-07,6.004627765296009e-06,2.957608877300153e-05,2.908344990512615e-05,2.502775774023592e-05,1,5359
2684,lm,559.460,7.043176066942094e-12,2.258320594219985e-12,2.1082426001684143e-12,2.676610749788781e-12,2.1227649137555376e-18,1.0,1.0,1.0,1.0,2.560000000000003e-09,5.043892273271864e-07,6.000805405975284e-06,2.955755443013143e-05,2.9077496481070932e-05,2.5013459786941958e-05,1,5361
2685,lm,559.664,7.033477640394365e-12,2.254986034488577e-12,2.1054948879887488e-12,2.6729944974677446e-12,2.2204492955093844e-18,1.0,1.0,1.0,1.0,2.560000000000003e-09,5.037067150214637e-07,5.9969904890200874e-06,2.9539061497769062e-05,2.9071561738367187e-05,2.4999187258402126e-05,1,5363
2686,lm,559.868,7.023806096050122e-12,2.25166084443043e-12,2.102754523602589e-12,2.6693884083846546e-12,2.319632447975583e-18,1.0,1.0,1.0,1.0,2.560000000000003e-09,5.030295687988538e-07,5.993183001141758e-06,2.9520609811188506e-05,2.9065645606585564e-05,2.4984940055754132e-05,1,5365
2687,lm,560.072,7.0141613077146136e-12,2.2483449841486226e-12,2.100021472266454e-12,2.665792431367037e-12,2.4199324996939074e-18,1.0,1.0,1.0,1.0,2.560000000000003e-09,5.02358986571186e-07,5.989382897636621e-06,2.9502199180992327e-05,2.9059747970887786e-05,2.4970718113039244e-05,1,5367
2688,lm,560.276,7.004543158554649e-12,2.2450384140479475e-12,2.09729570461495e-12,2.6622065181547616e-12,2.5217369908352234e-18,1.0,1.0,1.0,1.0,2.560000000000003e-09,5.016915883164662e-07,5.985590162298529e-06,2.948382939735759e-05,2.905386880525565e-05,2.495652132722979e-05,1,5369
2689,lm,560.480,6.9949515283384116e-12,2.2417410891742195e-12,2.094577189665964e-12,2.6586306248139578e-12,2.624684269992686e-18,1.0,1.0,1.0,1.0,2.560000000000003e-09,5.010303489561118e-07,5.9818047620943495e-06,2.9465500282154272e-05,2.9048007997529383e-05,2.4942349607680384e-05,1,5371
2690,lm,560.685,6.985386295754879e-12,2.2384529684509495e-12,2.091865895534785e-12,2.6550647027747904e-12,2.7289943547317283e-18,1.0,1.0,1.0,1.0,2.560000000000003e-09,5.003737622360685e-07,5.978026666851787e-06,2.9447211632454895e-05,2.904216546315259e-05,2.4928202869847385e-05,1,5373
2691,lm,560.889,6.9758473475946275e-12,2.2351740161079025e-12,2.089161792912216e-12,2.6515087041249703e-12,2.8344495386935694e-18,1.0,1.0,1.0,1.0,2.560000000000003e-09,4.99721657842365e-07,5.974255855011619e-06,2.942896328289913e-05,2.903634121241891e-05,2.4914081035806885e-05,1,5375
2692,lm,561.093,6.96633456157764e-12,2.2319041876765015e-12,2.0864648473678757e-12,2.647962585465309e-12,2.9410679534335106e-18,1.0,1.0,1.0,1.0,2.560000000000003e-09,4.990758880490433e-07,5.970492292527478e-06,2.9410754997905006e-05,2.9030535062602316e-05,2.4899983994847175e-05,1,5377
2693,lm,561.297,6.9568478233049185e-12,2.2286434425237805e-12,2.083775034510183e-12,2.644426297644871e-12,3.0486260837804953e-18,1.0,1.0,1.0,1.0,2.560000000000003e-09,4.984336603746325e-07,5.966735963473528e-06,2.939258666190736e-05,2.9024747039442874e-05,2.488591170209961e-05,1,5379
2694,lm,561.501,6.947387018059855e-12,2.225391743085823e-12,2.08109231834829e-12,2.6408997990372596e-12,3.157588482108853e-18,1.0,1.0,1.0,1.0,2.560000000000003e-09,4.977965692855889e-07,5.96298683095484e-06,2.93744580584297e-05,2.9018977057236688e-05,2.4871864048001885e-05,1,5381
2695,lm,561.705,6.937952028541016e-12,2.2221490501727612e-12,2.0784166702853933e-12,2.6373830408364075e-12,3.267246452732968e-18,1.0,1.0,1.0,1.0,2.560000000000003e-09,4.971643474326279e-07,5.9592448731939994e-06,2.9356368994545475e-05,2.90132250516929e-05,2.485784095867922e-05,1,5383
2696,lm,561.910,6.928542742157795e-12,2.2189153247158692e-12,2.0757480615121097e-12,2.633875978189071e-12,3.3777407449496584e-18,1.0,1.0,1.0,1.0,2.560000000000003e-09,4.965356469785068e-07,5.9555100611590245e-06,2.9338319280329852e-05,2.9007490902703617e-05,2.4843842349354974e-05,1,5385
2697,lm,562.114,6.919159044962001e-12,2.2156905235098274e-12,2.073086464712792e-12,2.63037856733446e-12,3.489404921722212e-18,1.0,1.0,1.0,1.0,2.560000000000003e-09,4.959112550596616e-07,5.951782368142729e-06,2.932030878060036e-05,2.9001774524308068e-05,2.4829868133684683e-05,1,5387
2698,lm,562.318,6.909800825972768e-12,2.2124746136604888e-12,2.0704318457411794e-12,2.626890764646317e-12,3.601924781857031e-18,1.0,1.0,1.0,1.0,2.560000000000003e-09,4.952914874963795e-07,5.948061776208807e-06,2.930233729210906e-05,2.8996075919325983e-05,2.4815918223045083e-05,1,5389
2699,lm,562.522,6.9004679711887625e-12,2.2092675489185915e-12,2.067784180733155e-12,2.623412526449997e-12,3.715087018985745e-18,1.0,1.0,1.0,1.0,2.560000000000003e-09,4.946754128492685e-07,5.944348247320643e-06,2.928440462082241e-05,2.8990395033832846e-05,2.480199254071818e-05,1,5391
2700,lm,562.726,6.8911603711013694e-12,2.2060692991070166e-12,2.0651434356566714e-12,2.6199438071969746e-12,3.829140706429593e-18,1.0,1.0,1.0,1.0,2.560000000000003e-09,4.940631061509125e-07,5.940641761956754e-06,2.926651062083155e-05,2.8984731699698846e-05,2.4788091004057867e-05,1,5393
2701,lm,562.930,6.8818779149636954e-12,2.2028798234544198e-12,2.0625095826251387e-12,2.6164845649753937e-12,3.943908742819499e-18,1.0,1.0,1.0,1.0,2.560000000000003e-09,4.934549467778057e-07,5.936942292213873e-06,2.9248655064313023e-05,2.8979085887030477e-05,2.4774213536040064e-05,1,5395
2702,lm,563.134,6.872620493078446e-12,2.1996990830346148e-12,2.0598825948964776e-12,2.6130347556127288e-12,4.0595346260696716e-18,1.0,1.0,1.0,1.0,2.560000000000003e-09,4.928505141658267e-07,5.933249820396065e-06,2.923083784039292e-05,2.8973457561079312e-05,2.4760360042672515e-05,1,5397
2703,lm,563.339,6.8633879948011524e-12,2.196527041530926e-12,2.0572624410792847e-12,2.6095943363950047e-12,4.1757959364835956e-18,1.0,1.0,1.0,1.0,2.560000000000003e-09,4.922497292076116e-07,5.929564307668615e-06,2.921305872039339e-05,2.8967846718192216e-05,2.4746530450699976e-05,1,5399
2704,lm,563.543,6.854180314148314e-12,2.1933636618082593e-12,2.054649095268097e-12,2.6061632645353693e-12,4.2925365887258815e-18,1.0,1.0,1.0,1.0,2.560000000000003e-09,4.916525643843251e-07,5.925885738273764e-06,2.9195317569266078e-05,2.896225305690429e-05,2.4732724694991015e-05,1,5401
2705,lm,563.747,6.844997344386318e-12,2.190208907097051e-12,2.0520425289743682e-12,2.6027414983587593e-12,4.40995613931287e-18,1.0,1.0,1.0,1.0,2.560000000000003e-09,4.910583051048356e-07,5.9222140754313e-06,2.9177614138905846e-05,2.895667674049383e-05,2.4718942650942207e-05,1,5403
2706,lm,563.951,6.835838976199495e-12,2.1870627400258434e-12,2.0494427122762627e-12,2.599328995996147e-12,4.527901243023695e-18,1.0,1.0,1.0,1.0,2.560000000000003e-09,4.904682736757491e-07,5.918549309678371e-06,2.9159948347952186e-05,2.8951117588055698e-05,2.4705184274665885e-05,1,5405
2707,lm,564.155,6.8267051046212465e-12,2.183925124518584e-12,2.0468496200701854e-12,2.5959257136714212e-12,4.646361056346827e-18,1.0,1.0,1.0,1.0,2.560000000000003e-09,4.898800490175505e-07,5.914891413317572e-06,2.914232002456492e-05,2.894557554421702e-05,2.4691449494760892e-05,1,5407
2708,lm,564.359,6.8175956275957706e-12,2.1807960287511634e-12,2.0442632232629513e-12,2.5925316098179717e-12,4.7657636839864e-18,1.0,1.0,1.0,1.0,2.560000000000003e-09,4.892961988152598e-07,5.9112403546872265e-06,2.9124728955959035e-05,2.894005051420932e-05,2.467773822080555e-05,1,5409
2709,lm,564.563,6.808510435905661e-12,2.1776754080597484e-12,2.0416834949629275e-12,2.589146647805948e-12,4.8850770377023304e-18,1.0,1.0,1.0,1.0,2.560000000000003e-09,4.887165140233036e-07,5.90759611325593e-06,2.9107175010373063e-05,2.8934542506416575e-05,2.4664050354869942e-05,1,5411
2710,lm,564.767,6.7994494273275495e-12,2.174563232314148e-12,2.039110406695425e-12,2.5857707832027832e-12,5.005115193255593e-18,1.0,1.0,1.0,1.0,2.560000000000003e-09,4.881381479789246e-07,5.903958666291653e-06,2.9089658002049402e-05,2.8929051367268305e-05,2.4650385851462156e-05,1,5413
2711,lm,564.972,6.790412498468967e-12,2.171459466286963e-12,2.036543930198946e-12,2.5824039767338633e-12,5.1252491948167936e-18,1.0,1.0,1.0,1.0,2.560000000000003e-09,4.875631250037577e-07,5.900327980243425e-06,2.9072177737277958e-05,2.8923577065969195e-05,2.4636744599321243e-05,1,5415
2712,lm,565.176,6.7813995505883475e-12,2.1683640716357843e-12,2.0339840455371664e-12,2.57904618743717e-12,5.24597822610995e-18,1.0,1.0,1.0,1.0,2.560000000000003e-09,4.869903211211892e-07,5.8967040434378815e-06,2.9054734111282055e-05,2.8918119502026587e-05,2.462312653740712e-05,1,5417
2713,lm,565.380,6.772410474490427e-12,2.165277016648644e-12,2.0314307169747854e-12,2.575697373904153e-12,5.366962843774446e-18,1.0,1.0,1.0,1.0,2.560000000000003e-09,4.864219149161859e-07,5.893086833029826e-06,2.9037326932910523e-05,2.891267870815242e-05,2.4609531596369752e-05,1,5419
2714,lm,565.584,6.763445174616082e-12,2.1621982668688627e-12,2.0288839212111735e-12,2.572357498445662e-12,5.488090383606316e-18,1.0,1.0,1.0,1.0,2.560000000000003e-09,4.858542100624385e-07,5.88947630906807e-06,2.901995604859366e-05,2.890725441756755e-05,2.4595959695701144e-05,1,5421
2715,lm,565.788,6.754503550952751e-12,2.1591277845782065e-12,2.026343632920442e-12,2.569026523676272e-12,5.609777831336917e-18,1.0,1.0,1.0,1.0,2.560000000000003e-09,4.852898764972947e-07,5.885872466154893e-06,2.9002621292270446e-05,2.8901846765938803e-05,2.4582410729196245e-05,1,5423
2716,lm,565.993,6.745585499277368e-12,2.1560655378664737e-12,2.023809824039765e-12,2.565704405865022e-12,5.73150610762002e-18,1.0,1.0,1.0,1.0,2.560000000000003e-09,4.847288615375188e-07,5.8822752755401036e-06,2.898532250754522e-05,2.8896455604815714e-05,2.4568884666393035e-05,1,5425
2717,lm,566.197,6.7366909237905975e-12,2.1530114894919587e-12,2.0212824721912843e-12,2.562391108811272e-12,5.8532960826718385e-18,1.0,1.0,1.0,1.0,2.560000000000003e-09,4.841693346833153e-07,5.8786847011263795e-06,2.896805950561795e-05,2.889108077999468e-05,2.455538140419403e-05,1,5427
2718,lm,566.401,6.727819723728216e-12,2.149965611081866e-12,2.0187615452551836e-12,2.5590865919658304e-12,5.975425335296069e-18,1.0,1.0,1.0,1.0,2.560000000000003e-09,4.836122810069952e-07,5.875100737004695e-06,2.895083217871271e-05,2.8885722290523973e-05,2.4541900885077994e-05,1,5429
2719,lm,566.605,6.71897180290095e-12,2.14692786638989e-12,2.0162470191210136e-12,2.5557908196523513e-12,6.097737694486412e-18,1.0,1.0,1.0,1.0,2.560000000000003e-09,4.830577418862992e-07,5.871523352110184e-06,2.8933640334857057e-05,2.8880380076988574e-05,2.452844300441382e-05,1,5431
2720,lm,566.809,6.710147064874254e-12,2.1438982206380375e-12,2.013738874210758e-12,2.5525037499043847e-12,6.220121074189937e-18,1.0,1.0,1.0,1.0,2.560000000000003e-09,4.825050589530585e-07,5.867952523374524e-06,2.891648381663957e-05,2.8875054045094376e-05,2.451500772162202e-05,1,5433
2721,lm,567.013,6.701345409068e-12,2.1408766411645015e-12,2.0112370782661854e-12,2.5492253469671824e-12,6.342670131531076e-18,1.0,1.0,1.0,1.0,2.560000000000003e-09,4.819551820066233e-07,5.8643882308593336e-06,2.8899362513981523e-05,2.8869744197377257e-05,2.4501594937063384e-05,1,5435
2722,lm,567.217,6.692566741537177e-12,2.1378630947571367e-12,2.0087416077207135e-12,2.5459555738567512e-12,6.46520257399088e-18,1.0,1.0,1.0,1.0,2.560000000000003e-09,4.814072206333262e-07,5.860830456479658e-06,2.8882276244502485e-05,2.8864450384899653e-05,2.4488204600160256e-05,1,5437
2723,lm,567.421,6.683810969210314e-12,2.1348575509225764e-12,2.0062524372615967e-12,2.542694393365734e-12,6.5876604064207704e-18,1.0,1.0,1.0,1.0,2.560000000000003e-09,4.808608560615707e-07,5.857279160068056e-06,2.886522482115268e-05,2.885917255272811e-05,2.44748366159322e-05,1,5439
2724,lm,567.625,6.6750779927612345e-12,2.131859976070536e-12,2.0037695408056744e-12,2.5394417660113524e-12,6.7098736718539536e-18,1.0,1.0,1.0,1.0,2.560000000000003e-09,4.803168538740321e-07,5.853734334613055e-06,2.8848208137902423e-05,2.8853910651996543e-05,2.446149090487201e-05,1,5441
2725,lm,567.830,6.66636772181406e-12,2.1288703359869487e-12,2.00129289668736e-12,2.5361976569026597e-12,6.8322370913970225e-18,1.0,1.0,1.0,1.0,2.560000000000003e-09,4.797733649672701e-07,5.8501959508204414e-06,2.8831226009640553e-05,2.884866458315626e-05,2.444816741159085e-05,1,5443
2726,lm,568.034,6.657680062050898e-12,2.1258886005356285e-12,1.99882247724162e-12,2.5329620295020417e-12,6.954771609316255e-18,1.0,1.0,1.0,1.0,2.560000000000003e-09,4.792325662189971e-07,5.846663993538584e-06,2.881427832186094e-05,2.884343425120504e-05,2.4434866060106816e-05,1,5445
2727,lm,568.238,6.649014919417903e-12,2.1229147418072997e-12,1.9963582559130146e-12,2.529734844667041e-12,7.077030547702134e-18,1.0,1.0,1.0,1.0,2.560000000000003e-09,4.786937034241343e-07,5.843138437609912e-06,2.879736490054111e-05,2.883821967886691e-05,2.4421586769658092e-05,1,5447
2728,lm,568.442,6.640372203197628e-12,2.1199487218859034e-12,1.993900213193567e-12,2.5265160684172694e-12,7.199700888207931e-18,1.0,1.0,1.0,1.0,2.560000000000003e-09,4.78156183160863e-07,5.839619262283953e-06,2.878048562738917e-05,2.8833020772517756e-05,2.4408329499939358e-05,1,5449
2729,lm,568.646,6.63175182023745e-12,2.116990512472335e-12,1.9914483214206895e-12,2.5233056646007952e-12,7.321743631103077e-18,1.0,1.0,1.0,1.0,2.560000000000003e-09,4.776211509815028e-07,5.836106446487151e-06,2.876364033983594e-05,2.882783734751775e-05,2.4395094135911742e-05,1,5451
2730,lm,568.850,6.623153680188713e-12,2.1140400775838426e-12,1.9890025595347223e-12,2.520103599161972e-12,7.443908175288887e-18,1.0,1.0,1.0,1.0,2.560000000000003e-09,4.770864887768654e-07,5.832599968734908e-06,2.874682889526521e-05,2.8822669441627318e-05,2.438188063390076e-05,1,5453
2731,lm,569.054,6.61457769049542e-12,2.1110973938458238e-12,1.9865628985018216e-12,2.5169098325663963e-12,7.565581377380969e-18,1.0,1.0,1.0,1.0,2.560000000000003e-09,4.7655419466252845e-07,5.829099800066429e-06,2.8730051129712898e-05,2.881751699892264e-05,2.4368688925857826e-05,1,5455
2732,lm,569.258,6.6060237645316165e-12,2.108162425526588e-12,1.9841293188824686e-12,2.5137243328881268e-12,7.68723443290689e-18,1.0,1.0,1.0,1.0,2.560000000000003e-09,4.760229368288039e-07,5.825605925690866e-06,2.8713306903711017e-05,2.881237983423596e-05,2.4355518916417675e-05,1,5457
2733,lm,569.462,6.5974918091431874e-12,2.105235143672367e-12,1.9817017941120886e-12,2.5105470628102145e-12,7.808548516947797e-18,1.0,1.0,1.0,1.0,2.560000000000003e-09,4.7549347619445006e-07,5.822118327577253e-06,2.8696596096460374e-05,2.8807257993378282e-05,2.434237055351028e-05,1,5459
2734,lm,569.666,6.5889817370241165e-12,2.1023155177387542e-12,1.979280300625577e-12,2.5073779890301664e-12,7.929629618246381e-18,1.0,1.0,1.0,1.0,2.560000000000003e-09,4.7496395266540314e-07,5.818636978294425e-06,2.8679918556000737e-05,2.880215135832745e-05,2.4329243763767252e-05,1,5461
2735,lm,569.871,6.580493461189349e-12,2.09940351595033e-12,1.9768648169065116e-12,2.504217077601304e-12,8.05073120321229e-18,1.0,1.0,1.0,1.0,2.560000000000003e-09,4.744363429793961e-07,5.815161860866544e-06,2.8663274144128036e-05,2.8797059815419537e-05,2.4316138483758988e-05,1,5463
2736,lm,570.075,6.572026890705767e-12,2.0964991094503605e-12,1.9744553168093167e-12,2.5010642931403736e-12,8.171305716132026e-18,1.0,1.0,1.0,1.0,2.560000000000003e-09,4.739108817971096e-07,5.811692954275762e-06,2.864666270347625e-05,2.8791983386159297e-05,2.43030546176765e-05,1,5465
2737,lm,570.279,6.56358194097848e-12,2.093602269254954e-12,1.972051781102417e-12,2.497919598974983e-12,8.291646125482929e-18,1.0,1.0,1.0,1.0,2.560000000000003e-09,4.7338508509503746e-07,5.808230238443391e-06,2.8630084102560757e-05,2.878692191773903e-05,2.4289992118549303e-05,1,5467
2738,lm,570.483,6.555158523098299e-12,2.090712962008676e-12,1.9696541831762516e-12,2.494782966212959e-12,8.411700412564774e-18,1.0,1.0,1.0,1.0,2.560000000000003e-09,4.7286167195716913e-07,5.804773685688284e-06,2.8613538205219556e-05,2.8781875416284108e-05,2.4276950923790227e-05,1,5469
2739,lm,570.687,6.546756553089053e-12,2.087831160809043e-12,1.9672625020397895e-12,2.491654359053046e-12,8.531187173783702e-18,1.0,1.0,1.0,1.0,2.560000000000003e-09,4.7233885671657737e-07,5.801323283783351e-06,2.8597024879107408e-05,2.877684375467349e-05,2.4263930961100986e-05,1,5471
2740,lm,570.891,6.538375944570731e-12,2.0849568390658515e-12,1.964876711347496e-12,2.4885337434840385e-12,8.650673344956143e-18,1.0,1.0,1.0,1.0,2.560000000000003e-09,4.718168348248059e-07,5.797879009772315e-06,2.858054399145993e-05,2.8771826835879643e-05,2.4250932161135024e-05,1,5473
2741,lm,571.095,6.530016610811344e-12,2.082089962309558e-12,1.962496792253942e-12,2.485421086819705e-12,8.769428139271058e-18,1.0,1.0,1.0,1.0,2.560000000000003e-09,4.7129587772748353e-07,5.794440848887054e-06,2.8564095398364324e-05,2.8766824706628335e-05,2.4237954445917356e-05,1,5475
2742,lm,571.300,6.5216784703800316e-12,2.079230507596187e-12,1.9601227194274663e-12,2.4823163552045826e-12,8.888151795194561e-18,1.0,1.0,1.0,1.0,2.560000000000003e-09,4.7077526690747517e-07,5.791008770688289e-06,2.8547678959416616e-05,2.8761837159376866e-05,2.4224997759978734e-05,1,5477
2743,lm,571.504,6.513361437334806e-12,2.0763784424500737e-12,1.957754473317169e-12,2.4792195151665885e-12,9.006400975031966e-18,1.0,1.0,1.0,1.0,2.560000000000003e-09,4.7025656232801303e-07,5.78758276183164e-06,2.8531294542275703e-05,2.8756864229157754e-05,2.4212062017966193e-05,1,5479
2744,lm,571.708,6.505065428125685e-12,2.0735337383689715e-12,1.9553920290671192e-12,2.4761305364978022e-12,9.124191792343029e-18,1.0,1.0,1.0,1.0,2.560000000000003e-09,4.697386767342945e-07,5.784162801006976e-06,2.8514942024131652e-05,2.8751905799950948e-05,2.419914716920426e-05,1,5481
2745,lm,571.912,6.4967903587002764e-12,2.070696367259634e-12,1.9530353647252484e-12,2.4730493855078174e-12,9.24120757625722e-18,1.0,1.0,1.0,1.0,2.560000000000003e-09,4.692210202714906e-07,5.780748871628254e-06,2.849862127792172e-05,2.8746961806646424e-05,2.418625316742956e-05,1,5483
2746,lm,572.116,6.488536149938068e-12,2.0678663005020785e-12,1.950684461844635e-12,2.4699760293794008e-12,9.358211953962161e-18,1.0,1.0,1.0,1.0,2.560000000000003e-09,4.6870290175141764e-07,5.777340951994081e-06,2.8482332162613308e-05,2.874203214316776e-05,2.4173379911696185e-05,1,5485
2747,lm,572.320,6.480302715197372e-12,2.065043511147653e-12,1.948339293378904e-12,2.466910436351989e-12,9.474318826414536e-18,1.0,1.0,1.0,1.0,2.560000000000003e-09,4.6818780504392685e-07,5.773939018602823e-06,2.846607454052552e-05,2.8737116785889695e-05,2.4160527364880422e-05,1,5487
2748,lm,572.524,6.472089978008672e-12,2.0622279722346082e-12,1.9459998403516703e-12,2.4638525750904524e-12,9.590331940585323e-18,1.0,1.0,1.0,1.0,2.560000000000003e-09,4.6767134605092655e-07,5.770543064619134e-06,2.8449848322785684e-05,2.8732215627083465e-05,2.4147695441008147e-05,1,5489
2749,lm,572.729,6.463897854475308e-12,2.0594196533745915e-12,1.943666080635123e-12,2.4608024149877036e-12,9.705477889947519e-18,1.0,1.0,1.0,1.0,2.560000000000003e-09,4.6715699207078517e-07,5.767153053547105e-06,2.8433653308274927e-05,2.8727328615653858e-05,2.413488406581492e-05,1,5491
2750,lm,572.933,6.455726263317814e-12,2.0566185281974644e-12,1.941337991377275e-12,2.4577599234953994e-12,9.820247675124936e-18,1.0,1.0,1.0,1.0,2.560000000000003e-09,4.66642778348911e-07,5.7637689791676185e-06,2.841748943416669e-05,2.8722455641337567e-05,2.4122093191674105e-05,1,5493
2751,lm,573.137,6.4475751260322e-12,2.05382457076503e-12,1.939015552422381e-12,2.4547250683830224e-12,9.9344617659691e-18,1.0,1.0,1.0,1.0,2.560000000000003e-09,4.6612813598564864e-07,5.760390819964277e-06,2.8401356550765842e-05,2.8717596724886127e-05,2.4109322774752322e-05,1,5495
2752,lm,573.341,6.439444363427637e-12,2.051037754307287e-12,1.936698741640525e-12,2.4516978191221367e-12,1.0048357690459383e-17,1.0,1.0,1.0,1.0,2.560000000000003e-09,4.6561421546470783e-07,5.757018555820219e-06,2.8385254528696134e-05,2.871275175004384e-05,2.409657271265511e-05,1,5497
2753,lm,573.545,6.431333896447326e-12,2.048258049050235e-12,1.9343875393992026e-12,2.448678146527576e-12,1.01614703123837e-17,1.0,1.0,1.0,1.0,2.560000000000003e-09,4.65101534791327e-07,5.753652162333414e-06,2.8369183230908943e-05,2.8707920595238897e-05,2.4083842955093876e-05,1,5499
2754,lm,573.749,6.4232436443800635e-12,2.0454854297505324e-12,1.9320819219806634e-12,2.445666018568243e-12,1.0274080623452499e-17,1.0,1.0,1.0,1.0,2.560000000000003e-09,4.645895465516051e-07,5.7502916337897314e-06,2.835314255170646e-05,2.870310319922283e-05,2.407113343055742e-05,1,5501
2755,lm,573.953,6.415173530484148e-12,2.0427198713785693e-12,1.9297818692591648e-12,2.442661403876885e-12,1.0385969529610839e-17,1.0,1.0,1.0,1.0,2.560000000000003e-09,4.640772431507024e-07,5.746936939113369e-06,2.8337132360504667e-05,2.86982996058109e-05,2.405844410292256e-05,1,5503
2756,lm,574.157,6.407123478303567e-12,2.03996134451554e-12,1.9274873613583623e-12,2.4396642752599465e-12,1.0497169718213753e-17,1.0,1.0,1.0,1.0,2.560000000000003e-09,4.635651645593004e-07,5.7435880670409316e-06,2.8321152530483224e-05,2.8693509614100378e-05,2.40457748799421e-05,1,5505
2757,lm,574.362,6.399093408353913e-12,2.0372098249673953e-12,1.9251983760392343e-12,2.436674599123696e-12,1.0608223588190146e-17,1.0,1.0,1.0,1.0,2.560000000000003e-09,4.6305396731774074e-07,5.74024499409934e-06,2.8305202932121832e-05,2.8688733155514306e-05,2.403312570771587e-05,1,5507
2758,lm,574.566,6.391083247076941e-12,2.034465285141123e-12,1.9229148950165094e-12,2.4336923486582408e-12,1.0718261068190023e-17,1.0,1.0,1.0,1.0,2.560000000000003e-09,4.6254249608638853e-07,5.736907705080064e-06,2.8289283445507408e-05,2.8683970288592873e-05,2.4020496523423455e-05,1,5509
2759,lm,574.770,6.383092913348382e-12,2.03172769976873e-12,1.9206368930401746e-12,2.430717492795356e-12,1.0827744121161282e-17,1.0,1.0,1.0,1.0,2.560000000000003e-09,4.6203187294563714e-07,5.733576181761533e-06,2.827339397824767e-05,2.8679220791770173e-05,2.400788726926408e-05,1,5511
2760,lm,574.974,6.375122338105364e-12,2.0289970428962156e-12,1.9183643562542427e-12,2.4277500023340097e-12,1.093662089507033e-17,1.0,1.0,1.0,1.0,2.560000000000003e-09,4.615203663423028e-07,5.730250405120061e-06,2.825753436656729e-05,2.867448470557491e-05,2.3995297877726042e-05,1,5513
2761,lm,575.178,6.367171439560191e-12,2.026273289327255e-12,1.9160972581849093e-12,2.424789847319101e-12,1.104472892547636e-17,1.0,1.0,1.0,1.0,2.560000000000003e-09,4.6101021576919767e-07,5.726930361130367e-06,2.8241704533759477e-05,2.8669761886949163e-05,2.3982728302304175e-05,1,5515
2762,lm,575.382,6.359240145722898e-12,2.023556412850227e-12,1.9138355817299763e-12,2.4218369989270757e-12,1.1152215618453485e-17,1.0,1.0,1.0,1.0,2.560000000000003e-09,4.604993249200165e-07,5.723616026287972e-06,2.8225904353528697e-05,2.8665052285602786e-05,2.3970178476698504e-05,1,5517
2763,lm,575.586,6.351328382697251e-12,2.020846389250928e-12,1.9115793075727555e-12,2.418891427012136e-12,1.125886143301812e-17,1.0,1.0,1.0,1.0,2.560000000000003e-09,4.599886809983156e-07,5.720307391690726e-06,2.821013369797202e-05,2.866035583608433e-05,2.395764831423474e-05,1,5519
2764,lm,575.791,6.343436075166804e-12,2.0181431901956095e-12,1.909328415584852e-12,2.4159531041137176e-12,1.1365272624057592e-17,1.0,1.0,1.0,1.0,2.560000000000003e-09,4.5947853504895645e-07,5.717004433633648e-06,2.8194392448543618e-05,2.865567249292355e-05,2.394513778752737e-05,1,5521
2765,lm,575.995,6.335563149872648e-12,2.0154467949748245e-12,1.9070828822614676e-12,2.4130220018261693e-12,1.1470810186307376e-17,1.0,1.0,1.0,1.0,2.560000000000003e-09,4.589687779237211e-07,5.713707130438528e-06,2.8178680493650856e-05,2.8651002170380965e-05,2.3932646814389e-05,1,5523
2766,lm,576.199,6.3277095345247e-12,2.0127571783946753e-12,1.9048426897318594e-12,2.410098091013031e-12,1.1575385133880296e-17,1.0,1.0,1.0,1.0,2.560000000000003e-09,4.584592640255258e-07,5.710415466888915e-06,2.8162997686982653e-05,2.8646344707863246e-05,2.3920175332081978e-05,1,5525
2767,lm,576.403,6.31987515556382e-12,2.0100743117646593e-12,1.902607820438312e-12,2.407181343940941e-12,1.1679419907541489e-17,1.0,1.0,1.0,1.0,2.560000000000003e-09,4.5794892213287994e-07,5.707129432600215e-06,2.814734396320001e-05,2.864170015565928e-05,2.390772331189535e-05,1,5527
2768,lm,576.607,6.312059941684669e-12,2.007398173254898e-12,1.900378253671641e-12,2.4042717316804326e-12,1.1783077697009689e-17,1.0,1.0,1.0,1.0,2.560000000000003e-09,4.5743900660986837e-07,5.703849004913241e-06,2.8131719188798296e-05,2.8637068410128277e-05,2.3895290660984882e-05,1,5529
2769,lm,576.811,6.3042638185897956e-12,2.0047287376052524e-12,1.898153968742001e-12,2.4013692270968676e-12,1.1885145674545765e-17,1.0,1.0,1.0,1.0,2.560000000000003e-09,4.569289668313164e-07,5.700574167840618e-06,2.8116123250437583e-05,2.863244938616063e-05,2.3882877341743715e-05,1,5531
2770,lm,577.015,6.296486717897207e-12,2.0020659821502226e-12,1.8959349477656507e-12,2.398473800908636e-12,1.1987072698366158e-17,1.0,1.0,1.0,1.0,2.560000000000003e-09,4.564185771380621e-07,5.697304908240359e-06,2.8100556030565336e-05,2.862784303831913e-05,2.3870483286198912e-05,1,5533
2771,lm,577.220,6.288728566824659e-12,1.999409880299417e-12,1.8937211698633683e-12,2.3955854288177092e-12,1.2087844165482404e-17,1.0,1.0,1.0,1.0,2.560000000000003e-09,4.5590868311906276e-07,5.6940411982788015e-06,2.8085017425653154e-05,2.8623249215661437e-05,2.3858108430124062e-05,1,5535
2772,lm,577.424,6.2809892976473205e-12,1.9967604088758648e-12,1.8915126174728105e-12,2.392704082650401e-12,1.2188648245312607e-17,1.0,1.0,1.0,1.0,2.560000000000003e-09,4.5539795404481064e-07,5.690783035096275e-06,2.8069507319450082e-05,2.861866797146746e-05,2.384575272398492e-05,1,5537
2773,lm,577.628,6.2732688341526886e-12,1.9941175446987253e-12,1.889309269665092e-12,2.389829732032067e-12,1.2287756803962837e-17,1.0,1.0,1.0,1.0,2.560000000000003e-09,4.5488835247642053e-07,5.687530392938655e-06,2.8054025607564517e-05,2.86140991664549e-05,2.3833416106320773e-05,1,5539
2774,lm,577.832,6.265567111090799e-12,1.991481263452923e-12,1.887111109749513e-12,2.386962351157712e-12,1.2386730650585507e-17,1.0,1.0,1.0,1.0,2.560000000000003e-09,4.54377170795359e-07,5.684283257183868e-06,2.803857216300096e-05,2.8609542644298094e-05,2.3821098512437524e-05,1,5541
2775,lm,578.036,6.257884057563456e-12,1.9888515414696034e-12,1.8849181178805224e-12,2.38410191350712e-12,1.2484706210759154e-17,1.0,1.0,1.0,1.0,2.560000000000003e-09,4.538670106826669e-07,5.68104160725051e-06,2.8023146900474508e-05,2.8604998519566316e-05,2.380879988329747e-05,1,5543
2776,lm,578.240,6.250219604403191e-12,1.9862283549981055e-12,1.8827302745922865e-12,2.381248393341249e-12,1.2581471549138748e-17,1.0,1.0,1.0,1.0,2.560000000000003e-09,4.5335636317735967e-07,5.677805435383239e-06,2.8007749699230567e-05,2.8600466563562653e-05,2.3796520186188582e-05,1,5545
2777,lm,578.444,6.242573684094182e-12,1.9836116817911327e-12,1.8805475619815103e-12,2.3784017621175342e-12,1.2678204005474053e-17,1.0,1.0,1.0,1.0,2.560000000000003e-09,4.528450281954891e-07,5.6745747189485505e-06,2.799238042709319e-05,2.8595946753189663e-05,2.378425932856004e-05,1,5547
2778,lm,578.649,6.234946228864839e-12,1.981001498751877e-12,1.878369961561166e-12,2.3755619946411e-12,1.2773910696429081e-17,1.0,1.0,1.0,1.0,2.560000000000003e-09,4.523338099322449e-07,5.671349442268088e-06,2.797703903160133e-05,2.8591439008476532e-05,2.3772017279988772e-05,1,5549
2779,lm,578.853,6.227337168465773e-12,1.9783977812898806e-12,1.876197455326256e-12,2.3727290632635976e-12,1.286858603987707e-17,1.0,1.0,1.0,1.0,2.560000000000003e-09,4.5182295416599093e-07,5.668129593081004e-06,2.7961725368339286e-05,2.8586943366498156e-05,2.375979397376856e-05,1,5551
2780,lm,579.057,6.219746437300047e-12,1.9758005084727674e-12,1.874030022807408e-12,2.3699029434281707e-12,1.29625917003247e-17,1.0,1.0,1.0,1.0,2.560000000000003e-09,4.5131149092337136e-07,5.6649151517415945e-06,2.7946439346132015e-05,2.858245959385691e-05,2.3747589359494e-05,1,5553
2781,lm,579.261,6.212173968115113e-12,1.9732096564985874e-12,1.8718676480270567e-12,2.367083608162492e-12,1.3055426976947472e-17,1.0,1.0,1.0,1.0,2.560000000000003e-09,4.5079963757931775e-07,5.661706105704599e-06,2.7931180844307104e-05,2.857798770918748e-05,2.3735403375132405e-05,1,5555
2782,lm,579.465,6.204619694323904e-12,1.9706252035122183e-12,1.8697103110164793e-12,2.3642710319053883e-12,1.3147889817771423e-17,1.0,1.0,1.0,1.0,2.560000000000003e-09,4.502869498415484e-07,5.658502432528855e-06,2.7915949764054126e-05,2.857352758388e-05,2.3723235954834037e-05,1,5557
2783,lm,579.669,6.197083547616904e-12,1.9680471232293147e-12,1.8675579949973036e-12,2.3614651901241942e-12,1.3239266090717332e-17,1.0,1.0,1.0,1.0,2.560000000000003e-09,4.4977511975719644e-07,5.655304122294471e-06,2.7900746037148725e-05,2.856907928355751e-05,2.37110870760749e-05,1,5559
2784,lm,579.873,6.189565465192376e-12,1.9654753978700895e-12,1.8654106813920117e-12,2.35866605568175e-12,1.3330248525487047e-17,1.0,1.0,1.0,1.0,2.560000000000003e-09,4.492617663519602e-07,5.652111156562185e-06,2.788556950058244e-05,2.856464257804444e-05,2.3698956630131707e-05,1,5561
2785,lm,580.077,6.1820653788960505e-12,1.962910004186476e-12,1.863268351609337e-12,2.355873603275821e-12,1.341982441650324e-17,1.0,1.0,1.0,1.0,2.560000000000003e-09,4.4874983039078496e-07,5.648923523044427e-06,2.7870420103787538e-05,2.8560217514298786e-05,2.3686844620302816e-05,1,5563
2786,lm,580.282,6.1745832243573e-12,1.9603509195231325e-12,1.8611309884987183e-12,2.3530878074985057e-12,1.3508836942323765e-17,1.0,1.0,1.0,1.0,2.560000000000003e-09,4.4823638165037503e-07,5.64574120099173e-06,2.7855297726538624e-05,2.8555803880376667e-05,2.3674750946956637e-05,1,5565
2787,lm,580.486,6.167118937009996e-12,1.9577981215946187e-12,1.8589985743841192e-12,2.350308643797704e-12,1.3597233554879588e-17,1.0,1.0,1.0,1.0,2.560000000000003e-09,4.477226887398537e-07,5.642564178826776e-06,2.7840202257634592e-05,2.8551401735922477e-05,2.3662675576386928e-05,1,5567
2788,lm,580.690,6.159672452429145e-12,1.9552515902648583e-12,1.8568710913987068e-12,2.3475360861853782e-12,1.368458020151444e-17,1.0,1.0,1.0,1.0,2.560000000000003e-09,4.4720903620575795e-07,5.6393924362435896e-06,2.7825133584746477e-05,2.854701091928062e-05,2.3650618438362802e-05,1,5569
2789,lm,580.894,6.15224370633875e-12,1.9527112999274876e-12,1.8547485242021155e-12,2.3447701113777263e-12,1.3770831421112507e-17,1.0,1.0,1.0,1.0,2.560000000000003e-09,4.466949523988327e-07,5.636225964780224e-06,2.7810091651050898e-05,2.8542631519658387e-05,2.363857951117012e-05,1,5571
2790,lm,581.098,6.144832635924191e-12,1.9501772335473915e-12,1.8526308528202138e-12,2.342010692977988e-12,1.3856578597713599e-17,1.0,1.0,1.0,1.0,2.560000000000003e-09,4.4618004451769573e-07,5.633064746463147e-06,2.7795076332096996e-05,2.8538263284358972e-05,2.3626558700436545e-05,1,5573
2791,lm,581.302,6.137439175190503e-12,1.947649366510094e-12,1.8505180583439463e-12,2.339257809064801e-12,1.394127166171891e-17,1.0,1.0,1.0,1.0,2.560000000000003e-09,4.456654368857459e-07,5.629908766433307e-06,2.7780087524336877e-05,2.85339062310579e-05,2.3614555980015883e-05,1,5575
2792,lm,581.506,6.130063262888476e-12,1.945127678422566e-12,1.8484101270826868e-12,2.33651143216949e-12,1.402521373251061e-17,1.0,1.0,1.0,1.0,2.560000000000003e-09,4.451497916963073e-07,5.626758009022998e-06,2.7765125155697274e-05,2.852956025420342e-05,2.3602571302552597e-05,1,5577
2793,lm,581.711,6.1227048364315574e-12,1.9426121462098426e-12,1.8463070407666816e-12,2.333771541007988e-12,1.4108447045778808e-17,1.0,1.0,1.0,1.0,2.560000000000003e-09,4.446346262502697e-07,5.623612455589134e-06,2.775018908399635e-05,2.852522527896284e-05,2.359060458432794e-05,1,5579
2794,lm,581.915,6.1153638324472804e-12,1.9401027516141312e-12,1.844208781372898e-12,2.331038108869786e-12,1.419059046513925e-17,1.0,1.0,1.0,1.0,2.560000000000003e-09,4.4411846019000993e-07,5.6204720985894824e-06,2.773527925005424e-05,2.8520901218565952e-05,2.3578655781128385e-05,1,5581
2795,lm,582.119,6.108040188662782e-12,1.9375994729327507e-12,1.842115331594724e-12,2.328311112205766e-12,1.4271929540490285e-17,1.0,1.0,1.0,1.0,2.560000000000003e-09,4.436020405517535e-07,5.6173369172692205e-06,2.7720395543738946e-05,2.8516588059162352e-05,2.356672485185544e-05,1,5583
2796,lm,582.323,6.100733844789483e-12,1.9351022887062965e-12,1.8400266757293353e-12,2.325590528222089e-12,1.435213176235327e-17,1.0,1.0,1.0,1.0,2.560000000000003e-09,4.430847672444837e-07,5.614206900180524e-06,2.7705537876066078e-05,2.8512285738811133e-05,2.3554811745994382e-05,1,5585
2797,lm,582.527,6.09344473951219e-12,1.93261117547499e-12,1.8379427965404667e-12,2.3228763354277355e-12,1.4432068997502118e-17,1.0,1.0,1.0,1.0,2.560000000000003e-09,4.425675712640593e-07,5.611082032548161e-06,2.7690706146632735e-05,2.8507994123688758e-05,2.3542916393227387e-05,1,5587
2798,lm,582.731,6.0861728116701946e-12,1.930126118797702e-12,1.8358636784511263e-12,2.320168503917483e-12,1.4510503884097327e-17,1.0,1.0,1.0,1.0,2.560000000000003e-09,4.4205033781930667e-07,5.607962296985966e-06,2.7675900268673617e-05,2.850371317702964e-05,2.3531038752391814e-05,1,5589
2799,lm,582.935,6.078917999172387e-12,1.9276470937310313e-12,1.833789302286367e-12,2.317467014608158e-12,1.458854683105995e-17,1.0,1.0,1.0,1.0,2.560000000000003e-09,4.415322525108647e-07,5.604847679925838e-06,2.7661120130652135e-05,2.8499442796050534e-05,2.3519178773763584e-05,1,5591
2800,lm,583.140,6.0716802419569864e-12,1.925174080974696e-12,1.8317196509313044e-12,2.314771844759926e-12,1.466529106016534e-17,1.0,1.0,1.0,1.0,2.560000000000003e-09,4.410138249233332e-07,5.601738164045485e-06,2.7646365643603573e-05,2.8495182978715605e-05,2.350733641745825e-05,1,5593
2801,lm,583.344,6.064459481328447e-12,1.9227070591379405e-12,1.829654711555463e-12,2.3120829690543147e-12,1.4741580729711775e-17,1.0,1.0,1.0,1.0,2.560000000000003e-09,4.4049486200770716e-07,5.598633744664523e-06,2.7631636737500095e-05,2.849093361753202e-05,2.3495511600163703e-05,1,5595
2802,lm,583.548,6.057255655973524e-12,1.9202460098115937e-12,1.8275944645750828e-12,2.3094003647019124e-12,1.4816884934159974e-17,1.0,1.0,1.0,1.0,2.560000000000003e-09,4.399760705365228e-07,5.595534398323892e-06,2.761693330078951e-05,2.848669464778404e-05,2.3483704300571726e-05,1,5597
2803,lm,585.311,6.050068706362521e-12,1.917790910885097e-12,1.8255388958340568e-12,2.306724008586262e-12,1.4891057105188226e-17,1.0,1.0,1.0,1.0,2.560000000000003e-09,4.3945636406425665e-07,5.59244011529086e-06,2.760225524564186e-05,2.848246597512304e-05,2.347191444765772e-05,1,5599
2804,lm,585.515,6.0428985745132135e-12,1.9153417442742493e-12,1.823487985263578e-12,2.3040538803584197e-12,1.496461696699066e-17,1.0,1.0,1.0,1.0,2.560000000000003e-09,4.389355254188875e-07,5.589350880250211e-06,2.758760246888182e-05,2.8478247562516803e-05,2.346014200209591e-05,1,5601
2805,lm,585.719,6.0357452019410606e-12,1.912898489920851e-12,1.8214417213982506e-12,2.30138995324233e-12,1.5037379629316477e-17,1.0,1.0,1.0,1.0,2.560000000000003e-09,4.384148405030259e-07,5.586266675057245e-06,2.7572974901617547e-05,2.8474039269339003e-05,2.344838690578951e-05,1,5603
2806,lm,585.923,6.02860852878664e-12,1.910461125224184e-12,1.8194000879907957e-12,2.2987322066181694e-12,1.5108953491371143e-17,1.0,1.0,1.0,1.0,2.560000000000003e-09,4.3789387191114924e-07,5.583187492673911e-06,2.755837244369311e-05,2.8469841145010843e-05,2.3436649116738456e-05,1,5605
2807,lm,586.127,6.021488497602207e-12,1.9080296322901815e-12,1.8173630650148294e-12,2.29608062040985e-12,1.5179887344562283e-17,1.0,1.0,1.0,1.0,2.560000000000003e-09,4.37372153722653e-07,5.580113315942428e-06,2.7543795007326952e-05,2.8465653011909347e-05,2.3424928567729264e-05,1,5607
2808,lm,586.331,6.0143850509557435e-12,1.9056039941145447e-12,1.815330638823984e-12,2.293435168248834e-12,1.5249768380124686e-17,1.0,1.0,1.0,1.0,2.560000000000003e-09,4.3684981942207083e-07,5.577044127629382e-06,2.7529242500978926e-05,2.8461474834399302e-05,2.3413225230226814e-05,1,5609
2809,lm,586.536,6.0072981304825085e-12,1.9031841882990855e-12,1.8133027926789446e-12,2.2907958303515212e-12,1.531915295728199e-17,1.0,1.0,1.0,1.0,2.560000000000003e-09,4.3632747524613114e-07,5.573979922304222e-06,2.7514714850840036e-05,2.845730655463585e-05,2.340153905194896e-05,1,5611
2810,lm,586.740,6.000227679725817e-12,1.900770196721023e-12,1.8112795114986285e-12,2.2881625840700638e-12,1.5387436102029423e-17,1.0,1.0,1.0,1.0,2.560000000000003e-09,4.358047233639098e-07,5.570920674918162e-06,2.7500211946942813e-05,2.8453148067535853e-05,2.3389869967984942e-05,1,5613
2811,lm,586.944,5.993173641019047e-12,1.8983619987466573e-12,1.8092607803223714e-12,2.2855354073720717e-12,1.545457794612643e-17,1.0,1.0,1.0,1.0,2.560000000000003e-09,4.3528163297400187e-07,5.567866382665002e-06,2.7485733709819123e-05,2.8448999355449362e-05,2.3378217929615748e-05,1,5615
2812,lm,587.148,5.986135959270697e-12,1.895959576255699e-12,1.807246583228491e-12,2.2829142782217987e-12,1.5521564707621894e-17,1.0,1.0,1.0,1.0,2.560000000000003e-09,4.347572587917831e-07,5.564817027643668e-06,2.7471280070549595e-05,2.844486033270972e-05,2.3366582904372892e-05,1,5617
2813,lm,587.353,5.979114574715386e-12,1.8935629097211594e-12,1.8052369020115814e-12,2.2802991759445367e-12,1.558703810918681e-17,1.0,1.0,1.0,1.0,2.560000000000003e-09,4.3423433500682623e-07,5.56177259859614e-06,2.7456850932650378e-05,2.8440730898049212e-05,2.3354964844933685e-05,1,5619
2814,lm,587.557,5.97210943305329e-12,1.891171980116903e-12,1.8032317232253201e-12,2.277690078158123e-12,1.5651552943161925e-17,1.0,1.0,1.0,1.0,2.560000000000003e-09,4.3370900061863656e-07,5.558733080861061e-06,2.744244619969782e-05,2.8436611062817598e-05,2.3343363690988302e-05,1,5621
2815,lm,587.761,5.965120479687482e-12,1.8887867710478254e-12,1.8012310305451413e-12,2.2750869626186374e-12,1.571547587838894e-17,1.0,1.0,1.0,1.0,2.560000000000003e-09,4.33182869221275e-07,5.555698453667189e-06,2.7428065785837883e-05,2.843250062452513e-05,2.3331779390381143e-05,1,5623
2816,lm,587.965,5.958147656973188e-12,1.8864072591695183e-12,1.7992348111336028e-12,2.272489808384608e-12,1.5778285459157052e-17,1.0,1.0,1.0,1.0,2.560000000000003e-09,4.3265772364933414e-07,5.552668714543851e-06,2.7413709628340305e-05,2.8428399637594257e-05,2.3320211907130264e-05,1,5625
2817,lm,588.169,5.951190911835508e-12,1.884033426854415e-12,1.7972430485774124e-12,2.2698985957314207e-12,1.584067226039066e-17,1.0,1.0,1.0,1.0,2.560000000000003e-09,4.321310393070163e-07,5.549643843011133e-06,2.73993776243739e-05,2.8424307900215656e-05,2.3308661167465088e-05,1,5627
2818,lm,588.373,5.944250187599062e-12,1.8816652586477368e-12,1.795255726251232e-12,2.2673133007614148e-12,1.5901938678335135e-17,1.0,1.0,1.0,1.0,2.560000000000003e-09,4.3160534210380667e-07,5.546623826271186e-06,2.7385069685940862e-05,2.8420225498974127e-05,2.3297127153752104e-05,1,5629
2819,lm,588.577,5.937325431362744e-12,1.8793027335654914e-12,1.7932728293753407e-12,2.2647339060464274e-12,1.596237548517525e-17,1.0,1.0,1.0,1.0,2.560000000000003e-09,4.310778125243347e-07,5.543608656331394e-06,2.7370785743764362e-05,2.841615226539535e-05,2.3285609806875563e-05,1,5631
2820,lm,588.782,5.930416586798909e-12,1.8769458356867264e-12,1.791294343523506e-12,2.2621603854033604e-12,1.602218531632833e-17,1.0,1.0,1.0,1.0,2.560000000000003e-09,4.3055067597039034e-07,5.540598312032115e-06,2.7356525698865485e-05,2.8412088148352866e-05,2.327410907101624e-05,1,5633
2821,lm,589.040,5.923523601151727e-12,1.874594543386494e-12,1.7893202537653694e-12,2.2595927233806934e-12,1.608061916958693e-17,1.0,1.0,1.0,1.0,2.560000000000003e-09,4.300229824855992e-07,5.537592790562534e-06,2.7342289485224505e-05,2.8408033147633946e-05,2.3262624906435004e-05,1,5635
2822,lm,589.244,5.916646420475058e-12,1.872248840653793e-12,1.787350544844638e-12,2.2570308964946738e-12,1.6138481953300464e-17,1.0,1.0,1.0,1.0,2.560000000000003e-09,4.294945066718056e-07,5.534592071419523e-06,2.732807701697867e-05,2.8403987034957154e-05,2.3251157255562188e-05,1,5637
2823,lm,589.448,5.9097849909677265e-12,1.869908709710012e-12,1.7853852011265037e-12,2.2544748846764902e-12,1.6195454720594023e-17,1.0,1.0,1.0,1.0,2.560000000000003e-09,4.289652097981976e-07,5.531596138503974e-06,2.731388819546793e-05,2.839994984282978e-05,2.323970609034814e-05,1,5639
2824,lm,589.653,5.902939258777125e-12,1.8675741306198884e-12,1.7834242098494246e-12,2.2519246665369655e-12,1.625177084686715e-17,1.0,1.0,1.0,1.0,2.560000000000003e-09,4.2843614166811293e-07,5.528604990092388e-06,2.7299722970174942e-05,2.8395921521435987e-05,2.3228271362863405e-05,1,5641
2825,lm,589.857,5.896109170385633e-12,1.8652450865854698e-12,1.7814675531216751e-12,2.249380224023079e-12,1.6306655408031572e-17,1.0,1.0,1.0,1.0,2.560000000000003e-09,4.279069793330879e-07,5.5256186074508235e-06,2.728558125165502e-05,2.8391901974246814e-05,2.3216853021180753e-05,1,5643
2826,lm,590.061,5.889294676003085e-12,1.8629215602770777e-12,1.7795152195395753e-12,2.246841534843544e-12,1.636134288761323e-17,1.0,1.0,1.0,1.0,2.560000000000003e-09,4.2737541226776563e-07,5.522636975995754e-06,2.7271462962830836e-05,2.838789117111333e-05,2.3205451015735198e-05,1,5645
2827,lm,590.265,5.882495719809358e-12,1.8606035337564253e-12,1.7775671925080613e-12,2.2443085786360737e-12,1.641490879781677e-17,1.0,1.0,1.0,1.0,2.560000000000003e-09,4.2684586114398576e-07,5.519660088599926e-06,2.7257368006505416e-05,2.8383888987062383e-05,2.3194065289623824e-05,1,5647
2828,lm,590.470,5.875712250257444e-12,1.8582909897334615e-12,1.7756234568922365e-12,2.2417813361099724e-12,1.646752177353948e-17,1.0,1.0,1.0,1.0,2.560000000000003e-09,4.263147364584986e-07,5.516687930376806e-06,2.7243296322200142e-05,2.837989526473702e-05,2.318269581461651e-05,1,5649
2829,lm,590.674,5.868944215825009e-12,1.8559839080627093e-12,1.7736840009657738e-12,2.239259787569288e-12,1.651922723795783e-17,1.0,1.0,1.0,1.0,2.560000000000003e-09,4.2578294245117673e-07,5.513720479137622e-06,2.722924781010254e-05,2.83759100899914e-05,2.3171342540778547e-05,1,5651
2830,lm,590.878,5.862191566924394e-12,1.8536822741463237e-12,1.7717488096927634e-12,2.2367439126218575e-12,1.657046344901321e-17,1.0,1.0,1.0,1.0,2.560000000000003e-09,4.2525080933345426e-07,5.510757734577467e-06,2.72152224047162e-05,2.8371933394971903e-05,2.3160005412938478e-05,1,5653
2831,lm,591.082,5.85545424799933e-12,1.8513860686714665e-12,1.769817867359381e-12,2.2342336915369205e-12,1.662043156116745e-17,1.0,1.0,1.0,1.0,2.560000000000003e-09,4.2471880455871094e-07,5.507799680586888e-06,2.720122003635731e-05,2.8367965017650765e-05,2.3148684404713268e-05,1,5655
2832,lm,591.286,5.848732211976952e-12,1.8490952772821497e-12,1.7678911594244269e-12,2.2317291052371637e-12,1.667003321122465e-17,1.0,1.0,1.0,1.0,2.560000000000003e-09,4.241854188404596e-07,5.504846306266744e-06,2.718724061502336e-05,2.8364004929511357e-05,2.3137379443486287e-05,1,5657
2833,lm,591.490,5.842025405052298e-12,1.84680988007484e-12,1.7659686733172263e-12,2.22923013344474e-12,1.6718215491764775e-17,1.0,1.0,1.0,1.0,2.560000000000003e-09,4.2365285329803816e-07,5.501897597458873e-06,2.7173284088897035e-05,2.8360053103692233e-05,2.3126090502320284e-05,1,5659
2834,lm,591.695,5.835333777968475e-12,1.8445298609150787e-12,1.764050394816332e-12,2.226736756041708e-12,1.676619535653956e-17,1.0,1.0,1.0,1.0,2.560000000000003e-09,4.231185787112695e-07,5.498953542694871e-06,2.715935034923523e-05,2.8356109386087086e-05,2.3114817542383542e-05,1,5661
2835,lm,591.899,5.8286572775171e-12,1.8422552010044496e-12,1.762136307160121e-12,2.2242489566150596e-12,1.68127374686747e-17,1.0,1.0,1.0,1.0,2.560000000000003e-09,4.225855636619112e-07,5.496014127543388e-06,2.71454393489472e-05,2.835217374800074e-05,2.3103560517081492e-05,1,5663
2836,lm,592.103,5.821995858254601e-12,1.8399858848289382e-12,1.7602264004184668e-12,2.2217667140144553e-12,1.6858992740704223e-17,1.0,1.0,1.0,1.0,2.560000000000003e-09,4.220499292653696e-07,5.493079341313204e-06,2.713155098225672e-05,2.8348246156659855e-05,2.3092319363648427e-05,1,5665
2837,lm,592.307,5.815349466010712e-12,1.837721895222146e-12,1.7583206584096736e-12,2.2192900083313223e-12,1.6904047570755794e-17,1.0,1.0,1.0,1.0,2.560000000000003e-09,4.215156646205036e-07,5.4901491711420296e-06,2.7117685199092267e-05,2.834432647887757e-05,2.3081094039034885e-05,1,5667
2838,lm,592.511,5.8087180528930525e-12,1.835463217833293e-12,1.7564190660485042e-12,2.216818820339989e-12,1.6948671265726246e-17,1.0,1.0,1.0,1.0,2.560000000000003e-09,4.209805176034551e-07,5.487223609595094e-06,2.7103841912202275e-05,2.8340414726791713e-05,2.3069884524188617e-05,1,5669
2839,lm,592.715,5.8021015685644534e-12,1.833209831936757e-12,1.7545216128622589e-12,2.2143531315222997e-12,1.6992243138183662e-17,1.0,1.0,1.0,1.0,2.560000000000003e-09,4.2044512405258225e-07,5.484302636144413e-06,2.709002104024401e-05,2.8336510732875264e-05,2.305869075637998e-05,1,5671
2840,lm,592.920,5.795499964491954e-12,1.8309617224399555e-12,1.7526282815536977e-12,2.2118929256959697e-12,1.7034802331398288e-17,1.0,1.0,1.0,1.0,2.560000000000003e-09,4.1990918497605725e-07,5.481386247811194e-06,2.707622253464012e-05,2.8332614521435094e-05,2.3047512703442928e-05,1,5673
2841,lm,593.124,5.788913191368377e-12,1.828718874527485e-12,1.7507390593784325e-12,2.2094381806044036e-12,1.7076858056892458e-17,1.0,1.0,1.0,1.0,2.560000000000003e-09,4.193725735498343e-07,5.478474427315965e-06,2.706244630969712e-05,2.832872601048118e-05,2.3036350312410835e-05,1,5675
2842,lm,593.328,5.782341201675427e-12,1.8264812700991225e-12,1.7488539366176794e-12,2.2069888772331084e-12,1.7117725516986642e-17,1.0,1.0,1.0,1.0,2.560000000000003e-09,4.188355167980709e-07,5.475567164605758e-06,2.7048692288548623e-05,2.832484500436299e-05,2.302520353169595e-05,1,5677
2843,lm,593.532,5.775783943483362e-12,1.824248891849457e-12,1.746972894445978e-12,2.2045449990768126e-12,1.7158111114237863e-17,1.0,1.0,1.0,1.0,2.560000000000003e-09,4.1829856732989755e-07,5.4726644468546886e-06,2.70349604012952e-05,2.8320971602741286e-05,2.3014072323918234e-05,1,5679
2844,lm,593.736,5.769241372153591e-12,1.822021726414742e-12,1.7450959219461301e-12,2.2021065260668907e-12,1.7197725828927352e-17,1.0,1.0,1.0,1.0,2.560000000000003e-09,4.1776097884791895e-07,5.469766257865059e-06,2.7021250564506966e-05,2.831710567355577e-05,2.3002956669484084e-05,1,5681
2845,lm,593.940,5.762713438696762e-12,1.8197997560953815e-12,1.7432230046697454e-12,2.199673441469752e-12,1.72364618830667e-17,1.0,1.0,1.0,1.0,2.560000000000003e-09,4.172232841455504e-07,5.466872597547431e-06,2.700756274572251e-05,2.8313247142174816e-05,2.2991856495383562e-05,1,5683
2846,lm,594.144,5.756200093545368e-12,1.8175829620417782e-12,1.741354129868056e-12,2.1972457271151195e-12,1.7274520413333792e-17,1.0,1.0,1.0,1.0,2.560000000000003e-09,4.1668524284579486e-07,5.4639834467104785e-06,2.6993896821146284e-05,2.8309395938142393e-05,2.2980771763530392e-05,1,5685
2847,lm,594.349,5.749701289494123e-12,1.8153713339282266e-12,1.7394892815805674e-12,2.194823362239813e-12,1.731174551556358e-17,1.0,1.0,1.0,1.0,2.560000000000003e-09,4.16146997388944e-07,5.461098793928419e-06,2.6980252776010802e-05,2.8305552028663464e-05,2.296970244731054e-05,1,5687
2848,lm,594.553,5.743216980496257e-12,1.8131648485990686e-12,1.7376284515090424e-12,2.1924063322341624e-12,1.7348153983568372e-17,1.0,1.0,1.0,1.0,2.560000000000003e-09,4.156079571923893e-07,5.458218629630039e-06,2.696663050488622e-05,2.830171533455032e-05,2.2958648480102305e-05,1,5689
2849,lm,594.757,5.73674711840759e-12,1.8109634956631031e-12,1.7357716236023403e-12,2.1899946154906754e-12,1.7383651470755483e-17,1.0,1.0,1.0,1.0,2.560000000000003e-09,4.150685827777467e-07,5.455342933002911e-06,2.6953029915297183e-05,2.8297885722082097e-05,2.294760984222808e-05,1,5691
2850,lm,594.961,5.7302916564341755e-12,1.8087672561339225e-12,1.7339187865907432e-12,2.187588195264096e-12,1.7418445413896684e-17,1.0,1.0,1.0,1.0,2.560000000000003e-09,4.145294848544894e-07,5.452471706822106e-06,2.6939450975889927e-05,2.829406318283371e-05,2.293658646141192e-05,1,5693
2851,lm,595.165,5.723850548815568e-12,1.8065761169095705e-12,1.7320699250464623e-12,2.1851870545981486e-12,1.7452261387179095e-17,1.0,1.0,1.0,1.0,2.560000000000003e-09,4.1398886279231474e-07,5.449604932138767e-06,2.6925893605817483e-05,2.8290247668019538e-05,2.2925578331640625e-05,1,5695
2852,lm,595.369,5.717423746075323e-12,1.8043900580589032e-12,1.730225027125819e-12,2.1827911750988765e-12,1.7485791725358597e-17,1.0,1.0,1.0,1.0,2.560000000000003e-09,4.13449124204314e-07,5.446742599493454e-06,2.6912357733482156e-05,2.828643904875334e-05,2.2914585398589776e-05,1,5697
2853,lm,595.573,5.711011206198492e-12,1.8022090694692902e-12,1.7283840791973635e-12,2.180400539305298e-12,1.75182265403203e-17,1.0,1.0,1.0,1.0,2.560000000000003e-09,4.129083019989558e-07,5.44388469498375e-06,2.6898843285939036e-05,2.8282637296119388e-05,2.290360760529588e-05,1,5699
2854,lm,595.778,5.7046128779584695e-12,1.8000331325589125e-12,1.726547067531737e-12,2.178015128063727e-12,1.7549804092471064e-17,1.0,1.0,1.0,1.0,2.560000000000003e-09,4.123683774316687e-07,5.441031210944052e-06,2.688535022069273e-05,2.827884234469202e-05,2.2892644938427635e-05,1,5701
2855,lm,595.982,5.698228719212376e-12,1.797862231763987e-12,1.7247139807515408e-12,2.1756349256462216e-12,1.7581050625801596e-17,1.0,1.0,1.0,1.0,2.560000000000003e-09,4.118264039816644e-07,5.438182130471411e-06,2.6871878442475066e-05,2.8275054119676486e-05,2.28816973295428e-05,1,5703
2856,lm,596.186,5.691858684306784e-12,1.7956963522922694e-12,1.7228848053736657e-12,2.1732599152377165e-12,1.7611403131936754e-17,1.0,1.0,1.0,1.0,2.560000000000003e-09,4.112854604710305e-07,5.435337450565947e-06,2.685842787819917e-05,2.8271272601830097e-05,2.287076473693317e-05,1,5705
2857,lm,596.390,5.685502726382254e-12,1.7935354768727166e-12,1.7210595296050912e-12,2.170890079125013e-12,1.764077943285465e-17,1.0,1.0,1.0,1.0,2.560000000000003e-09,4.107442297744882e-07,5.432497156180383e-06,2.6844998499929866e-05,2.826749760331575e-05,2.2859847148716308e-05,1,5707
2858,lm,596.594,5.679160801115735e-12,1.7913795918538215e-12,1.7192381419583385e-12,2.1685253976031796e-12,1.7669700394885062e-17,1.0,1.0,1.0,1.0,2.560000000000003e-09,4.102021606574922e-07,5.429661231510289e-06,2.6831590206673544e-05,2.826372923737381e-05,2.2848944488801048e-05,1,5709
2859,lm,596.799,5.672832861421288e-12,1.789228682838877e-12,1.7174206251755882e-12,2.1661658557373735e-12,1.769766944915421e-17,1.0,1.0,1.0,1.0,2.560000000000003e-09,4.096606685621753e-07,5.426829672699683e-06,2.6818202950433175e-05,2.8259967358069653e-05,2.2838056747571164e-05,1,5711
2860,lm,597.003,5.666518862824185e-12,1.787082732147791e-12,1.7156069709493707e-12,2.1638114348107218e-12,1.7724916300777544e-17,1.0,1.0,1.0,1.0,2.560000000000003e-09,4.091183095707236e-07,5.424002466144076e-06,2.6804836655113157e-05,2.825621180231063e-05,2.2827183858568507e-05,1,5713
2861,lm,597.207,5.6602187619128726e-12,1.7849417276712861e-12,1.713797164247947e-12,2.1614621186490038e-12,1.7751344635827192e-17,1.0,1.0,1.0,1.0,2.560000000000003e-09,4.085753832682541e-07,5.421179600479815e-06,2.6791491251468796e-05,2.825246264946952e-05,2.281632579908746e-05,1,5715
2862,lm,597.411,5.65393251369924e-12,1.7828056533748675e-12,1.7119911930138633e-12,2.1591178899037996e-12,1.7777406709510634e-17,1.0,1.0,1.0,1.0,2.560000000000003e-09,4.080325341762588e-07,5.4183610604387185e-06,2.677816666559219e-05,2.824871971810542e-05,2.2805482510067928e-05,1,5717
2863,lm,597.615,5.647660074628839e-12,1.7806744931009846e-12,1.7101890465033055e-12,2.1567787323057873e-12,1.780271876116709e-17,1.0,1.0,1.0,1.0,2.560000000000003e-09,4.074896197952051e-07,5.415546846464982e-06,2.676486287266896e-05,2.8244983006012343e-05,2.279465397477672e-05,1,5719
2864,lm,597.819,5.641401400565033e-12,1.7785482323946478e-12,1.7083907118514217e-12,2.1544446293394566e-12,1.7826979506715723e-17,1.0,1.0,1.0,1.0,2.560000000000003e-09,4.0694669059297683e-07,5.41273693780494e-06,2.6751579782067457e-05,2.8241252401857227e-05,2.2783840148300757e-05,1,5721
2865,lm,598.023,5.635156446786059e-12,1.7764268558468027e-12,1.706596176708705e-12,2.1521155638242174e-12,1.785040633408751e-17,1.0,1.0,1.0,1.0,2.560000000000003e-09,4.0640344134724055e-07,5.409931329259937e-06,2.6738317321999745e-05,2.8237527915017335e-05,2.2773040980444658e-05,1,5723
2866,lm,598.228,5.6289251697810525e-12,1.7743103518418967e-12,1.7048054273219774e-12,2.1497915169651172e-12,1.7873652061298935e-17,1.0,1.0,1.0,1.0,2.560000000000003e-09,4.058595434615486e-07,5.407130002492801e-06,2.6725075434837402e-05,2.8233809416928826e-05,2.2762256433466665e-05,1,5725
2867,lm,598.432,5.6227075252628695e-12,1.772198701461179e-12,1.7030184504283114e-12,2.147472477447488e-12,1.7895925891927116e-17,1.0,1.0,1.0,1.0,2.560000000000003e-09,4.0531641210418393e-07,5.40433295745145e-06,2.6711854058839454e-05,2.8230096861723113e-05,2.2751486471631122e-05,1,5727
2868,lm,598.636,5.616503471918711e-12,1.77009189207794e-12,1.7012352366673446e-12,2.1451584254828857e-12,1.791769054141159e-17,1.0,1.0,1.0,1.0,2.560000000000003e-09,4.047721689143575e-07,5.401540174155072e-06,2.6698653135652422e-05,2.822639017197509e-05,2.2740731040442268e-05,1,5729
2869,lm,598.840,5.610312964682088e-12,1.767989909537226e-12,1.6994557739476692e-12,2.1428493428393296e-12,1.7938357863500605e-17,1.0,1.0,1.0,1.0,2.560000000000003e-09,4.0422801320869606e-07,5.3987516455059985e-06,2.6685472583609882e-05,2.8222689271112773e-05,2.272999012279212e-05,1,5731
2870,lm,599.044,5.604135962503195e-12,1.7658927388352285e-12,1.6976800501739136e-12,2.1405452149739472e-12,1.7958520105196668e-17,1.0,1.0,1.0,1.0,2.560000000000003e-09,4.036832187673741e-07,5.39596735938559e-06,2.6672312366172274e-05,2.821899415469742e-05,2.271926367286809e-05,1,5733
2871,lm,599.249,5.597972421472693e-12,1.7638003640633096e-12,1.6959080523797648e-12,2.1382460268751924e-12,1.7978154426531246e-17,1.0,1.0,1.0,1.0,2.560000000000003e-09,4.031390016097831e-07,5.3931873109602146e-06,2.665917241104135e-05,2.8215304740457715e-05,2.2708551650875882e-05,1,5735
2872,lm,599.453,5.591822300213642e-12,1.7617127742281158e-12,1.6941397673055035e-12,2.1359517612988504e-12,1.7997381171219e-17,1.0,1.0,1.0,1.0,2.560000000000003e-09,4.025944773666386e-07,5.3904114835172e-06,2.664605263968827e-05,2.8211620908720935e-05,2.269785400901335e-05,1,5737
2873,lm,599.657,5.58568555520714e-12,1.7596299528906996e-12,1.6923751866312006e-12,2.1336624005991633e-12,1.8015086075596035e-17,1.0,1.0,1.0,1.0,2.560000000000003e-09,4.020500990470943e-07,5.387639867176172e-06,2.663295301970053e-05,2.8207942668100245e-05,2.2687170715113935e-05,1,5739
2874,lm,599.861,5.579562144093401e-12,1.757551885891995e-12,1.690614294408554e-12,2.131377931069843e-12,1.8032723009211714e-17,1.0,1.0,1.0,1.0,2.560000000000003e-09,4.0150486888914755e-07,5.384872451344135e-06,2.6619873441262798e-05,2.8204269923231725e-05,2.267650172732566e-05,1,5741
2875,lm,600.045,5.579562144093401e-12,1.757551885891995e-12,1.690614294408554e-12,2.131377931069843e-12,1.8032723009211714e-17,1.0,1.0,1.0,1.0,1.2800000000000015e-08,4.0095986234260306e-07,5.384872451344135e-06,2.6619873441262798e-05,2.8204269923231725e-05,2.267650172732566e-05,0,5742
