{
  "config": {
    "n_values": [
      5,
      10,
      15,
      20,
      25
    ],
    "k_ratio": 10,
    "timestamp": "2026-06-01T05:32:57.733790"
  },
  "results": {
    "5": {
      "LiL-Q": {
        "N": 5,
        "method": "LiL-Q",
        "n_params": 50,
        "solve_time_qr": 0.001657724380493164,
        "solve_time_total": 0.04418468475341797,
        "training_time": 0.04418468475341797,
        "pde_mse": 6.648445146271249e-29,
        "rel_l2_ux": 6.5390627877759e-16,
        "rel_l2_uy": 1.0187482568942694e-15,
        "rel_l2_sxx": 2.4310394488920067e-16,
        "rel_l2_syy": 3.6987670906821486e-16,
        "rel_l2_sxy": 8.619858974183499e-16,
        "final_loss": 6.648445146271249e-29,
        "converged": true
      },
      "N": 5
    },
    "10": {
      "LiL-Q": {
        "N": 10,
        "method": "LiL-Q",
        "n_params": 200,
        "solve_time_qr": 0.01932358741760254,
        "solve_time_total": 0.13444113731384277,
        "training_time": 0.13444113731384277,
        "pde_mse": 3.721143127878459e-28,
        "rel_l2_ux": 7.147173952022114e-16,
        "rel_l2_uy": 9.318507236120387e-16,
        "rel_l2_sxx": 4.3248341718612704e-16,
        "rel_l2_syy": 6.744075479051595e-16,
        "rel_l2_sxy": 9.02869346407752e-16,
        "final_loss": 3.721143127878459e-28,
        "converged": true
      },
      "N": 10
    },
    "15": {
      "LiL-Q": {
        "N": 15,
        "method": "LiL-Q",
        "n_params": 450,
        "solve_time_qr": 0.10021233558654785,
        "solve_time_total": 0.33477282524108887,
        "training_time": 0.33477282524108887,
        "pde_mse": 1.354204944941673e-27,
        "rel_l2_ux": 1.1733703870573748e-15,
        "rel_l2_uy": 9.120735358520504e-16,
        "rel_l2_sxx": 1.0924703870353393e-15,
        "rel_l2_syy": 1.097325510525736e-15,
        "rel_l2_sxy": 1.4393973664640862e-15,
        "final_loss": 1.354204944941673e-27,
        "converged": true
      },
      "N": 15
    },
    "20": {
      "LiL-Q": {
        "N": 20,
        "method": "LiL-Q",
        "n_params": 800,
        "solve_time_qr": 0.2534177303314209,
        "solve_time_total": 0.6550610065460205,
        "training_time": 0.6550610065460205,
        "pde_mse": 1.956447910046396e-27,
        "rel_l2_ux": 1.5940330999417916e-15,
        "rel_l2_uy": 1.6124752180750267e-15,
        "rel_l2_sxx": 1.4119567626297021e-15,
        "rel_l2_syy": 1.0153449009301652e-15,
        "rel_l2_sxy": 1.1568098396484952e-15,
        "final_loss": 1.956447910046396e-27,
        "converged": true
      },
      "N": 20
    },
    "25": {
      "LiL-Q": {
        "N": 25,
        "method": "LiL-Q",
        "n_params": 1250,
        "solve_time_qr": 1.0079565048217773,
        "solve_time_total": 1.6930747032165527,
        "training_time": 1.6930747032165527,
        "pde_mse": 6.0999792393705036e-27,
        "rel_l2_ux": 3.0168790527651795e-15,
        "rel_l2_uy": 2.2046171025527528e-15,
        "rel_l2_sxx": 2.5639276426433028e-15,
        "rel_l2_syy": 2.1682359470554807e-15,
        "rel_l2_sxy": 2.3036087186328747e-15,
        "final_loss": 6.0999792393705036e-27,
        "converged": true
      },
      "N": 25
    }
  }
}