{
  "N": 15,
  "method": "LiL-Q",
  "n_params": 450,
  "solve_time_qr": 0.10021233558654785,
  "solve_time_total": 0.33477282524108887,
  "training_time": 0.33477282524108887,
  "pde_mse": 1.354204944941673e-27,
  "rel_l2_ux": 1.1733703870573748e-15,
  "rel_l2_uy": 9.120735358520504e-16,
  "rel_l2_sxx": 1.0924703870353393e-15,
  "rel_l2_syy": 1.097325510525736e-15,
  "rel_l2_sxy": 1.4393973664640862e-15,
  "final_loss": 1.354204944941673e-27,
  "converged": true
}