{
  "method": "LiL-Q",
  "total_iterations": 3,
  "total_line_searches": 3,
  "final_loss": 1.8842137902097267e-05,
  "final_pde_loss": 1.8837560577911896e-05,
  "training_time": 0.1159970760345459,
  "n_params": 225,
  "converged": true,
  "pretrain_loss": 0.0,
  "metrics_history": {
    "quasi_iter": [
      0,
      1,
      2,
      3
    ],
    "n_func_evals": [
      0,
      1,
      2,
      3
    ],
    "nonlinear_residual": [
      5.192341638148777,
      0.3437961182119004,
      0.0018878194398905248,
      1.8842137902097267e-05
    ],
    "update_norm": [
      0.0,
      1.0,
      0.7308383964699734,
      0.49700849827541094
    ],
    "linear_residual": [
      0.0,
      0.0,
      0.0,
      0.0
    ],
    "pde_loss": [
      0.0,
      0.3437961182118462,
      0.0018878194370705312,
      1.8837560577911896e-05
    ],
    "ic_loss": [
      0.5192341638148777,
      5.424954999351723e-15,
      2.8199935541486357e-13,
      4.577324185371398e-10
    ],
    "bc_loss": [
      0.0,
      2.54532636122464e-32,
      1.314335245586742e-32,
      1.2473752848183476e-32
    ],
    "total_loss": [
      5.192341638148777,
      0.3437961182119004,
      0.0018878194398905248,
      1.8842137902097267e-05
    ],
    "wall_time": [
      0.0005948543548583984,
      0.04092216491699219,
      0.07872533798217773,
      0.1159970760345459
    ]
  }
}