{
  "method": "LiL-Q",
  "total_iterations": 6,
  "total_line_searches": 6,
  "final_loss": 0.21939562509702723,
  "final_pde_loss": 0.08121206675030472,
  "training_time": 0.03312230110168457,
  "n_params": 64,
  "converged": true,
  "pretrain_loss": 0.0,
  "metrics_history": {
    "quasi_iter": [
      0,
      1,
      2,
      3,
      4,
      5,
      6
    ],
    "n_func_evals": [
      0,
      1,
      2,
      3,
      4,
      5,
      6
    ],
    "nonlinear_residual": [
      14.848159304456136,
      4.758807558955177,
      2.584596559753705,
      1.021958821866501,
      0.6846381693808445,
      0.5016864030031726,
      0.21939562509702723
    ],
    "update_norm": [
      0.0,
      1.0,
      0.9559496369925709,
      1.2359745628674694,
      1.0285577394106915,
      0.5919616338063202,
      1.5519157971877657
    ],
    "linear_residual": [
      0.0,
      0.0,
      0.0,
      0.0,
      0.0,
      0.0,
      0.0
    ],
    "pde_loss": [
      0.0,
      4.736360348188476,
      2.479143322444337,
      0.9101211603104356,
      0.5519006260777418,
      0.36284550682657013,
      0.08121206675030472
    ],
    "ic_loss": [
      0.48481593044561355,
      0.002178607046373197,
      0.009494570511508756,
      0.009118455356101465,
      0.010981118089684109,
      0.012943236212234897,
      0.013287830370673059
    ],
    "bc_loss": [
      1.0,
      6.611403029693966e-05,
      0.0010507532194280196,
      0.002065310799505065,
      0.0022926362406261707,
      0.0009408534054253495,
      0.0005305254639991904
    ],
    "total_loss": [
      14.848159304456136,
      4.758807558955177,
      2.584596559753705,
      1.021958821866501,
      0.6846381693808445,
      0.5016864030031726,
      0.21939562509702723
    ],
    "wall_time": [
      0.007086515426635742,
      0.012464284896850586,
      0.016437768936157227,
      0.020637989044189453,
      0.025150537490844727,
      0.02893853187561035,
      0.03312230110168457
    ]
  }
}