{
  "method": "LiL-Q",
  "total_iterations": 7,
  "total_line_searches": 7,
  "final_loss": 0.13899612628354074,
  "final_pde_loss": 0.05794576203308991,
  "training_time": 0.37682461738586426,
  "n_params": 256,
  "converged": true,
  "pretrain_loss": 0.0,
  "metrics_history": {
    "quasi_iter": [
      0,
      1,
      2,
      3,
      4,
      5,
      6,
      7
    ],
    "n_func_evals": [
      0,
      1,
      2,
      3,
      4,
      5,
      6,
      7
    ],
    "nonlinear_residual": [
      14.413424246950742,
      8.942855721986577,
      9.092794557069762,
      1.0388294656870047,
      0.2278848602411028,
      0.1830311825734171,
      0.15587042840221885,
      0.13899612628354074
    ],
    "update_norm": [
      0.0,
      1.0,
      1.3980530762212302,
      1.5459122112439219,
      0.7116206330351047,
      0.19921196111773504,
      0.3606541795140613,
      0.10210183025810211
    ],
    "linear_residual": [
      0.0,
      0.0,
      0.0,
      0.0,
      0.0,
      0.0,
      0.0,
      0.0
    ],
    "pde_loss": [
      0.0,
      8.921066398392632,
      9.025333003937341,
      0.9707082003110323,
      0.1534132252728314,
      0.1071003578262461,
      0.0774270451947896,
      0.05794576203308991
    ],
    "ic_loss": [
      0.4413424246950741,
      0.002177237927075666,
      0.006620899386200675,
      0.006661120948357753,
      0.0073530002585276985,
      0.0074971396567682265,
      0.007763449195755106,
      0.00804022574018815
    ],
    "bc_loss": [
      1.0,
      1.6944323186728139e-06,
      0.00012525592704134856,
      0.0001510055892394828,
      9.4163238299442e-05,
      9.594281794887515e-05,
      8.088912498781795e-05,
      6.481068485693317e-05
    ],
    "total_loss": [
      14.413424246950742,
      8.942855721986577,
      9.092794557069762,
      1.0388294656870047,
      0.2278848602411028,
      0.1830311825734171,
      0.15587042840221885,
      0.13899612628354074
    ],
    "wall_time": [
      0.0012273788452148438,
      0.04718756675720215,
      0.09515619277954102,
      0.14412188529968262,
      0.20408940315246582,
      0.26212239265441895,
      0.31787109375,
      0.37682461738586426
    ]
  }
}