{
  "method": "LiL-Q",
  "total_iterations": 2,
  "total_line_searches": 2,
  "final_loss": 0.05309496203459735,
  "final_pde_loss": 0.045988636355655595,
  "training_time": 0.0015845298767089844,
  "n_params": 25,
  "converged": true,
  "pretrain_loss": 0.0,
  "metrics_history": {
    "quasi_iter": [
      0,
      1,
      2
    ],
    "n_func_evals": [
      0,
      1,
      2
    ],
    "nonlinear_residual": [
      3.890034222541852,
      0.40171677798733946,
      0.05309496203459735
    ],
    "update_norm": [
      0.0,
      1.0,
      0.32661215725281867
    ],
    "linear_residual": [
      0.0,
      0.0,
      0.0
    ],
    "pde_loss": [
      0.0,
      0.4017166931676127,
      0.045988636355655595
    ],
    "ic_loss": [
      0.3890034222541852,
      8.48197267665315e-09,
      0.0007106325678941755
    ],
    "bc_loss": [
      0.0,
      2.9368982897355513e-32,
      1.5168841269883404e-32
    ],
    "total_loss": [
      3.890034222541852,
      0.40171677798733946,
      0.05309496203459735
    ],
    "wall_time": [
      3.838539123535156e-05,
      0.0008051395416259766,
      0.0015845298767089844
    ]
  }
}