{
  "N": 20,
  "method": "LiL-Q",
  "n_outer_iters": 6,
  "solve_time_total": 4.521351099014282,
  "training_time": 4.521351099014282,
  "pde_mse": 9.057650019733178e-16,
  "cont_mse": 1.2099764252950783e-16,
  "rel_l2_u": 7.330131544909675e-09,
  "rel_l2_v": 2.5328729662335207e-08,
  "rel_l2_p": 5.294769632760745e-08,
  "final_loss": 9.057650019733178e-16,
  "converged": true
}