{
  "method": "LiL-Q",
  "total_iterations": 3,
  "total_line_searches": 3,
  "final_loss": 2.1610912818942478e-05,
  "final_pde_loss": 2.076272218715587e-05,
  "training_time": 0.0883486270904541,
  "n_params": 100,
  "converged": true,
  "pretrain_loss": 0.0,
  "metrics_history": {
    "quasi_iter": [
      0,
      1,
      2,
      3
    ],
    "n_func_evals": [
      0,
      1,
      2,
      3
    ],
    "nonlinear_residual": [
      38.44,
      0.4343196034397223,
      0.0026125109063006883,
      2.1610912818942478e-05
    ],
    "update_norm": [
      0.0,
      1.0,
      0.02440378748034496,
      0.0009150807397267782
    ],
    "linear_residual": [
      0.0,
      0.0,
      0.0,
      0.0
    ],
    "pde_loss": [
      38.44,
      0.4343187274765383,
      0.002611663589762022,
      2.076272218715587e-05
    ],
    "ic_loss": [
      0.0,
      0.0,
      0.0,
      0.0
    ],
    "bc_loss": [
      0.0,
      8.759631839950214e-08,
      8.473165386662902e-08,
      8.481906317866086e-08
    ],
    "total_loss": [
      38.44,
      0.4343196034397223,
      0.0026125109063006883,
      2.1610912818942478e-05
    ],
    "wall_time": [
      0.00010347366333007812,
      0.02884840965270996,
      0.05272078514099121,
      0.0883486270904541
    ]
  }
}