{
  "config": {
    "viscosity": 0.1,
    "T_final": 1.0,
    "N_x": 25,
    "N_t": 25,
    "k_ratio": 10,
    "R_tol": 1e-05,
    "max_quasi_iters": 50,
    "stagnation_window": 5,
    "stagnation_rtol": 0.001,
    "lambda_pde": 1.0,
    "lambda_ic": 10.0,
    "lambda_bc": 10.0,
    "timestamp": "2026-06-11 17:07:13"
  },
  "results": {
    "cheb_cheb": {
      "metrics": {
        "iteration": [
          0,
          1,
          2,
          3,
          4,
          5,
          6,
          7,
          8
        ],
        "loss": [
          4.984025559105432,
          0.30669717765495397,
          0.0025341836537565872,
          7.823536031342725e-05,
          7.822267139985547e-05,
          7.822267135818419e-05,
          7.82226713581835e-05,
          7.822267135818333e-05,
          7.822267135818311e-05
        ],
        "pde_loss": [
          0.0,
          0.30669717765495397,
          0.0025341836423070203,
          7.818204665142303e-05,
          7.815674204607685e-05,
          7.815677415462787e-05,
          7.815677400465944e-05,
          7.815677400522889e-05,
          7.815677400522604e-05
        ],
        "ic_loss": [
          0.4984025559105432,
          2.770820645824807e-32,
          1.0496538500774269e-12,
          5.327722224035131e-09,
          6.589022190591781e-09,
          6.585808217947596e-09,
          6.585823211935106e-09,
          6.58582315498322e-09,
          6.585823155245568e-09
        ],
        "bc_loss": [
          0.0,
          7.294138610706409e-32,
          9.530285014499719e-14,
          3.643976385786565e-12,
          3.913187269087278e-12,
          3.912137685310268e-12,
          3.912140469903527e-12,
          3.912140461652859e-12,
          3.912140461489018e-12
        ]
      },
      "summary": {
        "basis_key": "cheb_cheb",
        "n_coefficients": 625,
        "n_iterations": 8,
        "final_loss": 7.822267135818311e-05,
        "final_pde_loss": 7.815677400522604e-05,
        "final_ic_loss": 6.585823155245568e-09,
        "final_bc_loss": 3.912140461489018e-12,
        "converged": false,
        "stagnated": true,
        "total_time": 2.109163522720337,
        "build_time": 0.03704547882080078
      },
      "description": "T_0..24(x) x T_0..24(t)"
    },
    "sin_cheb": {
      "metrics": {
        "iteration": [
          0,
          1,
          2,
          3
        ],
        "loss": [
          4.984025559105432,
          0.3066971776549538,
          0.002521990671224921,
          1.6647089333468267e-08
        ],
        "pde_loss": [
          0.0,
          0.3066971776549538,
          0.002521990671224921,
          1.66470892485274e-08
        ],
        "ic_loss": [
          0.4984025559105432,
          3.5324082744100643e-32,
          3.011879852762838e-25,
          8.49408690375567e-18
        ],
        "bc_loss": [
          0.0,
          2.61953921856949e-32,
          1.3197128108995688e-32,
          1.2589996022117204e-32
        ]
      },
      "summary": {
        "basis_key": "sin_cheb",
        "n_coefficients": 625,
        "n_iterations": 3,
        "final_loss": 1.6647089333468267e-08,
        "final_pde_loss": 1.66470892485274e-08,
        "final_ic_loss": 8.49408690375567e-18,
        "final_bc_loss": 1.2589996022117204e-32,
        "converged": true,
        "stagnated": false,
        "total_time": 0.7497632503509521,
        "build_time": 0.03529500961303711
      },
      "description": "sin(1..25)(x) x T_0..24(t)"
    },
    "sin_sin": {
      "metrics": {
        "iteration": [
          0,
          1,
          2,
          3,
          4,
          5
        ],
        "loss": [
          4.984025559105432,
          4.984025559105432,
          4.984025559105432,
          4.984025559105432,
          4.984025559105432,
          4.984025559105432
        ],
        "pde_loss": [
          0.0,
          0.0,
          0.0,
          0.0,
          0.0,
          0.0
        ],
        "ic_loss": [
          0.4984025559105432,
          0.4984025559105432,
          0.4984025559105432,
          0.4984025559105432,
          0.4984025559105432,
          0.4984025559105432
        ],
        "bc_loss": [
          0.0,
          0.0,
          0.0,
          0.0,
          0.0,
          0.0
        ]
      },
      "summary": {
        "basis_key": "sin_sin",
        "n_coefficients": 625,
        "n_iterations": 5,
        "final_loss": 4.984025559105432,
        "final_pde_loss": 0.0,
        "final_ic_loss": 0.4984025559105432,
        "final_bc_loss": 0.0,
        "converged": false,
        "stagnated": true,
        "total_time": 1.1734132766723633,
        "build_time": 0.03534674644470215
      },
      "description": "sin(1..25)(x) x sin(1..25)(t)"
    },
    "cos_cheb": {
      "metrics": {
        "iteration": [
          0,
          1,
          2,
          3,
          4,
          5,
          6,
          7,
          8
        ],
        "loss": [
          4.984025559105432,
          0.3502726478108856,
          0.17308263989061573,
          0.1714693401517383,
          0.17146909514777056,
          0.171469094439646,
          0.17146909443726574,
          0.1714690944372577,
          0.17146909443725758
        ],
        "pde_loss": [
          0.0,
          0.2803166731053518,
          0.12535304474049722,
          0.12403352028494301,
          0.12403183615331044,
          0.12403137760234853,
          0.12403133604608543,
          0.12403133341596735,
          0.12403133324668805
        ],
        "ic_loss": [
          0.4984025559105432,
          0.0052330673566422506,
          0.003079519476131326,
          0.003116784570655516,
          0.003119275393696052,
          0.003119508225545443,
          0.003119520902901411,
          0.0031195217531227856,
          0.0031195218004819916
        ],
        "bc_loss": [
          0.0,
          0.001762530113911124,
          0.0016934400388805267,
          0.0016267974160240118,
          0.0016244505057499607,
          0.0016242634581843055,
          0.00162425493621662,
          0.0016242543490062478,
          0.0016242543185749619
        ]
      },
      "summary": {
        "basis_key": "cos_cheb",
        "n_coefficients": 625,
        "n_iterations": 8,
        "final_loss": 0.17146909443725758,
        "final_pde_loss": 0.12403133324668805,
        "final_ic_loss": 0.0031195218004819916,
        "final_bc_loss": 0.0016242543185749619,
        "converged": false,
        "stagnated": true,
        "total_time": 2.0321285724639893,
        "build_time": 0.03558826446533203
      },
      "description": "cos(0..24)(x) x T_0..24(t)"
    },
    "augsin_cheb": {
      "metrics": {
        "iteration": [
          0,
          1,
          2,
          3
        ],
        "loss": [
          4.984025559105432,
          0.3066971776549525,
          0.002521990674252088,
          4.264727151027639e-08
        ],
        "pde_loss": [
          0.0,
          0.3066971776549525,
          0.0025219906742520786,
          4.2632304893565846e-08
        ],
        "ic_loss": [
          0.4984025559105432,
          2.7836460033284406e-32,
          2.005907692524966e-23,
          6.167348523166961e-16
        ],
        "bc_loss": [
          0.0,
          9.103227404091035e-33,
          9.515532129340541e-19,
          1.4960449362017422e-12
        ]
      },
      "summary": {
        "basis_key": "augsin_cheb",
        "n_coefficients": 625,
        "n_iterations": 3,
        "final_loss": 4.264727151027639e-08,
        "final_pde_loss": 4.2632304893565846e-08,
        "final_ic_loss": 6.167348523166961e-16,
        "final_bc_loss": 1.4960449362017422e-12,
        "converged": true,
        "stagnated": false,
        "total_time": 0.7269783020019531,
        "build_time": 0.03643798828125
      },
      "description": "[1, x, sin(1..23)](x) x T_0..24(t)"
    },