{
  "N": 20,
  "method": "LiL-Q",
  "n_params": 800,
  "solve_time_qr": 0.2534177303314209,
  "solve_time_total": 0.6550610065460205,
  "training_time": 0.6550610065460205,
  "pde_mse": 1.956447910046396e-27,
  "rel_l2_ux": 1.5940330999417916e-15,
  "rel_l2_uy": 1.6124752180750267e-15,
  "rel_l2_sxx": 1.4119567626297021e-15,
  "rel_l2_syy": 1.0153449009301652e-15,
  "rel_l2_sxy": 1.1568098396484952e-15,
  "final_loss": 1.956447910046396e-27,
  "converged": true
}