{
  "method": "LiL-Q",
  "solve_time": 24.344271421432495,
  "training_time": 25.630980253219604,
  "final_loss": 41.24057714199745,
  "fvm_rmse_psi": 27.257468338068104,
  "fvm_rel_L2": 0.00781129467510572,
  "n_coefficients": 3169,
  "mse_Dx_nd": 0.01539103706720461,
  "mse_Dy_nd": 0.11307963170969494,
  "mse_CE_nd": 0.00037669508711882384,
  "converged": true
}