{
  "N": 10,
  "method": "LiL-Q",
  "n_params": 200,
  "solve_time_qr": 0.01932358741760254,
  "solve_time_total": 0.13444113731384277,
  "training_time": 0.13444113731384277,
  "pde_mse": 3.721143127878459e-28,
  "rel_l2_ux": 7.147173952022114e-16,
  "rel_l2_uy": 9.318507236120387e-16,
  "rel_l2_sxx": 4.3248341718612704e-16,
  "rel_l2_syy": 6.744075479051595e-16,
  "rel_l2_sxy": 9.02869346407752e-16,
  "final_loss": 3.721143127878459e-28,
  "converged": true
}