{
  "method": "LiL-Q",
  "total_iterations": 4,
  "total_line_searches": 4,
  "final_loss": 3.4953135157099026e-09,
  "final_pde_loss": 3.4953123047970217e-09,
  "training_time": 1.3370411396026611,
  "n_params": 625,
  "converged": true,
  "pretrain_loss": 0.0,
  "metrics_history": {
    "quasi_iter": [
      0,
      1,
      2,
      3,
      4
    ],
    "n_func_evals": [
      0,
      1,
      2,
      3,
      4
    ],
    "nonlinear_residual": [
      4.841291013868034,
      0.3113557808875318,
      0.002220042908948092,
      1.7142522636397406e-08,
      3.4953135157099026e-09
    ],
    "update_norm": [
      0.0,
      1.0,
      0.9592122925872417,
      0.7003180887397688,
      0.1373713473979931
    ],
    "linear_residual": [
      0.0,
      0.0,
      0.0,
      0.0,
      0.0
    ],
    "pde_loss": [
      0.0,
      0.3113557808875318,
      0.002220042908948092,
      1.7142522160683794e-08,
      3.4953123047970217e-09
    ],
    "ic_loss": [
      0.4841291013868034,
      2.638573091141014e-24,
      6.609240737914552e-21,
      4.7571361300689136e-17,
      1.2109128808985415e-16
    ],
    "bc_loss": [
      0.0,
      2.703761483268586e-32,
      1.3002544702699067e-32,
      1.2367766474973514e-32,
      1.2367050101322572e-32
    ],
    "total_loss": [
      4.841291013868034,
      0.3113557808875318,
      0.002220042908948092,
      1.7142522636397406e-08,
      3.4953135157099026e-09
    ],
    "wall_time": [
      0.001931905746459961,
      0.2904374599456787,
      0.6163334846496582,
      1.0264875888824463,
      1.3370411396026611
    ]
  }
}