iteration,n_func_evals,loss,pde_loss,ic_loss,bc_loss,wall_time
0,0,214.5691264934864,214.5652780765953,8.444119858674309e-05,0.00030040049052574517,0.005039656534790993
1,2,81.41374878699268,77.81347911061108,0.13756695742785877,0.22246001021030143,0.025301607325673103
2,3,88.16000505097726,85.74970520799539,0.08418263525412363,0.15684734904406372,0.0377349928021431
3,4,24.198589846805763,20.78054069327122,0.0951221684531352,0.2466827469003191,0.04842190816998482
4,5,125.45082053595793,123.44916881390145,0.04189046193709133,0.1582747102685565,0.05934322066605091
5,6,116.30026801947436,114.10069417848706,0.05337122460687985,0.16658615949184993,0.07061911933124065
6,8,140.73167430373184,139.86497853976093,0.04772885054012806,0.038940725856963135,0.08738408796489239
7,9,135.90467155701734,135.27450449320023,0.04564554951886862,0.017371156862841193,0.09842093661427498
8,10,127.17263248592998,125.01726601629461,0.08216569327126358,0.13337095369227206,0.10943814925849438
9,11,131.69994121464563,129.7501853675745,0.0794170591397321,0.11555852556738237,0.12269310839474201
10,12,136.7163580222511,135.24360084663647,0.06778367813661536,0.07949203942484545,0.13546959683299065
11,13,158.40032904174757,157.63395087003164,0.0455595019236808,0.03107831524791426,0.14759398438036442
12,14,164.47601587836073,163.92197355043447,0.03777143576617819,0.01763279702644681,0.16089878417551517
13,15,161.48621843081511,161.04325250538722,0.03467751365460363,0.009619078888188384,0.17478185147047043
14,16,159.94424646523598,159.50972798117573,0.03613161310705849,0.0073202352989643425,0.18886514753103256
15,17,150.09047434651566,149.57564746654091,0.04425560685826531,0.0072270811392100036,0.2031080685555935
16,18,150.45832914700281,149.8970022882096,0.04768692467836264,0.008445761200961344,0.21661946550011635
17,19,147.4380056920021,146.88464681235985,0.04932478948747606,0.0060110984767488594,0.23004336468875408
18,20,148.44361536646562,147.91822659671524,0.04872120655678726,0.0038176704182520506,0.24468993954360485
19,21,153.04860120535668,152.5635976041837,0.04694697685400497,0.001553383263289765,0.25817018188536167
20,22,162.06758043888027,161.61335101776902,0.04445412876978624,0.0009688133413397471,0.2721011321991682
21,23,172.38885921495682,171.97663204647506,0.04074586659626936,0.0004768502519059588,0.28525536321103573
22,24,189.67829121160997,189.3360162561519,0.033438782092475375,0.0007887134533328969,0.3008411880582571
23,25,193.12098070526315,192.80492392657715,0.03071178875913189,0.0008938891094698818,0.31530005671083927
24,26,195.89251197808636,195.6048528164797,0.02812856656233322,0.0006373495983330783,0.3301346134394407
25,27,194.186986874568,193.89210484329243,0.02876307899285912,0.0007251241346975178,0.34489021450281143
26,28,189.79993135867358,189.48503952591938,0.030507614115385648,0.0009815691600359626,0.3601672239601612
27,29,187.37585425525094,187.0581134331444,0.030891538307025027,0.0008825439036282546,0.3752432707697153
28,30,180.99621256760707,180.67392456725605,0.031647050226871906,0.0005817498082310101,0.39099523797631264
29,31,172.61838302092204,172.28913048616081,0.032481796754650995,0.00044345672146975357,0.40536569245159626
30,32,161.62353304809045,161.2684427956182,0.034215746036494715,0.0012932792107299394,0.4210433606058359
31,33,151.3136667260376,150.9052408432714,0.036525170710533655,0.004317417566088912,0.43654122389853
32,34,146.03312077518513,145.62498530263625,0.03862436436991068,0.0021891828849770765,0.45272716879844666
33,35,146.88144731198307,146.46130040302444,0.039803266957129706,0.0022114239387311346,0.4693456031382084
34,36,147.19744311570773,146.78134901632876,0.0396939473775019,0.001915462560396777,0.4846764113754034
35,37,150.64227378810637,150.2392439703671,0.03924165111531628,0.001061330658610688,0.5005629360675812
36,38,155.08893850061403,154.6913397570493,0.03882362128090805,0.0009362530755642984,0.5165897104889154
37,39,159.49643511525733,159.1003270041815,0.03842301342091761,0.0011877976866634663,0.5325590278953314
38,40,163.266841821367,162.87104998445537,0.03809106050237916,0.0014881231887841325,0.5487389434129
39,41,161.61798137095008,161.219876889859,0.03853342694207057,0.0012770211670375378,0.5647869501262903
40,42,161.64386400963744,161.24701787783476,0.038695544147498526,0.000989069032770575,0.5809294991195202
41,43,161.05577518558306,160.66005220673563,0.03874219773329032,0.0008301001514533656,0.5969362836331129
42,44,162.23616984983698,161.84519224479723,0.03844054881744077,0.0006572116865345182,0.613770330324769
43,45,164.94347841091215,164.55932893311711,0.03767088213924116,0.00074406564026163,0.6298698075115681
44,46,170.9675932630283,170.58997196777776,0.03627733776603858,0.0014847917590165372,0.6470498759299517
45,47,170.84201188699643,170.4407046380563,0.03703297454449612,0.0030977503495168333,0.6641018502414227
46,48,168.1489613691092,167.7480966320773,0.03746248482031381,0.0026239888828781645,0.680895708501339
47,49,167.56501490326647,167.164039717399,0.038048100486624326,0.0020494181001237148,0.6988662835210562
48,50,165.7883686002685,165.3815592247772,0.03884650826583172,0.0018344292833019971,0.7168414331972599
49,51,165.77250231589687,165.36379929713823,0.038990848626763545,0.001879453249100974,0.733993835747242
50,53,165.25789544633378,164.8587025543636,0.03851417233658547,0.0014051168604350239,0.7580608800053596
51,54,178.1019449776398,177.7288230090194,0.03466293604215978,0.0026492608198807307,0.7744837962090969
52,55,181.20405612119052,180.8549581301659,0.03377822295186359,0.0011315761505988663,0.7920619659125805
53,56,189.43668027367605,189.10225836646396,0.03251423623328266,0.0009279544879274946,0.809148196130991
54,57,192.2543281475936,191.9337128794222,0.031090581101326287,0.0009709457158166006,0.8272788878530264
55,58,195.02057190022617,194.707943849254,0.0301292773621508,0.001133527735067643,0.8455104921013117
56,59,198.74984450591225,198.44350160724085,0.029313046913753322,0.001321242953386344,0.864138875156641
57,60,201.87022354611858,201.5683567495871,0.028769326535410734,0.0014173531177357394,0.8815585114061832
58,61,205.49303884881363,205.19785695878562,0.028206673559667186,0.0013115154431352768,0.9002099931240082
59,62,204.03247050347412,203.73658437776206,0.028704198961797572,0.0008844136094071415,0.918450964614749
60,63,208.42078824549534,208.13543879523453,0.02795783134486637,0.0005771136812154106,0.93667783588171
61,65,201.61807375229367,201.32255501628808,0.02919171763916256,0.0003601559613973264,0.9626551158726215
62,66,199.50055700926777,199.20857622366367,0.028908823725464643,0.000289254834943918,0.9806860517710447
63,67,202.27230026363716,201.98753259941418,0.028214117788559697,0.00026264863373836835,0.9989128094166517
64,68,208.15305146159727,207.88141029476768,0.026909020582426432,0.0002550961005351456,1.016618076711893
65,69,210.21607313588646,209.9515671294655,0.026196030540207586,0.0002545701018887278,1.0358621068298817
66,70,211.98501320361189,211.72421482154073,0.02582354947404148,0.00025628873307398755,1.0548146273940802
67,71,211.98156692697881,211.72095164278682,0.0257359698450273,0.0003255585741713963,1.0740652605891228
68,72,212.10077040164512,211.83905299973208,0.025835810399403435,0.00033592979190238514,1.0921727176755667
69,73,211.0470413153608,210.78022361642476,0.02629971197150804,0.0003820579220969584,1.1107153668999672
70,74,212.39026210425143,212.12240265591424,0.02638504232305243,0.00040090251066614654,1.1288109049201012
71,75,211.91812067063938,211.64763491742315,0.026586112698853574,0.00046246262276995195,1.1478991657495499
72,76,215.1342211641109,214.86829029565374,0.02616966275325631,0.00042342409246171986,1.167800895869732
73,77,217.06413954877837,216.80293426106186,0.025734026384690745,0.0003865023869591031,1.1878813486546278
74,78,216.80110589063102,216.54229852702156,0.025500635428359463,0.00038010093258513934,1.2072711773216724
75,79,217.9108575316289,217.65582924849028,0.025114688369667945,0.0003881399441925871,1.227389320731163
76,80,218.5478925684251,218.29777702556817,0.0246333003569802,0.0003782539287146067,1.2474834248423576
77,81,221.7151008367847,221.46994089949828,0.024112954968598763,0.0004030387600424845,1.2680480442941189
78,82,224.2014058356188,223.9601123885152,0.023743937081079115,0.00038540762928122494,1.2872917987406254
79,83,225.23539792080672,224.99444261579717,0.02372420834713016,0.00037132215382367086,1.3073752038180828
80,84,226.4040857981268,226.16380311933924,0.02366661729363309,0.0003616505851212649,1.3272997997701168
81,85,229.35096333101168,229.1127160982119,0.023470160851829118,0.00035456242814923183,1.3474454320967197
82,86,232.4992601700963,232.26447746196015,0.023132698351558338,0.00034557246205747506,1.36836008541286
83,87,239.68378408445594,239.45751564977328,0.022289027828143806,0.0003378156401235092,1.388508327305317
84,88,238.54445265054892,238.31932552450826,0.022171557274170937,0.0003411553298953936,1.4094414077699184
85,89,244.65022537907274,244.431216705282,0.02155485629644363,0.0003460110826295627,1.4296217449009418
86,90,242.49627609927268,242.27528531195844,0.02177360604394905,0.00032547268747691593,1.4487740397453308
87,91,242.1042753076383,241.88269976855497,0.021843207498995088,0.00031434640933560997,1.469725415110588
88,92,241.53372990705031,241.31116889734054,0.021956089058699897,0.0003000119122778736,1.4888610765337944
89,93,241.04995684703047,240.82636138803784,0.02206229033981685,0.0002972555594465009,1.5097986329346895
90,94,239.4385481971892,239.21157256140123,0.022403110956805593,0.0002944526219932756,1.5296975802630186
91,95,235.949604408127,235.71721629920148,0.022933115821685585,0.00030569507086294104,1.550882076844573
92,96,239.5322765419253,239.30329346391625,0.022565226619605628,0.0003330811813007852,1.572751423344016
93,97,250.52018851227928,250.30206226642207,0.02121504609153858,0.0005975784941837989,1.5941499415785074
94,98,263.7596566531191,263.5527969568453,0.020158105318891183,0.0005278643084859208,1.6152049861848354
95,100,264.29853011304476,264.09246633882503,0.02006684288938143,0.0005395345325878162,1.6454881522804499
96,102,270.6540526883819,270.456387537171,0.019156278713045087,0.0006102364080461094,1.67610933072865
97,104,271.3529819126758,271.15603802762064,0.019126004348003642,0.0005683841575104981,1.7064675632864237
98,105,274.19759395498033,274.00620078187103,0.018612778573300674,0.0005265387376306416,1.7280761636793613
99,106,275.2216274797571,275.0293284734105,0.018712209689540564,0.0005176909451205731,1.750572444871068
100,107,274.14295365133916,273.95086928442083,0.01865914339301949,0.0005492932988128947,1.7727092392742634
101,108,273.0842134666515,272.8921266840067,0.018608937438807767,0.0005997408256703444,1.7964210640639067
102,109,272.34466102268107,272.1526063407541,0.018475594010835802,0.0007298741818603187,1.8185387719422579
103,110,271.91971193466884,271.72789251613824,0.01835689187771129,0.0008250499753515936,1.8407063875347376
104,111,272.12876123159754,271.938446637876,0.018059865437493855,0.000971593934661659,1.8627232164144516
105,112,271.32448578622717,271.1384772358148,0.017634049448755684,0.0009668055924854061,1.8849318083375692
106,113,270.4517628365121,270.26322952560815,0.017449761345343782,0.001403569745054692,1.9069534242153168
107,115,271.79558317121945,271.6182281825562,0.016769430287990682,0.0009660685783337408,1.937790660187602
108,117,271.58454549264906,271.40560566810484,0.016960731287589376,0.0009332511668360946,1.9680222123861313
109,118,275.1847762718558,275.007798102362,0.016806072048142072,0.0008917449012355725,1.9908669628202915
110,119,273.7551288136942,273.5774983725914,0.016949102366627715,0.00081394174365277,2.0133066661655903
111,120,272.19099235242567,272.011756407913,0.01703672802346544,0.0008868664278020013,2.0352144725620747
112,121,271.283175821052,271.10390426539726,0.017281343125643122,0.0006458124398287613,2.0583132561296225
113,122,270.04059731186885,269.8597251483804,0.017431508193642774,0.0006557081552028616,2.082112545147538
114,123,269.6533887997493,269.4728484032587,0.017387467086484497,0.0006665725625748231,2.1043527126312256
115,124,268.5716116196142,268.3902251607238,0.017484995331917056,0.0006536505571283207,2.126272015273571
116,125,266.58390513983994,266.4016019706544,0.017582868107156556,0.0006474488113981782,2.1483724769204855
117,126,264.77378649502856,264.5912725019226,0.01759136226864272,0.0006600370419529748,2.171122582629323
118,127,264.23951638521504,264.0591292176788,0.01734391257856722,0.0006948041750613072,2.1942298635840416
119,128,265.85361950138474,265.6771096887402,0.016883617076167992,0.0007673641882900642,2.216403527185321
120,130,268.5916184029274,268.42060220252046,0.016309746996782643,0.0007918730439091372,2.2465117517858744
121,131,280.5165231486421,280.3596114968136,0.014812335658783609,0.000878829524058232,2.267704190686345
122,133,280.9382374660353,280.7795560063731,0.015036077896681259,0.000832068069537177,2.298850951716304
123,135,280.69005421218844,280.53121759478495,0.015082317108533562,0.0008013446318153015,2.3295329455286264
124,136,283.40159756819776,283.2465382719155,0.014693866669431836,0.0008120629587929935,2.3519829362630844
125,137,285.1350235389789,284.98274727808945,0.014504323795693757,0.0007233022932478353,2.374064352363348
126,138,287.0236707120205,286.87639562797017,0.014051828808672593,0.0006756795963554951,2.3966617472469807
127,139,285.5536112429341,285.4055835440682,0.014221896104409786,0.0005808737821863838,2.4190001245588064
128,140,287.60850959349983,287.4662659884866,0.013634459311388483,0.0005899011899309925,2.4409696217626333
129,141,291.2320513347253,291.086930429033,0.013915198025003815,0.0005968925442282624,2.4622460082173347
130,142,290.0790215205654,289.9355248654609,0.013751768157172418,0.0005978973532762438,2.4833893831819296
131,144,289.97235964659757,289.8318829249704,0.01344613204807201,0.0006015401146425936,2.513228924944997
132,145,290.0099955023726,289.87139211077243,0.013280216649644211,0.0005801225103685463,2.5361604783684015
133,146,292.2599726825309,292.1262321436447,0.0127055656244881,0.0006684882641306317,2.557454099878669
134,148,291.91164446527284,291.78143449004807,0.012460235454056025,0.0005607620684208192,2.5892335399985313
135,150,293.28487049774117,293.15590667392934,0.012434714867265498,0.00046166751391658444,2.6185764763504267
136,151,294.3673593547949,294.2357469595312,0.012301508656623265,0.0008597308697523829,2.6406141500920057
137,152,293.4705286427017,293.3459669724883,0.011974889367889839,0.0004812776534497129,2.6627287473529577
138,153,297.0690003723866,296.9419597699048,0.01229276563886464,0.0004112946093112122,2.684420583769679
139,154,297.4426175948596,297.32009397181406,0.011854931681190436,0.0003974306233633167,2.7067990712821484
140,156,297.11194105718283,296.9926857212644,0.011527930175663953,0.000397603416178447,2.736740356311202
141,157,300.19275459567484,300.0754112286046,0.011221062228453257,0.0005132744785743059,2.7575041204690933
142,158,304.16465127609126,304.0466067834268,0.011271240182894604,0.0005332090835480968,2.7789818067103624
143,159,305.73385821143273,305.6196060919105,0.011132516393474453,0.00029269555874797827,2.8001350071281195
144,160,311.87281187455795,311.754983197307,0.011507725732638474,0.0002751419924562682,2.8228855039924383
145,161,309.2226095213445,309.1061748090724,0.011308857608651721,0.0003346136185585057,2.845798971131444
146,162,305.5116497407828,305.3972104943683,0.011177418212152958,0.0002665064292943554,2.8690612353384495
147,163,304.0832902319247,303.9679267015449,0.011328637113515526,0.00020771592446408647,2.8911283556371927
148,164,305.12632767706083,305.00940966458717,0.011515363180839448,0.00017643806653139683,2.9139760993421078
149,166,305.1631006526348,305.04630216426096,0.011514595852452725,0.00016525298493144474,2.9442263543605804
150,167,306.9034813338843,306.7859762671772,0.011595996593308868,0.00015451007740333042,2.966421263292432
151,168,306.920769444562,306.8031567680002,0.011611396292397939,0.00014987136378324752,2.9885327201336622
152,169,306.36963503493337,306.25159899035685,0.011658856653202446,0.00014474780445037765,3.0101269744336605
153,170,305.4453392389121,305.3268304351556,0.011702264877932477,0.00014861549771643393,3.0326423719525337
154,171,304.26968040545773,304.1506063130542,0.011750575322937926,0.00015683391742018176,3.0552242565900087
155,172,302.00254415027655,301.88296194992796,0.01176964592505097,0.00018857410980511953,3.07775604352355
156,174,301.4525017274801,301.3331861394941,0.011717111145575443,0.0002144476530270458,3.1094191540032625
157,175,302.1305325254631,302.00868780442164,0.01188880129092823,0.0002956708132170454,3.1309830714017153
158,176,303.1336861297352,303.0155510688142,0.011563757832528738,0.0002497482595751928,3.1525985300540924
159,177,306.274902377994,306.15590914261725,0.011609728824379115,0.0002895947132973163,3.1749780643731356
160,178,309.58815149667817,309.4709758292227,0.011512234278949724,0.000205332466597384,3.19767202436924
161,179,312.662111232146,312.5501339503373,0.011068329143661612,0.0001293990372119175,3.218985140323639
162,180,313.8088560916582,313.69712121442325,0.011045523539271882,0.00012796418422527552,3.240939624607563
163,181,315.32190457809736,315.2106728382275,0.010969057774923838,0.0001541162120634916,3.262877967208624
164,182,315.65191417094553,315.5409978039661,0.0109320476990546,0.00015958899888910257,3.2840521968901157
165,183,314.30726041098774,314.1970718661314,0.010816274645314726,0.00020257984031413543,3.3062418922781944
166,184,313.5263886681659,313.4147376993547,0.010946073701966774,0.0002190231791530091,3.327999608591199
167,185,310.687341749818,310.57843760103435,0.01071554818508292,0.00017486669328346392,3.349156927317381
168,186,311.76434026957406,311.6564927350887,0.010619598736098223,0.0001651547124360545,3.371205611154437
169,187,312.22184251751304,312.1134231343103,0.010699815405371791,0.00014212291490257802,3.393002113327384
170,188,312.9072633541809,312.79854963369326,0.010710425901339941,0.00016094614742221707,3.4160746969282627
171,189,311.81363321372527,311.70428705830693,0.010771138563276456,0.00016347697855914183,3.438316760584712
172,190,311.7596031038456,311.6492592517998,0.010837853362427229,0.00019653184215650334,3.4606289584189653
173,191,311.2928684915729,311.18223879305896,0.010936287805861504,0.0001266820455330607,3.4826598800718784
174,192,313.3736004144444,313.2629467794023,0.010932578304119919,0.00013278520009189746,3.5042889192700386
175,193,313.8052036140791,313.69509293807147,0.010920392641483265,9.067495928399094e-05,3.525495072826743
176,194,313.48055762754467,313.3710513662559,0.010866974217264038,8.365191160835685e-05,3.548371486365795
177,195,312.3522158989449,312.246035434889,0.010565405299294027,5.2641106297079476e-05,3.570751404389739
178,196,311.72737890881893,311.62517365050604,0.010178520346376766,4.20054849168052e-05,3.5908726938068867
179,197,310.83449084681064,310.736086847091,0.009770080563630634,7.03194083379478e-05,3.6130060758441687
180,198,310.88751945211953,310.7901343063084,0.00969502802463903,4.348655647418372e-05,3.63463363237679
181,199,310.6018990174973,310.5038608749512,0.009728854335576926,7.495991903490465e-05,3.6571187805384398
182,200,309.98945237768555,309.8916214453537,0.00969858730212702,8.45059310632274e-05,3.678966959938407
183,201,307.1243499955855,307.02639274454606,0.009644000505449942,0.0001517245984948723,3.7001082729548216
184,202,302.43226948704984,302.33603536705374,0.009425163587531404,0.00019824841208122222,3.7228582184761763
185,204,302.61817566473206,302.5225300709594,0.009373157835350454,0.00019140154191394875,3.7530909087508917
186,205,302.365113787444,302.2700257018824,0.009311647049471083,0.00019716150669177803,3.7760471999645233
187,206,301.08891691287386,300.99468916010943,0.009270230694591045,0.00015254458185108517,3.7982497680932283
188,207,298.8911501925049,298.79821125900094,0.009163796077925659,0.00013009727246419842,3.820330960676074
189,208,298.2746915218545,298.1823922018221,0.009106754004198015,0.00012317799903954229,3.8423094879835844
190,209,297.80960671876824,297.71781791948507,0.009055886545187627,0.00012299338312685062,3.8644674848765135
191,210,297.8010869261737,297.7094751078928,0.00903459067888313,0.00012659114920603594,3.8862273562699556
192,211,298.0885218907273,297.99697232174674,0.009027632926200752,0.00012732397185448994,3.908450771123171
193,212,298.875151903144,298.7835572703939,0.009042388880258531,0.00011707439474970346,3.9295176286250353
194,213,299.6866606135334,299.594987297815,0.0090557288479112,0.0001116027239278066,3.9515012595802546
195,214,298.41205443035693,298.3207677642574,0.00902399634640898,0.00010467026353796678,3.9744315147399902
196,215,296.3863449230082,296.29550084831186,0.008986842485265377,9.75649843674275e-05,3.9968143608421087
197,216,294.4264911859288,294.3360729268193,0.008956959763935596,8.486614701037567e-05,4.018880473449826
198,217,292.24777626433365,292.15815756016747,0.008856912617630483,0.0001049577989849215,4.040736807510257
199,218,288.71600428248354,288.62749941165663,0.008768199007570962,8.228807511523488e-05,4.062614420428872
200,219,293.53091200494487,293.4411153622848,0.008910599614488444,6.906465152022438e-05,4.084853228181601
201,224,33.13426188303308,32.93587767257245,0.0078063870100048725,0.012032034036058903,4.140254696831107
202,226,26.64395502101726,26.40294869167309,0.009581748020551825,0.014518884913865066,4.169103039428592
203,231,34.80956522171706,33.84348111073582,0.07652547156298424,0.020082939535139392,4.220250720158219
204,236,39.45566648128957,38.383342370427286,0.09143082322480783,0.015801587861420836,4.274108424782753
205,240,47.36737309326644,46.22777951898607,0.1009673896571634,0.012991967770873681,4.319546231999993
206,243,45.01155703565757,44.08067537049765,0.09288594805762901,0.0002022184583624343,4.356690535321832
207,245,45.35223990636288,44.3834174908818,0.09650794604097188,0.0003742955071367027,4.38624382391572
208,247,34.33504307133356,33.54204566584846,0.07099741705032861,0.008302323498181005,4.416370343416929
209,250,26.351350837994698,25.56779078421117,0.06445605352916714,0.013899951849185835,4.454609081149101
210,253,22.50416990628239,21.54511685926038,0.06688840427407067,0.029016900428130384,4.493030119687319
211,255,21.301237705234414,20.417075477378575,0.06709436844606895,0.02132185433951494,4.522718155756593
212,257,21.062472957414677,20.196384572139486,0.06698074300482793,0.01962809552269107,4.553107088431716
213,258,18.895678838225052,18.148962779957916,0.06556545717513625,0.009106148651577453,4.574252564460039
214,260,17.101049837394267,16.40007354284807,0.06690397779840053,0.0031936516562192513,4.604298543184996
215,262,16.51221052096585,15.836538209757704,0.0666737803734234,0.0008934507473913368,4.633357992395759
216,263,15.105266075057243,14.439330744050304,0.06622248732556302,0.00037104577513082907,4.654315987601876
217,264,12.56004314720543,11.927645601817185,0.062200525711762045,0.0010392288270624367,4.675286086276174
218,265,11.711005147759089,11.136634950705684,0.0566905024828029,0.0007465172225375682,4.6973901111632586
219,267,11.479942265542425,10.929632544641018,0.053735716610180714,0.0012952554799598999,4.726405803114176
220,268,10.621182567389091,10.086378137199434,0.051325758768808766,0.002154684250156881,4.747378408908844
221,269,9.298642890049031,8.759835604772073,0.0493432070887455,0.0045375214389503146,4.769462840631604
222,270,9.157217185334673,8.622408874389693,0.04809757944793671,0.005383251646561349,4.791691055521369
223,271,8.93255701463615,8.41292070396831,0.04758461760514406,0.004379013461639887,4.81354551948607
224,272,8.811231130670778,8.334053665356189,0.04534445392876916,0.0023732926026898615,4.834751550108194
225,273,8.294506768840508,7.857268730149171,0.04286629240122056,0.0008575114679130703,4.856960164383054
226,274,8.521110247055198,8.123061872043321,0.039146099606238216,0.0006587378949496092,4.878819391131401
227,275,7.791364276742247,7.378132758252146,0.04100404818480574,0.0003191036642042151,4.900850052013993
228,276,7.391273478616083,6.961629629207847,0.04193525481132897,0.0010291301294945766,4.9228488355875015
229,277,7.431396393919151,6.995749523853754,0.04254628288548452,0.001018404121055203,4.944887343794107
230,278,7.477267955586852,7.041466455027549,0.04235385287822627,0.0012262971777039925,4.966083500534296
231,279,7.639847494404441,7.214285843067026,0.041364249029973876,0.0011919161037676456,4.988039091229439
232,281,7.633220452438887,7.203277389173417,0.04181442113947963,0.0011798851870673125,5.0188013687729836
233,282,7.679064196611828,7.254678596460634,0.041476198278059546,0.0009623617370598278,5.041975691914558
234,283,7.843591945968672,7.426166290812362,0.04085258112018568,0.0008899843954453704,5.063400844112039
235,284,7.886343811118307,7.471308485332258,0.04069727078892227,0.000806261789682573,5.085242861881852
236,285,7.909064465894175,7.49531901698757,0.040615048519837035,0.0007594963708234177,5.10734735429287
237,286,7.911665275516439,7.4989064111783925,0.04052371396995671,0.0007521724638479446,5.129136359319091
238,287,7.849125273076357,7.437313178291178,0.04044078233851784,0.0007404271400000717,5.151402609422803
239,288,7.803934793797402,7.394866464859251,0.040132369242364574,0.000774463651450446,5.1735592391341925
240,289,7.778944812572752,7.377384227326465,0.03927151627738139,0.000884542247247294,5.1954211834818125
241,290,7.828469070318923,7.4342568439054775,0.038457588923294324,0.0009636337180502831,5.217514503747225
242,292,7.891430423798965,7.499865563926562,0.038145247974109835,0.0010112380131304145,5.247362054884434
243,293,7.968082815860187,7.582649124643293,0.037521650059943755,0.0010217190617457014,5.268806956708431
244,294,8.19049640819291,7.8180650957474915,0.03630667253811781,0.0009364587064240232,5.290838956832886
245,295,8.358506702669635,7.995736190833295,0.035430181840835316,0.0008468693427986648,5.312800504267216
246,296,8.522478964807474,8.170304675418185,0.03449674589431602,0.0007206830446130154,5.335550604388118
247,297,8.582995785603758,8.243493891009678,0.03326839406501769,0.0006817953943902733,5.358048291876912
248,298,8.548797131573703,8.21603329739946,0.03263812485670836,0.0006382585607161887,5.380751691758633
249,300,8.398294118733602,8.06386706309695,0.0327734020121159,0.0006693035515492359,5.411759112030268
250,302,8.360973518295932,8.029768963582793,0.032438692988709036,0.000681762482604923,5.442846279591322
251,303,8.25311595200661,7.917314920507279,0.032933502369350866,0.0006466007805821992,5.465126138180494
252,304,8.253712867388531,7.921008528844159,0.03262693392944829,0.0006434999249889859,5.4863862581551075
253,305,8.220327223896007,7.890085742947063,0.032323971068130654,0.0007001770267636817,5.508933439850807
254,306,8.171148729359594,7.842474012864553,0.03215372179257556,0.0007137498569284963,5.530339524149895
255,307,7.929881512801529,7.606677847649543,0.031417387329488365,0.0009029791857102852,5.552298776805401
256,308,7.748144429698003,7.419556803513224,0.03184710681882617,0.0010116557996517881,5.574517738074064
257,309,7.647466728895086,7.326020773270856,0.031154494635757608,0.0009901009266654358,5.597149912267923
258,310,7.632982183221368,7.3138866311448565,0.03096441069979934,0.0009451445078518397,5.619686072692275
259,311,7.793143457434217,7.472415098458417,0.03131328219053566,0.000759553707044331,5.641404885798693
260,312,7.7727808776332745,7.459544048733638,0.03036481820701536,0.0009588646829483508,5.664340063929558
261,313,7.694723817159957,7.381634927362247,0.03030599848233898,0.001002890497432035,5.686331540346146
262,314,7.622474412448604,7.30443565754394,0.03082113541870475,0.0009827400717615916,5.707990903407335
263,315,7.5414221318867485,7.221236187372748,0.03101470181324728,0.0010038926381528137,5.729619491845369
264,316,7.456742712916614,7.133951811029861,0.031195819415474862,0.001083270773200455,5.752597691491246
265,317,7.387566745746012,7.063945016934306,0.03126058915389689,0.0011015837272737186,5.774822244420648
266,318,7.330093353734306,7.005694488494903,0.03131752392427482,0.0011223625996653738,5.796833574771881
267,319,7.3814942539879835,7.058056191818355,0.031225041398021278,0.0011187648189416861,5.818921906873584
268,320,7.454963032667885,7.135719078442299,0.030828405477721678,0.0010959899448368814,5.8409389443695545
269,321,7.50620998419353,7.187773032909651,0.030742464246101994,0.001101230882286011,5.863779688253999
270,322,7.624832638796777,7.309019577380572,0.030499599487053986,0.0010817066545665134,5.886135224252939
271,323,7.819284622093344,7.508235773544873,0.030056200357266707,0.0010486844975804367,5.907850174233317
272,324,8.005665949762351,7.701893052895875,0.02940901560483744,0.0009682740818102006,5.93090738914907
273,325,8.100835791829175,7.804872336373377,0.028527886153769673,0.0010684593918101253,5.952171491459012
274,327,7.951451874898114,7.655294007169579,0.028473719496568267,0.001142067276285194,5.9821923933923244
275,328,7.781208576550612,7.483107893385964,0.028530024016745148,0.0012800442997197002,6.004358367994428
276,329,7.697547075419272,7.39698704802951,0.028848981283687063,0.001207021455289083,6.02722467854619
277,330,7.753653765275376,7.45505946384236,0.028671338075418933,0.0011880920678826103,6.049429723992944
278,331,7.78614606454097,7.487890582504898,0.028597287094325095,0.0012282611092821766,6.071587236598134
279,332,7.767226495554281,7.468192901867408,0.028629574214911323,0.0012737851537759706,6.093566408380866
280,333,7.882601914462807,7.585182130031135,0.028437072126687876,0.001304906316479293,6.115623535588384
281,334,7.87364782312473,7.575756451873935,0.028516610317686743,0.0012725268073927724,6.136903915554285
282,335,7.897377145708998,7.60419373456814,0.028044253431987978,0.0012740876820978072,6.159742210060358
283,336,7.976554888140572,7.684516810068918,0.02792924464452861,0.0012745631626367754,6.181913560256362
284,337,7.96964603958469,7.679585665802084,0.027793705728547217,0.0012123316497134118,6.204498743638396
285,339,8.029026369650646,7.742222318493289,0.02748217459343036,0.0011982305223054888,6.234883615747094
286,340,8.010526604970176,7.719578995725893,0.02793224139818684,0.0011625195262413722,6.257029417902231
287,341,8.037484214579516,7.745564904739716,0.028038731668839974,0.0011531993151399906,6.278746487572789
288,342,8.031550426083196,7.740030684997787,0.027984556798755916,0.0011674173097849872,6.301811572164297
289,343,8.123071816152152,7.835629111926173,0.02751023302034921,0.0012340374022486388,6.323991920799017
290,344,8.02605073058994,7.737802123661102,0.027566391737138873,0.0012584689557449188,6.3463121727108955
291,345,8.014691701967195,7.726630444267398,0.027535739630277927,0.0012703861397017082,6.368159260600805
292,346,8.027831148621962,7.739227342959802,0.02759435531671742,0.0012660252494985371,6.389286607503891
293,347,8.004479628330047,7.715871734361461,0.027587899620572412,0.0012728897762861457,6.412410655990243
294,348,7.920650107277726,7.631558801292968,0.027611810678103813,0.0012973199203719081,6.4343794994056225
295,349,7.8785616585516625,7.589552628650363,0.027592129193625706,0.0013087737965042645,6.456683795899153
296,350,7.855645980679779,7.567096239792646,0.027543778171532377,0.0013111959171810239,6.478695588186383
297,351,7.873159648888642,7.585283280188592,0.027478081962860668,0.0013095549071443285,6.50069397687912
298,352,7.955051084376823,7.669533617710187,0.02723812276067946,0.0013136239059840613,6.523404031991959
299,353,8.036687733185403,7.7537591449790595,0.026920600478283846,0.0013722583423505495,6.545634087175131
300,354,8.114603748799944,7.834614727458087,0.026596964782033366,0.0014019373521522533,6.567669900134206
301,355,8.180772552413517,7.904487241124046,0.026126984675358428,0.0015015464535887274,6.589818552136421
302,356,8.231532843832081,7.956686916165419,0.026033786687052585,0.0014508060796137546,6.61179518327117
303,358,8.227855844358956,7.953486049676079,0.02596667213820157,0.001470307330086041,6.642560254782438
304,359,8.159621859001367,7.884591540995542,0.025983889171815225,0.0015191426287673566,6.664957327768207
305,360,8.124807764190022,7.851280186319286,0.025778245257856904,0.001574512529216636,6.68794303573668
306,361,8.098748779016793,7.8241639377553,0.02587645422705491,0.0015820298990943888,6.710141258314252
307,362,8.082524781566903,7.807222105768109,0.025962486283335542,0.0015677812965439,6.732854472473264
308,363,8.006620003203542,7.729608125128325,0.02614217866269394,0.0015590091448277827,6.755096105858684
309,364,7.951223142444485,7.674233529653119,0.026120088474836583,0.001578872804300057,6.7780585791915655
310,365,7.938020200058887,7.6620291045378375,0.026003310879230062,0.0015957986728748841,6.800107227638364
311,366,7.957241293000962,7.682659307110011,0.025833229569575115,0.0016249690195200006,6.822328399866819
312,367,8.042063050031281,7.769909973013334,0.02557715443728799,0.0016381532645067013,6.844105264171958
313,368,8.11519319571291,7.844423442314372,0.02542619401954907,0.001650781320304827,6.866110760718584
314,369,8.14328252636547,7.870675030571459,0.025648417420807677,0.0016123321585933994,6.888420356437564
315,370,8.146528968805772,7.8735972794058915,0.025669056881281144,0.0016241120587068745,6.909626591950655
316,371,8.10655721645486,7.83272936753676,0.02572854602747237,0.0016542388643375875,6.930560491979122
317,372,8.162680541451062,7.888945884221429,0.02571662313637456,0.0016568425865887823,6.95329886674881
318,373,8.23322748460764,7.9609738261838325,0.025545649552359745,0.0016797162900210462,6.975810628384352
319,374,8.223587494585319,7.95095623442668,0.02558536205708303,0.0016777639587808339,6.996777964755893
320,375,8.221376492586257,7.94877370706085,0.025577273859832543,0.0016830046927081715,7.018607027828693
321,376,8.223982947813887,7.951274481435678,0.02558621427981082,0.0016846323580100668,7.040717309340835
322,377,8.226322847150849,7.953561387324984,0.025587639744255736,0.0016885062383306376,7.0636474173516035
323,378,8.232760910942538,7.959717905488193,0.025610204844432827,0.0016940957010016862,7.086719932034612
324,379,8.26019115832001,7.987873898117918,0.025504769140299324,0.0017269568799098594,7.10812221840024
325,381,8.290965275115243,8.019750491213756,0.025331025423566723,0.0017904529665817965,7.138768408447504
326,382,8.196536681392798,7.9269657876263055,0.02500286546873831,0.001954223907911022,7.1610709354281425
327,384,8.2181762566607,7.949368177556853,0.02489241776699448,0.0019883901433902012,7.191152859479189
328,385,8.227972960224516,7.955865123487548,0.025287245666824908,0.0019235380068719108,7.2128758784383535
329,386,8.214701532049332,7.945925180221387,0.024826393963833966,0.002051241218960571,7.235312651842833
330,388,8.152172240347264,7.883616133207473,0.024732294753349815,0.002123315960629382,7.266173150390387
331,389,8.120736610124228,7.85291497404185,0.024581903819738692,0.002200259788499107,7.288996102288365
332,390,8.14401122169985,7.877399128292729,0.02438047947388798,0.0022807298668241376,7.311399368569255
333,391,8.13605281122219,7.869837389061204,0.02430675284612354,0.002314789369975065,7.333570759743452
334,392,8.094956953053684,7.83031733860614,0.024073404225629848,0.0023905572191245065,7.355271330103278
335,394,8.095138661792284,7.830194610333521,0.024117903905298093,0.0023765012405781863,7.3857802879065275
336,395,8.094981977927173,7.830158743199359,0.024092875890437127,0.0023894475823441905,7.4075195994228125
337,396,8.085194296567419,7.820619910983149,0.024052223392116687,0.002405215166310339,7.429764905944467
338,397,8.069131091051059,7.805276549986104,0.023966239266511664,0.002419214839983816,7.450729358941317
339,398,8.108974434257009,7.84603107544864,0.023930819953798838,0.002363515927038091,7.472714100033045
340,399,8.168513115461923,7.905739540996617,0.024028679726156923,0.002248677720373786,7.495627019554377
341,400,8.108050791681624,7.845052049221447,0.02409500408464276,0.0022048701613748595,7.517831344157457
342,401,8.043063427502256,7.77894364803425,0.024249141494951332,0.0021628364518492204,7.539889315143228
343,402,8.03838252895716,7.774546577803072,0.024237516309913058,0.00214607880549566,7.562085151672363
344,403,7.993093441983985,7.7294727836355985,0.02423412094066853,0.002127944894170105,7.583985343575478
345,404,7.927454011950269,7.6633929797718086,0.024280698199788828,0.0021254050180572774,7.606069719418883
346,405,7.867295615629449,7.6027298354238155,0.024363639261150205,0.0020929387594131967,7.628178268671036
347,406,7.789710457367373,7.52473687611031,0.024439094984227076,0.002058263141479209,7.65010772459209
348,407,7.725429966836187,7.460103714060759,0.02447866152584749,0.0020539637516953017,7.6724472269415855
349,408,7.735198034840695,7.472423980555283,0.02426838187839712,0.002009023550144129,7.694456042721868
350,409,7.801656734731326,7.5407054273554825,0.024079910554776693,0.002015220182807665,7.715518483892083
351,411,7.8184219875784855,7.556694871905364,0.024130951916555315,0.0020417596507567555,7.745538171380758
352,412,7.868921454032803,7.608059001062061,0.024120125183924482,0.001966120113149766,7.766406612470746
353,413,7.859760208118599,7.599176236853205,0.024085043257421078,0.001973353869118294,7.7893789280205965
354,414,7.847995511077012,7.588305811179246,0.023991812581985603,0.0019771574077909813,7.811739066615701
355,415,7.839784944504323,7.580307722554253,0.024031627373755634,0.001916094821251324,7.833587499335408
356,416,7.829173475624674,7.571714800968313,0.023880170770443118,0.0018656966951928855,7.855397164821625
357,417,7.813251811390953,7.555098091029686,0.02398935197855516,0.0018260200575714927,7.877637939527631
358,418,7.791238345832648,7.5339432807935225,0.02406151749084437,0.0016679890130682179,7.89879535138607
359,420,7.712522899377683,7.452125144597987,0.024457055135993777,0.0015827203419758803,7.928587280213833
360,422,7.688432507006775,7.428656095265495,0.024408817827262938,0.0015688233468650527,7.9588154051452875
361,423,7.720481101102114,7.461558289308044,0.024383713176997876,0.0015085680024089993,7.980840174481273
362,424,7.807382142366937,7.549574890885059,0.024419008569935105,0.0013617165782527664,8.002986611798406
363,425,7.824388044146551,7.566487377294676,0.024472493062226822,0.0013175736229607007,8.02500587888062
364,426,7.828002739407527,7.570549481215624,0.02442495727336959,0.0013203685458206497,8.046290909871459
365,428,7.866563145400362,7.609273366069225,0.024423468387901083,0.0013055095452126396,8.075969001278281
366,430,7.950073423605964,7.694251918694719,0.02430115721348947,0.001280993277635012,8.105314360931516
367,431,7.966048338602573,7.711180295523828,0.024171017851623563,0.0013157864562509099,8.127438200637698
368,432,7.939761452559006,7.6881111126897155,0.023736709187135958,0.001428324799793112,8.150092963129282
369,433,7.867633610615323,7.613686539281339,0.02385920212310804,0.0015355050102903464,8.17312777042389
370,434,7.882841736937462,7.629461039817805,0.023834199142373065,0.00150387056959261,8.196171080693603
371,435,7.895969830971778,7.643160818359384,0.023733124010914947,0.0015477772503244048,8.21847329288721
372,436,7.914517445618512,7.661885558804656,0.023757885459046807,0.0015053032223388124,8.24049500003457
373,437,7.920295796469083,7.667443561614075,0.02375037717141289,0.0015348463140878485,8.263421444222331
374,439,7.953594608053063,7.7013220052116145,0.023631525698790998,0.0015957345853537931,8.293974803760648
375,440,7.998310985063337,7.745990356171616,0.023658945913298063,0.0015731169758740093,8.315729467198253
376,441,8.113590853104121,7.863832479500451,0.023393855628989796,0.0015819817313771473,8.336757693439722
377,443,8.1223573159045,7.872782011861012,0.02339554570457659,0.0015619846997722878,8.366111377254128
378,445,8.109240336518324,7.858937559585475,0.023450973070485555,0.001579304622799308,8.394903369247913
379,446,8.120068360588395,7.870639553323024,0.023338854860819023,0.0016040258657180253,8.417773239314556
380,447,8.148327586725694,7.899997303598243,0.0231999735746733,0.0016330547380716907,8.439270291477442
381,448,8.137315975020954,7.888884708235115,0.023204834220150995,0.0016382924584328502,8.461080860346556
382,449,8.13675984606433,7.888114472360257,0.023223400295812106,0.0016411370745950207,8.48325963318348
383,450,8.142401794217834,7.893423830682669,0.0232476700559145,0.0016501262976020522,8.504098784178495
384,451,8.150124942760417,7.900940192629393,0.023261884279060303,0.0016565907340421698,8.52617990411818
385,452,8.222572013058127,7.973821919447945,0.023197749063963224,0.00167726029705496,8.548498053103685
386,453,8.21614288381842,7.967188319389995,0.02320661460070405,0.0016888418421386153,8.571110904216766
387,454,8.206473079080068,7.957476513969726,0.023211476667235657,0.0016881798437984865,8.592460999265313
388,455,8.1964239952415,7.947654195017921,0.023215432223276482,0.0016615477990813672,8.614619620144367
389,456,8.179089847339718,7.930717746519554,0.0232229293733755,0.0016142807086408806,8.636441508308053
390,457,8.14596175626007,7.898190802819218,0.02326990887051999,0.0015071864735651378,8.659450475126505
391,458,8.11201580260096,7.863848268674682,0.023367401838138357,0.0014493515544893912,8.6823286768049
392,459,8.09160858289262,7.84319447752935,0.02343964868173306,0.0014017618545940583,8.703595135360956
393,460,8.070416543564797,7.820608843877832,0.023569739999039975,0.0014110299696565548,8.725868560373783
394,461,8.081334000895389,7.832447494389613,0.02348439147018986,0.001404259180387756,8.747747175395489
395,463,8.075593022519538,7.8268721636234755,0.023472841425677682,0.0013992444639285139,8.77777805365622
396,464,8.075146286342749,7.826347998252395,0.023489768953005113,0.0013900598560303349,8.799881549552083
397,465,8.067180144245576,7.81851340890863,0.023502581793958092,0.001364091739736525,8.822680469602346
398,466,8.043906829991124,7.795396311689649,0.023515211932901178,0.0013358398972463368,8.84566804766655
399,467,8.018241375644177,7.769700364836007,0.023534029161554906,0.0013200719192620178,8.86827159114182
400,468,7.9896827695061745,7.740856262480752,0.023558570998564177,0.00132407970397816,8.89095839112997
401,471,7.258260064879892,6.999319325321034,0.02451124272572522,0.0013828312301605611,8.931037463247776
402,473,7.1077823609643715,6.845473235258961,0.024771906002299872,0.0014590065682411656,8.958154313266277
403,476,4.539017065318166,4.2080408084616625,0.031057225495008063,0.0020404001906423625,8.993389351293445
404,479,3.9804653776380383,3.644399214524244,0.03218193886124124,0.001424677450138161,9.029458567500114
405,481,3.4828106026448764,3.030698990671061,0.040465150908307365,0.004746010289074161,9.05640216358006
406,483,3.4701769748172167,2.877826408778792,0.05300443379596356,0.00623062280787892,9.084458146244287
407,485,3.3899666023620316,2.8203481874096537,0.05392301458813943,0.003038826907098366,9.113600388169289
408,487,3.3854962243413076,2.8114016780716113,0.055463457096714575,0.0019459975302550414,9.142701350152493
409,490,3.505607857203076,2.918534167313033,0.05771976271237993,0.0009876062766243797,9.18093677982688
410,491,3.174018178491171,2.6536790958719134,0.048966859157454704,0.003067049104471039,9.202735643833876
411,492,2.9756491671902525,2.4267011879011227,0.0513563571076191,0.003538440821293857,9.225020531564951
412,494,2.9574778789760985,2.405408980868457,0.0529631085986324,0.0022437812121317525,9.255027409642935
413,495,2.859515041440495,2.348479420522426,0.049942491809826406,0.0011610702819805068,9.276929473504424
414,496,2.794675135597643,2.2866231033687887,0.04933334644015079,0.0014718567827346554,9.2980619315058
415,497,2.702668271169659,2.184086735788869,0.04924755641162339,0.0026105971264555627,9.320835027843714
416,498,2.653242401548646,2.119205086664441,0.050794509866372864,0.002609221622047659,9.342879496514797
417,499,2.618122180504806,2.093310478612312,0.05104048212383065,0.001440688065418747,9.365138798952103
418,500,2.6111987772078726,2.0610458635598383,0.05367100745208817,0.0013442839127152783,9.387197179719806
419,501,2.54098823934004,1.982150710756176,0.053514143502689814,0.002369609355696573,9.409026885405183
420,502,2.587307642480812,2.031555167310169,0.05472626960747386,0.0008489779095904628,9.430615924298763
421,503,2.5591472049407846,2.0073938226208545,0.05401680761305022,0.0011585306189427832,9.452420460060239
422,505,2.479229408845843,1.9262586661555485,0.05338210513023719,0.0019149691387922558,9.484475769102573
423,506,2.594323669129602,2.032301463386667,0.053192026846147974,0.003010193728145533,9.506149131804705
424,507,2.5296010302313405,1.9724888275154073,0.05264682629110605,0.003064393980487285,9.52724970318377
425,508,2.5047809428352976,1.9909087489640565,0.049845628344230106,0.0015415910428940183,9.549829171970487
426,509,2.448138902567977,1.9360460306539882,0.04957017280326406,0.0016391143881347978,9.5715121794492
427,510,2.4647410417860725,1.946306118184631,0.049819787999927166,0.0020237043602169937,9.59265522658825
428,511,2.495597592227539,1.9698250126352153,0.05017973091451676,0.0023975270447156036,9.614841494709253
429,513,2.5600037133612563,2.0405132374777475,0.04906674484638697,0.002882302741963884,9.644755259156227
430,515,2.4567036162458527,1.9247512563857863,0.04983154233156408,0.003363693654442564,9.675018280744553
431,516,2.5171154782734977,1.9649876138520532,0.05186749470920224,0.003345291732942191,9.696919668465853
432,517,2.6427728503551453,2.0936356732663763,0.052049708164057164,0.0028640095448197577,9.718978520482779
433,519,2.7421978998441623,2.171204099857939,0.05416648342856606,0.002932896570056286,9.748965898528695
434,520,2.820264130248486,2.239439399886626,0.054387286574855406,0.0036951864613305892,9.770808335393667
435,521,2.912732110548032,2.3381689311964844,0.053547013832391445,0.003909304102763327,9.793389778584242
436,522,2.8758372769187095,2.31606455216156,0.05216881483847248,0.0038084576372425117,9.815365947782993
437,523,2.951677651420394,2.3745571613516443,0.053753234912194275,0.0039588140946807205,9.837113041430712
438,524,3.010067060486322,2.434773255032338,0.053778896543051784,0.0037504840023466195,9.859290443360806
439,525,2.9278276936470187,2.359153084881886,0.052939966674548075,0.003927494201965209,9.8794582542032
440,526,2.923803428332116,2.358383426947813,0.052431029024398335,0.004110971114031952,9.901405330747366
441,527,2.8404109265267685,2.2688198838819176,0.05281028742389335,0.004348816840591747,9.922346699982882
442,528,2.7608483808849322,2.1819906589775644,0.05387856018921085,0.004007212001525951,9.944672932848334
443,529,2.676780380568622,2.0919321697084956,0.054879560554308274,0.0036052605317043176,9.966324644163251
444,531,2.5909225092923456,2.005208200655988,0.054937348950477985,0.003634081913157783,9.996436795219779
445,532,2.5906211540836637,2.0018714877845682,0.05434933347016389,0.004525633159745688,10.01956863515079
446,533,2.487351852094439,1.8940779462785002,0.05458739641090135,0.004739994170692493,10.042557252570987
447,534,2.463992366664601,1.8577304682788183,0.05501377547629786,0.005612414362280388,10.063889654353261
448,536,2.4680446904977487,1.8542580364201267,0.055579544133824425,0.005799121273937767,10.093966413289309
449,537,2.478917243097178,1.8546380987575704,0.05640445113491864,0.006023463299042118,10.115781428292394
450,538,2.5961915647102445,1.9466003108925336,0.058612900020689654,0.006346225361081435,10.137148164212704
451,539,2.7456287782900546,2.0746310960977477,0.06014306661095556,0.006956701608275113,10.15896919183433
452,540,2.849184050943567,2.1677861551899236,0.061424038073944746,0.006715751501419619,10.181038785725832
453,541,2.827396805549212,2.151357560271801,0.06081334813128633,0.006790576396454766,10.20246209204197
454,542,2.7909771550204994,2.109654128811244,0.0605486844121192,0.007583618208806348,10.225375039502978
455,543,2.866417627138724,2.193290459044574,0.06019299429812377,0.007119722511291198,10.246943019330502
456,544,2.9099173943773153,2.237391159514505,0.060500536792778455,0.006752086693502582,10.268394345417619
457,545,2.892419036837926,2.2250290255394054,0.06014042455327384,0.0065985765765782375,10.291183736175299
458,546,2.9477162843807356,2.2800358864192636,0.06036935986556309,0.006398679930584132,10.312611931934953
459,547,3.0128960013053403,2.341795047450518,0.060880893533972115,0.006229201851510105,10.334628833457828
460,548,3.092354497722215,2.419892416308906,0.061282824583975694,0.005963383557355188,10.357282368466258
461,549,3.1510702680213702,2.478055721099306,0.06152509081750519,0.00577636387470121,10.379760943353176
462,550,3.20628536195065,2.5396213573677184,0.06139251009040445,0.005273890367888755,10.401082502678037
463,551,3.2862235903486106,2.6443975466706324,0.05924716858890586,0.004935435778891935,10.422834988683462
464,552,3.2501442707011545,2.614517416044107,0.058796661012649826,0.004766024453054944,10.444903472438455
465,553,3.173606660650112,2.548198090044073,0.05783902009651529,0.004701836964088602,10.465725360438228
466,554,3.0886020568346844,2.4820317675777903,0.056002798934148716,0.004654229991540661,10.48791947029531
467,555,3.033666869753313,2.4398340812293715,0.05502623484580307,0.004357044006591086,10.509764235466719
468,556,3.0021396450984508,2.4298731806347424,0.05307942770594009,0.004147218740430728,10.531855659559369
469,557,3.062441299020459,2.495571324367226,0.05287056876884693,0.0038164286964763507,10.55391512811184
470,558,3.1300212002794434,2.567421614697788,0.05294875109087212,0.0033112074672934097,10.57499274238944
471,559,3.1708592436186978,2.6092974337605477,0.05299589894506518,0.0031602820407498383,10.597818801179528
472,561,3.179285266519258,2.6125404296674883,0.053465656619877316,0.0032088270652996164,10.628071723505855
473,562,3.22695744228998,2.6624931653352877,0.053574753849124024,0.002871673846345205,10.65107348561287
474,563,3.353526790658724,2.7932583311838646,0.053728047670840134,0.0022987982766457683,10.673394283279777
475,564,3.317311231592716,2.757429728490349,0.05362502927172701,0.0023631210385096834,10.695987857878208
476,565,3.2800462550471434,2.7138149362779243,0.05400038930185423,0.00262274257506769,10.718291820958257
477,566,3.2293219754602607,2.66076520215763,0.05425195413304758,0.002603723197215485,10.73938519693911
478,568,3.3032921103142554,2.734323337570494,0.054712503640336044,0.0021843736340400577,10.769356299191713
479,569,3.3260343923200244,2.754705251753649,0.05506635132639126,0.0020665627302463014,10.792290603742003
480,570,3.284352759070105,2.7107103963988894,0.05522675767915537,0.0021374785879661982,10.813588578253984
481,571,3.23937718639195,2.6693053408905945,0.05497628111170899,0.002030903438426559,10.835536364465952
482,572,3.202977184215966,2.640943866730907,0.05426708174886641,0.001936249999639465,10.857783747836947
483,573,3.196280858583243,2.6467470048982653,0.053069300623028004,0.0018840847454697437,10.880793461576104
484,574,3.2428080711173415,2.6909370295874275,0.053347893398071784,0.0018392107549195964,10.902766136452556
485,575,3.3275895586857187,2.77428148148553,0.053558297019079965,0.0017725107009389145,10.924539452418685
486,576,3.3955885211811982,2.8440430142908704,0.05321495114839224,0.0019395995406405722,10.946846943348646
487,577,3.502048101950666,2.9556741653168235,0.05293604612832857,0.0017013475350556532,10.96874519623816
488,578,3.4673994843644667,2.9193236607512474,0.05311671951565762,0.0016908628456643125,10.990839945152402
489,579,3.3933764116664156,2.845489216705554,0.053044613585655334,0.0017441059104308344,11.013287603855133
490,580,3.287671192614921,2.7329406366676157,0.05341822193820028,0.0020548336565302445,11.036793604493141
491,582,3.13831234387397,2.5639239287303006,0.05429344332998029,0.0031453981843866437,11.067023800686002
492,584,3.14493382544448,2.564747083662333,0.05433700754175087,0.0036816666364637997,11.097981406375766
493,586,3.21106388369384,2.617200067850595,0.05434431021470967,0.005042071369614871,11.127191595733166
494,588,3.2181109491258963,2.6188963528393554,0.0554195110287249,0.004501948599929169,11.157070215791464
495,590,3.3059489311149686,2.6956187955686715,0.05663077393283501,0.004402239621794672,11.187420964241028
496,592,3.3929692972611987,2.7723615077452717,0.0573685142263266,0.004692264725266137,11.21732379682362
497,593,3.4593634206981356,2.8349521289033324,0.056596658743862834,0.005844470435617491,11.239396600052714
498,594,3.4990936372039494,2.891131551475923,0.055450589143288265,0.00534561942951439,11.261755427345634
499,595,3.4358634949716604,2.810243521806624,0.05716136326888846,0.005400634047615173,11.283630348742008
500,597,3.4687767229469237,2.8283680212097306,0.0577239523825238,0.006316917791195521,11.314534816890955
501,598,3.517890450728287,2.8519102276753725,0.059662356110878126,0.006935666194413336,11.336030108854175
502,599,3.5844367442413607,2.9170636459364796,0.059861911072793275,0.006875398757694813,11.358636384829879
503,600,3.6032841911590685,2.927384406853568,0.060733842229737364,0.006856136200812627,11.38172111287713
504,601,3.6162387528934894,2.917198575205814,0.06271066474123951,0.0071933530275280055,11.404013976454735
505,603,3.6396848357323957,2.937692767023774,0.06267015717673324,0.007529049694128923,11.433986844494939
506,604,3.5683657501477914,2.8604053286143274,0.06360417398848656,0.00719186816485988,11.456019792705774
507,605,3.4838830062560957,2.794101097615309,0.061983459470208065,0.006994731393870612,11.478914827108383
508,606,3.355603985769594,2.671553431721265,0.06182671745935875,0.006578337945474151,11.50093930773437
509,607,3.3961070744081914,2.7063822421097594,0.06228881066429482,0.006683672565548382,11.523220704868436
510,608,3.3927170940767133,2.712706457441142,0.06117665894069563,0.006824404722861482,11.546064976602793
511,609,3.382576476219951,2.708457898931813,0.06073262475915661,0.006679232969657142,11.56645948626101
512,610,3.406659104622107,2.7309778115015373,0.06092539424996398,0.006642735062092971,11.58847814053297
513,611,3.4553603779339395,2.7743379043894225,0.06151966207718308,0.006582585277268624,11.610699949786067
514,612,3.5238186014570863,2.8474493591486807,0.06116505313050228,0.00647187110033831,11.6326290871948
515,613,3.599294931719532,2.9250578954621878,0.06095832885439882,0.006465374771335589,11.654610751196742
516,614,3.767348673753886,3.0861738259028137,0.06161561786206239,0.006501866923044847,11.677316101267934
517,615,3.9612999339744697,3.27471100233657,0.06217000724574992,0.006488885918040029,11.699769569560885
518,616,4.500815572427108,3.8055369466766895,0.0630148460563853,0.006513016518656503,11.721592731773853
519,618,4.52468523703247,3.8344497827448927,0.06246178470435877,0.006561760724398912,11.75157275609672
520,619,4.582387415420505,3.903339404685786,0.06178304480359671,0.006121756269875153,11.773561235517263
521,621,4.641420956860632,3.974325960081828,0.06076666574778336,0.005942833930097032,11.80363017320633
522,622,4.720660744587359,4.056179342828226,0.0604434146117184,0.006004725564194979,11.82591319270432
523,623,4.641058869263238,3.989791777927716,0.05899609859760138,0.00613061053595083,11.848764456808567
524,624,4.755480294494064,4.107079739747938,0.058737237522270135,0.006102817952342462,11.871938752010465
525,625,4.7897004446587115,4.127598345990441,0.05971011992494243,0.006500089941884678,11.893755163997412
526,626,4.754345292069409,4.09402477480667,0.059375680550774176,0.006656371175499776,11.916917372494936
527,627,4.822593218082442,4.151461312691613,0.059916315360268646,0.007196875178814195,11.940072543919086
528,629,4.943692069567519,4.261198534546986,0.06058696561991234,0.00766238788214103,11.970206543803215
529,630,5.049075809468817,4.366995235562905,0.060791118355814355,0.007416939034776776,11.992514027282596
530,631,5.023229475938265,4.341080170440338,0.060228869936207574,0.00798606061358518,12.014259284362197
531,633,5.289566294829122,4.594975115638778,0.062096099611761955,0.007363018307272378,12.045259442180395
532,634,5.450399247070285,4.752962589245776,0.062399075094845234,0.007344590687605616,12.066683515906334
533,635,5.683672020317401,4.9712970584928735,0.06344048634146371,0.007797009840988996,12.088535936549306
534,636,5.629565721579258,4.921792864974319,0.06257201522036142,0.00820527044013252,12.111420571804047
535,637,5.702705741708962,4.986927581777599,0.06355133193800248,0.00802648405513372,12.133577387779951
536,638,5.756407869487347,5.031403823013999,0.06435711276687142,0.008143291880463322,12.155743654817343
537,639,5.654828046905646,4.938354924354405,0.06350037720752656,0.008146935047597594,12.177967324852943
538,640,5.315770037903835,4.611892375588245,0.062158413154694975,0.00822935307686401,12.199760112911463
539,642,5.390731630260509,4.681729497731384,0.0625193618307712,0.008380851422141341,12.2289162799716
540,643,5.554047398277064,4.84033491239058,0.06284239405606984,0.008528854532578541,12.251121224835515
541,644,5.529869253136582,4.814154649443857,0.06290326550081632,0.008668194868456118,12.272963628172874
542,646,5.487103342998758,4.777531440629227,0.062318798137647236,0.008638392099305864,12.30306438356638
543,647,5.554944173367171,4.846707800251878,0.062127066655171995,0.008696570656357342,12.32587331160903
544,648,6.23053015073037,5.526233341334681,0.06117703278645819,0.009252648153110783,12.34727755934
545,650,6.553217948806757,5.853807924549042,0.06089098145741837,0.009050020968353063,12.377147754654288
546,651,7.0779849599128095,6.376313573117636,0.06099487939609216,0.009172259283425186,12.399193620309234
547,653,7.521400744643919,6.829767520891562,0.0599953637419885,0.009167958633247153,12.429456511512399
548,655,7.945854607389772,7.258673803292394,0.05940817732718369,0.009309903082554093,12.459387928247452
549,656,8.257983394517344,7.568873956607095,0.05953556590905965,0.009375377881965286,12.48150834813714
550,657,8.770461504819256,8.08374128381325,0.059128989978778176,0.009543032121822417,12.50420768558979
551,658,9.842282982017633,9.156848823999207,0.058873789720795766,0.009669626081046859,12.526511423289776
552,659,10.270995155217971,9.573801499503363,0.059091540241497584,0.010627825329963127,12.548558736220002
553,661,10.857222285735434,10.175894066013798,0.05770276636693604,0.010430055605227542,12.57755327410996
554,662,11.683099291435152,11.00763546732082,0.05764926843559044,0.009897113975842715,12.600432604551315
555,663,11.236362841278922,10.544656940113933,0.05909425101979304,0.010076339096705892,12.62289690040052
556,665,12.323890745454603,11.645295338467017,0.05874325793259556,0.009116282766163095,12.652741704136133
557,667,12.273974298550197,11.607831597348675,0.057618044797940665,0.008996225322211539,12.68281258456409
558,669,12.263431440536674,11.606013094906968,0.05685743450555385,0.008884400057416843,12.711143849417567
559,670,12.376446138689433,11.717574659984402,0.056681975355300805,0.009205172515202264,12.732860144227743
560,672,13.003152912920951,12.353052701721483,0.05624745726448926,0.00876256385545764,12.763404920697212
561,673,12.31977127170544,11.662492027905838,0.056492347550550666,0.009235576829409477,12.784272763878107
562,674,12.835275362420168,12.188046456557391,0.055287019057178456,0.009435871529099284,12.807094367220998
563,675,13.948999346378235,13.30998909861397,0.05489937526482917,0.009001649511597376,12.828442268073559
564,676,14.557916282768728,13.903597767681092,0.05629094461552577,0.009140906893237793,12.85017834044993
565,677,14.461730572044349,13.803959809477396,0.05759963876516437,0.008177437491530954,12.87233060784638
566,678,14.761870136198981,14.096936884351697,0.05764524659814705,0.008848078586581355,12.893553920090199
567,679,14.900980764447883,14.229049382608087,0.057890596450525446,0.00930254173345402,12.915622739121318
568,680,15.24478379353156,14.568528264593596,0.05869388765626273,0.008931665237533738,12.93831325136125
569,681,15.440188838177402,14.751165329344227,0.05965341617735984,0.009248934705957649,12.959629151970148
570,682,15.484466725669362,14.7785223586155,0.06090121270547148,0.009693223999914577,12.98058102093637
571,683,15.143210035283836,14.437763479938091,0.060631100260562336,0.009913555274012147,13.003435591235757
572,684,14.568666338469258,13.885707311886884,0.05840575659510471,0.009890146063132634,13.025738023221493
573,685,14.255583414254094,13.588038818598685,0.057349723808299134,0.009404735757241694,13.04772074893117
574,686,14.546542443149805,13.892536060618376,0.05697743168337541,0.00842320656976744,13.069833794608712
575,687,15.466525902470249,14.812395657654333,0.057413810811404856,0.007999213670186736,13.09161652624607
576,688,16.126455911812435,15.457653648064793,0.058812692532468056,0.008067533842296033,13.113664992153645
577,689,16.8683699805584,16.186422854398735,0.06000644102613963,0.008188271589826879,13.135798944160342
578,690,17.402711551506915,16.707522394154747,0.0610635416675442,0.008455374067672335,13.157765882089734
579,691,18.472712197108496,17.76202896547486,0.06264468883077502,0.008423634332588522,13.180143434554338
580,693,19.893768085735385,19.176907124348954,0.06339371892106982,0.008292377217573373,13.210320360958576
581,694,21.063961769457077,20.379199360025577,0.06045873861138157,0.008017502331768305,13.231393033638597
582,695,20.835488141109252,20.16960943542274,0.06003118507296559,0.006556685495685615,13.253243338316679
583,696,20.848105342896083,20.1908836847925,0.059057531302928096,0.006664634507430236,13.275069296360016
584,697,18.45264166957937,17.839225087980893,0.05451999234233712,0.006821665817510583,13.298146028071642
585,698,18.950951692167983,18.355684350409728,0.05289547475511776,0.006631259420707717,13.320146860554814
586,700,19.239897517893755,18.64058582971764,0.05379309506088295,0.006138073756728824,13.35043970681727
587,701,19.535346469061583,18.936303755961283,0.054100239791209204,0.005804031518820741,13.373305395245552
588,702,18.950852714170036,18.36326917675637,0.05340263226419517,0.0053557214771713085,13.396300395950675
589,703,18.678697071305503,18.11112186011428,0.052177827640376956,0.004579693478745361,13.419393407180905
590,705,19.239054854182182,18.682982287450464,0.051818828552159114,0.003788428121012554,13.449878675863147
591,706,19.9556596786936,19.385971661978797,0.05335024176953017,0.003618559901950183,13.471930887550116
592,707,20.657478479712843,20.090852984406595,0.053300216655862355,0.003362332874762182,13.494693143293262
593,708,21.118176611690217,20.563561680801836,0.052555224474831796,0.0029062686140062413,13.516946336254478
594,709,21.2324412234663,20.68459307804264,0.05190770054089893,0.002877114001467301,13.539085131138563
595,711,21.276217592374728,20.739197924398912,0.05108472209105008,0.002617244706531487,13.568948559463024
596,712,20.491042826727313,19.95396192684426,0.0500522360402112,0.003655853948094004,13.591885788366199
597,713,20.39609370142317,19.878730291260897,0.04845214952518112,0.003284191491045935,13.614917540922761
598,714,19.116096317604576,18.65471622538836,0.044129791223730244,0.0020082179978913005,13.63742969930172
599,715,18.756471226711426,18.306638153105357,0.04294839348268101,0.002034913877926049,13.660215651616454
600,716,19.960446904274573,19.49729277086663,0.04412938934729786,0.002186023993496662,13.681351700797677
601,719,19.77713929432512,19.294461868918543,0.044823246589299155,0.0034444959513586196,13.723095728084445
602,721,19.51143160083066,19.0035826602199,0.04582713143075334,0.004957762630322491,13.751594960689545
603,722,12.124219114870025,11.160929417411953,0.07970837772685449,0.01662059201895264,13.773435907438397
604,724,7.1353932514675735,6.195915103431075,0.056324677790677756,0.03762313701297214,13.801508780568838
605,726,6.33804181332651,5.717335095769659,0.04545403940691613,0.016616632348768985,13.830288359895349
606,728,7.2764190657504715,6.557861965004312,0.04367286203396711,0.028182848040648863,13.858655152842402
607,729,6.776645505709011,6.218686027945337,0.04422415925719983,0.011571788519167587,13.878805233165622
608,731,6.697223904784282,6.169250134644404,0.04395561816042169,0.008841758853566193,13.906543854624033
609,732,6.0261229628792385,5.544707032757781,0.04204328204466068,0.006098310967485064,13.927870444953442
610,733,4.96266737856072,4.50158574798137,0.04163898584504653,0.004469177212888578,13.949570888653398
611,734,4.474893384365602,3.9979883714397126,0.0420870687023876,0.0056034325902013914,13.970111280679703
612,735,4.182800276107573,3.7441252023761358,0.03959490062250514,0.004272606750638527,13.992153825238347
613,737,3.9426281974032285,3.5047875584878416,0.04019117672096435,0.003592887170574312,14.022098552435637
614,738,3.475303489854871,3.0491879685098393,0.04074110899148863,0.0018704431430145582,14.04381176456809
615,739,3.1239488999835254,2.69272534695111,0.04182468428631933,0.0012976710169222143,14.06691100820899
616,740,3.0590014010000175,2.6307695890122824,0.04139655321417342,0.0014266279846000562,14.089198594912887
617,741,3.0666662405125664,2.637064890521034,0.04197856139063145,0.0009815736085218196,14.110979236662388
618,742,3.2734214960980963,2.83207922372754,0.043135618741785314,0.0009986084952702944,14.13408338278532
619,744,3.209561170540666,2.775311966725453,0.0422612563439415,0.0011636640375798047,14.164275459945202
620,745,3.086090581481521,2.6593550931547116,0.0413897209773571,0.0012838278553238386,14.184573201462626
621,746,3.0928646257080783,2.6646797763484824,0.04160080227411509,0.0012176826618444955,14.20664100535214
622,747,3.0906021849408316,2.6560756463530826,0.0423683027673642,0.001084351091410678,14.22847775183618
623,748,3.0170733314882794,2.583354071404042,0.04236511102076897,0.00100681498765475,14.249788204208016
624,749,2.939263650088688,2.50389225982126,0.042383265434073204,0.0011538735926695837,14.271597195416689
625,750,2.7723237724405196,2.328763146507885,0.042581327723151374,0.0017747348701121486,14.293686171993613
626,751,2.6528245534595816,2.1928541719385635,0.043161560392346754,0.002835477759755058,14.31592602469027
627,752,2.5955123786270087,2.123699084797095,0.04343482087547252,0.003746508507518881,14.336796887218952
628,753,2.570547444439118,2.1033488810381145,0.0429229166704517,0.0037969396696486113,14.35899923183024
629,754,2.472351314652849,2.0098169518870117,0.04228389985041664,0.003969536426167068,14.380758607760072
630,755,2.419642317677462,1.967491776762498,0.041771935175141967,0.0034431189163544656,14.40370319597423
631,756,2.469435275782587,2.034550561756949,0.04066337238191527,0.002825099020648522,14.426787119358778
632,757,2.4588970652223647,2.01149614056738,0.041670708822987415,0.0030693836425110463,14.448017731308937
633,758,2.4623287249231227,2.0146697853862756,0.041315503025041764,0.0034503909286429605,14.469281440600753
634,759,2.4822639115850484,2.0361252706375126,0.04150772835455479,0.0031061357401987785,14.491091104224324
635,760,2.475418896402484,2.024328082365888,0.04225363466442793,0.0028554467392316726,14.513138838112354
636,761,2.4807747259115582,2.0245378541053265,0.043004731819701845,0.0026189553609213107,14.535975076258183
637,762,2.458399181070079,1.9908611258667979,0.04386306876300404,0.00289073675732406,14.557975355535746
638,763,2.42279479913015,1.9504093293383316,0.04455067443913051,0.0026878725400513543,14.579323900863528
639,764,2.3965077848606597,1.9174880349871852,0.04471914611593479,0.0031828288714126265,14.600540423765779
640,765,2.3481455309936328,1.8703525009575632,0.04456284413444003,0.0032164588691669374,14.623176235705614
641,766,2.3244814722943437,1.852173614595711,0.04429614869493112,0.002934637074932144,14.645200479775667
642,767,2.311773196582312,1.8365230355753561,0.04446024340190607,0.0030647726987894767,14.668283719569445
643,768,2.3396611208172615,1.8672002802415006,0.044400753821961625,0.002845330235614463,14.690632607787848
644,769,2.3722491084968507,1.906553736250344,0.04381960264696514,0.0027499345776855217,14.711663868278265
645,770,2.3839093906060267,1.9252719226668626,0.04330153529935199,0.002562211494564393,14.73445855639875
646,771,2.3873248543127197,1.9339174624047706,0.042812899592092474,0.002527839598702438,14.756519120186567
647,772,2.3327154054001595,1.8865961923766197,0.0424348254503981,0.002177095851955857,14.77882688678801
648,773,2.3089691809437296,1.8614608205094003,0.04253844558136727,0.0022123904620656673,14.800549808889627
649,774,2.2781687804787607,1.831479891643577,0.04258200680766577,0.002086882075852617,14.822556052356958
650,775,2.2505708939691313,1.8003645318033292,0.042800858935880336,0.00221977728069988,14.845648588612676
651,776,2.202660363639188,1.7455722853024884,0.043080433058512516,0.0026283747751574362,14.867698287591338
652,777,2.13604157067083,1.6695706905095595,0.043262878638870655,0.003384209377256377,14.890949603170156
653,778,2.083593837528934,1.6192859189731876,0.042379974221361666,0.004050817634212935,14.913048988208175
654,780,2.02975292345425,1.5638463018207391,0.04190912251083205,0.00468153965251906,14.943297062069178
655,782,1.8074786334055477,1.369435646591848,0.038782878356525476,0.005021420324844487,14.97320051677525
656,783,1.8439190427838277,1.4283560146966747,0.03642890819986687,0.005127394608848405,14.995315244421363
657,785,1.8996929743166833,1.5026331898515182,0.03600962371270283,0.0036963547338136685,15.025410464033484
658,787,1.8836372036885503,1.4881429199160574,0.03597164695058311,0.0035777814266661793,15.05533585883677
659,788,1.7692085650923035,1.3824819993430566,0.03474980874515737,0.003922847829767295,15.077452883124352
660,790,1.729152554105943,1.3551622601606519,0.03385787379039305,0.00354115560413604,15.10740564391017
661,792,1.777380821594139,1.398767792895678,0.03388519025640925,0.003976112613436824,15.137569926679134
662,793,1.8663853353792497,1.4759266302782783,0.03485679304326421,0.0041890774668329345,15.159511158242822
663,794,1.8478889879730676,1.4688269387185384,0.034263406229446666,0.0036427986960062427,15.18177261017263
664,795,1.8290495121227066,1.4547167459391523,0.03391147261529071,0.003521804003064722,15.203637788072228
665,796,1.8308521181916295,1.463013204886789,0.03379996112210086,0.0029839302083831823,15.224865032359958
666,797,1.813992932883132,1.441618884404978,0.03412175894036691,0.0031156459074484833,15.24699867516756
667,799,1.8146779934669448,1.4408916789157846,0.034379478104478264,0.0029991533506377476,15.277199702337384
668,800,1.813770907679626,1.441515497261505,0.034323633514250024,0.0029019075275620813,15.299814648926258
669,801,1.7632687711701216,1.3956918541040446,0.03379253138851753,0.0029651603180901515,15.321774492040277
670,802,1.7357576696515893,1.3809825998856817,0.03293653931756166,0.0025409676590290864,15.344183368608356
671,803,1.7222703527710899,1.381352169047214,0.03199398677226942,0.0020978316001181766,15.366096016019583
672,804,1.7153027238366205,1.38046862967244,0.031111983535814104,0.0023714258806039443,15.388273935765028
673,805,1.73813990090736,1.409564273259249,0.031154411457266613,0.0017031513075444877,15.410225979983807
674,806,1.7529293782749387,1.4219269606992642,0.031372716469198175,0.0017275252883692815,15.431300487369299
675,807,1.735621186777028,1.3985660825258217,0.03157406954846824,0.002131440876652382,15.453390009701252
676,808,1.7853060810454815,1.44279999388082,0.03193326402592298,0.0023173446905431607,15.47531851567328
677,809,1.7872908298423071,1.4428667383697709,0.03193251186055188,0.0025098972867017458,15.497403927147388
678,810,1.8098622548884027,1.463063140097095,0.03185248187159141,0.00282742960753936,15.519681360572577
679,811,1.8465907905274583,1.497377127890015,0.03176457519206513,0.0031567910716792124,15.541802193969488
680,812,1.8992372977996608,1.540395166690955,0.032038418020073595,0.0038457950907969927,15.563905715942383
681,813,1.919696189472097,1.5549452869656217,0.032260330350692534,0.004214759899954986,15.585619704797864
682,814,1.8666012567845838,1.491262188658434,0.032763103182127204,0.0047708036304877546,15.60668514482677
683,815,1.8177227326370575,1.427132212674607,0.03349191809322216,0.0055671339030228745,15.630622692406178
684,816,1.673474515801853,1.3022540961746563,0.03224262824825761,0.004879413714462049,15.652091508731246
685,817,1.688313969128511,1.3311685843768106,0.03190912657074671,0.0038054119044233247,15.673794131726027
686,818,1.6860742271797886,1.3272146643775522,0.03178417029679139,0.00410178598343224,15.696742687374353
687,819,1.688993723620183,1.333135106971691,0.031505072737899084,0.004080788926950123,15.718965036794543
688,820,1.6566375083830231,1.3036747118231788,0.031104209882518687,0.004192069773465747,15.741115530952811
689,821,1.6662703996220294,1.313202625585878,0.031291447340308615,0.004015330063306523,15.763885764405131
690,822,1.6589045026378486,1.3032850544971313,0.03170423381420278,0.003857710999868961,15.786478895694017
691,823,1.653687837682364,1.289464771439823,0.03216403136340115,0.004258275260852943,15.808069152757525
692,824,1.6285042953958975,1.2576998911020099,0.032583126838318384,0.004497313591070378,15.828943200409412
693,825,1.5904374179400365,1.2235009170262985,0.032349180319809864,0.004344469771563925,15.851992892101407
694,826,1.586332572773474,1.215522094993784,0.03259644958774641,0.004484598190222608,15.875191422179341
695,827,1.5772991798147067,1.2037342725218063,0.03277027162052797,0.0045862191087620765,15.897487800568342
696,828,1.5530229319607183,1.175658561381918,0.032963342824126274,0.004773094233753766,15.919431863352656
697,829,1.5021344022945575,1.1209999825460797,0.03311099941231684,0.005002442562530942,15.94141818024218
698,830,1.4313821167862046,1.0480886951427175,0.033072219808612864,0.005257122355735851,15.964420799165964
699,831,1.3508712746272848,0.9570955486399951,0.03345492613258393,0.005922646466145036,15.98657058365643
700,832,1.2600519080090635,0.8744237470213293,0.03259528343122354,0.005967532667549881,16.00772171653807
701,833,1.351329056284947,0.9646001290306098,0.03298691938950574,0.005685973335927977,16.029670618474483
702,834,1.330151912381001,0.9417138692631505,0.03267656016112992,0.006167244150655138,16.05251849256456
703,835,1.37283757535364,1.006446837343773,0.032293065009797145,0.0043460087911895515,16.074502436444163
704,836,1.3315594331376706,0.9376137692507809,0.03302239724114725,0.006372169147541704,16.09764756821096
705,837,1.3574367255216728,0.9591461332758217,0.03341476520299716,0.006414294021587968,16.11964439600706
706,839,1.374155239450765,0.9777516809141144,0.033415859837786534,0.006224496015878551,16.149630669504404
707,840,1.372170276418418,0.9754289977582705,0.03365445446821628,0.006019673397798486,16.173152135685086
708,841,1.3869651276578794,0.971529174661732,0.034329836251170864,0.007213759048443856,16.19515524059534
709,842,1.525450023394662,1.1148894632049697,0.03525859978989848,0.005797456229070745,16.217280752956867
710,843,1.4461207803512957,1.0246560290541227,0.03526166682407533,0.0068848083056419545,16.239141538739204
711,844,1.431850613691575,1.0243899460859454,0.03369200008528848,0.007054066675274489,16.261359436437488
712,845,1.4439939409251976,1.023987118427684,0.034173205292308884,0.007827476957442483,16.28320631571114
713,846,1.4510049596189838,1.0299251078882292,0.03442940844856519,0.007678576724510264,16.305560931563377
714,847,1.4947187490901173,1.0788661726908748,0.03389488971660719,0.00769036792331705,16.327563546597958
715,849,1.4716159176729504,1.0552462803341274,0.033719691534784685,0.007917272199097623,16.357496719807386
716,850,1.475337814171918,1.0600980894038285,0.03363408505322763,0.007889887423581321,16.379285283386707
717,851,1.5126043831648612,1.1031457508607627,0.033315033041287745,0.007630830189122106,16.401339426636696
718,852,1.5112515705100664,1.1072973083870568,0.03319900936671705,0.007196416845583911,16.42341848090291
719,853,1.4957419370866099,1.0931131449238358,0.03320300208538749,0.00705987713088992,16.445843033492565
720,854,1.4808742963151666,1.0829743260681963,0.03326862797905765,0.006521369045639385,16.46681603230536
721,855,1.4404858709202297,1.040263437297485,0.033431082537840835,0.006591160824433628,16.488654324784875
722,856,1.4484663373916697,1.0488105168856463,0.033371269489316194,0.00659431256128616,16.510778224095702
723,857,1.45624286375941,1.0566080516343268,0.033335628969312546,0.006627852243195769,16.53303064033389
724,858,1.4534549246061141,1.055856400062567,0.033270387997199155,0.00648946445715556,16.55507332086563
725,859,1.451988716827418,1.050638643560142,0.03338728903158118,0.006747718295146422,16.576915591955185
726,860,1.436151197690541,1.034506229245104,0.03346108769377639,0.006703409150767304,16.598288552835584
727,861,1.4601299453529573,1.0565396503726106,0.03361228532053919,0.006746744177495487,16.619859524071217
728,862,1.4581210451301383,1.0560531861220137,0.03347417398675657,0.006732611914055888,16.642940539866686
729,863,1.473358723284726,1.0722115434696669,0.033435191938255095,0.006679526043250818,16.665893774479628
730,864,1.4769474231243334,1.0757466773036741,0.03339014798445893,0.006729926597606995,16.688931707292795
731,865,1.4832608777641378,1.0827507576166884,0.0332816116148093,0.006769400399935636,16.711369819939137
732,866,1.5009980649868297,1.1057571165945828,0.03286761359666791,0.006656481242556781,16.73257334716618
733,867,1.51870861856975,1.1327653337960657,0.03206259571936691,0.006531732758001513,16.75521245226264
734,868,1.5185349036204971,1.1406528692226061,0.03148292675307744,0.006305276686711653,16.7775705922395
735,869,1.5384918261872274,1.179521799527727,0.030543264913505914,0.005353737752444125,16.798594826832414
736,870,1.5198533551824573,1.1613283398016732,0.030475089093113365,0.005377412444965067,16.82071349211037
737,871,1.5467703202679974,1.1847475996445125,0.030763325608971118,0.00543894645337736,16.84328635968268
738,872,1.5469353780742265,1.1849338161757574,0.030728538866071867,0.005471617323775036,16.866379832848907
739,873,1.568134704412904,1.2062978736704584,0.030410441203865594,0.005773241870378952,16.889396227896214
740,874,1.5847794816731715,1.2239936384991619,0.030501667379349985,0.005576916938050982,16.91145706549287
741,875,1.5664527225579383,1.2084011504577712,0.030554325763319644,0.005250831446697071,16.933694014325738
742,876,1.5853362386519363,1.2289789132542346,0.030347490115731804,0.005288242424038363,16.955749712884426
743,877,1.6123484222726967,1.2581216512510922,0.029956084923875054,0.0054665921782854,16.977835373952985
744,878,1.6225335695503935,1.2657308281332862,0.030118291532346856,0.005561982609363878,16.9999628867954
745,879,1.6075149059673433,1.2504139634045783,0.03004886934221085,0.005661224914065645,17.02119473926723
746,880,1.5954752799683203,1.2393553550793268,0.029954582230419174,0.00565741025848016,17.043323036283255
747,881,1.5755257492972983,1.21973613023105,0.029853406772479014,0.0057255551341458015,17.06506329588592
748,882,1.538212813392523,1.1802961935142542,0.029842657743338545,0.0059490042444883436,17.087446430698037
749,883,1.502259001055065,1.1443745273475423,0.029682430786554945,0.006106016584197313,17.109352808445692
750,884,1.4811352478291229,1.1208297420036386,0.029852086037422995,0.006178464545125436,17.132161544635892
751,885,1.4785559915072797,1.116002487655704,0.03004119194580088,0.0062141584393566865,17.154420955106616
752,886,1.4883532499268102,1.1254108815955137,0.03021829826493172,0.00607593856819793,17.176317052915692
753,887,1.4843768440159106,1.1192688471310304,0.03037515896138209,0.006135640727105919,17.198393499478698
754,888,1.4638419639805391,1.0955861148080241,0.030591451935612274,0.006234132981639225,17.220598630607128
755,889,1.4473145737084412,1.0776158764940562,0.03069773531348681,0.006272134407951691,17.24327971972525
756,890,1.415629923864386,1.0490953957202345,0.030602565686474403,0.00605088712794075,17.26554472744465
757,891,1.3958341187403227,1.0300794571704814,0.03077073647866984,0.005804729678314288,17.286418730393052
758,892,1.4237787239316284,1.0700896905881483,0.030065907578869226,0.005302995755478781,17.30877468548715
759,893,1.424438779858038,1.0790098215805686,0.02959218050596997,0.004950715321776985,17.330715203657746
760,894,1.4380544581546422,1.0967050913218388,0.029150731880353938,0.0049842048029264,17.352509327232838
761,896,1.4652136882745226,1.1235423871878307,0.0291208446074677,0.005046285501201484,17.382731277495623
762,898,1.4780944744111912,1.138115106556692,0.029055535114789605,0.004942401670660335,17.411874525249004
763,899,1.4641205290761816,1.1220633604820096,0.02914330103218213,0.005062415827235077,17.434828655794263
764,900,1.4417624477175448,1.100025414326652,0.029175904048700473,0.004997799290388808,17.456768603995442
765,901,1.421943554499916,1.086657702231785,0.028784542534811615,0.004744042692001481,17.479054464027286
766,902,1.3966651122407274,1.0665639212885694,0.028472381432295593,0.004537737662920208,17.501901239156723
767,903,1.406237619719866,1.0791619763108364,0.02828607865399094,0.004421485686912021,17.523314932361245
768,904,1.4218943644981201,1.0989413818927574,0.027985008522488447,0.004310289738047839,17.54516812413931
769,905,1.4241716961659674,1.1018270938377728,0.027941547814981788,0.004292912417837677,17.56522572040558
770,906,1.428763584969387,1.106433024621531,0.02796228853183043,0.0042707675029551575,17.587260387837887
771,907,1.4295159462430937,1.1064240959489433,0.027995522621684074,0.004313662407730977,17.609343264251947
772,908,1.4307467274371106,1.1054346998161542,0.02816156595191585,0.004369636810179788,17.631506111472845
773,909,1.443862750299753,1.1170744451878611,0.02826346645917075,0.004415364052018445,17.6543546654284
774,910,1.4336674517207666,1.104340847771872,0.028386608663050365,0.0045460517318390995,17.676681611686945
775,911,1.427236782544066,1.0950899193419246,0.02855291538046012,0.004661770939754017,17.698836041614413
776,912,1.4230747966842772,1.0911170716183667,0.02854093238661051,0.004654840119980546,17.720535760745406
777,913,1.4209658294972622,1.089936457301756,0.028541203018577616,0.004561734200973009,17.74266890436411
778,914,1.4242799080972195,1.0956681403577246,0.02838967356019143,0.0044715032137580425,17.764748172834516
779,915,1.4304416551107664,1.1036882125725325,0.028297056245600125,0.004378288008223264,17.78667524456978
780,916,1.4295847757719564,1.102452797249034,0.028311460851784216,0.0044017370005080035,17.808119796216488
781,917,1.4303050100944965,1.1025531528878263,0.02834998816689579,0.0044251975537712195,17.83066370151937
782,918,1.4319753936418038,1.1025890774325053,0.028440971490227222,0.00449766013070264,17.852943029254675
783,919,1.43309081080688,1.1013975850976274,0.028570629401068155,0.0045986931698571145,17.875832309946418
784,920,1.4394850438990645,1.1065022135722387,0.02864969531870178,0.004648587713980797,17.89890200458467
785,921,1.4451216931092463,1.1121840854753051,0.02867342039467413,0.004620340368719995,17.921229360625148
786,922,1.450778604235972,1.1178576601807324,0.028719009937433662,0.004573084468090306,17.94401217997074
787,923,1.4550897223851815,1.1221471548121351,0.028753259458369977,0.004540997298934662,17.966207392513752
788,924,1.463276990277825,1.1305386217242228,0.02878231506407551,0.004491521791284707,17.98832535557449
789,925,1.4733628908017038,1.1424611734126842,0.028729563554525973,0.0043606081843759895,18.010283898562193
790,926,1.4869529477052514,1.1572620605428117,0.028539309304595493,0.0044297794116484775,18.03249297477305
791,928,1.48455461022176,1.1533954051759951,0.028530700839866606,0.004585219664709893,18.061708526685834
792,929,1.4924948535022224,1.1643544518812188,0.028154400440933917,0.004659639721166448,18.082686280831695
793,931,1.485119488684559,1.1567558138071055,0.02816129968532244,0.004675067802422908,18.112505143508315
794,932,1.4434216286543715,1.116294427524572,0.028119357464253467,0.004593362648726473,18.13486386835575
795,933,1.4548937129892565,1.1293064500491605,0.028101502193814472,0.004457224100195131,18.15673851966858
796,934,1.4459016841387662,1.1198828189980077,0.02816923038655334,0.004432656127522503,18.177870551124215
797,935,1.4469902317582641,1.1160816005897476,0.028479214628783382,0.004611648488068282,18.200296364724636
798,936,1.4391905783593604,1.105406294598665,0.028546752691446034,0.004831675684623512,18.22187107242644
799,937,1.428237401806205,1.090368088279065,0.028629666409480718,0.005157264943233266,18.24377368018031
800,938,1.4165930814217087,1.0777032309385173,0.028659581460785517,0.00522940358753364,18.265839856117964
801,941,1.0562628483185073,0.6971725552446099,0.02861824549885053,0.007290783808539205,18.305007584393024
802,943,1.0040826470486768,0.6463677241694602,0.028673697366811204,0.007097794921110443,18.33314941637218
803,945,0.9181276394270892,0.5894773826702197,0.024820162957636463,0.008044862718050492,18.36133247613907
804,946,0.8445106057508377,0.5387336586844477,0.024574272879616645,0.006003421827022355,18.382208725437522
805,947,0.7966879333889992,0.5098182471281315,0.02391097433263657,0.004775994293450202,18.40330216474831
806,948,0.7575324903338805,0.4950901022104507,0.02235294501836891,0.003891293793974068,18.424516884610057
807,949,0.7415723780251342,0.48605882684373575,0.022233948461286478,0.0033174066568533713,18.445528415963054
808,950,0.7381571038781146,0.46841463200448624,0.023186330808160727,0.003787916379202108,18.467275312170386
809,951,0.731112870299,0.45519234181559926,0.023447061508204116,0.00414499134013595,18.48817819915712
810,952,0.7211785343133579,0.4527298978132999,0.022903460579402242,0.0039414030706035495,18.510312708094716
811,953,0.7172117389945745,0.4459471239300601,0.023131088848067045,0.003995372658384391,18.530751088634133
812,954,0.7147512459009742,0.43316655182651614,0.02377465823942207,0.00438381116802373,18.552515760064125
813,956,0.7100074127639299,0.40819262848102494,0.024688500938309835,0.005492977489980662,18.581568747758865
814,958,0.7151056976601632,0.3929673715069226,0.02571325003498498,0.006500582580339079,18.609804121777415
815,960,0.6983757870329955,0.3759590353700206,0.025820565340274826,0.0064211098260226656,18.64060745947063
816,962,0.7015271331892796,0.383662505088935,0.025850197512848002,0.005936265297186457,18.670566445216537
817,964,0.682757178513715,0.379302063403172,0.02515221905301855,0.005193292458035739,18.699175380170345
818,965,0.6760638874965677,0.380733530262261,0.02496659988695339,0.00456643583647728,18.720953272655606
819,966,0.6571100387116108,0.34604647804839234,0.025337999544959598,0.005768356521362246,18.74378988146782
820,967,0.6456363353369106,0.3333874342951253,0.02515276962980669,0.0060721204743718355,18.766125259920955
821,968,0.6573168384959478,0.345907244588083,0.025205035706186298,0.005935923684600183,18.788895700126886
822,969,0.6365746255260214,0.3343003875892535,0.024800224945626108,0.005427198848050678,18.81034268438816
823,970,0.6283531878770685,0.32356391738799,0.02478804013198621,0.00569088691692164,18.832467587664723
824,971,0.6221242543832121,0.3134141506323079,0.024815721378144834,0.006055288996945584,18.85349004343152
825,972,0.6135665569989263,0.3031988842183387,0.02496292247272945,0.006073844805329302,18.874509980902076
826,973,0.628858823109472,0.3258172744478736,0.024859152443281907,0.00544500242287793,18.896343203261495
827,974,0.6219455061335202,0.3134778318605358,0.025145941695626332,0.005700825731672107,18.918370936065912
828,975,0.6139387382762237,0.30296451311794886,0.025302399359098872,0.005795023156728612,18.94037139415741
829,976,0.6082245691065908,0.2995744328549715,0.02527690492850029,0.005588108696661649,18.961601899936795
830,977,0.6110027085619802,0.3065225240228737,0.02513685313307687,0.005311165320833778,18.98479625582695
831,978,0.6128336354804448,0.31367119289477424,0.024805603576333338,0.00511064068223372,19.00739207677543
832,979,0.6157431276521417,0.32807579091704536,0.023951114085075713,0.004815619588433923,19.029696732759476
833,981,0.6069814657143838,0.3225008888852577,0.023548146323599764,0.004899911359312855,19.05992857553065
834,982,0.6046788384475407,0.3217958459084267,0.023148813397735793,0.0051394858561756036,19.081671319901943
835,983,0.5981452859307528,0.3172278527747815,0.02304818952610553,0.005043553789491598,19.103843899443746
836,984,0.6033249944152349,0.31924560051757744,0.023214837446014297,0.005193101943751451,19.126713508740067
837,985,0.596963330163418,0.30990320222866535,0.023278616205778643,0.005427396587696613,19.149133363738656
838,986,0.5955015929774046,0.3091647865962934,0.023234511754870874,0.005399168883240246,19.17182732000947
839,987,0.5851451939036398,0.3064038223125483,0.022693778934816538,0.005180358224292622,19.194293847307563
840,988,0.5870534281806143,0.31216998989219114,0.022430310807012004,0.005058033021830313,19.216117659583688
841,989,0.6020930968878961,0.32935005641684834,0.022406073673609157,0.004868230373495626,19.238977551460266
842,991,0.5895480963780464,0.3195218763457978,0.022000162043255583,0.0050024599599692715,19.271093441173434
843,992,0.5952970184553018,0.32228765370724194,0.022142739914201758,0.005158196560604228,19.293319664895535
844,993,0.6007742516348961,0.3216627876542034,0.02250928353874499,0.005401862859324273,19.31434522010386
845,994,0.6014087948796655,0.3176641937380695,0.02283161099222216,0.005542849121937437,19.336472060531378
846,995,0.5811680469328224,0.29980246784113207,0.022685950343012098,0.005450607566156935,19.358596047386527
847,996,0.5570449580050436,0.28207207721188643,0.02220781426174152,0.00528947381757419,19.380441084504128
848,997,0.5516393139436746,0.2745118361500584,0.022597821398854044,0.005114926380507574,19.401385379955173
849,998,0.5423665068578098,0.26298049222964004,0.022669902430961557,0.005268699031855431,19.423428473994136
850,999,0.5412302490022756,0.2613236824387673,0.02268366954791424,0.005306987108436596,19.44558053649962
851,1000,0.5437629988474783,0.2617281788780493,0.022591280903900987,0.005612201093041906,19.467383239418268
852,1001,0.5452140232571192,0.267794369177295,0.022201370902707525,0.005540594505274903,19.48943839967251
853,1002,0.5449705926923781,0.27054723613615295,0.02193771793819086,0.005504617717431657,19.51194972358644
854,1003,0.5457847650554806,0.27140119554488873,0.021988963473324415,0.005449393477734771,19.534018775448203
855,1004,0.5460078732941608,0.2757133309111392,0.021870999611875126,0.0051584546264270325,19.55402586236596
856,1005,0.5451436634358995,0.27515051197957,0.021836107115181733,0.005163208030451215,19.57592019252479
857,1006,0.540992227460065,0.2678383607798873,0.021988606868092838,0.005326779799924935,19.597193555906415
858,1007,0.5423324798274272,0.26573793010242297,0.02225699041685236,0.005402464555648063,19.618772780522704
859,1008,0.5425501493674572,0.2617981947814931,0.02258746113593043,0.005487734322665977,19.641055328771472
860,1009,0.5453564821937009,0.2618039522137117,0.022814698992562284,0.0055405540054366455,19.662905441597104
861,1010,0.5452326298330311,0.26133399855656153,0.02281327624580142,0.005576586881845536,19.685210967436433
862,1011,0.5462873429634227,0.2617169256726569,0.022801283852723314,0.0056557578763532625,19.70741893351078
863,1012,0.5457977657621866,0.2611326774548399,0.022516502495490538,0.005950006335244127,19.729956839233637
864,1013,0.5421163399615091,0.2584780211414501,0.02220664330278547,0.006157188579220434,19.751458225771785
865,1014,0.538736778336943,0.26059168758773094,0.021815752982865293,0.0059987560920559185,19.773301852867007
866,1015,0.5382758962024392,0.26306253250470446,0.02168290805195538,0.005838428317818088,19.79544977657497
867,1016,0.5227948074814415,0.2551892614120865,0.021230130282130617,0.005530424324804889,19.816862411797047
868,1017,0.5218395024888084,0.25316871676865854,0.02130882646088665,0.005558252111128335,19.83846546895802
869,1018,0.5165883747842919,0.2473267505708839,0.02115523456517219,0.005770927856168615,19.861463075503707
870,1019,0.5107039230675313,0.24033006864207823,0.021165106801910166,0.005872278640635143,19.884506572037935
871,1020,0.5058104153058182,0.2332320964078738,0.02119364083560589,0.006064191054188543,19.906935403123498
872,1021,0.5082613782659351,0.23501883065417425,0.021492036135693962,0.005832218625482124,19.928889840841293
873,1022,0.5050818781529528,0.2369972218778901,0.021285955535413355,0.005522510092092915,19.9510178565979
874,1023,0.5033623267498849,0.23732942272779162,0.021202010201370754,0.005401280200838578,19.973061500117183
875,1024,0.5061351916016259,0.24020590577128814,0.021182155630551407,0.0054107729524823745,19.99574594013393
876,1025,0.5062630938331181,0.2394215368463565,0.021284534324354173,0.005399621374321982,20.018081868067384
877,1026,0.5079565967380668,0.24032955771333014,0.02132625668427033,0.005436447218203334,20.039214188233018
878,1027,0.508040397808831,0.23982342044041477,0.02139115463206411,0.005430543104777521,20.061044903472066
879,1028,0.5098438793880281,0.2411929444422928,0.021422940763547397,0.005442152731026133,20.082883531227708
880,1029,0.5124150230030409,0.24194474053379644,0.021549079676848198,0.0054979485700762405,20.106008676812053
881,1030,0.515513936037028,0.24328174058518323,0.021661218878155232,0.005562000667029249,20.12808788381517
882,1031,0.5181036651487152,0.24259341698669043,0.02189333295455974,0.005657691861642741,20.150369707494974
883,1032,0.5191193786220315,0.2388393355942933,0.022236867451000505,0.005791136851773315,20.171450447291136
884,1033,0.5174256579485825,0.232531010681299,0.022605184069848558,0.005884280656879792,20.19420923292637
885,1034,0.5165565033439962,0.2300712991821947,0.022783063295132366,0.005865457121047777,20.21621749550104
886,1035,0.517599979159274,0.23056136007595623,0.022924815485169003,0.005779046423162777,20.237403236329556
887,1036,0.5153299595663297,0.22965919310574723,0.022865662471713854,0.005701414174344393,20.2591741271317
888,1037,0.5199265836143032,0.23263995805283474,0.02313327968356617,0.005595382872580681,20.28153950534761
889,1038,0.521354896662574,0.23046537458217534,0.023508831332372082,0.005580120875667778,20.304500620812178
890,1039,0.5196461550227396,0.2303168344880829,0.023344094651779154,0.005588837401686516,20.326879739761353
891,1040,0.49519330983026677,0.21161608244865987,0.02264365412437637,0.005714068613784323,20.34954249113798
892,1041,0.509940342653899,0.22046137270752744,0.022691144942685416,0.006256752051951742,20.370748106390238
893,1043,0.5052195173803632,0.21791438671203722,0.022389383974176592,0.006341129092656007,20.40083421766758
894,1045,0.49628188112132443,0.21602233033297466,0.021721304800169396,0.00630465027866558,20.431817965582013
895,1047,0.48996948105011445,0.21397596461458127,0.021517608301368236,0.006081743342185086,20.462790159508586
896,1048,0.4979023242160212,0.21996711780105516,0.021747787270674303,0.006045733370822303,20.485914079472423
897,1049,0.4991307144954332,0.22165429163448258,0.021733471888721777,0.006014170397373286,20.508090659976006
898,1050,0.4944549719688333,0.21370725605098392,0.021597956399175562,0.006476815192609375,20.531029047444463
899,1051,0.4844216090210981,0.20523013049011185,0.021661280747351644,0.006257867105746978,20.55318285152316
900,1052,0.4940142923855059,0.21285074966225923,0.021985651630786,0.006130702641538671,20.57542071118951
901,1053,0.4907297668009045,0.20881758794286975,0.021941503367983395,0.00624971451782008,20.59807836636901
902,1054,0.4863750778542386,0.20351409649998833,0.021982577775985408,0.006303520359439622,20.62032332830131
903,1055,0.47706594700426613,0.1915037794941391,0.02227827350786854,0.006277943243144164,20.643269799649715
904,1056,0.4716317406245081,0.1866105051306707,0.02273941966879333,0.005762703880590406,20.66539626941085
905,1057,0.4621109845699969,0.17490315575840062,0.023108494960535172,0.005612287920624451,20.687670841813087
906,1059,0.46121685969009985,0.1717412053314347,0.023521873817192604,0.005425691618673916,20.71672778390348
907,1061,0.44625086365009525,0.15859599272940683,0.02335954156839921,0.005405945523669631,20.74685417674482
908,1062,0.44091066851832866,0.15837483383216205,0.02306008170520263,0.005193501763414031,20.76873492822051
909,1064,0.4411552030298064,0.15861956612302094,0.023234407578954508,0.005019156111724035,20.79858995601535
910,1066,0.43926908806070053,0.1561710526679448,0.023333616836651704,0.004976186702623871,20.828128481283784
911,1067,0.4355409058115435,0.15910250989036784,0.02261880622433235,0.005025033367785215,20.849661447107792
912,1068,0.4376251141631059,0.16273804599683386,0.022804244208555164,0.00468446260807204,20.87121025659144
913,1069,0.4366021119097254,0.15833113980501673,0.02293657013970075,0.00489052707077012,20.893110036849976
914,1070,0.42999066828569343,0.1575734005606716,0.02241335984772777,0.004828366924774412,20.9152314607054
915,1071,0.42717214257968783,0.16321933403032945,0.021883753851101487,0.00451152700383435,20.937292536720634
916,1072,0.4254850794882671,0.1671562214840112,0.021647637899220838,0.0041852479012047476,20.959146911278367
917,1073,0.42246212290123314,0.16264215434833176,0.021723062411491734,0.004258934443798402,20.98113764449954
918,1074,0.41998174867834653,0.16032862958828778,0.021678541755549632,0.004286770153456244,21.002460854128003
919,1075,0.4172876563888771,0.15833771272876873,0.021700930535578488,0.004194063830432349,21.02514512464404
920,1076,0.41492919197351963,0.15719768908630413,0.021574625887308005,0.004198524401413549,21.046213012188673
921,1077,0.4138507801513175,0.15854309382332168,0.02149726844275594,0.004033500190043638,21.067526867613196
922,1078,0.4126514313720864,0.160342772821173,0.02125578896085539,0.003975076894235942,21.08928346633911
923,1079,0.4136712403969631,0.1643822380607392,0.02111293141991081,0.0038159688137115863,21.111250028014183
924,1080,0.41495740625619726,0.1669454777541589,0.020837074750031853,0.003964118100171984,21.134300239384174
925,1081,0.4169602944316332,0.1713580925442134,0.020455155918987056,0.004105064269754921,21.15675788745284
926,1082,0.41462574290814513,0.1676118636327138,0.02023848535428114,0.004462902573261993,21.17952324822545
927,1083,0.41688241579954577,0.1638213714496357,0.02079116731031742,0.004514937124673583,21.202490523457527
928,1084,0.4161963927817044,0.1606472973021263,0.020951712815777717,0.00460319673218009,21.22564933821559
929,1085,0.4193074948461165,0.16461459270994164,0.02088198573358144,0.004587304480036051,21.24779311195016
930,1086,0.41734174118109757,0.1593150623078085,0.02090269209107051,0.004899975796258394,21.270848343148828
931,1087,0.4178892139502792,0.1645688507094471,0.02053193140584702,0.004800104918236192,21.292876336723566
932,1088,0.42018785882295,0.1689982883584072,0.020268741907927754,0.004850215138526529,21.31430445611477
933,1089,0.42183685088089795,0.1763646576466871,0.01989013662060235,0.004657082702818736,21.33574365451932
934,1090,0.42117019574069003,0.17769100919495448,0.019777827860564874,0.0045700907940086815,21.358188224956393
935,1091,0.4292727395664969,0.18767671335850833,0.01968532936450198,0.004474273256296882,21.380103895440698
936,1092,0.427482442168735,0.18843130232780092,0.01952781784939589,0.00437729613469752,21.401046788319945
937,1093,0.42101647995572744,0.18358024752034924,0.019317732279982493,0.004425890963555327,21.42224395647645
938,1094,0.42502514870301555,0.18858597372320446,0.019249620877080015,0.004394296620901093,21.44457506760955
939,1095,0.42434282030708315,0.18642669466575088,0.0193557877029681,0.004435824861165129,21.466339202597737
940,1097,0.4206664928174375,0.18299578435395136,0.019349750450771863,0.0044173203955767525,21.497326100245118
941,1098,0.42021511143409945,0.18233624369198784,0.019325350693531786,0.004462536080679377,21.519449276849627
942,1099,0.421780382318147,0.18400785563371153,0.01916850705975706,0.004608745608686488,21.54152279533446
943,1100,0.4244227489693084,0.18608001266084667,0.019103143675275998,0.004731129955570179,21.56369335949421
944,1101,0.428011557394408,0.1884722988860415,0.01907653680928594,0.004877389041550711,21.58530523814261
945,1102,0.4324715214623252,0.19172062646187063,0.019101367324821643,0.004973722175223814,21.608493600040674
946,1103,0.43054239227489755,0.1877962691808491,0.019109163549076637,0.005165448760328206,21.63074373267591
947,1104,0.4359641196350621,0.1946262425485128,0.019117338394842975,0.005016449313811952,21.652580423280597
948,1106,0.428714990696509,0.18764852980462152,0.019062400771125358,0.00504424531806339,21.682871064171195
949,1107,0.42255580936696613,0.17922112803033044,0.019138328322555815,0.005195139811107753,21.704892786219716
950,1108,0.41548459017646183,0.17690670228356506,0.01891434439558392,0.004943444393705758,21.726972552016377
951,1109,0.41203726778564687,0.17483965933532244,0.01903436494419906,0.00468539590083338,21.748987212777138
952,1110,0.4121654256901749,0.1728113659216322,0.019129510609011153,0.004805895367843113,21.77100737206638
953,1111,0.40936001370107755,0.16533075796451982,0.019411655181391856,0.004991270392263915,21.792991813272238
954,1112,0.4076883335919983,0.16252471296154936,0.01958184564053448,0.004934516422510419,21.815108770504594
955,1113,0.4112123079963328,0.1684807943268594,0.01952116877432337,0.004751982592623969,21.837355103343725
956,1114,0.41082313578533713,0.1689998169628426,0.019526497901804416,0.004655833980445041,21.859258012846112
957,1115,0.4075923720718464,0.16783622470233023,0.019488736695831038,0.00448687804112058,21.881284156814218
958,1116,0.40636636490085115,0.17291439527730829,0.019058179894930964,0.004287017067423323,21.904134383425117
959,1117,0.4126034282407497,0.18861936783636205,0.018342349082370833,0.004056056958067927,21.926181975752115
960,1118,0.40909551223429597,0.18645317160887226,0.01823123237372439,0.00403300168881798,21.94782186858356
961,1119,0.4172155186870578,0.19430100355899915,0.01824236269588294,0.004049088816922923,21.97034602984786
962,1120,0.42188049891328394,0.2001939551405654,0.018168858992577027,0.003999795384694827,21.992427840828896
963,1121,0.41872675416689054,0.20102446081413475,0.017905792326282435,0.0038644370089931444,22.013469053432345
964,1122,0.442607567889866,0.22764731208878763,0.01767674885523953,0.0038192767248683007,22.035809248685837
965,1123,0.4296613398515652,0.21423251424819845,0.017674308266188796,0.00386857429414788,22.057083969935775
966,1124,0.43185177486713405,0.21999944997434484,0.017305909203611795,0.003879323285667124,22.079744072631
967,1125,0.43781217812962425,0.22392608743691778,0.017256225224716357,0.004132383844554292,22.101988399401307
968,1126,0.43336966825044876,0.21700509811387,0.01744821134322995,0.0041882456704279225,22.123688902705908
969,1127,0.4303888373743984,0.21422061455922928,0.017436087593102195,0.004180734688414718,22.1458882112056
970,1128,0.42829940905818087,0.2118291323459345,0.017426167853769835,0.004220859817454803,22.16816785186529
971,1129,0.4304129700710445,0.21267775691548718,0.017490636919513056,0.004282884396042677,22.189812537282705
972,1130,0.4264080567646763,0.21084765931985147,0.017221822674615014,0.004334217069867467,22.21279421262443
973,1131,0.4264548836464988,0.2132864773498086,0.016991183159608007,0.004325657470061013,22.235144391655922
974,1132,0.44302277704504006,0.23610799600184185,0.016486192678400922,0.004205285425918899,22.25692504271865
975,1134,0.42575375316669084,0.22087432316384756,0.016270505671805893,0.004217437328478441,22.286340268328786
976,1135,0.41434811638456104,0.20389085846909158,0.01643580070655013,0.0046099250849968125,22.309126660227776
977,1136,0.4227032329963592,0.2149104603371932,0.016177984115612297,0.004601293150304304,22.331233816221356
978,1137,0.4162392198772082,0.21032234836645677,0.016245744799763102,0.004345942351312043,22.352507203817368
979,1138,0.41354261661631675,0.2077885645535216,0.016158944589926602,0.004416460616352914,22.375259291380644
980,1139,0.41216976340140365,0.2070217659627065,0.01605288917848998,0.004461910565379732,22.398351972922683
981,1140,0.4104811484270191,0.2073564524240198,0.015837664745231055,0.004474804855068875,22.42056107148528
982,1141,0.40428433510143713,0.20081898454319572,0.01588698829981406,0.00445954675601008,22.442503459751606
983,1142,0.4054854949852357,0.20420874323274393,0.015737772562000513,0.004389902613248663,22.462667804211378
984,1143,0.40513639577927146,0.20448851221124748,0.015605740991459111,0.0044590473653432884,22.484780307859182
985,1144,0.40789893911479036,0.20929026899028375,0.01543614159125644,0.00442472542119422,22.506850698962808
986,1145,0.4004391225101427,0.1997979301375988,0.015420213719046394,0.004643905518207996,22.52970871515572
987,1147,0.40479577530086897,0.20439681699152223,0.015423139526984698,0.004616756303949976,22.560831300914288
988,1148,0.4033519978931822,0.20367810584538174,0.01545538468663592,0.004512004518144124,22.582914074882865
989,1149,0.40494051022580935,0.20685328724847754,0.015393042041616808,0.0044156802561163685,22.605084290727973
990,1150,0.4019546227175783,0.20243116970317707,0.01543455811678904,0.004517787184651088,22.62727002426982
991,1151,0.39969309572098843,0.20028054254042812,0.015436419431840164,0.004504835886215867,22.650942876935005
992,1152,0.3970130604530258,0.19765203578591437,0.015433589486106757,0.004502512980604388,22.672915743663907
993,1153,0.39577563726869913,0.1964310033015616,0.015425593806693241,0.004508869590020515,22.69526819884777
994,1154,0.39411648941879784,0.19439291544802653,0.01542018784528841,0.004552169551788717,22.717241145670414
995,1155,0.39298016328994745,0.19281004083516232,0.01540769233754688,0.004609319907931636,22.739033037796617
996,1156,0.3909204609265423,0.1894445426073045,0.015459720687914857,0.00468787114400892,22.760474156588316
997,1157,0.3909276432892136,0.18861446806604582,0.015468025806262338,0.004763291716054437,22.782589431852102
998,1158,0.3883897100248891,0.1853085573257047,0.015489541964949302,0.004818573304969136,22.804220924153924
999,1159,0.3845354207679611,0.17950980744448486,0.01565111776229171,0.004851443570055915,22.826561450958252
1000,1160,0.3780494944396917,0.1723052437378784,0.015758092652822478,0.0048163324173588545,22.848792692646384
1001,1163,0.3429929371861383,0.12746109940623218,0.016258533766593877,0.005294650011396733,22.890585588291287
1002,1165,0.330720195746961,0.11679044611321404,0.0168064135765342,0.00458656138684049,22.918843496590853
1003,1166,0.3143989332422377,0.14632858713333927,0.01444993995066267,0.0023570946602271743,22.93962067179382
1004,1167,0.2983972248786023,0.11935097887119782,0.01539318208963516,0.002511442511105289,22.961627079173923
1005,1168,0.2972421935958937,0.11786398612829452,0.015159043411374754,0.002778777335385165,22.983655739575624
1006,1169,0.2869401401480748,0.11250674194131448,0.01494090553581491,0.0025024342848611225,23.005735313519835
1007,1170,0.27891710940128855,0.11065832464936183,0.014728103508322375,0.002097774966870298,23.027251133695245
1008,1171,0.27107681293888575,0.110309224251948,0.014170960906603882,0.001905797962089891,23.048699190840125
1009,1173,0.2640041074101762,0.11224896689014385,0.013400522914467135,0.0017749911375360967,23.077975323423743
1010,1174,0.26243317548096246,0.11560502306548355,0.01296809537837717,0.0017147198631707185,23.09825138002634
1011,1175,0.26437059055959033,0.11504048792750542,0.013093305600552687,0.0018397046626558028,23.120072919875383
1012,1176,0.2647773621644963,0.10984712612385167,0.013577694747754502,0.0019153288563099622,23.141340108588338
1013,1177,0.2626210055100324,0.11225194441356165,0.013187181267939947,0.0018497248417071283,23.163189029321074
1014,1178,0.2619598227617407,0.1140360866144578,0.012994813858607825,0.0017975597561204653,23.184252532199025
1015,1179,0.2614845432186786,0.11576042377205065,0.012770306732619734,0.001802105212043058,23.205467304214835
1016,1180,0.26022256333387417,0.11821757324400892,0.012501363086756617,0.0016991359222299116,23.22729199193418
1017,1181,0.256895374037919,0.11331132280019093,0.012679555288019322,0.0016788498357534834,23.248755743727088
1018,1182,0.254480352227298,0.11378565738118074,0.012421229088345122,0.0016482403962666,23.270482232794166
1019,1183,0.25361675927024774,0.11126668916266247,0.012604307222095358,0.0016306997886631706,23.29254966415465
1020,1184,0.25243404730005603,0.10854868113465867,0.012720477908690526,0.001668058707849212,23.31459330767393
1021,1185,0.2510850495884601,0.10457741727347473,0.012946636418729746,0.0017041268127687948,23.33674114383757
1022,1186,0.2504991892554691,0.10399454759914185,0.01292975391827436,0.001720710247358364,23.358879512175918
1023,1187,0.2501483102398744,0.10370730281228129,0.012910616917694458,0.0017334838250648498,23.379903446882963
1024,1189,0.2503312223117474,0.10358872043085192,0.012902517085602395,0.0017717331024871591,23.40898617170751
1025,1191,0.25079482987630863,0.10328851676072255,0.012963027675615892,0.0017876036359427176,23.43896746262908
1026,1192,0.25157132665883575,0.10615169212166742,0.012772952026507994,0.0017690114272088382,23.460189275443554
1027,1193,0.2505837553967125,0.10483107981256834,0.012807796496658821,0.0017674710617555996,23.482219928875566
1028,1195,0.2500157265116366,0.1043915561261225,0.012803801778391296,0.0017586152601601166,23.51109047420323
1029,1196,0.24983119625514288,0.1036958852866856,0.012847416497411179,0.0017661145994345491,23.533928152173758
1030,1197,0.24962837281732153,0.10323529070274046,0.012861783353008005,0.001777524858450101,23.556255169212818
1031,1198,0.24904905183431966,0.1025503786583061,0.012861758043338608,0.0017881092742627475,23.578343950212002
1032,1199,0.2483819604912046,0.10167311780271976,0.012872608946456478,0.0017982753223920022,23.599487155675888
1033,1200,0.24822751357476286,0.10162831279630438,0.012842932603022307,0.0018169874748235415,23.62136220932007
1034,1201,0.24837493213251152,0.10160125449475937,0.012827246723689678,0.0018501210400855372,23.64360254816711
1035,1202,0.24848772764519378,0.10261373620617603,0.0127456851035462,0.0018417140403555732,23.665408961474895
1036,1203,0.24835262893590898,0.10251637214832554,0.012747641441842875,0.0018359842369154683,23.6883246563375
1037,1204,0.24808607142947295,0.10265020910867134,0.01271931966276048,0.00182426656931968,23.710795948281884
1038,1205,0.24751971630661745,0.10281644967863367,0.012671102147825776,0.0017992245149726033,23.73328655771911
1039,1206,0.24657955490209849,0.10356638059483957,0.012552323919096997,0.0017489935116288963,23.755590988323092
1040,1207,0.2449751074052545,0.10418640416392584,0.012361162683132813,0.0017177076410000527,23.777780251577497
1041,1208,0.24275882743255794,0.10572668481956177,0.012125428554626652,0.0015777857066729673,23.798865847289562
1042,1211,0.24227856942705112,0.10561040206016807,0.012101184578685555,0.0015656321580027495,23.83677712455392
1043,1212,0.2423925596774167,0.10518380839938254,0.012095676248634894,0.0016251988791685249,23.858835987746716
1044,1214,0.24365888694704912,0.10621845684047572,0.012023681059439347,0.0017203619512179923,23.88907902687788
1045,1215,0.2461979229877833,0.10646694561520352,0.01211567315120956,0.0018574245860484174,23.91098203137517
1046,1216,0.24189271929014194,0.10457018350741232,0.01193273787426804,0.0017995157040049234,23.933040712028742
1047,1218,0.24122455224265854,0.10526720428763595,0.011834342083319259,0.001761392712183,23.96399001032114
1048,1219,0.23847837719651704,0.10670459191098927,0.011548899653649964,0.001628478874902813,23.98615486547351
1049,1220,0.24068153649296253,0.1082371630536381,0.01164805100608799,0.0015963863378444503,24.008505964651704
1050,1222,0.2407335492560777,0.10975607587449612,0.011506326734309964,0.0015914206038481968,24.039146849885583
1051,1223,0.2394754079381011,0.11053259798875269,0.011303026927072957,0.0015912540678618841,24.06224604137242
1052,1224,0.2378461825860094,0.10833378909635076,0.01142542061726716,0.0015258187316987046,24.08444184809923
1053,1226,0.2384013836784153,0.10929118058496039,0.011406289198188979,0.0015047311111565105,24.114481868222356
1054,1227,0.2379390105246165,0.10893924109304376,0.011406580629968143,0.0014933963131891297,24.13559221662581
1055,1228,0.2371401733352299,0.11032826128136519,0.011271924125964047,0.0014092670794224225,24.157575571909547
1056,1229,0.23604899016721592,0.10940080977737847,0.011274572735138395,0.0013902453038453495,24.179904364049435
1057,1230,0.23520029621672192,0.10830407471071737,0.011320539715131122,0.0013690824354693322,24.201907508075237
1058,1231,0.2359765087893731,0.10913254142744311,0.011328116138235604,0.001356280597957393,24.223896600306034
1059,1232,0.23519138007613138,0.10858376601005426,0.011308432834882354,0.0013523285717253596,24.244616873562336
1060,1233,0.23542996290032592,0.10839826032408409,0.01134981491383504,0.0013533553437891426,24.26612838730216
1061,1234,0.2349718327754077,0.10821856453856663,0.011317363846823941,0.0013579629768601669,24.28796392120421
1062,1235,0.23469275820028063,0.1085239715903704,0.011265445662973769,0.0013514329980172514,24.309809561818838
1063,1236,0.23430573951200256,0.10970614292343751,0.011149161544407513,0.0013107981144489915,24.33172839693725
1064,1237,0.23428842741497896,0.11100319694129514,0.011054911857079764,0.0012736111902886204,24.354779368266463
1065,1238,0.23301101501741708,0.11069657976530185,0.011026725928776654,0.0012047175964348688,24.3770860619843
1066,1239,0.23264275501965592,0.11008810642575684,0.011078639402643264,0.0011768254567466436,24.399285539984703
1067,1240,0.2310309677555118,0.10777348011504918,0.011165226682216929,0.0011605220818293321,24.421450508758426
1068,1241,0.22848833851596284,0.10526518284918454,0.01119805850433558,0.001124257062342248,24.443297589197755
1069,1243,0.22872886139615972,0.10423305117461057,0.011301231014607905,0.0011483500075470084,24.473526310175657
1070,1244,0.2305180752550446,0.1056994603962322,0.011256200719905018,0.0012256607659762238,24.49538023583591
1071,1245,0.22959524995689884,0.10578902718439133,0.011195855537044826,0.0011847667402059253,24.51718546822667
1072,1246,0.2293148142329298,0.10635942958621447,0.011140521896516301,0.0011550165681552314,24.540383683517575
1073,1247,0.22936777342618184,0.10725532386274214,0.011080724529286705,0.0011305204270572642,24.561262948438525
1074,1248,0.22999537462553338,0.10903121479881969,0.010992400436028754,0.001104015546642615,24.583606326952577
1075,1249,0.2310541884029788,0.11136538078863019,0.010893160823648542,0.0010757199377863197,24.60563624277711
1076,1250,0.23216138569055875,0.11344139017419778,0.010817787436689024,0.0010542121149470722,24.62793613411486
1077,1251,0.23425991514720054,0.11633962088014238,0.010765435092992113,0.0010265943337137032,24.65101419761777
1078,1252,0.23284485049558676,0.11487287344867958,0.01078645564675052,0.0010107420579401974,24.6719460953027
1079,1253,0.23259794933362185,0.11538947698458003,0.010733119254753665,0.0009877279801505173,24.69389631599188
1080,1254,0.232577483164321,0.11579025766788109,0.010712646566301984,0.0009660759833420087,24.715969763696194
1081,1255,0.23272481083458654,0.11695158404456774,0.010643451118435978,0.0009338715605659033,24.737009128555655
1082,1256,0.2337610207124463,0.11928349282730681,0.010550912028319592,0.000896840760194357,24.759124871343374
1083,1257,0.23515391184445078,0.12204239158287834,0.01044367606264433,0.0008674759635129133,24.780209941789508
1084,1258,0.23799902420298852,0.12458353812935863,0.01047819996281681,0.0008633486445461814,24.80218341946602
1085,1260,0.23882463694866554,0.12601908924905506,0.010423211997934393,0.0008573427720266549,24.832184517756104
1086,1261,0.2414593273371175,0.12866613987074804,0.01041347181684469,0.0008658469297922539,24.855104440823197
1087,1262,0.2422958015977882,0.12888461657467795,0.01048020300129911,0.000860915501011917,24.877286752685905
1088,1263,0.24399108154944119,0.13059136358964965,0.010513535779852378,0.0008264360161267743,24.898541286587715
1089,1264,0.2479072916051966,0.13628199560530452,0.010381670067564172,0.0007808595324250358,24.92066758684814
1090,1265,0.2519607968410329,0.1408907168173247,0.010346667591890554,0.0007603404104802641,24.94340991973877
1091,1266,0.24845083108250654,0.1370057169450346,0.010392270522191292,0.0007522408915559003,24.964393449947238
1092,1267,0.2523408554801213,0.14084408829168998,0.010339195834011373,0.0008104808848317598,24.98733452335
1093,1268,0.25066716452624094,0.14005263830380948,0.010279103682994728,0.000782348939248415,25.009593540802598
1094,1269,0.25170368362295215,0.14057570690430088,0.010338334902452236,0.0007744627694128913,25.03176403604448
1095,1270,0.25356550048237697,0.1425666807414741,0.010303589435497616,0.0007962925385926727,25.052890764549375
1096,1271,0.25497510794219425,0.14421808668547925,0.010258821715649489,0.0008168804100220118,25.074781578034163
1097,1272,0.2584490447716723,0.1488099092688189,0.01012891151765375,0.0008350020326315893,25.09679210372269
1098,1273,0.25402427683715695,0.14464892599987342,0.010093326433472405,0.0008442086502559484,25.118949407711625
1099,1274,0.2563459738830458,0.14646273592710782,0.010136132119244213,0.0008521916763495872,25.14084661193192
1100,1275,0.2542770124011424,0.1453850536514779,0.010041381021290558,0.0008478148536758951,25.16201538220048
1101,1276,0.2534102836945213,0.14378991320304282,0.010099398877911551,0.0008626381712362939,25.184775112196803
1102,1277,0.25335323330876447,0.14238971361216196,0.010186941349190255,0.0009094106204699935,25.20731664635241
1103,1278,0.2483959464986878,0.13648114585966353,0.010241155548916994,0.0009503245149854307,25.228294564411044
1104,1279,0.2509984389725211,0.13823508445320382,0.010277685316911967,0.000998650135019764,25.249365700408816
1105,1280,0.2506832409645059,0.13729948078750936,0.010313393310990238,0.0010249827067094128,25.271181527525187
1106,1281,0.24934294795842607,0.1350673956297082,0.01041363575240779,0.001013919480463995,25.29325228743255
1107,1282,0.2502013144706312,0.1354805599826305,0.010439332946744286,0.0010327425020557877,25.314620047807693
1108,1283,0.24861702306444855,0.13462968217285826,0.010399812976829655,0.0009989211123293757,25.33712269552052
1109,1284,0.24745754770269612,0.13371336363470734,0.010399382764689581,0.0009750356421092966,25.360247062519193
1110,1285,0.24536863010505128,0.1317297120172595,0.01040728921247808,0.0009566025963010973,25.381500327959657
1111,1286,0.243344834526197,0.12987172451326448,0.010398806457616714,0.0009485045436765406,25.403497703373432
1112,1287,0.24210524023544364,0.12886345565524085,0.010374521528899519,0.0009496569291207601,25.425866736099124
1113,1288,0.2380605753216054,0.12590909840452996,0.01027295528780921,0.0009421924038983331,25.44768477976322
1114,1290,0.24307795470108412,0.13037774906238572,0.010299004300289898,0.0009710162635799425,25.477750476449728
1115,1291,0.2464277228596572,0.13530989152796205,0.010135867208903897,0.0009759159242656173,25.49955515563488
1116,1293,0.2527026715822697,0.14278469070256866,0.010031030835697289,0.0009607672522728176,25.530022725462914
1117,1294,0.27570703813025677,0.16788986494805994,0.009823394739161578,0.0009583225790581075,25.552788823843002
1118,1295,0.2766684051540204,0.16799755234182662,0.009913976605192705,0.0009531086760266774,25.57490035519004
1119,1297,0.26731413198577436,0.15882119294708985,0.009901115553902991,0.0009481783499654549,25.60473728366196
1120,1299,0.26993649334828873,0.15970001236211265,0.010055278481790015,0.0009683696168275904,25.634109262377024
1121,1300,0.26953288164702127,0.1588146216640161,0.0100724421192834,0.0009993838790171147,25.656197333708405
1122,1301,0.2618369052732341,0.15071360479322296,0.010066418360108426,0.0010459116878926882,25.67806838452816
1123,1302,0.2606775332279564,0.14671814092758412,0.010264055166188758,0.0011318840638484683,25.700256764888763
1124,1304,0.26211417067676407,0.14756445669897733,0.01031441163656126,0.001140559761217413,25.73043904080987
1125,1305,0.2586761171530603,0.14484746621991243,0.010255701513873164,0.0011271635794416254,25.75232577510178
1126,1306,0.265559738802603,0.15194499932384875,0.010227932497032376,0.001133541450843044,25.77429597079754
1127,1307,0.2712738070127002,0.15734029952808126,0.010243124917098716,0.0011502258313631792,25.797344928607345
1128,1308,0.27388354647427654,0.1603845480131065,0.010213605346261439,0.0011362944998555657,25.81967749260366
1129,1309,0.2746046795782062,0.16207130010236062,0.010162929590679562,0.0010904083569049984,25.841480737552047
1130,1311,0.2737409784387536,0.1614881070147739,0.01014061623115618,0.001084670911241791,25.872514272108674
1131,1312,0.2671218300998227,0.15484958482550046,0.010150780175133801,0.0010764443522984256,25.893841579556465
1132,1313,0.2648736649392541,0.1521790356043472,0.01020374449544892,0.0010657184380417734,25.91591127961874
1133,1314,0.2624038524667568,0.1500052187631803,0.010185289633818189,0.0010545737365394567,25.936952522024512
1134,1315,0.2649175461263246,0.152035227635849,0.010212074501021783,0.0010761573480257778,25.959050852805376
1135,1316,0.26877232410882707,0.15602478478995294,0.01018326907944097,0.0010914848524464452,25.981597868725657
1136,1318,0.2715033305562985,0.1586836767199919,0.010174905582679087,0.0011070598009515777,26.011925952509046
1137,1319,0.27114142789078793,0.15821699540601966,0.010181918583833157,0.0011105246646436707,26.034798527136445
1138,1320,0.27000895496484,0.15691073373788006,0.010203735084706945,0.001106087037989049,26.057022463530302
1139,1321,0.26704674694409936,0.15350688726833292,0.010260019395389706,0.001093966572186939,26.079009022563696
1140,1322,0.2656107735115028,0.1517813466064364,0.010284145825116447,0.0010987968653901905,26.101139675825834
1141,1323,0.26862729635211335,0.1543819852474739,0.01031376928185565,0.001110761828608293,26.12403939664364
1142,1325,0.2689919575247314,0.15458506595234572,0.010351085011084246,0.0010896041461543175,26.15346415527165
1143,1326,0.2757951673555617,0.16188446403952983,0.01030140689961712,0.001089663431986067,26.175381472334266
1144,1327,0.2805791160022657,0.16586038452171048,0.01037692753937948,0.0010949456086760394,26.19818004593253
1145,1328,0.2814122208888124,0.16677884622739844,0.01038648499051935,0.0010768524756220466,26.22039871290326
1146,1329,0.28299746699303197,0.16843076158970186,0.01038306555019304,0.0010736049901399667,26.24251780472696
1147,1330,0.2841752786409223,0.16934407839126045,0.010401118681613503,0.0010820013433526848,26.265247728675604
1148,1331,0.282355819279497,0.1672173713146954,0.010428333014725278,0.0010855117817548815,26.287563800811768
1149,1332,0.2802445315049833,0.1642861850236869,0.010490223118607787,0.001105611529521855,26.308765299618244
1150,1333,0.27872752917310206,0.16223219975465425,0.01053550020372217,0.0011140327381226128,26.331558611243963
1151,1334,0.27496708151549176,0.15704691693377634,0.01064477966528837,0.001147236792883173,26.352659691125154
1152,1335,0.27256451929009257,0.15318303207942152,0.010755750665401822,0.0011823980556652828,26.374544886872172
1153,1336,0.26975067431913247,0.14986195042627784,0.01079769445172794,0.0011911779375575256,26.396777680143714
1154,1338,0.26869279570765897,0.14916965315397845,0.010805111779716312,0.0011472024756517402,26.427604515105486
1155,1339,0.2717034352133168,0.15321517970050794,0.010743917466555293,0.001104908084725594,26.450040919706225
1156,1340,0.27444362538130984,0.15665019874214045,0.010704845732833024,0.0010744969310839117,26.471886532381177
1157,1341,0.27605043909112403,0.15872969675020712,0.010680041745571398,0.0010520324885202959,26.494885839521885
1158,1342,0.27587984083410616,0.1581027053474784,0.010733322089795178,0.0010443914588676001,26.517179196700454
1159,1344,0.27290865321518554,0.15552037981742187,0.01070603132855696,0.0010327960112194079,26.547299163416028
1160,1345,0.27067841996003617,0.1522698528090414,0.010790927541046299,0.0010499291740531775,26.57004770450294
1161,1347,0.27163572433724786,0.15271128271169532,0.010803945813989264,0.0010884983485659908,26.600466148927808
1162,1348,0.27456719752878955,0.15506253819097182,0.010852839753815522,0.0010976261799662485,26.623174061998725
1163,1349,0.2791486170889471,0.16078467815808686,0.01076583463614318,0.0010705592569428446,26.64340335689485
1164,1350,0.2829186113921805,0.1657577987030735,0.010691014391999749,0.0010250668769109517,26.66540053114295
1165,1351,0.28511546727714243,0.16848739269857593,0.010664061200182946,0.0009987462576737083,26.687470084056258
1166,1352,0.28618784035643896,0.16882140312509714,0.010749602577084733,0.0009870411460494528,26.709476025775075
1167,1353,0.2901638138321529,0.17251929513943637,0.01075460964891657,0.0010098422203550837,26.732450807467103
1168,1354,0.28652259481308207,0.16804048114892361,0.01082928896494512,0.001018922401470722,26.75491046346724
1169,1355,0.2873685007165103,0.16837154881368435,0.010871972187266241,0.001027723003016355,26.77660229243338
1170,1356,0.2886722166131555,0.16899321433634254,0.010931972360870994,0.0010359278668103005,26.798505252227187
1171,1357,0.29350633363013034,0.17433238132076853,0.010908011059224954,0.0010093841717112252,26.819931156933308
1172,1358,0.29886187283261123,0.1801531412570432,0.010919127753496266,0.000951745404060538,26.8418953102082
1173,1359,0.29817991165178165,0.18014046509064502,0.01087032346212232,0.0009336211939913433,26.8647548481822
1174,1360,0.28957448064746705,0.17148159142004044,0.010880830033819011,0.0009284588889236489,26.8869665004313
1175,1361,0.2702326096887281,0.15275671552295944,0.010803550815961457,0.000944038600615408,26.909007104113698
1176,1362,0.25735666648970357,0.13812162309957282,0.010920715397320103,0.0010027889416929715,26.93023905158043
1177,1363,0.26738516117387623,0.1492438396444566,0.01083933288798622,0.0009747992649557419,26.952863454818726
1178,1364,0.26823247143493445,0.15044349493948347,0.010795940515853714,0.000982957133691382,26.97524445131421
1179,1365,0.27019950105572305,0.15292850582279996,0.010740789387697826,0.0009863101355944842,26.99743632785976
1180,1366,0.2730866784169165,0.1572489544051747,0.010596429938581947,0.0009873424625922301,27.018130788579583
1181,1367,0.27446554537323714,0.15926603445012816,0.01050582916706487,0.0010141219252460289,27.040186947211623
1182,1368,0.2706562522284635,0.15656208555474715,0.010419836008022737,0.0009895806593488983,27.062170492485166
1183,1369,0.25730867032967364,0.1447856963967312,0.01028067426695983,0.0009716231263344122,27.08513860218227
1184,1371,0.2595822716414998,0.14755226317628414,0.010231487568869824,0.0009715132776517399,27.114744463935494
1185,1372,0.26178255608942846,0.1504950778401091,0.0101919494853647,0.0009367983395672382,27.13648569956422
1186,1373,0.261388275597379,0.15069724005014168,0.010156101591941689,0.0009130019627820425,27.158549048006535
1187,1374,0.2619445846370153,0.15113539296153514,0.010163782929253887,0.0009171362382941325,27.178891520947218
1188,1375,0.255477329410494,0.1439620467897021,0.010230349717608696,0.0009211785444704946,27.200461123138666
1189,1376,0.25658949805262915,0.14509616209612586,0.010229008424879813,0.0009203251707705165,27.223516503348947
1190,1377,0.2579077301505026,0.14621650245690368,0.010231766710282685,0.0009373560590772059,27.24597556889057
1191,1378,0.25651685529594054,0.1447300204046485,0.010240095923866661,0.000938587565262545,27.26784998551011
1192,1379,0.2538601928876171,0.141395155174246,0.010300697223045361,0.0009458065482917488,27.29071211256087
1193,1380,0.2545964711033735,0.1423095882053751,0.010283539376982086,0.0009451489128177554,27.312766019254923
1194,1381,0.25585926019085437,0.14373537536736158,0.010271464573140855,0.0009409239092084235,27.33486630767584
1195,1382,0.2560933539233987,0.14425594890548646,0.010252682137383052,0.0009310583644081738,27.357196228578687
1196,1384,0.25810036217994353,0.14637855093035268,0.010260586381714393,0.0009115947432446937,27.387073507532477
1197,1385,0.257076519731059,0.14528616025778518,0.010263703648298522,0.0009153322990288582,27.409144770354033
1198,1386,0.2544097643183474,0.14257613111060344,0.010259849386075177,0.0009235139346992184,27.430974340066314
1199,1387,0.25493183879949594,0.14316689917537706,0.01024831447620156,0.0009281794862103271,27.45323722437024
1200,1388,0.25417820264196195,0.14281424513978708,0.010210532183495543,0.0009258635667219433,27.475272480398417
1201,1391,0.20102041996507392,0.07140223515211293,0.011628122271510817,0.001333696209785283,27.517249312251806
1202,1393,0.20762303176355398,0.08215338364624915,0.01138744296457236,0.001159521847158123,27.54561478830874
1203,1394,0.19349537802141586,0.08059259311874678,0.010403052234636438,0.0008872262556304684,27.566541522741318
1204,1395,0.19034859676988802,0.07885846988649771,0.010512766068566829,0.0006362466197722043,27.588329000398517
1205,1396,0.18325076689558506,0.07317391476188123,0.010475169999546464,0.0005325152138239201,27.609735168516636
1206,1397,0.17983881744128108,0.07279123094748159,0.010381856861224118,0.00032290178815583173,27.63088727556169
1207,1398,0.17835449071832057,0.07247981075013649,0.01028306766360413,0.00030440033321427857,27.652850709855556
1208,1400,0.1772063210995316,0.07223567956298163,0.010204537209222625,0.0002925269444323716,27.68076735548675
1209,1401,0.1776454317519937,0.07313060691628369,0.010174047755855713,0.000277434727715288,27.70203814841807
1210,1402,0.17633545405824624,0.07291766394435378,0.010061108589921028,0.00028067042146821917,27.72389175184071
1211,1403,0.1762225236580463,0.07246354023817628,0.010096752875961913,0.000279145466025091,27.744009736925364
1212,1404,0.17605399932296112,0.07261956839470902,0.010056252656214971,0.0002871904366102394,27.76580966822803
1213,1405,0.17586780619437958,0.0727029635167126,0.010023536169992561,0.00029294809777413884,27.788073524832726
1214,1406,0.17563305534121343,0.07268824047837302,0.009994430260771497,0.0003000512255125446,27.81001821346581
1215,1407,0.17553357844849143,0.07265609407363864,0.009985941182456798,0.00030180725502848343,27.83305023610592
1216,1408,0.17535680433197146,0.07255853283078242,0.009978556635744694,0.0003012705143742089,27.85501861013472
1217,1409,0.17508939497151182,0.07243553357372708,0.009966583869169066,0.0002988022706094108,27.87705533206463
1218,1410,0.1747716232983939,0.0721383192026175,0.009966499027607087,0.00029683138197055274,27.899179078638554
1219,1411,0.17476478441486762,0.072048325730747,0.009980288946494685,0.0002913569219173772,27.920639293268323
1220,1412,0.17488144002250555,0.07194193120289624,0.01000264183889818,0.0002913090430627527,27.942274436354637
1221,1413,0.17490326367765197,0.07183220937926699,0.010012135456161596,0.0002949699736769012,27.96528384461999
1222,1414,0.1749434272940509,0.0714083353556087,0.010050887257343818,0.00030262193650040233,27.986294576898217
1223,1415,0.17499635763320368,0.07150106769963055,0.010049465012964692,0.0003000639803926209,28.009352907538414
1224,1416,0.17486458395600513,0.07129905287781854,0.010054504662821715,0.0003020484449969461,28.032389929518104
1225,1417,0.17523505972419337,0.0716622348021814,0.010068214820314926,0.00028906767188627183,28.05478660389781
1226,1418,0.1750914736830816,0.07177837543174585,0.010048465139450197,0.00028284468568337486,28.07761592231691
1227,1419,0.17506267788749774,0.07207905674611896,0.010021354148023454,0.0002770079661144244,28.10069438815117
1228,1420,0.17491630075634537,0.07233320982660443,0.009983885135541003,0.0002744239574330903,28.122845800593495
1229,1421,0.1745546087904298,0.07264738405992444,0.009912253507123634,0.00027846896592690284,28.144924266263843
1230,1423,0.17432102127685506,0.07306470361725645,0.009853552098535133,0.0002720796674247294,28.173961471766233
1231,1424,0.1740036244289349,0.07329720952403264,0.009788582694764743,0.00028205879572548384,28.195230504497886
1232,1425,0.17384141037537953,0.07257946949410443,0.009825270342005981,0.0003009237461215283,28.21705763414502
1233,1426,0.17387127281008796,0.07262050593224195,0.009826679486564596,0.0002983972012200032,28.23894981853664
1234,1427,0.1736793268303229,0.07246399557198839,0.009827204600912782,0.00029432852492066727,28.26128968037665
1235,1428,0.173633534954669,0.07207111014967914,0.009886774001315726,0.00026946847918325745,28.283406788483262
1236,1429,0.1736406044755026,0.07134026428601385,0.00995615220368043,0.0002738818152684466,28.305476788431406
1237,1430,0.17314995301956942,0.07114187066775869,0.009942461140382608,0.0002583470947984634,28.32743581198156
1238,1431,0.1730950388395581,0.07236573564457117,0.009816230933209498,0.00025669938628919485,28.34845745190978
1239,1433,0.17283387196307565,0.07216087690314342,0.009830520381377057,0.0002367791246161669,28.37842107564211
1240,1434,0.1717737275189118,0.07172133421330468,0.009744572683472535,0.000260666647088177,28.40020035393536
1241,1435,0.1718653453003482,0.07193526040526352,0.009720471441006339,0.00027253704850213064,28.42253254354
1242,1437,0.17167749249358827,0.07213279470582994,0.009700097539162483,0.0002543722396133486,28.453419083729386
1243,1438,0.17158966666929407,0.07271849133794885,0.0096416227825807,0.00024549475055382153,28.4766326546669
1244,1439,0.17132515712590382,0.07220254523856848,0.009668404214513253,0.0002438569742202817,28.498742636293173
1245,1440,0.17106758875811173,0.07192595407412572,0.00965739111010597,0.0002567723582926299,28.521064400672913
1246,1441,0.17093961367500063,0.07144218460753009,0.009692759361664832,0.0002569835450822213,28.543465975672007
1247,1442,0.17084377728566902,0.07132416625496353,0.009693471757388088,0.00025848934568245985,28.564928751438856
1248,1443,0.1705946963106346,0.07128760115751466,0.009681332952158263,0.00024937656315373013,28.586999528110027
1249,1444,0.170579783554141,0.07098396993124931,0.009707302689545512,0.0002522786727436572,28.608293948695064
1250,1445,0.1702238346850297,0.07073037074550594,0.00970799870118143,0.00024134769277094602,28.630203261971474
1251,1446,0.16968482031642027,0.07021000392481326,0.00971841679879544,0.0002290648403652604,28.652784189209342
1252,1447,0.16976708670789997,0.07064454979247715,0.00967691430071969,0.00023533939082259045,28.674996349960566
1253,1449,0.16953512282243194,0.07090444678224532,0.009620866511077665,0.0002422010929409984,28.705291103571653
1254,1450,0.1693139389232688,0.07084749524054029,0.009619132232706933,0.000227512135565916,28.72699401155114
1255,1451,0.16917274581256156,0.0704107527319028,0.009642568033803905,0.0002336312742619713,28.749341376125813
1256,1453,0.1693103084907358,0.07058553088933496,0.009640971815613276,0.00023150594452680623,28.779357047751546
1257,1454,0.1692785851374661,0.07076529907635726,0.009617516429724299,0.00023381217638658624,28.802281526848674
1258,1456,0.1689865903014328,0.07073497410378454,0.009587789710847729,0.00023737190891709627,28.83328385837376
1259,1457,0.1687412663887108,0.07028849228359246,0.009613494536610137,0.0002317828739016939,28.85577704012394
1260,1458,0.16881824935548856,0.0703282953323038,0.009618057148593538,0.00023093825372493633,28.877567183226347
1261,1460,0.16875591563588166,0.07004613715764406,0.009637023150971338,0.00023395469685242218,28.907833460718393
1262,1461,0.1685643082062961,0.0698621253160116,0.009645582334095366,0.00022463595493308497,28.92959867976606
1263,1463,0.16858671515557241,0.06976786882097438,0.009664599234030109,0.0002172853994296935,28.95954790711403
1264,1464,0.1685059865233798,0.06985643279183011,0.009650022511651174,0.00021493286150379558,28.98191617242992
1265,1465,0.16840251721105115,0.07007089018034474,0.009616792617793614,0.0002163700852770292,29.004109043627977
1266,1466,0.16833438962973685,0.07009768569582722,0.009607243328099533,0.00021642706529142753,29.025973316282034
1267,1467,0.1682719028080954,0.0699040709964981,0.009615857315684357,0.0002209258654753728,29.04794717952609
1268,1468,0.16839604892065335,0.06959253500866283,0.009656405956413434,0.00022394543478561937,29.070879528298974
1269,1469,0.16817540255800356,0.06936399354971352,0.009654680615607775,0.00022646028522122733,29.092058720067143
1270,1470,0.16810782937087618,0.06894643300023698,0.009691596068280722,0.00022454356878319704,29.113342363387346
1271,1471,0.16810305734506947,0.06902927248608695,0.009677791272127319,0.0002295872137709329,29.134195232763886
1272,1472,0.1678561375252502,0.06899686128316054,0.009660391294502815,0.00022553632970614778,29.156340043991804
1273,1473,0.16748855966975493,0.06908199721839986,0.00962109848360743,0.0002195577615280778,29.1780358646065
1274,1474,0.16721516294478472,0.06872505193663299,0.0096290456213802,0.00021996547943497168,29.20035419240594
1275,1475,0.16725645504375353,0.06848507035716866,0.009654956572395753,0.00022218189626273336,29.222489396110177
1276,1476,0.16736696138139395,0.06806218471557854,0.009705720664903408,0.00022475700167813389,29.244629815220833
1277,1478,0.16732896987358514,0.06794481448540882,0.009711365521926498,0.00022705001689113196,29.27467457577586
1278,1479,0.16744547480163274,0.06772009842855223,0.009749711821027924,0.00022282581628012664,29.29643351212144
1279,1480,0.16729464643983682,0.0676131299782877,0.009749394409213208,0.00021875723694170674,29.31780761666596
1280,1481,0.1673148752287396,0.06769059509974332,0.009743065508016888,0.00021936250488274135,29.339857395738363
1281,1482,0.16742189048064868,0.06778009847429378,0.009742133132183868,0.00022204606845162162,29.361914038658142
1282,1483,0.16737163596914778,0.06775486662041477,0.009739770538588557,0.00022190639628474394,29.38281873986125
1283,1484,0.16736325742742303,0.06761679117927119,0.009749870075106935,0.00022477654970824647,29.405079383403063
1284,1485,0.16739838951013322,0.06761905404523341,0.00975224435004415,0.00022568919644583077,29.42706854455173
1285,1486,0.16742920777448342,0.06769928927608125,0.009747785970065929,0.00022520587977428922,29.448968540877104
1286,1487,0.1674573717059733,0.06785269461900714,0.00973617098372959,0.00022429672496702773,29.469839120283723
1287,1488,0.1674872006206877,0.06797252713190288,0.009722747207124991,0.00022872014175349053,29.491996547207236
1288,1489,0.16734510236515893,0.06794403564449114,0.009715266791351967,0.00022483988071481055,29.513369308784604
1289,1490,0.16730871715785056,0.06813810249021682,0.009699071030556686,0.00021799043620668825,29.533030543476343
1290,1491,0.16699460213615627,0.0676946500499755,0.009710180216177436,0.00021981499244064142,29.55284002237022
1291,1492,0.1669867625388985,0.06744565835462131,0.009727998618076421,0.000226111800351296,29.575401043519378
1292,1493,0.166632601759019,0.06607823473110223,0.00982239975066037,0.00023303695213130777,29.59801127947867
1293,1494,0.16675168907458326,0.06556980169629142,0.00987873469903287,0.00023945403879631274,29.620508164167404
1294,1495,0.16659219099539416,0.06465547189175727,0.009935503129782189,0.00025816878058150034,29.642217580229044
1295,1496,0.16705375529572103,0.064979338828214,0.009949890785517695,0.0002575508612330078,29.6645361892879
1296,1497,0.1666783958057108,0.06477612628322132,0.009938909941305217,0.0002513170109437323,29.68545003607869
1297,1498,0.1664192950045208,0.06471559741139124,0.009923403130014366,0.0002469666292985895,29.706483440473676
1298,1499,0.16630748111536364,0.06450728411948536,0.009934586697075504,0.0002454330025123225,29.727517548948526
1299,1500,0.16645187031520614,0.06455041781992547,0.009941881819375508,0.0002482634301525594,29.74943026341498
1300,1501,0.16638202792721235,0.06414902249898358,0.009967172647323466,0.00025612789549941213,29.771538939327
1301,1502,0.16650647659118864,0.06423751493286735,0.009971289043734826,0.0002556071220973019,29.793787483125925
1302,1503,0.1665561061523826,0.06421150097071639,0.009977009222998958,0.00025745129516766165,29.815892869606614
1303,1504,0.16638168684082283,0.06433659947329287,0.009945453922815917,0.000259054813937078,29.838014867156744
1304,1505,0.1663241426059435,0.06414944934103066,0.009956114342030952,0.0002613549844603317,29.860643662512302
1305,1506,0.16637307851630798,0.06408863122431323,0.00996377861984718,0.00026466610935229473,29.88258397206664
1306,1507,0.166490952549101,0.06396039776339131,0.009984784209064602,0.0002682712695063679,29.90474053286016
1307,1508,0.16618819072589133,0.06327698980356113,0.010008956959751646,0.0002821631324813747,29.9272981621325
1308,1509,0.16634392857265853,0.0635970610776001,0.009997822021165167,0.0002768647283406759,29.949883392080665
1309,1510,0.16630177764680887,0.06348220745817734,0.010007248637837191,0.00027470838102596287,29.971463257446885
1310,1511,0.1661612116067534,0.06301496091912274,0.010032075658494602,0.000282549410268463,29.993058279156685
1311,1512,0.16615092949013005,0.06269593289554011,0.01006683147868015,0.00027866818077884397,30.014132883399725
1312,1513,0.16603789630269566,0.06235026325853062,0.01008566874633136,0.00028309455808514533,30.036017410457134
1313,1514,0.16623496517949665,0.0626645339297102,0.010076514569889635,0.00028052855508900687,30.058150654658675
1314,1516,0.16577957857012648,0.06219816336623319,0.010080236853495482,0.00027790466689384867,30.089147616177797
1315,1517,0.16599632640010703,0.06296344411521997,0.010037670086972539,0.00026561814151616594,30.11156097240746
1316,1518,0.16543377603202997,0.06295629420464026,0.009980619219676676,0.0002671289630622964,30.13361548818648
1317,1519,0.1651519228704087,0.06286811476516413,0.009961532761618336,0.0002668480489061195,30.155657963827252
1318,1520,0.16513981474436878,0.06273932542233099,0.009958758489822257,0.00028129044238152357,30.17777843400836
1319,1521,0.16491298700393223,0.06226478237588264,0.00998348311285278,0.00028133734995217726,30.19852875545621
1320,1522,0.16531824500281156,0.06271813096436854,0.009981843356526226,0.00027816804731807575,30.220632629469037
1321,1523,0.16499822339603826,0.062350129941612695,0.00999052163755612,0.0002742877078864367,30.24266765266657
1322,1524,0.1646540338743237,0.06225018793588462,0.009967395508586146,0.00027298908525776353,30.26569774746895
1323,1525,0.16446345511363086,0.06248276510606306,0.009924858438532969,0.0002732105622238113,30.287863912060857
1324,1526,0.16426273279216164,0.06255254374159239,0.009903939339205421,0.0002670795658515051,30.309896742925048
1325,1527,0.16418979445678453,0.06256194463324184,0.009896656101392447,0.0002661288809618223,30.330975826829672
1326,1528,0.16413852326175893,0.06251045779196415,0.009897125389553785,0.0002656811574256912,30.353022251278162
1327,1530,0.16398230203730496,0.06239636083741257,0.009896756149350833,0.0002618379706384068,30.383946500718594
1328,1531,0.163849611282807,0.06232222350698133,0.009889403136973628,0.0002633356406089379,30.404957067221403
1329,1532,0.16388436665483808,0.06248564511819455,0.009879797182003339,0.00026007497166101424,30.426379151642323
1330,1533,0.16351362208404924,0.06217302171495335,0.009873999088657062,0.000260060948252527,30.448324032127857
1331,1534,0.16361593421641057,0.06230857723656623,0.009871500339783106,0.00025923535820132897,30.470331704244018
1332,1535,0.16291221167993622,0.06158809120876259,0.009866377644928707,0.0002660344021886564,30.492254311218858
1333,1536,0.16256376690813826,0.06097346078767073,0.00988639238451166,0.00027263822753509375,30.51506935991347
1334,1537,0.16288381039055516,0.061630221536726516,0.009845262177396294,0.0002800967079865707,30.53812985122204
1335,1538,0.16200613337310152,0.06102124944864323,0.009813772188103143,0.00028471620434268553,30.560530565679073
1336,1539,0.1621896119592227,0.061055560385616346,0.00984081204642544,0.0002725931109351951,30.581600656732917
1337,1540,0.16167913605986872,0.06079110156878465,0.009818871064840314,0.00026993238426809176,30.60358202829957
1338,1541,0.16068020931629923,0.060075135607840585,0.009796477310088996,0.00026403006075686726,30.62580193206668
1339,1542,0.16044977578026443,0.05912159755575221,0.009870499057462217,0.00026231876498900204,30.647986840456724
1340,1544,0.16049802405482835,0.058914710516985574,0.009874989733391872,0.00028334162039240455,30.67792982980609
1341,1545,0.15868528561488332,0.05639553808941856,0.009929524871834822,0.00029944988071165587,30.700036000460386
1342,1546,0.15859508284772994,0.05656098137926974,0.009913112650577486,0.00029029749626853507,30.72206641174853
1343,1547,0.15807251065142075,0.056335341811571724,0.009875019185720996,0.0002986976982639062,30.74414438381791
1344,1548,0.15840871150583474,0.05655527600889599,0.009890015319315274,0.00029532823037860083,30.76612456329167
1345,1549,0.15815451943433678,0.056413863166160094,0.009880516961325612,0.0002935486654920569,30.78802110813558
1346,1550,0.15770625559593618,0.05613398651786426,0.009872827142568822,0.000284399765238371,30.810907412320375
1347,1551,0.15768178367087246,0.05655116869482188,0.009833684289837576,0.0002793772077674815,30.832929784432054
1348,1552,0.1577616428119647,0.05630480812126931,0.00987690917774683,0.0002687742913227081,30.85605237260461
1349,1554,0.1571982591123163,0.05543117461532367,0.009896271172578373,0.0002804372771208903,30.886591468006372
1350,1555,0.15747371907447005,0.055620680977263,0.009898161123769393,0.000287142685951313,30.907462453469634
1351,1556,0.15685871238389376,0.05501421601795135,0.009899035237864461,0.0002854143987297775,30.929334854707122
1352,1557,0.15645142649074603,0.054231557311521184,0.009922285980131125,0.0002997009377913604,30.950561735779047
1353,1559,0.15616587848470942,0.054207370973374906,0.009899913878239009,0.00029593687289444234,30.98049519956112
1354,1560,0.15651431164703716,0.0547922862662409,0.009869626558098704,0.00030257597998092255,31.00339889153838
1355,1561,0.1561298167106553,0.05453913637476918,0.009857006032468654,0.00030206200111995804,31.026765409857035
1356,1562,0.15614601162033637,0.054086398465449895,0.009920164291747652,0.0002857970237409971,31.04872161336243
1357,1563,0.1561970964442651,0.054409532998076306,0.009886492976425,0.00029226336819388127,31.069698359817266
1358,1564,0.15584907238282159,0.05443417812069786,0.009850795218193983,0.0002906942080183884,31.091522939503193
1359,1565,0.15563338079288705,0.05470121426264524,0.009809630298974577,0.0002835863540496024,31.113813446834683
1360,1566,0.1553807193883234,0.054936928959306686,0.009765067304342161,0.0002793117385595093,31.1348244715482
1361,1567,0.15552533774530808,0.055397564603180696,0.009734139285155,0.0002786380290577386,31.156706484034657
1362,1568,0.15570910111981887,0.05558435450117488,0.009727712122269234,0.0002847625395951646,31.179070811718702
1363,1569,0.15576298390239968,0.05554911169014198,0.009736940238950692,0.0002844469822750767,31.201119454577565
1364,1570,0.1557552110142021,0.05561023022916256,0.009731120709681445,0.0002833773688225078,31.223142340779305
1365,1571,0.155563453464315,0.055629099575996266,0.009709336181434595,0.00028409920739727595,31.245142072439194
1366,1572,0.15499762492224278,0.05525229025795708,0.009676149449281577,0.00029838401714699374,31.26721414551139
1367,1573,0.15493821307946598,0.05560265140619449,0.009633640757301453,0.00029991541002569617,31.28992545977235
1368,1574,0.15474497033907725,0.055651833010167934,0.009604376613971137,0.0003049371189197936,31.31307828426361
1369,1575,0.15463371331522877,0.05560263030568625,0.009594358343628711,0.00030874995732554054,31.334539376199245
1370,1576,0.1547124756852738,0.0554415527903656,0.00962670724537895,0.00030038504411187097,31.35649194382131
1371,1578,0.15496275351033445,0.055168665812411144,0.009669080595279236,0.00031032817451309285,31.387266170233488
1372,1579,0.15484436939591914,0.05480475738960506,0.009690529303168405,0.00031343189746300406,31.40936890617013
1373,1580,0.15478346511386723,0.05439034887408341,0.009722495485717821,0.0003168161382605598,31.432268042117357
1374,1581,0.15474705149762094,0.053837839851388125,0.009770874706302418,0.00032004645832086416,31.45457248017192
1375,1582,0.154229678750024,0.05312713946743425,0.009782509905460006,0.000327744022798969,31.476657412946224
1376,1583,0.1543926414345193,0.05361344706349423,0.009760750386864935,0.0003171690502375723,31.498658327385783
1377,1584,0.15390636300421856,0.053500978937149286,0.009719167460818533,0.0003213709458883949,31.52094836346805
1378,1585,0.15315463994036682,0.05271974599548238,0.009691832864635206,0.00035165652985323756,31.542870251461864
1379,1586,0.1532321449374755,0.05326159333781899,0.009671028123517767,0.00032602703644788475,31.565888898447156
1380,1588,0.15344363633418795,0.05345201231057254,0.009670414263102778,0.00032874813925876426,31.596775233745575
1381,1589,0.1531572296748595,0.05354235953509276,0.009632534673087246,0.0003289523408894293,31.6189415641129
1382,1590,0.15304092789532764,0.05342085659614603,0.009632801096504915,0.00032920603341324615,31.64091220125556
1383,1591,0.15297291781319278,0.05322346272971019,0.00964357409738097,0.0003313714109672888,31.66299549676478
1384,1592,0.15304640057563895,0.053228106011161104,0.009653792843537557,0.0003280366129102275,31.68529130332172
1385,1593,0.15302731737177366,0.05312374795859773,0.009660995337860454,0.0003293616034571403,31.708093816414475
1386,1594,0.15305973042537493,0.05294457157200121,0.009686120516493065,0.00032539536884430696,31.730455588549376
1387,1595,0.15297184921257542,0.05312519424017651,0.009654906551384769,0.00032975894585512175,31.752416655421257
1388,1596,0.15309039701658717,0.05356097213913451,0.009628886623983975,0.0003240558637612915,31.774234833195806
1389,1598,0.1529758093659607,0.05351988251434524,0.009619067422542316,0.00032652526261923,31.804592529311776
1390,1599,0.15307907437333612,0.053332142511330075,0.009644833721678589,0.00032985946452201694,31.827202888205647
1391,1600,0.15297132369613914,0.05325118653716166,0.00964782493610333,0.0003241887797944187,31.849208680912852
1392,1601,0.15293510651166675,0.05322001738707566,0.009642871033243617,0.0003286378792154949,31.872365260496736
1393,1602,0.15288373225242602,0.05308170126697991,0.009651035703790157,0.00032916739475445444,31.895449506118894
1394,1603,0.15287324000061964,0.0530491010011295,0.009654443941270161,0.00032796995867885305,31.917746437713504
1395,1604,0.15282541400994068,0.05290539068666026,0.009660606907398134,0.0003313954249299075,31.939850909635425
1396,1605,0.15283087392555816,0.052971243509885114,0.009656531314006083,0.0003294317275612228,31.96176046319306
1397,1606,0.15284028824109344,0.05302030486300313,0.009654327347992913,0.0003276709898161164,31.98389732465148
1398,1607,0.15283766836153315,0.05298492472065653,0.00965638409825964,0.0003288902658280221,32.00584954768419
1399,1608,0.15281633330870098,0.05280526537619977,0.009665743974197132,0.00033536281905298935,32.02786557935178
1400,1609,0.1527953869066979,0.05253240786820627,0.009686876969319734,0.0003394209345294278,32.049695240333676
1401,1616,0.15257796344886188,0.05126393637605557,0.009763092461379116,0.00036831024590151443,32.12026231922209
1402,1619,0.15254692157397676,0.050977806893597655,0.00977844751052053,0.0003784639575173805,32.15702841989696
1403,1620,0.1523287209924412,0.050505147717236736,0.009807092743054632,0.00037526458446581704,32.17904642038047
1404,1621,0.15185136745542135,0.05066044786768115,0.009764797469645418,0.0003542944891286007,32.20053742453456
1405,1622,0.1513541633221772,0.05244219032624901,0.009581962547797349,0.0003092347517954695,32.22247064858675
1406,1623,0.15118659397037063,0.052272176507217764,0.009581067170488984,0.00031037457582630133,32.24349857866764
1407,1624,0.15132754500217951,0.05091743245940752,0.00977684588577511,0.00026416536850208867,32.264488054439425
1408,1625,0.1503959000724926,0.0511879139068116,0.009643248995470945,0.0002775496210971546,32.28572224639356
1409,1626,0.15024724639641762,0.05140348579781845,0.009603164148739112,0.0002812119111208041,32.30742099136114
1410,1627,0.15018078928827197,0.05090086429390467,0.009627323306941275,0.00030066919249545723,32.32940913178027
1411,1628,0.15006597598144172,0.050232407657256416,0.00970354891627441,0.0002798079161441218,32.34975766018033
1412,1629,0.14997755593586426,0.05051091353764094,0.009667348566275573,0.00027931567354675806,32.37182829529047
1413,1630,0.14985109742616068,0.05062713331987936,0.009635272458146802,0.00028712395248133043,32.39389014430344
1414,1631,0.1497656696895163,0.05047398130470543,0.00963810655166031,0.00029106228682077777,32.41662809625268
1415,1632,0.14969270977619803,0.05057102796259242,0.009619200068675242,0.0002929681126853188,32.438796516507864
1416,1633,0.1495997023065459,0.05061728743040229,0.009605683958798345,0.00029255752881601575,32.46096264384687
1417,1634,0.14946608949631873,0.050651820180163926,0.009585854316222652,0.0002955726153928282,32.482969511300325
1418,1635,0.14916053184944847,0.05056968397396771,0.009563228900152595,0.0002958558873954802,32.50501346960664
1419,1636,0.14898344214259002,0.050672468457328874,0.009532283167468365,0.00029881420105774955,32.52737296745181
1420,1638,0.14887752658429912,0.050467559241814,0.009540408247424482,0.00030058848682402837,32.55729791522026
1421,1640,0.14868592532987474,0.05054535940889136,0.009514063382693512,0.0002999932094048243,32.58728912472725
1422,1641,0.14868338894862893,0.05080184175069312,0.009492624720099718,0.0002955299996938607,32.6094690002501
1423,1642,0.14868869870561777,0.050313507021285016,0.009533525267668435,0.00030399390076483936,32.63223376125097
1424,1643,0.1485616331113488,0.049937975324821755,0.009550327935620908,0.00031203784303179464,32.65410926565528
1425,1644,0.14836775651396578,0.04991872410268727,0.00954205723366251,0.00030284600746534085,32.67728838324547
1426,1645,0.14801228746113412,0.049688898605845896,0.009523555031198908,0.0003087838543299146,32.70031527988613
1427,1646,0.14751361915332903,0.04914880779537869,0.009507567456095547,0.00032891367969948833,32.72262956015766
1428,1647,0.147218773845416,0.04905246426311341,0.009461983666623312,0.0003546472916069481,32.744613187387586
1429,1648,0.14707189796458892,0.049520404178210846,0.009389643159969974,0.00036550621866783246,32.7667369954288
1430,1650,0.14701390730605482,0.049790443984839346,0.009350624329629385,0.0003717220024921639,32.79696202091873
1431,1651,0.14687261195937557,0.05022661359062654,0.009294356402225177,0.00037024343464972596,32.818804724141955
1432,1652,0.14670089788642537,0.05064988830510699,0.009249276498084186,0.0003558244600476539,32.84078088775277
1433,1653,0.14650564881151562,0.050791024787715154,0.009219660742787763,0.0003518016595922829,32.86368713155389
1434,1654,0.1462426589348022,0.050461118954240325,0.009244913957826319,0.0003332400402298693,32.8869973924011
1435,1655,0.14606358868404395,0.0499457540098349,0.009271987534000298,0.00033979593342060784,32.908703088760376
1436,1656,0.1459038418174791,0.04934878978023983,0.009314574711708538,0.0003409304920153887,32.930209800601006
1437,1657,0.14572794749954426,0.048499774176469605,0.009382110196644249,0.000340707135663217,32.95294311642647
1438,1658,0.1456237141508402,0.04803083854498038,0.009431533480740276,0.0003277540798457057,32.97491363994777
1439,1659,0.14546019192642576,0.047620454472374604,0.009463625034772612,0.0003203487106325038,32.99727034941316
1440,1660,0.14527399845809918,0.04755859814714546,0.009453926919285524,0.00031761311180984985,33.019438192248344
1441,1661,0.1450904232323232,0.04725258382854476,0.009481462374138563,0.0003023215662392813,33.041429406031966
1442,1662,0.14500552386952745,0.04773326181447957,0.009424862514311478,0.0003023636911933102,33.063500413671136
1443,1663,0.14489699685445126,0.0473493078546489,0.009443635950968412,0.0003111329490118235,33.08623439632356
1444,1664,0.14475635002245318,0.046800381318177695,0.009480366007454971,0.00031523086297257697,33.109332483261824
1445,1665,0.14464971465345702,0.04640187180703044,0.009505628606587416,0.0003191556780552435,33.131585055962205
1446,1666,0.14447981138008428,0.046289245217166756,0.009499932096111698,0.0003191245201800551,33.15347595512867
1447,1667,0.14436933144256153,0.04644628101820109,0.009476680948080435,0.0003156240943556089,33.17560900747776
1448,1668,0.14431138390397852,0.04678267468708933,0.009441086471445764,0.00031178445024315554,33.197623835876584
1449,1669,0.14432951406354166,0.0469549334916045,0.009425966816321102,0.0003114912408726153,33.21957262419164
1450,1670,0.14432020501700676,0.04710724612106446,0.009407916590124334,0.0003133792994698952,33.24236438050866
1451,1671,0.14432615133086746,0.04707976424638971,0.009409253392597142,0.00031538531585063195,33.265593357384205
1452,1672,0.14430159292935144,0.047061992207557295,0.00940734147785095,0.0003166185943284641,33.287834296002984
1453,1673,0.1442504968523988,0.0470330016784116,0.009403539917443894,0.0003182095999548256,33.30893065966666
1454,1674,0.14421823706161685,0.04699325286022086,0.009402899247569553,0.0003195991725700464,33.3317452147603
1455,1675,0.14416372035202166,0.04701484797698615,0.009394539774960266,0.00032034746254328353,33.35394971072674
1456,1676,0.1441081384085982,0.04701869243311769,0.009386802025505658,0.00032214257204239195,33.37686179205775
1457,1677,0.1440587906545316,0.04710281997450026,0.00937523488746136,0.00032036218054177243,33.39923412911594
1458,1678,0.14402497673120065,0.04707209672569072,0.009366853783041139,0.0003284342175098545,33.42120127566159
1459,1679,0.14403301571599675,0.0470044773186818,0.00938142102437064,0.0003214328153608551,33.442982848733664
1460,1680,0.14398946415861275,0.04709469702092094,0.009362148892239274,0.00032732782152990707,33.46527254022658
1461,1681,0.14399237821316,0.04703781368818523,0.009371879594002151,0.00032357685849532486,33.487217208370566
1462,1682,0.1439852984411058,0.04692344232537356,0.009381576951261163,0.00032460866031206034,33.5093975123018
1463,1683,0.1439695935246821,0.04683254003485999,0.00938994495318812,0.0003237603957940922,33.53134550713003
1464,1684,0.14392658781940804,0.046722107969558474,0.009396589708696225,0.00032385827628873245,33.55349631421268
1465,1685,0.1438932626873113,0.0465925551878265,0.009408708721859884,0.0003213620280885967,33.57532679475844
1466,1686,0.1438331200777201,0.04649308505174874,0.009415061812475697,0.00031894169012143704,33.59789026156068
1467,1688,0.14377595709692875,0.04639702761929131,0.00942049322505729,0.00031739972270645317,33.628836991265416
1468,1689,0.1437861853976137,0.04641853294284288,0.009427315945375696,0.00030944930010138607,33.65145937167108
1469,1690,0.14370280694559023,0.04630403262686714,0.009420747742026944,0.00031912968984536483,33.67379063554108
1470,1691,0.1437398769675327,0.04636177326048652,0.009414560908354002,0.0003232494623506148,33.69661269150674
1471,1692,0.14369206719209132,0.04627617552054875,0.009422565542669799,0.00031902362448445903,33.71906438842416
1472,1693,0.1435862763108812,0.04615208836531334,0.00942714568073931,0.0003162731138174745,33.740178940817714
1473,1694,0.1435263048701691,0.046161875767593265,0.009420216594221159,0.00031622631603642437,33.762790037319064
1474,1695,0.14332269577248785,0.04588487319293872,0.009423765927186769,0.00032001633076814503,33.784982139244676
1475,1699,0.14304800078001453,0.04544272365107067,0.009432082248317906,0.0003284454645764817,33.83103499189019
1476,1701,0.14277573428237803,0.045041247388014835,0.009438590529835929,0.0003348581596003903,33.86102606728673
1477,1702,0.14209796017805665,0.04434035878512937,0.009437002387391667,0.0003387577519010605,33.884067200124264
1478,1704,0.14180254343415483,0.04362431435930004,0.009484558166427199,0.00033326474105828,33.91456873528659
1479,1705,0.1416659286674599,0.042786288375909816,0.009552745606711342,0.00033521842244366585,33.936338836327195
1480,1707,0.14082788346972422,0.04175251348121944,0.009553360211667203,0.0003541767871832753,33.96737612783909
1481,1709,0.14056210393873358,0.0410452625317707,0.009594890446492373,0.00035679369420391494,33.997741075232625
1482,1711,0.14040908812348057,0.04113154844336266,0.009580495336304392,0.0003472586317073989,34.02685668133199
1483,1712,0.14022116984759925,0.04063779597580261,0.009614570048662419,0.0003437673385172463,34.04778056591749
1484,1714,0.14003162751557216,0.040237959882441325,0.009639699314141494,0.00033966744917158934,34.07770252414048
1485,1716,0.13992178163017066,0.03970450351124062,0.009680785004173449,0.00034094280771955406,34.107915909960866
1486,1717,0.14005096040354986,0.0399692353744908,0.009658138003511427,0.00035003449939448143,34.129914220422506
1487,1718,0.13980836835873597,0.039120827781927964,0.009722475001376144,0.0003462790563046573,34.151610784232616
1488,1719,0.13959418787037878,0.03923641577866337,0.009681150920116878,0.0003546262890546622,34.1741620991379
1489,1720,0.13950581532278564,0.03970357069195161,0.009634488581868068,0.0003457358812153364,34.1958165243268
1490,1721,0.13935006677425923,0.03961589474492144,0.00962280855696868,0.00035060864596509953,34.218041744083166
1491,1722,0.13916614802271607,0.03906478846299922,0.009642593607543642,0.00036754234842804184,34.238740511238575
1492,1723,0.1390678119337329,0.03982130074886259,0.009560652608893515,0.00036399850959351754,34.26036106981337
1493,1724,0.13891782065679625,0.040043781255387906,0.009530992518925467,0.00035641142121536895,34.282242169603705
1494,1725,0.1387157117990841,0.04019564394339921,0.009493744524417397,0.0003582622611510919,34.303546879440546
1495,1726,0.13817376582070456,0.04098059125257401,0.009361953917091595,0.00035736353972146053,34.32555556669831
1496,1727,0.13781161584313784,0.04130398808238964,0.009283113459320202,0.00036764931675461695,34.34716341085732
1497,1728,0.1376108011702083,0.04125238920358266,0.009269490573075127,0.0003663506235874361,34.36909608542919
1498,1729,0.13746376857545572,0.040851686165961416,0.009279300000121397,0.00038190824082803344,34.391583535820246
1499,1730,0.1372968048119534,0.039827440879631935,0.009359311582007559,0.00038762481122458484,34.414314748719335
1500,1731,0.1372332816858286,0.03949526633932772,0.009386741514725747,0.00038706001992434234,34.43731485493481
1501,1732,0.13723015136803118,0.03924833970561529,0.009410948463496861,0.0003872327027447272,34.45987227931619
1502,1733,0.13710115268551853,0.0390865088045066,0.009406986700888468,0.00039447768721272494,34.48344413563609
1503,1734,0.1369367591270323,0.03944467600442384,0.009351537942562813,0.00039767036969803177,34.505926160141826
1504,1735,0.13687070594269807,0.03935805157090705,0.009352919743090644,0.000398345694088456,34.52847734466195
1505,1736,0.13684033124663467,0.039398507640935464,0.009343206748779082,0.0004009756117908395,34.550136068835855
1506,1737,0.1367619440418527,0.039730996363644584,0.00931059001854882,0.0003925047492719933,34.57366228848696
1507,1738,0.136712363312016,0.039558789816756736,0.009324817240858574,0.0003905401086673523,34.59583517536521
1508,1739,0.13666047547683832,0.03933179752012097,0.009339183241773696,0.0003936845538980392,34.617077831178904
1509,1740,0.13656993391672145,0.039289466434044,0.009337741536031965,0.0003903052122357784,34.63806013204157
1510,1741,0.13645776624019013,0.03881503737690391,0.009379829396510211,0.00038444348981840913,34.66088692843914
1511,1742,0.13634547328818736,0.038847614750658364,0.009367680432693764,0.0003821054210591345,34.68312704190612
1512,1743,0.1361722521065924,0.03889790621198842,0.009344020280482042,0.0003834143089783552,34.705263912677765
1513,1744,0.13615699583142468,0.039153437735882285,0.009316846869040173,0.0003835089405140648,34.72808115929365
1514,1746,0.13607955599779,0.0388571090534825,0.009334447647044442,0.00038779704738631005,34.75728891603649
1515,1747,0.1359824135112387,0.03842487193846495,0.009365721543504766,0.00039003261377260957,34.77944151125848
1516,1748,0.13598863828232063,0.038479226726184826,0.00936097836761468,0.0003899627879988997,34.80125868320465
1517,1749,0.13594748742497137,0.03864819737055343,0.009342163997433157,0.0003877650080086371,34.82267002388835
1518,1750,0.13589224108324427,0.038676284897145516,0.009336029198944605,0.0003855664196652693,34.844656029716134
1519,1751,0.1358605828011277,0.038665166110486274,0.009336866691319348,0.00038267497774479436,34.867356764152646
1520,1752,0.13576686101897611,0.03861965446248199,0.00933045444150419,0.0003842662141452235,34.88774798065424
1521,1753,0.13576879372603734,0.038604146573210874,0.009332957675561991,0.00038350703972065683,34.908729400485754
1522,1754,0.1357806134864942,0.038532079386033716,0.009341142400942457,0.00038371100910359116,34.9308541174978
1523,1755,0.13577006071316933,0.03842440425536606,0.009351141126200922,0.0003834245195794057,34.952526956796646
1524,1756,0.13573313292597944,0.03828848773219518,0.009361755693497677,0.0003827088258807502,34.974979722872376
1525,1757,0.135689952765173,0.03826454506184185,0.009362135440322918,0.0003804053300101986,34.996860552579165
1526,1758,0.13564681986951493,0.03825294467158758,0.009363181984082414,0.0003762055357103214,35.01969890855253
1527,1759,0.13559172089114824,0.038245409825614335,0.00936414228881936,0.00037048881773403026,35.04166818037629
1528,1760,0.13554952083723248,0.03821356085044597,0.009365470280928906,0.00036812571774974643,35.06383701227605
1529,1761,0.13545235908858444,0.03793739968247845,0.00939042312790231,0.00036107281270829014,35.08599418774247
1530,1762,0.1353722035853537,0.03789051972179298,0.009382932210841126,0.0003652361755149466,35.108193228021264
1531,1763,0.13524146841741427,0.037729291463270594,0.00937873050602003,0.00037248718939433817,35.12997664883733
1532,1764,0.13508695095103446,0.03786571246733198,0.009346083622675819,0.000376040225694428,35.1521761585027
1533,1765,0.13489912923419242,0.038094910259563686,0.009303463499024243,0.00037695839843863044,35.1750714648515
1534,1766,0.13483657230164067,0.038148428096260914,0.009297909047998845,0.0003709053725391307,35.197274727746844
1535,1767,0.1347270689240726,0.038122313921327276,0.00928951881026759,0.0003709566900069449,35.21855751425028
1536,1768,0.1346578576583706,0.038474901827366605,0.00925047467560201,0.0003678209074983897,35.240345131605864
1537,1769,0.13450077655275045,0.03803940502307162,0.009271634697651833,0.0003745024553160497,35.263241143897176
1538,1770,0.13438245156411938,0.03799627891365683,0.00926113770624451,0.00037747955880174306,35.28547142446041
1539,1771,0.1342680232358967,0.03799099973386519,0.009247947031851183,0.00037975531835196844,35.30748253874481
1540,1772,0.13425993048046692,0.03819532298875798,0.009228296111266424,0.0003781646379044704,35.328718952834606
1541,1773,0.1340721654425569,0.03834684961819204,0.009194513958657164,0.00037801762377932157,35.3505893163383
1542,1774,0.13410845628312842,0.038396607777438384,0.009197747810304293,0.00037343704026470965,35.372879104688764
1543,1775,0.13415109313348117,0.03826731626145509,0.009214160262379003,0.0003742174248236027,35.3947405423969
1544,1776,0.13412550853937072,0.03807447472540523,0.00923252824105948,0.0003725751403370689,35.41675741970539
1545,1777,0.13401636598251454,0.037765417257273975,0.009251506960917396,0.00037358791160666,35.43896296992898
1546,1778,0.13388837881416743,0.037334947149886895,0.009286332838635997,0.00036901032779205513,35.462848311290145
1547,1779,0.13359296312636038,0.036847566680069915,0.009305594137942982,0.0003689455066860634,35.48497200012207
1548,1780,0.1330461622261484,0.036294215139243725,0.009308891112361791,0.000366303596328676,35.506974808871746
1549,1781,0.13249570777898834,0.035716461973376634,0.00931461322037,0.00036331136019116986,35.52995552867651
1550,1782,0.13253322815757126,0.035882650229064644,0.009310067613228397,0.0003549901796222654,35.552209774032235
1551,1783,0.13228941383963902,0.03535400766285668,0.009324277146084968,0.0003692634715932652,35.57500853203237
1552,1784,0.13208588991246123,0.03510164577289981,0.009339763709697841,0.0003586607042583007,35.59622315131128
1553,1785,0.1319721048575608,0.03478722940152582,0.009360644002954752,0.0003578435426487478,35.61912061646581
1554,1786,0.13199776522037018,0.03480338918996246,0.009371327626349082,0.00034810997669168986,35.64137775450945
1555,1787,0.13166526853067073,0.03406536146088209,0.009398264855964497,0.00036172585101436604,35.66351222805679
1556,1788,0.13155349489052248,0.03396899429019172,0.0093997889799293,0.0003586610801037769,35.683805080130696
1557,1789,0.1314160378085663,0.0340998193379632,0.009376544280838332,0.0003550775662219774,35.7063247486949
1558,1791,0.13142204743494365,0.033980406517579206,0.009384202958404537,0.00035996113333190704,35.7377451993525
1559,1792,0.1314548794492009,0.034600482951901865,0.0093275214439073,0.0003579182058226036,35.75948674418032
1560,1793,0.13136770742084075,0.03417613322094766,0.009357970757221504,0.00036118666276780607,35.781796304509044
1561,1794,0.13138962357540626,0.034424590791995766,0.009333395362140139,0.00036310791620091054,35.803867464885116
1562,1795,0.1313793627520804,0.03461581969252706,0.009319190132063131,0.0003571641738922026,35.82592953927815
1563,1796,0.13129470775030092,0.03450607495646874,0.009320206273643654,0.00035865700573956374,35.84860909730196
1564,1797,0.13125497389859003,0.034428837147516884,0.009323089694280199,0.00035952398082711494,35.870777355507016
1565,1798,0.13105687941516575,0.0343733715608404,0.009309240278053917,0.00035911050737861975,35.89293935522437
1566,1799,0.13135867592891529,0.035085242702653584,0.009270802227009468,0.00035654109561670145,35.915091440081596
1567,1800,0.13106378315827927,0.034942824310877044,0.00926697556575319,0.0003451203189870343,35.93784294091165
1568,1801,0.1307259488003648,0.034500119295781596,0.00926296144558653,0.0003596215048717929,35.960293371230364
1569,1802,0.1308343442754385,0.03455894426927005,0.00927499217158435,0.0003525478290324948,35.982196252793074
1570,1803,0.13093356938956985,0.03489299318369896,0.009257134284414383,0.00034692333617270525,36.00414673611522
1571,1804,0.13083646351439787,0.03458699645112,0.009281432649626283,0.0003435140567015041,36.0264494176954
1572,1805,0.13044555567245666,0.03411599840492585,0.009294018124185295,0.0003389376025677866,36.048387352377176
1573,1806,0.1304277681519415,0.034177571036783906,0.009292153520147318,0.0003328661913684386,36.07111648470163
1574,1807,0.13019157205538112,0.034197604970747655,0.009281638401107172,0.00031775830735617417,36.09353140555322
1575,1809,0.12985311041554495,0.033605026231977135,0.009310374697030721,0.0003144337213260607,36.12438529357314
1576,1810,0.12944279374517878,0.03349470354395737,0.00929130962320487,0.00030349939691726917,36.14546691440046
1577,1811,0.12896816240494308,0.03306967599960622,0.009296698447441899,0.0002931501930917896,36.16829788312316
1578,1813,0.12896319735606548,0.03300997782566765,0.009305442252704774,0.00028987970033500954,36.19942721351981
1579,1815,0.12889031581194546,0.033454149239160444,0.009267663252003198,0.00027595340527530247,36.22986768744886
1580,1817,0.12847064564803545,0.03296372362975242,0.009276056410043865,0.00027463579178443876,36.25903153978288
1581,1818,0.12826273439886768,0.03299016136224492,0.009246035403303666,0.00028122190035861016,36.2808137871325
1582,1819,0.12791079264073382,0.03364327778371163,0.009141873316185834,0.0002848781695163853,36.302822317928076
1583,1820,0.12746547282883597,0.035152233380681595,0.008942476524641446,0.0002888474201739922,36.32420357130468
1584,1822,0.12718905473459285,0.035008505947493315,0.008937106768062541,0.0002809481106474126,36.35486572422087
1585,1824,0.12683403195450854,0.034850759435405214,0.008921265806319535,0.0002770614455907987,36.385067438706756
1586,1826,0.12690839387264433,0.03493328628291639,0.008924339179381478,0.00027317157959131483,36.41415078379214
1587,1828,0.12651270911410248,0.034011269456694956,0.008971091731714821,0.00027905223402593184,36.44416473992169
1588,1829,0.12664484084688157,0.03432760225354181,0.008958376820858826,0.0002733470384751488,36.46599484980106
1589,1831,0.12667689773770288,0.03427059585066542,0.008960861099045276,0.00027976908965847137,36.496431143954396
1590,1833,0.12661630783957786,0.034295297526099056,0.008951882821771291,0.00028021820957658893,36.525508154183626
1591,1834,0.1265145099215239,0.033977695887077,0.008968426870749259,0.0002852545326954329,36.54754660092294
1592,1835,0.12650171925045534,0.03418119112134151,0.008942793935970014,0.0002892588769413671,36.56879177689552
1593,1836,0.12657498148060548,0.03406349153193503,0.008961346539809964,0.0002898024550570797,36.59069884568453
1594,1837,0.1265505079764107,0.033988068756615974,0.008968621569373642,0.00028762235260583095,36.61272343620658
1595,1838,0.12649332286599524,0.034209536025374514,0.008940748818159662,0.00028762986590240926,36.63462493009865
1596,1839,0.1264337713435517,0.03412973628529689,0.008937514893415347,0.00029288861241013155,36.656882701441646
1597,1840,0.12636619831909712,0.03424118273522022,0.008916773364166141,0.00029572819422154915,36.6778590362519
1598,1841,0.12634329973181907,0.03420761086059403,0.008916401812758112,0.00029716707436439234,36.70096271671355
1599,1842,0.12624603324948624,0.034053599009411205,0.0089185352248741,0.0003007081991334055,36.723619943484664
1600,1843,0.1262085179454625,0.03391582405752961,0.008926714912688974,0.00030255447610431604,36.74601817317307
1601,1849,0.12615205328395357,0.033608595888385225,0.00894543736179717,0.00030890837775966414,36.80798997730017
1602,1850,0.1260975095687501,0.03348672811067688,0.008950115708902206,0.00031096243690511524,36.83004558458924
1603,1851,0.12600138397041347,0.03312322901010719,0.008972481418210242,0.00031533407782038654,36.850951036438346
1604,1852,0.12591361086831182,0.03311195897925469,0.008962546534884028,0.0003176186540216867,36.872099028900266
1605,1853,0.12582420240574382,0.0331654126854448,0.008943936821012195,0.0003219421510177063,36.89349153637886
1606,1854,0.12566762500225792,0.033421920904493335,0.008911340039586631,0.0003132303701898274,36.91616770066321
1607,1856,0.1255352931850564,0.0338502890136569,0.008854808089084423,0.000313692328055529,36.945378636941314
1608,1857,0.12543919297154085,0.034380890593529084,0.00880666973571932,0.0002991605020818566,36.96635779738426
1609,1858,0.12539526169690718,0.03407323131481718,0.008829134450890473,0.00030306858731852685,36.98828715272248
1610,1859,0.12535185301847082,0.03387687053510171,0.008839147095786943,0.0003083511525499699,37.00950715877116
1611,1860,0.12531344868842506,0.03351943081133884,0.00886441311301724,0.00031498867469138304,37.0315366089344
1612,1861,0.12527035457346006,0.03325732431140556,0.008883635840325517,0.0003176671858799331,37.05388192459941
1613,1862,0.12520849582883264,0.033143726409859,0.008882869337042316,0.00032360760485505,37.07653894275427
1614,1863,0.12512534037851689,0.03253609484372783,0.008936080432897786,0.00032284412058111874,37.09902527183294
1615,1864,0.12502851645909266,0.032661441101202136,0.00892054903789797,0.00031615849789108196,37.12069325149059
1616,1865,0.1249201280792723,0.03280651088637838,0.00889833702663042,0.0003130246926589726,37.14265431277454
1617,1866,0.12482895850152878,0.03300816263191267,0.008867853946849929,0.0003142256401116832,37.16463663242757
1618,1867,0.1247385230329094,0.03303562486170591,0.008852975925818726,0.00031731389130162344,37.1861123200506
1619,1868,0.12463751268128201,0.03322286512918385,0.008821869810966587,0.00031959494424322964,37.2070687264204
1620,1869,0.124581295757142,0.032940475703655735,0.008840328148522252,0.0003237538568263741,37.228992596268654
1621,1870,0.12452909334909881,0.032999340858840216,0.008834944112129626,0.0003180311368962352,37.251357117667794
1622,1871,0.1245004843571837,0.03299557806580367,0.008833773681218501,0.0003167169479195009,37.27382057160139
1623,1872,0.12444165241687494,0.033130390026932854,0.0088230971191666,0.00030802911982760793,37.29392813332379
1624,1873,0.12438725534753595,0.033072473454665095,0.008823475659213592,0.00030800253007349257,37.316348515450954
1625,1874,0.12423364384210644,0.03319242732839155,0.008791653447270863,0.00031246820410062767,37.33748099207878
1626,1875,0.12409692043727796,0.033364600170882545,0.008759751161055297,0.00031348086558424424,37.35900947265327
1627,1876,0.12395276022204545,0.03327119691640407,0.008737008067876839,0.00033114826268729907,37.38208217173815
1628,1878,0.12388120343434324,0.0336295927053346,0.008698493946395117,0.00032666712650574706,37.41167668439448
1629,1879,0.1237335092482891,0.0335762649991082,0.008692419127832435,0.0003233052970856554,37.43346721678972
1630,1881,0.12367143340228084,0.03322614309764914,0.008722970483174105,0.0003215585472890652,37.462732926011086
1631,1882,0.12354841938222808,0.03340718743120646,0.008687268866476305,0.00032685432862585603,37.48481445200741
1632,1883,0.12346698002244613,0.033984615443180675,0.008625723964906157,0.0003225124930203898,37.506833923980594
1633,1884,0.12335829636651877,0.03389829967648809,0.00861937489066814,0.0003266247783349266,37.528773391619325
1634,1885,0.12323037454014099,0.03381763495332848,0.008618936435751227,0.00032233752293002433,37.55162797123194
1635,1886,0.1230850333844977,0.03373664313920109,0.008612159165658426,0.0003226798588712353,37.57289997115731
1636,1887,0.12303725534046467,0.03375079025460127,0.008607870115633187,0.00032077639295315173,37.59476405195892
1637,1888,0.12294650331796297,0.033546130500112174,0.008622308553016666,0.000317728728768414,37.61715457960963
1638,1889,0.12290912729505567,0.0336264792291143,0.008612185672334318,0.0003160791342598186,37.639864863827825
1639,1890,0.12287952401900462,0.03349977508817639,0.008622109638004785,0.00031586525507803717,37.66186298429966
1640,1891,0.12287494884591763,0.03334277003649683,0.008639776972099365,0.0003134409088427154,37.685913395136595
1641,1892,0.12286821653577326,0.03333814767432744,0.008639283190263181,0.00031372369588140216,37.708172453567386
1642,1893,0.12285871803818833,0.03340312152828007,0.00863394173548811,0.0003116179155027165,37.73020825535059
1643,1894,0.12285012309718127,0.03330073801051871,0.008644777347659722,0.0003101611610065347,37.75134449265897
1644,1895,0.12283609112699978,0.033281383598938306,0.00864793716193227,0.00030753359087387893,37.77309615910053
1645,1896,0.12282159867969217,0.03325289746580836,0.00865206766478967,0.0003048024565987109,37.79542085714638
1646,1897,0.12279847563989382,0.03328920844567482,0.008648152832243232,0.0003027738871786689,37.81744600832462
1647,1898,0.12277335689090892,0.0333188753780576,0.00864461037786264,0.00030083777342249237,37.839462883770466
1648,1899,0.12275240123441576,0.033387903342659044,0.008635386125183074,0.00030106366399259774,37.86166992597282
1649,1900,0.12273354972405597,0.03336949856625411,0.008638237067075394,0.0002981680487047914,37.88354086317122
1650,1901,0.12270624599748522,0.033453389139454684,0.008629593056877827,0.0002956926289252283,37.90565935149789
1651,1902,0.12267424458361176,0.03360968256429946,0.008613630885664202,0.0002928253162670255,37.927878584712744
1652,1903,0.12265130219213262,0.03382612936194001,0.008591825349352274,0.0002906919336669872,37.94966138340533
1653,1904,0.12263596210607274,0.033947853762875915,0.008579395767250808,0.00028941506706887363,37.97177129238844
1654,1905,0.12262474476997609,0.03402643196236035,0.008569303517644917,0.000290527763116659,37.99465279839933
1655,1906,0.12261730645456742,0.034027892029625834,0.008568242643245847,0.00029069879924830994,38.016721652820706
1656,1907,0.1226060628340426,0.034059011048163244,0.008561781434094093,0.0002929237444938425,38.0389846265316
1657,1908,0.12258779354358615,0.03396180973620466,0.008569490384782478,0.000293107995955671,38.061005268245935
1658,1909,0.12255912954273285,0.03396376961916099,0.008566891352984354,0.00029264463937283056,38.08306894637644
1659,1910,0.12247312852654565,0.03407988169531673,0.008551598944335501,0.0002877257387873918,38.10484103858471
1660,1911,0.12238887104866569,0.034202621519572055,0.008534772036943503,0.0002838529159658607,38.12805786728859
1661,1913,0.1223229982608002,0.03450591435688805,0.008504689762353706,0.00027701862803751075,38.158997628837824
1662,1914,0.12213228865303878,0.03482987531714894,0.008461072139204748,0.0002691691943842358,38.181203285232186
1663,1916,0.12207956404660567,0.03484180239972342,0.008451281475713604,0.00027249468897462125,38.212088814005256
1664,1918,0.12195008837957498,0.035042932917014914,0.008430027936505997,0.0002606876097500093,38.24226815067232
1665,1919,0.12184528084211567,0.03533193791821354,0.008399685213698863,0.00025164907869135064,38.26528463885188
1666,1921,0.12179836705280966,0.0350645734286347,0.00841926641053659,0.0002541129518809053,38.29555558413267
1667,1922,0.12179527765473706,0.034476039907754795,0.008465914833748022,0.0002660089409502058,38.317303167656064
1668,1923,0.12170604242894975,0.03450084203641674,0.008460491615115312,0.00026002842413798866,38.33948978967965
1669,1924,0.12156521488962035,0.03493815525106701,0.008408601655542223,0.00025410430831311246,38.36172344349325
1670,1925,0.12149776521370681,0.034717545319952005,0.008422044287897956,0.00025597770147752494,38.383846428245306
1671,1927,0.12139887381023465,0.03454040030238838,0.008432171909798256,0.00025367544098637147,38.413707971572876
1672,1928,0.12133845639463849,0.03456210847583505,0.008411492846504932,0.00026614194537541246,38.436015566810966
1673,1930,0.12129803541126839,0.03474687243150757,0.008393271078443315,0.0002618452195327673,38.465750992298126
1674,1931,0.12124279696538826,0.03477748098952024,0.008389373367297928,0.0002571582302888735,38.48793578892946
1675,1932,0.12118896657502368,0.035002375408841435,0.008364828747039199,0.00025383036957902437,38.509964207187295
1676,1933,0.12107918229198011,0.03537493790661757,0.0083132000993681,0.00025722433916815376,38.53178318589926
1677,1934,0.12106441490881968,0.035515886182105876,0.00829701410329196,0.0002578387693794199,38.554131507873535
1678,1935,0.12105665539331134,0.03551259030233119,0.008292671621666692,0.0002617348874313231,38.57699164375663
1679,1936,0.12101639802478598,0.035599621830728345,0.008281016251554928,0.0002606613678508349,38.59938592463732
1680,1937,0.12094775321626952,0.0356690196589275,0.008265556659369816,0.0002623166963643855,38.62213473953307
1681,1938,0.12084312197206759,0.035780482477725646,0.008241900508377701,0.00026436344105649367,38.64435084722936
1682,1939,0.12067409337876686,0.03579323096715383,0.008218592044381395,0.00026949419677990753,38.66659645549953
1683,1940,0.12050346317467678,0.03596257076592542,0.00818830579070343,0.0002657834501717069,38.68853019550443
1684,1941,0.1204308499453403,0.035800685201977156,0.00819250300085539,0.00027051347348092363,38.70954643189907
1685,1942,0.12034310129362014,0.035599631596235914,0.008203530891459435,0.00027081607827898855,38.73231842182577
1686,1944,0.12030186197773257,0.035424142248777,0.008215100359372854,0.0002726716135227042,38.76166105270386
1687,1945,0.12022903160901445,0.03548377815068646,0.00820632694806504,0.00026819839776775936,38.78443931788206
1688,1946,0.12007282139567861,0.03556120230287286,0.008189000846401898,0.0002621610628786775,38.807489424943924
1689,1947,0.11990467270085342,0.03575271417912609,0.008155154323768654,0.00026004152840407866,38.82989241555333
1690,1949,0.11985983208404413,0.03578016275077201,0.008149867547592903,0.00025809938573430845,38.85986337251961
1691,1950,0.1197969440947532,0.03598979212728297,0.008131110343046373,0.0002496048537006489,38.882034327834845
1692,1951,0.11974941471748207,0.03603393122403947,0.008124394090082854,0.0002471542592614055,38.90303146839142
1693,1952,0.11976617297245475,0.0358681840341273,0.008140873620601126,0.0002489252732316182,38.92498946003616
1694,1954,0.11978870472045088,0.035718422610178775,0.008160236942746186,0.0002467912682810231,38.95519382879138
1695,1955,0.11971162107939272,0.035748277988908325,0.008151864736011347,0.00024446957303709307,38.97789447940886
1696,1956,0.11965642728569119,0.03543289004008508,0.008181337036436965,0.00024101668812364667,39.0002630315721
1697,1957,0.11958104982618359,0.035391254272473124,0.008180699517017276,0.00023828003835376992,39.022199960425496
1698,1958,0.11947607166630306,0.03541619231720983,0.008169361279039259,0.00023662665587006408,39.04506799578667
1699,1959,0.1194043411573746,0.035410217582173525,0.008164398740540108,0.00023501361697999968,39.067310912534595
1700,1960,0.11924268752012525,0.03583110979052442,0.008103938366116248,0.00023721940684383544,39.089108627289534
1701,1962,0.11909607485524544,0.036089647557172574,0.008060588714549056,0.00024005401525823165,39.119526920840144
1702,1963,0.11906090274042919,0.036190303219207846,0.00805141202560488,0.0002356479265172534,39.141246600076556
1703,1964,0.11898347649592586,0.03622423853127279,0.008038466558995552,0.00023745723746975477,39.16357803158462
1704,1965,0.11877972369851306,0.03653598877579833,0.007983759012426674,0.00024061447984479858,39.18553839251399
1705,1966,0.11847969478705542,0.03658939564189466,0.007943805467021451,0.0002452244474946258,39.20755160599947
1706,1968,0.11816616843724809,0.036607043892307935,0.007911116353125443,0.0002447961013685721,39.23478089645505
1707,1969,0.11795560399842486,0.03655381381364152,0.007900934254542214,0.00023924476393612134,39.25675910152495
1708,1971,0.11787870823466001,0.03611655296723166,0.007930296423130801,0.00024591910361203436,39.286889772862196
1709,1972,0.11774493351130139,0.036040470999559635,0.007924179034147277,0.0002462672170268972,39.309062000364065
1710,1973,0.11759993630298116,0.03607832089030229,0.00790796127337846,0.00024420026788942616,39.330921940505505
1711,1974,0.11750710275752613,0.036509527878754694,0.007852502254972757,0.00024725523290438636,39.352972192689776
1712,1975,0.11735248291192198,0.03650093773831328,0.007846546023781589,0.00023860849357927973,39.37474212795496
1713,1976,0.11717101997510154,0.03682538988935948,0.007791036885639378,0.00024352612293482745,39.39777206070721
1714,1977,0.1171333207420589,0.03726117085347834,0.0077428095371856066,0.0002444054516724503,39.4200425054878
1715,1978,0.11709504502706435,0.03771737581851577,0.0076894834988491725,0.0002482834220056845,39.442280273884535
1716,1979,0.11702439277017311,0.03857328381001541,0.007602978443442127,0.00024213245257364375,39.463986452668905
1717,1980,0.11700207226838033,0.039350103141473705,0.0075220414908742615,0.0002431554218164012,39.48621520772576
1718,1981,0.11695053419872847,0.03984958256336337,0.007462370622452799,0.00024772454108371196,39.5083592440933
1719,1982,0.11694135095753251,0.03956468532256827,0.007494737924695249,0.00024292863880117423,39.530587723478675
1720,1983,0.11694245970475636,0.03986288114352871,0.00747094076344664,0.0002370170926761242,39.553237464278936
1721,1984,0.11680761987386118,0.03966026877009194,0.007481090988182617,0.00023364412219430806,39.57633635215461
1722,1985,0.11680634826014569,0.03979961288635191,0.007468110115685356,0.00023256342169402175,39.598739905282855
1723,1987,0.11655414163723352,0.039875784293714495,0.007437541367830122,0.00023029436652178019,39.6295684594661
1724,1989,0.1164349810639088,0.03980915668034864,0.0074343384176195,0.00022824402073651646,39.65978374890983
1725,1990,0.1163604649041347,0.03963578579427819,0.007448155974294156,0.00022431193669149448,39.68147104419768
1726,1991,0.11602997303337761,0.03890249194080547,0.007493354187884034,0.00021939392137318068,39.70456095598638
1727,1992,0.11580851709398318,0.03834147810527999,0.007522468776631463,0.00022423512223885628,39.72772730514407
1728,1993,0.11562498116190346,0.03813361656560432,0.007525753691052326,0.00022338276857758888,39.75015389174223
1729,1994,0.11540505966980225,0.03763423112614176,0.007547004503473518,0.00023007835089253114,39.771906699985266
1730,1995,0.11535490074594978,0.03711081493255248,0.007588971685418473,0.000235436895921258,39.79312066361308
1731,1996,0.11535820734041438,0.03738718395894005,0.007549043627865829,0.00024805871028160534,39.815036483109
1732,1997,0.11501402293396493,0.03773093636300056,0.00749054290930851,0.00023776574778792828,39.83789708465338
1733,1998,0.11500273784003195,0.037824459113038354,0.007482887791639762,0.00023494008105959686,39.8593514803797
1734,1999,0.11494011961514922,0.03805348894600575,0.007452668346256188,0.00023599472065815864,39.88311884179711
1735,2000,0.11487455104648427,0.03890594986340363,0.007365233987852261,0.00023162613045580392,39.905321983620524
1736,2001,0.11479325484105275,0.03940094501155944,0.007305277602214095,0.00023395338073523567,39.92645574733615
1737,2002,0.11472880019548136,0.03942768552407712,0.0072982679011218115,0.00023184356601861246,39.947526620700955
1738,2003,0.11453531488272839,0.039539467662694075,0.007268154662228536,0.00023143005977489488,39.97019581310451
1739,2005,0.11446981728099184,0.039523419198295495,0.007262179679409923,0.00023246012885971113,40.00061942823231
1740,2006,0.11435869514260555,0.03940868148422567,0.007260335531677262,0.00023466583416072745,40.02243278734386
1741,2007,0.11432919935219693,0.03956184946667128,0.007240308446956439,0.00023642654159612632,40.043788919225335
1742,2008,0.11421981845982221,0.03961312096519016,0.007225478517762014,0.0002351912317011908,40.065672282129526
1743,2009,0.1142177098229096,0.039823867657520225,0.007206558329911742,0.00023282588662719628,40.08654756657779
1744,2010,0.1142354256692431,0.03990501211671597,0.007201781870359586,0.0002312594848931282,40.10886174067855
1745,2011,0.11424040998752852,0.03988700371823687,0.007206968334996772,0.00022837229193239372,40.131021754816175
1746,2012,0.11421782767530204,0.03991507444479918,0.007200540339566618,0.00022973498348366868,40.15191498398781
1747,2013,0.11416519168294237,0.04000603935700029,0.007183819732007345,0.00023209550058686399,40.17392689175904
1748,2014,0.11414854249086108,0.0401276935375895,0.0071705793967185025,0.00023150549860865495,40.19685216061771
1749,2015,0.11412127473505301,0.04035151190261533,0.007147123571557645,0.0002298527116861223,40.21818741969764
1750,2016,0.11415188431252382,0.040575549639089145,0.007129963579418008,0.0002276698879254599,40.239832267165184
1751,2017,0.11417331638553621,0.041019588769202156,0.0070904349246861936,0.0002249378369472122,40.26241873577237
1752,2018,0.11431437547191453,0.041254849194888456,0.007081380985525596,0.00022457164217701113,40.28596537746489
1753,2019,0.11428578259437042,0.04158663266567616,0.007047089694075786,0.0002228252987936386,40.30820884741843
1754,2020,0.11429536776979415,0.0415584367797644,0.007048087205985657,0.00022560589301731806,40.330460365861654
1755,2021,0.11422514170313805,0.041306572970540946,0.007066020416500481,0.00022583645675922922,40.35134577937424
1756,2022,0.1139588077678419,0.04093328429425897,0.007076587124015415,0.00022596522334287635,40.373377088457346
1757,2023,0.11367510827550055,0.040877815870085606,0.007055060475534395,0.00022466876500710025,40.39444139227271
1758,2024,0.11333137812526627,0.04122402616825213,0.006989617814613752,0.00022111738108766108,40.416122341528535
1759,2026,0.11341320216160752,0.04139963347090761,0.006981517554599814,0.00021983931447017721,40.44745202548802
1760,2027,0.11335134676458516,0.04182152398451438,0.006926902909051128,0.0002260793689559516,40.46880066767335
1761,2028,0.1133766330957551,0.042626781421853964,0.006853869379175312,0.0002211157882148027,40.49039089679718
1762,2029,0.1131464067430546,0.042339197672810344,0.006853553616953134,0.0002271672900712901,40.51242224872112
1763,2030,0.11310624602631822,0.04226574453884659,0.006858022669923218,0.00022602747882394453,40.53470450080931
1764,2031,0.11306246883599116,0.04225346631203048,0.0068547472849370735,0.0002261529674589944,40.55606640316546
1765,2032,0.11308669850609447,0.04238895221562883,0.006847720942880539,0.00022205368616602544,40.577036602422595
1766,2033,0.1129525763785392,0.042731150279350066,0.006797912986415281,0.00022422962350363224,40.59976068139076
1767,2035,0.11308563433329255,0.0427903009938697,0.00680955281342949,0.00021998052051279632,40.629723623394966
1768,2036,0.11339077126564234,0.044147297765434995,0.006720872530611375,0.0002034748194093595,40.65195477195084
1769,2037,0.11285754070617446,0.04396929058702196,0.00667484870845821,0.000213976303457039,40.673983903601766
1770,2038,0.11227623223278141,0.04362266020478737,0.006644610259389222,0.00022074694341018273,40.696284741163254
1771,2039,0.11242633601804211,0.0438559199087945,0.006639644025302904,0.0002173975856218567,40.7189608681947
1772,2041,0.11217296141508905,0.0436618298905448,0.006636158519923177,0.00021495463253124784,40.749281369149685
1773,2042,0.11184988631758502,0.04361486869029415,0.00660360943289226,0.00021989232983682649,40.771324675530195
1774,2043,0.1116978101405991,0.04393601377149857,0.00655390912798489,0.00022227050892516183,40.79319275543094
1775,2044,0.11182113558103077,0.0445986495903063,0.006501408777328927,0.00022083982174352058,40.81561993248761
1776,2045,0.11205214914788825,0.04551913954399554,0.006436058160488063,0.0002172427999012073,40.83822126314044
1777,2046,0.1125826653474896,0.047038645191710304,0.006341499741956309,0.00021290227362162083,40.8605292532593
1778,2047,0.11228454997642058,0.04683480202236801,0.0063311377159158185,0.00021383707948943812,40.883432583883405
1779,2048,0.11238540129677273,0.04701636831998632,0.0063232601712246705,0.0002136431264539703,40.90636373125017
1780,2049,0.11244390964462073,0.04723291060725098,0.00630955453212223,0.000211545371614745,40.92882782034576
1781,2050,0.11240980691643312,0.04742598520357519,0.006287951155614707,0.00021043101567108698,40.94968248717487
1782,2051,0.11230716027920498,0.047436790922833726,0.0062784590462484965,0.00020857788938862798,40.971880588680506
1783,2052,0.11205426116117626,0.04709727161154017,0.00628865991225074,0.00020703904271286884,40.993605302646756
1784,2053,0.11172710573156185,0.0467427549081902,0.006290114035861081,0.00020832104647608413,41.01560112461448
1785,2054,0.11175262008822508,0.046706302759310966,0.006296413909034206,0.0002082178238572042,41.038782531395555
1786,2055,0.11158198336347984,0.04624628449242611,0.006321756123185104,0.00021181376392026866,41.0609166752547
1787,2056,0.11167062668723307,0.046568921974952,0.006300195211999122,0.00020997525922898536,41.08218806050718
1788,2057,0.11162238522438425,0.046624555036325885,0.006290608675570526,0.00020917434323530982,41.10386934876442
1789,2058,0.1115280577140072,0.046592376725307326,0.006284317538173977,0.00020925056069601026,41.126181369647384
1790,2059,0.11138784871250723,0.0465426356556679,0.0062736883801442715,0.0002108329255396611,41.147827468812466
1791,2060,0.11127235187942885,0.0463684562199229,0.006280208843048342,0.00021018072290225365,41.17022478021681
1792,2061,0.11109452136983264,0.04618589842141704,0.006281272565090875,0.0002095897297506848,41.1924220379442
1793,2062,0.11108958701321175,0.04602215139143818,0.006297726450174955,0.0002090171120024024,41.21435150876641
1794,2063,0.11099008120641374,0.04583938543031726,0.006308214208020954,0.00020685536958869335,41.23635809123516
1795,2064,0.11078208075036536,0.045753973160042545,0.006299533514989989,0.0002032772440422909,41.25850270874798
1796,2065,0.11041927976092464,0.0455958612305502,0.006285825178154692,0.0001965166748827534,41.28134381584823
1797,2066,0.10969431340847652,0.04504793196393769,0.006264129233517277,0.00020050891093660567,41.30348174460232
1798,2067,0.1090766541270642,0.04468704095432914,0.006243184948962765,0.00019577636831074124,41.32483907043934
1799,2068,0.1085915468600764,0.04420069400238736,0.0062365528971944795,0.0002025323885744246,41.34684938751161
1800,2069,0.10825543915994981,0.04375253862285345,0.006244124455334168,0.00020616559837546692,41.36846623569727
1801,2072,0.10717152317071796,0.043100456712979365,0.00618552460335909,0.00022158204241476897,41.410075483843684
1802,2073,0.10650884461182979,0.04603044267900898,0.005831449237090891,0.00021639095619118957,41.42977067269385
1803,2074,0.1063434357354594,0.04468650888099226,0.005942781161306648,0.00022291152414006645,41.45084088668227
1804,2076,0.10610613213719292,0.04433424795877534,0.005948733417808225,0.0002284550000335341,41.47913973592222
1805,2077,0.10597682090447486,0.04458355074567349,0.005917223665394126,0.00022210335048601057,41.50098056346178
1806,2078,0.10584756713661822,0.044667836022728384,0.005890634787666868,0.0002273383237221162,41.5229316521436
1807,2079,0.10561967883609287,0.04445858012551313,0.005877651690981142,0.00023845818007683185,41.54401701129973
1808,2080,0.10531520846464709,0.044514940877263695,0.005828878469471969,0.00025114828926637016,41.56509620323777
1809,2081,0.10514376528096567,0.04379734462917934,0.0058566697849124945,0.0002779722802661381,41.58707481622696
1810,2082,0.10465185413018224,0.04373537008378032,0.005816811205065659,0.000274837199574533,41.60815088264644
1811,2083,0.10446919761587378,0.042985280640742744,0.00587051980345205,0.00027787189406105404,41.629391584545374
1812,2084,0.10430016954794906,0.04219417301744769,0.005918569186029647,0.0002920304670204898,41.65052289143205
1813,2085,0.10422294635397518,0.04206027004558,0.005926433174222907,0.00028983445661661056,41.67234521917999
1814,2086,0.10411205566283926,0.041763768180366284,0.005942839151737647,0.00029198959650965096,41.69424022361636
1815,2087,0.10392678422684401,0.041519968141545134,0.005953179604185016,0.00028750200434487225,41.715638218447566
1816,2088,0.10373936779729045,0.04153787588876601,0.005941815168669479,0.0002783340221829668,41.73654852807522
1817,2090,0.10369083863485389,0.04132288084780155,0.005952977168352918,0.00028381861035231494,41.76643234491348
1818,2091,0.10362584664253564,0.04119416805772044,0.005955350287565775,0.00028781757091574496,41.78754412941635
1819,2092,0.1035306251584811,0.04157419322504336,0.005912512523950503,0.0002831306693932719,41.80935777910054
1820,2093,0.10349384690786465,0.04151755449933863,0.005911829592188685,0.0002857996486639166,41.83253685571253
1821,2094,0.10343856181801009,0.041354049799873324,0.005916312586943973,0.00029213861486970387,41.854528449475765
1822,2095,0.10339104778800473,0.041312878675463106,0.005916381362822791,0.00029143554843137225,41.87620325572789
1823,2096,0.1033297772451592,0.04153967186565203,0.005882260508490831,0.0002967500294598849,41.898686431348324
1824,2098,0.10334723016256285,0.041513106654274295,0.005883599866174833,0.0002998124846540224,41.92892248556018
1825,2099,0.103295059671202,0.04150029353759128,0.0058753477010645766,0.00030412891229649673,41.95103101246059
1826,2100,0.10326323082238428,0.04150679702657923,0.005867695484907301,0.00030794789467320454,41.972936913371086
1827,2101,0.10321420063366049,0.041687514238068275,0.0058428172554528795,0.00030985138410634144,41.99449639581144
1828,2102,0.10311244088311411,0.04195677351283231,0.005805561449731114,0.00031000528729706686,42.01643194258213
1829,2103,0.10303235920204598,0.042113168711309296,0.005787681786627584,0.00030423726244608397,42.03735172189772
1830,2104,0.1028429361417713,0.04249521918706422,0.005744591479462911,0.0002901802160077973,42.05831944383681
1831,2105,0.10279538397682458,0.04263767411289397,0.005725592660841673,0.0002901783255513885,42.08155105262995
1832,2106,0.10276839594006307,0.042754047994252656,0.005711060986293369,0.0002903738082876713,42.103665359318256
1833,2107,0.1027814011157012,0.04295350568901635,0.005688657768634246,0.0002941317740342375,42.12547003291547
1834,2108,0.10285519242320043,0.04286810812464545,0.005695641828689823,0.00030306660116567535,42.14735336787999
1835,2109,0.10279035485978016,0.042812363826563345,0.005698096083579933,0.00029970301974174926,42.169570652768016
1836,2110,0.1027166168066465,0.04300890168881515,0.005676783934970929,0.0002939875768122052,42.19240200333297
1837,2111,0.10266983694015436,0.04290505980060947,0.005680384961579317,0.0002960927523751725,42.21363989636302
1838,2112,0.10264080392164189,0.042708162587472356,0.00569321353831884,0.00030005059509811375,42.23570977523923
1839,2113,0.10259453441231531,0.04261261191766784,0.0056995403795133915,0.0002986518699513558,42.256811540573835
1840,2115,0.1025989848614009,0.04271563147330836,0.005690149355784043,0.00029818598302521057,42.28766014799476
1841,2116,0.10256330139876717,0.04282880269601589,0.005675724329887858,0.00029772554038726883,42.309917790815234
1842,2117,0.1025756048141788,0.04294027853181894,0.005661097908846429,0.0003024347193895558,42.330994848161936
1843,2118,0.10255337006645257,0.04304603024188523,0.005651758425646315,0.00029897555681041845,42.352672804147005
1844,2119,0.10251203368948182,0.04321172605570359,0.00563480057805759,0.00029523018532023263,42.37378920428455
1845,2120,0.10241624285795928,0.04339624610707373,0.005613812648986733,0.0002881870261018211,42.39685709774494
1846,2121,0.1023042818499979,0.04352002688821305,0.005599112390663448,0.0002793131055150375,42.418869875371456
1847,2122,0.10212054054023768,0.04334531793256364,0.005609516409124464,0.0002680058516429406,42.442057356238365
1848,2124,0.10204298603887477,0.043429213593085776,0.005600610214624298,0.0002607670299546015,42.473089331761
1849,2125,0.10193798523794136,0.0430592022734215,0.005624352151248401,0.0002635261452035846,42.49540936388075
1850,2126,0.10179492833359574,0.0421860241581645,0.005686452445556614,0.0002744379719865107,42.51723597943783
1851,2127,0.101749454041762,0.04198291594819872,0.005698888869484995,0.00027776493987133316,42.53944541886449
1852,2128,0.10169918693353244,0.04223216972857972,0.005676416303138535,0.00027028541735673824,42.56072011590004
1853,2129,0.1015136150274922,0.04229280239959061,0.005653526100213465,0.00026855516257669437,42.583210373297334
1854,2130,0.1013991984150231,0.04204838691916023,0.005664397985967601,0.0002706831636186869,42.60481772571802
1855,2131,0.10125306618168284,0.04169422568427969,0.005683100797391431,0.000272783252348885,42.625558599829674
1856,2132,0.10118652592106511,0.041692365835575194,0.005678764166078262,0.0002706518424707307,42.64788632839918
1857,2133,0.10106724321833727,0.041196550337948716,0.005712320706949525,0.00027474858108932976,42.670567674562335
1858,2134,0.10110551080590752,0.04108750345917251,0.005736519380505073,0.0002652813541684284,42.69356960058212
1859,2135,0.10099005591289387,0.04092858223393319,0.005732424506245283,0.00027372286165078453,42.716140784323215
1860,2137,0.10086873673689037,0.0408407309601173,0.005732703900436474,0.0002700966772408323,42.74770857580006
1861,2138,0.10077824041017908,0.04089692646978111,0.005721354892437264,0.0002667765016025329,42.770804496482015
1862,2139,0.10063691190443551,0.0411390280519449,0.005694406075067125,0.00025538231018193565,42.79289188422263
1863,2140,0.10056189069279298,0.04118232576448988,0.005683726895414914,0.00025422959741539447,42.81494642049074
1864,2141,0.10048856270319126,0.041210983924753294,0.0056739978307783125,0.0002537600470654839,42.83796635270119
1865,2142,0.1004711396536945,0.04122415354153077,0.0056703856510523735,0.0002543129601640003,42.85978759266436
1866,2143,0.10045329889986959,0.04115270746936843,0.005672688789246115,0.000257370353804001,42.882173627614975
1867,2144,0.10047428085044906,0.041104147664502,0.00567480247463049,0.00026221084396421543,42.90328953973949
1868,2145,0.10042464000879125,0.04116143297780658,0.005661276223917985,0.00026504447918048303,42.92539771646261
1869,2146,0.10041657440736994,0.04113634622260414,0.005663811986189876,0.00026421083228670393,42.94735595583916
1870,2147,0.1003996285087985,0.04115993964304103,0.00566018264902496,0.00026378623755078564,42.969255765900016
1871,2148,0.10038065424643085,0.04122021394845166,0.0056522740490599944,0.0002637699807379239,42.9911520332098
1872,2150,0.1003777658632832,0.041254948720397304,0.0056482250338424685,0.00026405668044612147,43.02153154462576
1873,2151,0.10036594218724823,0.0413016542925967,0.005638199560926101,0.0002682292285390528,43.04362212866545
1874,2152,0.10036615280776884,0.04138575587227383,0.005631253212826091,0.00026678648072340865,43.065834971144795
1875,2153,0.1003931630989803,0.04138290362238984,0.005629888904584017,0.0002711370430750295,43.08845635689795
1876,2154,0.10046219619918997,0.04147714007726228,0.005627675872698348,0.00027082973949442,43.11059489287436
1877,2155,0.10042535179289744,0.04144225948692574,0.0056229398786716185,0.00027536935192555047,43.13279187679291
1878,2156,0.10035833010311396,0.041534799945040085,0.005604740651258826,0.00027761236454856223,43.154808439314365
1879,2157,0.10028584393520168,0.0417279022308351,0.005579439381386715,0.0002763547890499436,43.176902974024415
1880,2158,0.10021505050319576,0.04194771798174268,0.005551538143183686,0.00027519510896162287,43.1980336047709
1881,2159,0.10019026693248236,0.04207308808326086,0.005536470257688239,0.0002752476272339106,43.21994335018098
1882,2160,0.10013137773795262,0.042138336362124114,0.005523372856510479,0.0002759312810723715,43.24115400202572
1883,2161,0.10014541813198068,0.0421699605114146,0.005522041986781013,0.0002755037752755951,43.26318465732038
1884,2162,0.10016396193469486,0.04214149444256416,0.005524681718830293,0.0002775650303827765,43.28506896086037
1885,2163,0.10015088241636594,0.042211865768916744,0.005516686069790108,0.000277215594954812,43.30722112394869
1886,2164,0.1001472044411663,0.04225082853308804,0.00550769313887021,0.0002819444519376162,43.330059580504894
1887,2165,0.10016086508517827,0.04268139811335115,0.00546732818290058,0.00028061851428213137,43.35240796767175
1888,2166,0.10010255415898875,0.04264706634556171,0.0054619352501651085,0.0002836135311775948,43.37336689606309
1889,2167,0.10011603407692257,0.04266549735368143,0.005460420379103743,0.0002846332932203726,43.395219495519996
1890,2168,0.10013067902075387,0.042829033484036834,0.005445586468091708,0.0002845780855799957,43.41738658584654
1891,2169,0.10014442832271044,0.04307595607857504,0.005422332298378144,0.0002845149260353958,43.43970220349729
1892,2170,0.10014843279282801,0.04320583329901773,0.0054068249352783255,0.0002874350141027024,43.45960699208081
1893,2171,0.1001763899500335,0.04337957871730924,0.005388608079570546,0.0002910730437018788,43.4807991925627
1894,2172,0.10017086371351208,0.043430932566915825,0.00538000849044228,0.0002939846242173453,43.50288412347436
1895,2173,0.1002185588486261,0.043592783399412464,0.005363109007590183,0.00029946853733117993,43.525433119386435
1896,2174,0.10016754033964478,0.04345530416900898,0.00537131355951375,0.0002999100575498297,43.54853002168238
1897,2175,0.1001477195900678,0.043517055185063415,0.005363945448113862,0.00029912099238657623,43.570720724761486
1898,2177,0.10013325549065993,0.04356199719315538,0.005357974355326758,0.00029915147442369705,43.60102711990476
1899,2179,0.10013088252466276,0.04353970822341434,0.005358905508342418,0.00030021192178242517,43.63088979572058
1900,2181,0.10012195491059551,0.043497110664881586,0.005359487250995155,0.0003029971735762381,43.66100320406258
1901,2182,0.10010699277777771,0.04345995868020354,0.005361904169651132,0.0003027992401062839,43.68393619172275
1902,2183,0.10006905994916883,0.04336555548499616,0.005369972175462923,0.00030037827095434383,43.705963648855686
1903,2184,0.10001290869464777,0.04314345615009641,0.005392200552400455,0.0002947447020546797,43.72819483280182
1904,2185,0.10005546775497803,0.04297640616290717,0.005413823646729727,0.0002940825124773595,43.750480484217405
1905,2187,0.09992796317310133,0.042523733960445495,0.00545502108351421,0.0002854018377513735,43.781142715364695
1906,2188,0.0998710740252609,0.04275075442705963,0.005428293308761054,0.0002837386510590726,43.80347736924887
1907,2189,0.09977490287595389,0.04290060501634359,0.005403170181611413,0.0002842596043496182,43.82538179680705
1908,2190,0.09971643397524593,0.043134994380370356,0.005376756854933719,0.000281387104553839,43.84723367355764
1909,2192,0.09961549457040997,0.0431900736009777,0.0053625836353283374,0.000279958461614889,43.87746824324131
1910,2193,0.09955815555241312,0.043249403588570955,0.00534867995387696,0.000282195242507258,43.899530686438084
1911,2194,0.0995201266047464,0.0438288283928125,0.005298649371946492,0.00027048044924690023,43.92150327377021
1912,2195,0.09950190970559206,0.043549890341335926,0.005323243803355144,0.00027195813307046945,43.943641390651464
1913,2196,0.09944590375715096,0.0435291039616194,0.005320000714230347,0.0002716792653228091,43.964928440749645
1914,2197,0.09941914522782101,0.0436199913511824,0.005308704585726817,0.0002712108019370437,43.98697553575039
1915,2198,0.09938990175685984,0.04382616655932614,0.005286320270001835,0.0002700532497515351,44.00962096452713
1916,2200,0.09941150258256119,0.0439915000270622,0.0052748243252918985,0.00026717593025800044,44.039916422218084
1917,2201,0.099378737325646,0.044181429007592005,0.005255382011031206,0.00026434882077419354,44.06270263530314
1918,2202,0.09939472924100684,0.044233390668035506,0.00525102645659637,0.00026510740070076385,44.085000328719616
1919,2203,0.09937496293957285,0.044229780367135825,0.00524966312322998,0.00026485513401372285,44.10678923688829
1920,2204,0.09938878626428183,0.04429684660415524,0.0052424806162579005,0.0002667133497547584,44.129263235256076
1921,2205,0.09930084918289664,0.044232377882013965,0.005240608402145278,0.0002662387279429897,44.1513698566705
1922,2206,0.09924047898135685,0.044182882485026366,0.005239843634120217,0.00026591601551283157,44.173121616244316
1923,2207,0.0991332092122875,0.04397687839949534,0.005254294739579021,0.0002613383417001955,44.19522102922201
1924,2209,0.09914858808551616,0.044049878234185054,0.005250003430778815,0.00025986755435429565,44.22608672827482
1925,2210,0.09912040300745659,0.04397096738311037,0.005252434356777558,0.0002625092056570635,44.24748149514198
1926,2212,0.09908653950342991,0.043885499908439804,0.0052585440907209555,0.00026155986877805483,44.27764060162008
1927,2213,0.09908335371637683,0.04384628120263196,0.005261713746886257,0.0002619935044882296,44.30038114450872
1928,2214,0.09907674426036658,0.0439293186817123,0.005252087069885211,0.0002626554879802162,44.3234177082777
1929,2215,0.0990534196689081,0.043896227641801885,0.005252179120148789,0.00026354008256183274,44.34565788321197
1930,2216,0.0990288379284904,0.04390761899486645,0.005248767445059286,0.0002633544483031101,44.36670650728047
1931,2217,0.09900920663913104,0.043968618686929986,0.005241983606345002,0.0002620751888751033,44.388674195855856
1932,2218,0.098972443451987,0.044106947532927654,0.005226903786187653,0.00025964580571828145,44.41075234487653
1933,2219,0.09895424999142577,0.04427647140306551,0.005215900269946224,0.00025187758888980277,44.4334890563041
1934,2220,0.09887592586436982,0.044397808649181976,0.0052042554393819645,0.0002435562821368189,44.45592149719596
1935,2221,0.0988000900657133,0.04434777793199348,0.005205553924027401,0.00023967728934458108,44.47704993188381
1936,2223,0.0988328894810326,0.04453049158805419,0.00519378830116214,0.0002364514881357007,44.5071013327688
1937,2224,0.09869757165365217,0.04435575127579462,0.0051939536058007545,0.0002402284319850004,44.52989115938544
1938,2225,0.09859187641047798,0.044315405873287375,0.00518125907553873,0.00024638797818033126,44.55210253223777
1939,2226,0.0985267778131701,0.04414177127273176,0.0051910933961104855,0.00024740725793334905,44.57498044334352
1940,2227,0.09858445717190846,0.04450641109688622,0.005158842805072072,0.0002489618024301524,44.59698458015919
1941,2228,0.09846096418365863,0.044540582640792525,0.005140810094765467,0.00025122805952114207,44.618389908224344
1942,2229,0.09845547524312062,0.044837382791785195,0.0051238366749837665,0.0002379725701497759,44.64035925641656
1943,2230,0.09826001689274919,0.044801589493074945,0.0051143665525866105,0.00023147618738081395,44.6623216047883
1944,2231,0.0980931977801196,0.04476672422301991,0.005099836068060623,0.00023281128764934535,44.68425565585494
1945,2232,0.09782441420679008,0.044725881081357874,0.005077483854438282,0.00023236945810493908,44.70618338510394
1946,2234,0.09775746991156449,0.04476700454884961,0.005072456459727022,0.00022659007654446593,44.736503003165126
1947,2236,0.09735627731562815,0.04415065225166459,0.005087267191926113,0.00023329531447024355,44.76666892878711
1948,2238,0.097329516364766,0.0442253418183761,0.005083840415673714,0.00022657703896527705,44.796723971143365
1949,2240,0.09692716027632711,0.043510222210793544,0.0051072240527080415,0.00023446975384531514,44.826743407174945
1950,2241,0.09654413309487053,0.042702947353522376,0.005148785428751933,0.00023533314538288206,44.84845440275967
1951,2242,0.09657316332018123,0.043063574855800674,0.005123202246870132,0.0002277565995679237,44.87060210481286
1952,2243,0.09649442773836109,0.04276917301070083,0.005137565770134755,0.00023495970263127028,44.89291508868337
1953,2244,0.09637859819086042,0.042589597864367175,0.005142803001379672,0.000236097031269652,44.91473761945963
1954,2245,0.09618059114363561,0.042239383227440884,0.005150647940132225,0.00024347285148724885,44.93696273677051
1955,2247,0.09618082563029087,0.042494865041020534,0.005130196304244836,0.00023839975468219882,44.96704313158989
1956,2248,0.09601043745751046,0.042393733561862004,0.005112054788399097,0.00024961560116574865,44.98994076810777
1957,2249,0.09600465326767078,0.04244949582375596,0.005102303287971197,0.0002532124564202849,45.01236050017178
1958,2250,0.09602018517910887,0.04281840201567765,0.005073390033334301,0.00024678828300882217,45.035001983866096
1959,2251,0.0959527161288502,0.04242158292070997,0.005100699349847429,0.000252413970966593,45.058080192655325
1960,2252,0.09591356108628292,0.04242400416433357,0.005094891311618407,0.0002540643805765274,45.079291312024
1961,2253,0.09594703504878876,0.04264423163921565,0.005077575761073834,0.00025270457988347796,45.10110095143318
1962,2254,0.09598149324042797,0.04271952763026454,0.005078174340468301,0.0002480222205480422,45.12360563315451
1963,2255,0.09590666853238994,0.042593598993113164,0.005079915212452215,0.00025139174147546307,45.14569962397218
1964,2256,0.09585819425071254,0.04273868889204168,0.005068213676093343,0.0002437368597737423,45.16836461983621
1965,2258,0.09567314830885107,0.04240982812263475,0.005081743675801867,0.0002445883428197655,45.19866684824228
1966,2259,0.09554728462850232,0.04255350364191701,0.005060562582468071,0.0002388155161904589,45.22136374376714
1967,2260,0.09515265164829934,0.041726123755753346,0.00510507460530361,0.00023757818395098902,45.24371458776295
1968,2262,0.0950226608325425,0.04176650739302795,0.005094795673509998,0.00023081967044145737,45.27455480955541
1969,2263,0.09464950979984685,0.041221359169247275,0.005117258665928198,0.00022555639713175957,45.2976043894887
1970,2264,0.09457927675183633,0.040868012741651784,0.005150982609200499,0.00022014379181795572,45.318985940888524
1971,2265,0.09430133839269048,0.04004231666119149,0.0052050686938442565,0.0002208334793056416,45.34167745523155
1972,2266,0.09422608889597006,0.040136829465954045,0.005189243118699553,0.00021968282430204748,45.364030754193664
1973,2267,0.09413415572670754,0.04008133281051283,0.0051827985795542125,0.00022248371206525828,45.38605170510709
1974,2268,0.09399933679048805,0.03978639101453295,0.005192011430820738,0.0002292831467747733,45.40807197801769
1975,2269,0.09388457520184668,0.039586133263928076,0.005202725877228462,0.0002271183165633983,45.43006270006299
1976,2270,0.09372103389864264,0.03935205699555754,0.005208829395529774,0.00022806829477873644,45.45124151930213
1977,2271,0.09363922880504388,0.03929515982160795,0.005207633918172945,0.0002267729801706487,45.474026478827
1978,2272,0.09361178620887306,0.03929215669586717,0.005210216205772269,0.0002217467455283194,45.49707975797355
1979,2273,0.09364872134023372,0.039159175664469754,0.005228996247484541,0.000219958320091856,45.51855260878801
1980,2274,0.09360821527544043,0.03904917640378903,0.005237560930000386,0.00021834295716475442,45.54048081487417
1981,2275,0.09358860996730699,0.03903275177656496,0.00524098183788509,0.00021460398118911287,45.561704920604825
1982,2277,0.0935207962267698,0.0388252584344553,0.005254121505984623,0.0002154322732468275,45.591467417776585
1983,2278,0.0934911137642402,0.03907726346495948,0.005226197420783715,0.00021518760914435669,45.61361216567457
1984,2279,0.09343084821494937,0.03931381459762191,0.0051961303637324445,0.00021557299800030133,45.63472190126777
1985,2280,0.09331476048644993,0.03987750558334955,0.005126570037842077,0.00021715545246796028,45.65663986466825
1986,2282,0.09324189307071856,0.03994331386892166,0.005112418650680245,0.00021743926949944635,45.68687293678522
1987,2283,0.09320315011714073,0.03995859540374697,0.005112276823181151,0.00021217864815822405,45.70957461185753
1988,2284,0.09314408982962022,0.03984730325655798,0.005116455056335843,0.0002132236009703811,45.73257085867226
1989,2285,0.09311213788970482,0.03981711055606917,0.005113876366801107,0.0002156263665624589,45.7550021559
1990,2286,0.0931029222918149,0.03990716297079549,0.005102489447782647,0.0002170864843192943,45.777777003124356
1991,2287,0.09307673445947943,0.03987036515735765,0.005101946695730609,0.00021869023448156942,45.79995557665825
1992,2288,0.0930846248241222,0.03992069518434694,0.005097238887618025,0.00021915407635950194,45.822090692818165
1993,2289,0.09305686467744578,0.0399905203385323,0.005089909787739926,0.00021672464615142252,45.843977300450206
1994,2291,0.09308867503743509,0.04005471509066452,0.005087287759717195,0.00021610823495986207,45.87343014776707
1995,2292,0.09312204831713938,0.04002933584420783,0.005091816441731428,0.0002174548055617282,45.89447916671634
1996,2293,0.09313034637958381,0.04007122508902473,0.005088444646990218,0.00021746748206569178,45.91637274809182
1997,2294,0.09314096669738872,0.04012198084528916,0.005084125812430973,0.00021777277277898292,45.93899207189679
1998,2295,0.09317186458104315,0.040327536884352616,0.005068699716234316,0.0002157330534347376,45.962069891393185
1999,2297,0.0931623708461913,0.040427070894290935,0.005059247340224612,0.0002142826549654253,45.991468999534845
2000,2298,0.0931513951638978,0.0405832622967986,0.005043336644349826,0.00021347664236009316,46.013543508946896
2001,2303,0.09312155102266043,0.04079259232449239,0.0050203767492060436,0.00021251912061076073,46.07072438672185
2002,2304,0.09305456781945201,0.041001729349075054,0.004994087484712234,0.0002111963623254611,46.092472702264786
2003,2306,0.09299053104471632,0.0413611672428811,0.004952628703331064,0.0002103076768524571,46.12151505239308
2004,2307,0.09283971368419847,0.04141074769028335,0.0049294022740482505,0.00021349432534326245,46.14297698996961
2005,2308,0.09274907857698761,0.04110218882181719,0.004946927422866114,0.00021776155265092732,46.164751367643476
2006,2310,0.09269587365602777,0.041217466746261755,0.004929877999394693,0.00021796269158190973,46.19360246323049
2007,2311,0.09266694285951134,0.04118458395017417,0.004934217420339626,0.0002140184705940904,46.21577496081591
2008,2312,0.09260466274294069,0.04125448386529323,0.004922011584529958,0.000213006303234788,46.23707892000675
2009,2313,0.09256371607834862,0.04138334290643152,0.0049053123537653575,0.00021272496342635217,46.25890386477113
2010,2314,0.09249180306297053,0.041583591429527764,0.004879106052692031,0.00021171511065224593,46.27926987223327
2011,2315,0.09238039941043194,0.0417306307111711,0.004853240691599247,0.00021173617832683818,46.30034205131233
2012,2316,0.09229158170170146,0.041804258693641655,0.0048455241247463456,0.00020320817605963483,46.32226960361004
2013,2317,0.09222707970874477,0.04173895615488767,0.004840121410157962,0.00020869094522774764,46.34425066411495
2014,2318,0.09220345544426434,0.04137629294827815,0.004868003619867618,0.00021471262973099946,46.367137264460325
2015,2319,0.09215789459582499,0.0412680158007075,0.004872072466666015,0.00021691541284573368,46.388342808932066
2016,2320,0.09208280545074897,0.041125618162507885,0.004878990292784227,0.0002167284360398817,46.41056760959327
2017,2321,0.09203399836042528,0.040772953761865356,0.004898942322781879,0.00022716213707411323,46.4332169033587
2018,2322,0.09193824584480009,0.04081437376664205,0.004891036868899879,0.0002213503389159249,46.45545372739434
2019,2323,0.09183696969121127,0.04074520351000039,0.00489446846563642,0.00021470815248466783,46.478326719254255
2020,2324,0.09179711286173498,0.040466155432392466,0.004915276954676195,0.00021781878825805642,46.500750828534365
2021,2325,0.09174398613954383,0.04011701705378708,0.004939764091093495,0.00022293281748218097,46.522950407117605
2022,2326,0.09169700901093658,0.03992590232894189,0.004951795749177212,0.00022531491902225728,46.54390701651573
2023,2327,0.09158782278356223,0.039939944795010944,0.004942815180635801,0.00022197261821932794,46.56669110804796
2024,2328,0.09152481212065809,0.039857888075354495,0.0049491369957556895,0.0002175554087746699,46.588617112487555
2025,2329,0.0915339272319803,0.039860185663228756,0.004948939670447721,0.00021843448642743323,46.61065037921071
2026,2330,0.09147542208930676,0.039796711184552545,0.004953373749353659,0.00021449734112176272,46.63263981230557
2027,2332,0.09146458784201728,0.039738539689142365,0.004957299737365701,0.00021530507792179106,46.662980519235134
2028,2333,0.09146332010124272,0.03959481607261987,0.0049682388156063045,0.00021861158725597983,46.68493976816535
2029,2334,0.0914513508673587,0.03953056028448044,0.004971843158092427,0.0002202359001953995,46.70693262480199
2030,2335,0.0914646832971299,0.03932389330177328,0.004989381071493227,0.000224697928042434,46.730017783120275
2031,2336,0.09142830607336566,0.03938621374713522,0.004982081817409577,0.00022212741521346853,46.75138562358916
2032,2337,0.09141579122704037,0.03941035614631631,0.004980261518266155,0.00022028198980625084,46.77354856953025
2033,2338,0.09140299985720093,0.03940241397352429,0.004979733962028511,0.00022032462633915384,46.79521117173135
2034,2339,0.09139037994815147,0.03943036036806862,0.00497656671703907,0.00021943524096921531,46.817312540486455
2035,2340,0.09138620279026899,0.03939977406609762,0.00497884296819184,0.00021979990422529684,46.839617900550365
2036,2341,0.0913921541148284,0.03928501158552595,0.004989115234130568,0.00022159901879967777,46.861174281686544
2037,2342,0.09138513736021675,0.039273530546262266,0.004989959977812026,0.0002212007035834221,46.883762653917074
2038,2343,0.0913738547326621,0.039274865457051236,0.004989884153669553,0.0002200147738915333,46.90529718250036
2039,2344,0.09136101273097005,0.039347016874304926,0.004982916180176843,0.00021848340548966984,46.92847785167396
2040,2345,0.09135281495237761,0.03943534071824246,0.004973294250677787,0.00021845317273572854,46.950643092393875
2041,2347,0.09134937912940537,0.03954286276066605,0.004962740028067838,0.00021791160880609334,46.98086008615792
2042,2348,0.09135457519348043,0.039635939080277786,0.004954907450935905,0.0002169561603843598,47.00284682773054
2043,2350,0.09134719717612355,0.03968147627507231,0.004949939974815128,0.0002166321152899948,47.033715737983584
2044,2351,0.09134361238408671,0.03968554665354045,0.0049479401352675555,0.00021786643778707064,47.056744987145066
2045,2352,0.09133298175349364,0.03974889626301857,0.004937455455459079,0.00022095309358842772,47.07921738550067
2046,2353,0.09132834014496893,0.03974098142457109,0.004937712146118241,0.00022102372592154395,47.10016173310578
2047,2354,0.09131195420351075,0.039770137366437516,0.00493542391825465,0.0002187577654526738,47.12285114452243
2048,2355,0.09127779050794964,0.039840475267384545,0.004924373212128796,0.00021935831192771284,47.1458431314677
2049,2356,0.09119909372443759,0.03995011697820509,0.004906050354382855,0.00021884732024039484,47.168216079473495
2050,2357,0.09107149491858774,0.03990239066900411,0.004896265943372686,0.0002206444815856774,47.18957028910518
2051,2359,0.09101593134993682,0.03991639837687411,0.004889036143358042,0.00022091715394822938,47.22112645953894
2052,2361,0.0908875848874824,0.03979412933380173,0.004889541273739194,0.000219804281628873,47.251210356131196
2053,2362,0.0906876877978603,0.03877385461471901,0.0049671252523905965,0.00022425806592353304,47.27337594330311
2054,2364,0.09061958600470978,0.03865615833513016,0.004970268167805953,0.00022607459915200803,47.303521575406194
2055,2366,0.0904769104860054,0.03858238866854236,0.004968725071878354,0.00022072710986794958,47.333730552345514
2056,2367,0.09035541977471305,0.03853252436412426,0.004962969719435153,0.00021931982162372602,47.35557205602527
2057,2368,0.09022846546378462,0.038247467584659744,0.004980138325607624,0.0002179614623048639,47.37787221930921
2058,2370,0.09011332994785587,0.038088626085030594,0.004984340279749342,0.0002181301065331862,47.408915780484676
2059,2371,0.0898657525310537,0.03744984948494908,0.005020842144676975,0.00022074815993348596,47.43065704405308
2060,2373,0.08978621550449484,0.037157864670042645,0.005040865102027578,0.00022196998141764125,47.45989508368075
2061,2375,0.08949533419306152,0.03718074381462203,0.00501144183445207,0.00022001720339187992,47.48867844417691
2062,2377,0.08935083830528792,0.03731008650082608,0.004983200872091467,0.00022087430835471643,47.519009087234735
2063,2379,0.08922524427927614,0.037418012367813266,0.004966050600227239,0.00021467259091904824,47.5491438806057
2064,2381,0.08911392985718741,0.03742544055782372,0.0049634683611567455,0.00020538056877962416,47.57822494395077
2065,2383,0.08906925771552027,0.03731124938863229,0.004971527154282734,0.00020427367840606382,47.60826962068677
2066,2385,0.08904716461794285,0.03721957973557054,0.004977150350172645,0.00020560813806458567,47.63742759078741
2067,2387,0.08901887796230389,0.03706093630171753,0.00498668561335088,0.00020910855270775527,47.667286304757
2068,2388,0.08901448870007292,0.037061476547822554,0.004982580493768901,0.00021272072145613554,47.68939791060984
2069,2390,0.08893830884223107,0.03709398292228477,0.004973143592758165,0.00021128899923646526,47.718600172549486
2070,2392,0.08885644765130443,0.036955824982908524,0.004982649543831029,0.00020741272300856125,47.74848874844611
2071,2393,0.08882174571873849,0.0368975688255201,0.004987572238744574,0.00020484545057726462,47.77065293863416
2072,2394,0.08876382520549836,0.03676538186413159,0.004996086301694895,0.00020375803244178137,47.79340281151235
2073,2395,0.08860887663548904,0.03668560481771999,0.004991735380142586,0.00020059180163431813,47.815773917362094
2074,2397,0.08860881676762078,0.0364961898442656,0.005011368114301859,0.0001998945780336585,47.84661231562495
2075,2398,0.08855938350035164,0.036549639126773927,0.005003087830884807,0.0001978866064729642,47.86958969198167
2076,2400,0.08849260576342027,0.0366174675759113,0.0049922671145022565,0.00019524670424864157,47.89996478892863
2077,2401,0.0884895514192939,0.036521923936128096,0.005002895856685348,0.00019386689163123304,47.921610463410616
2078,2402,0.08845932634634934,0.036445865957869604,0.005005470510078611,0.00019587552876936323,47.94469119422138
2079,2404,0.08844087119368349,0.03650939788538183,0.004998207696427162,0.00019493963440300372,47.976257272064686
2080,2405,0.08840251006485825,0.03646406316879298,0.004999725464922829,0.00019411922468369768,47.998964320868254
2081,2406,0.08836210400194125,0.036404830013120844,0.005002599024004928,0.0001931283748771131,48.0211443528533
2082,2408,0.08836555065944537,0.0364690349057584,0.00499760673528955,0.00019204484007914822,48.05118904821575
2083,2409,0.0883292517744444,0.03639845611114537,0.0050001593652407705,0.00019292020108913174,48.0732914339751
2084,2410,0.08830456268710553,0.03634589568903046,0.005001768497280846,0.0001940982025266608,48.09620516747236
2085,2411,0.08827526166318071,0.03635506887100997,0.004997789533829752,0.00019422974538732188,48.11852010525763
2086,2412,0.08824893909120894,0.036374497701637316,0.004994698521449029,0.0001927456175081341,48.13957077637315
2087,2413,0.08822721514648851,0.036527784629500744,0.004979400064625369,0.00019054298707340726,48.160374911502004
2088,2414,0.08818663900948466,0.03651034006630546,0.004978938170396269,0.0001886917239216513,48.183268846943974
2089,2415,0.08813347030429153,0.03643112348579409,0.004979110536133414,0.00019112414571633,48.205741288140416
2090,2416,0.08808499800509764,0.036448800281357226,0.00497119953411879,0.00019242023825525144,48.2276822719723
2091,2417,0.0880619536260884,0.03658174811546528,0.004955830121702528,0.00019219042935978385,48.24972993135452
2092,2418,0.08805359434352764,0.03666353321064196,0.004947562366460509,0.00019144374682805826,48.270933639258146
2093,2419,0.08802938890096328,0.03674159176263207,0.004939818428207926,0.00018896128562519453,48.29263295605779
2094,2420,0.08797954914906086,0.036864482302088705,0.004924259049258169,0.0001872476354390468,48.31478190422058
2095,2421,0.08796793714375392,0.03682297521510363,0.004930494619261082,0.00018400157360394748,48.337164958938956
2096,2422,0.08789715754804028,0.03676942270488835,0.004929512831634104,0.00018326065268108816,48.359818240627646
2097,2423,0.08784613834122167,0.0368552594033384,0.004915477611729157,0.0001836102820591704,48.38180433958769
2098,2424,0.08781343685484524,0.036907055713152614,0.004907548187382409,0.00018308992678685277,48.4039901252836
2099,2425,0.08779652699330893,0.03687458514379028,0.004909594324057961,0.00018259986089390464,48.42614455148578
2100,2426,0.08779106227726086,0.0368139902254319,0.004914667094387468,0.00018304011079542883,48.448271965608
2101,2427,0.08778459630028397,0.03681130076439224,0.004916365848926775,0.00018096370466239812,48.46931887418032
2102,2428,0.08777079133707005,0.036848408606153654,0.0049111321434537995,0.00018110612963783993,48.49100869521499
2103,2429,0.08775832786238776,0.03691799588097566,0.0049032627558250825,0.00018077044231612713,48.51327420398593
2104,2430,0.08774936357113725,0.03693338303168667,0.004900729583012722,0.00018086847093233655,48.535612331703305
2105,2431,0.08774563673151281,0.036929770216663264,0.004900640819730315,0.00018094583175463854,48.558185916393995
2106,2432,0.08774220361825015,0.03688876082665489,0.0049037937646661455,0.0001815505144933801,48.58131598867476
2107,2433,0.08774108268014955,0.036848708441345246,0.004907401275090137,0.00018183614879029305,48.603269055485725
2108,2434,0.08773769797665584,0.03672733915428217,0.004918859546896569,0.0001821763353407988,48.62633588351309
2109,2436,0.08772993570525495,0.03674473699440882,0.0049151258670490135,0.00018339400403559838,48.65647627040744
2110,2437,0.0877219682512316,0.036817829636308114,0.004908069390886654,0.000182344470605695,48.679539335891604
2111,2438,0.08771959377750553,0.03683436511779556,0.004907847846614731,0.00018067501935626641,48.70177864469588
2112,2439,0.08769774046156588,0.03693574510067181,0.004895393493063397,0.00018080604302600972,48.72400109656155
2113,2440,0.08768325268268529,0.03690617893029408,0.0048975039044176615,0.0001802034708214584,48.74496911279857
2114,2442,0.0876525317207262,0.0369153254830372,0.004894431358913745,0.00017928926485515632,48.77488658390939
2115,2443,0.08763672771535436,0.03686438036498887,0.004893940796381467,0.0001832939386550808,48.79706924036145
2116,2445,0.08762489292655118,0.036825356811450514,0.004894269883395535,0.00018568372811453,48.82602874748409
2117,2446,0.0876122519760808,0.036859856257192014,0.004890355453022724,0.0001848841188661539,48.848281152546406
2118,2447,0.0875836929216817,0.03690934382299133,0.004884056774139972,0.00018337813572906448,48.87093041278422
2119,2448,0.08756463012802063,0.03689854749584623,0.0048819678194612515,0.0001846404437561895,48.89239660464227
2120,2449,0.08750996424475498,0.03689538752708669,0.004877250944736856,0.00018420672702997265,48.91421692073345
2121,2451,0.08748565700336096,0.03678130882794306,0.004883623907608806,0.00018681090993298425,48.944387689232826
2122,2452,0.08745586533060917,0.03663918186668545,0.004892310471878297,0.000189357874514075,48.965471383184195
2123,2453,0.08745600068096816,0.03618307670585784,0.004933354706677365,0.0001939376908336678,48.98672932758927
2124,2455,0.08738324479817036,0.03614897037141998,0.004930410076554455,0.0001930173661205831,49.01637410745025
2125,2456,0.08732227064214355,0.03616349608085519,0.0049230067564325405,0.00019287069969629563,49.038387728855014
2126,2457,0.08722495220406587,0.03614347042520066,0.004919132556737288,0.00018901562114923242,49.06078574992716
2127,2458,0.08719544917494468,0.03592756402595738,0.004938955242796897,0.00018783327210183292,49.082420168444514
2128,2459,0.0871642745949247,0.035747231908350975,0.004954175819148959,0.00018752844950841385,49.104683792218566
2129,2460,0.08714332183319325,0.03567962427977655,0.004961886995478513,0.0001844827598631559,49.126694379374385
2130,2461,0.08709908253565729,0.03570478265471028,0.004958460991537387,0.00018096899655731274,49.14892491325736
2131,2462,0.08708670953901679,0.035711705496127524,0.004955200452014525,0.00018229995227440166,49.17068179510534
2132,2463,0.08707751103127409,0.03565637896722675,0.00496031868335709,0.00018179452304764278,49.19370873272419
2133,2464,0.0870699660501846,0.0356381563147909,0.004962660035952064,0.0001805209375873066,49.21674282476306
2134,2465,0.0870593690845709,0.03560989871033049,0.004964569973050038,0.00018037706437400283,49.238948529586196
2135,2466,0.08704753059045173,0.035494135697354795,0.004973805861162724,0.0001815336281469688,49.26105917803943
2136,2468,0.08704394999753529,0.03550003003493034,0.004972162508721303,0.00018222948753919086,49.29142108000815
2137,2469,0.08703717209506298,0.03548494107909214,0.004973098958264469,0.00018212414333261512,49.31236241571605
2138,2470,0.08702245952045082,0.03548131902347288,0.004970616880289158,0.0001834971694086365,49.33440458215773
2139,2471,0.08699659125310522,0.035501352049341364,0.0049659457135689655,0.00018357820680741903,49.356276623904705
2140,2472,0.08696742761702425,0.03557298120084705,0.004955924311910974,0.00018352032970674515,49.37640064023435
2141,2473,0.08693728603588682,0.03571580613439473,0.004944547478525029,0.00017760051162418012,49.3984544146806
2142,2474,0.08690120207524707,0.03584440324303478,0.004929631820203645,0.00017604806301758444,49.42119264788926
2143,2475,0.0868900498905516,0.03580152713606985,0.0049311765453586955,0.00017767573008948046,49.44359248876572
2144,2476,0.08684199047890875,0.03570452714044554,0.004938454055260388,0.00017529227858593336,49.46562784537673
2145,2477,0.08681678465004503,0.03568331168772791,0.004937446215548612,0.0001759010806830986,49.48760201409459
2146,2478,0.08677471382477307,0.03565951945881055,0.00493583702386078,0.00017568241273547186,49.508688263595104
2147,2479,0.08672243610481009,0.03570595692516128,0.004924622550025398,0.00017702536793948376,49.53057597950101
2148,2480,0.08670800101300245,0.035551187634346,0.004933743856497339,0.00018193748136830623,49.553619995713234
2149,2482,0.08669479473277171,0.03558556489441462,0.004931939676531881,0.00017898330730382805,49.58375531807542
2150,2483,0.08667942160591327,0.035610924421177706,0.004926241585758004,0.00018060813271555357,49.60581191256642
2151,2484,0.0866537210192202,0.035595681813923225,0.004924903124775188,0.00018090079575450963,49.627638909965754
2152,2485,0.08663481222151587,0.03556285729822218,0.004926207042413033,0.0001809884499163364,49.649876771494746
2153,2486,0.08660782799910219,0.035598275294153145,0.004921255782549371,0.00017969948794553333,49.67202333919704
2154,2487,0.08658486361854142,0.03564259865617299,0.004917543813554783,0.00017668268268206138,49.69407878816128
2155,2488,0.08653197390476006,0.03559696990686225,0.004918960874606474,0.00017453952518330554,49.71632859669626
2156,2489,0.08651917999253486,0.035503354357014544,0.004926427363409527,0.00017515520014250375,49.738096088171005
2157,2490,0.08649522845142468,0.03538204456527506,0.0049379741974154515,0.00017334419119951163,49.76099102385342
2158,2491,0.08648661048286299,0.035280062348989866,0.004947822469114804,0.00017283234427250838,49.78349079377949
2159,2492,0.08647024667982531,0.03520664564365845,0.00495601004407923,0.00017035005953745523,49.80551273562014
2160,2493,0.08644063794848385,0.03524920707539876,0.004950903468029339,0.00016823961927917028,49.82815048843622
2161,2494,0.08640873387999362,0.03529765080629124,0.004943929397312012,0.000167178910058226,49.85119532421231
2162,2495,0.08634331687655797,0.0355716352749077,0.0049123029140827855,0.00016486524608224065,49.87271308712661
2163,2497,0.08632726930812665,0.035543323847742746,0.004913570862878386,0.00016482368316000378,49.90262249112129
2164,2498,0.08630431041294198,0.035545593098622916,0.0049057240286999775,0.00017014770273193004,49.92465085349977
2165,2499,0.0862699787826047,0.03542532680377492,0.0049136183443750925,0.00017084685350788576,49.946597423404455
2166,2500,0.08621896505021401,0.03545157618453039,0.004906160739230465,0.00017057814733789783,49.96867713518441
2167,2501,0.08616041333519067,0.03553938217877723,0.004896461211175698,0.00016564190446564524,49.99071064218879
2168,2502,0.0860741728078829,0.035760792806752546,0.004869294384242001,0.00016204361587103384,50.013482140377164
2169,2503,0.08599735434497863,0.0359453177458541,0.0048453185762008825,0.00015988508371156976,50.03575741685927
2170,2505,0.08594735020291558,0.035952357546908884,0.004837680585340299,0.0001618186802603698,50.06570664048195
2171,2506,0.08590644293985394,0.035962920749473964,0.004832800622582059,0.0001615515964559382,50.08814259245992
2172,2507,0.08585968133254296,0.036038928198057256,0.004822324006258059,0.0001597513071905106,50.11015270277858
2173,2509,0.08576014667543133,0.0357091104796508,0.00484374285602877,0.00016136076354928246,50.14089478366077
2174,2510,0.08564140372333716,0.0357195997010274,0.004834609756729492,0.00015757064550148389,50.16307042352855
2175,2511,0.08553174224343928,0.03568273127504663,0.004827823548844116,0.00015707754799514835,50.18530970066786
2176,2513,0.08542427149981478,0.03572339786709411,0.004816741299491757,0.0001533460637803101,50.21545874513686
2177,2515,0.08539199747929334,0.03579968995322908,0.0048088183125366245,0.00015041244006980096,50.245518285781145
2178,2516,0.08535929902850754,0.035824326196719415,0.0048024567365654944,0.0001510405466133184,50.26748430170119
2179,2517,0.0852673267661842,0.03559113087806773,0.00481573983007959,0.0001518797587320589,50.289574360474944
2180,2518,0.08513303372719769,0.03548479127414464,0.004813760662015625,0.000151063583289681,50.311483757570386
2181,2519,0.0848699879822776,0.035175335537627424,0.004817742297506476,0.00015172294695854052,50.33341712132096
2182,2520,0.08470494961593178,0.03471509543992366,0.0048465180819346745,0.00015246733566613772,50.35478225722909
2183,2522,0.08456066153655942,0.03444564215567893,0.004858718980427857,0.00015278295766019273,50.38544391654432
2184,2523,0.08431880379096018,0.0346124852029215,0.004819292377271348,0.00015133948153252082,50.40799804776907
2185,2525,0.08419697947617233,0.034359398407551596,0.0048197881803213015,0.00016396992654077116,50.437997572124004
2186,2526,0.0840075916745202,0.033812566896119604,0.0048590802526963135,0.00016042222514374538,50.45983135513961
2187,2528,0.08384114035860307,0.03348604389442723,0.004878314382117217,0.00015719526430036778,50.490004593506455
2188,2530,0.08358821812419524,0.033361174991301076,0.004866994765806299,0.00015570954748311768,50.51895518600941
2189,2531,0.08333021162995716,0.03314825971126273,0.004862958295869124,0.00015523689600031905,50.54122146777809
2190,2532,0.08309533431647148,0.03337670345187468,0.004824075444571318,0.00014778764188836193,50.563040375709534
2191,2534,0.08292812802588695,0.033214434954780506,0.0048207142690414855,0.00015065503806915907,50.593133168295026
2192,2536,0.08280284349148333,0.03318143901265892,0.004814562201141599,0.00014757824674084178,50.62328454479575
2193,2538,0.08254344241175021,0.033207102477997304,0.004785533633345751,0.00014810036002954046,50.65310066007078
2194,2539,0.08228493203951188,0.0331463994221374,0.004773389978824393,0.00014046328291305522,50.67514962516725
2195,2540,0.081973209883724,0.032790906001186046,0.004777623178139354,0.0001406072101144423,50.69748053885996
2196,2542,0.08186575664074085,0.03297416328877366,0.0047537833796726355,0.00013537595552408363,50.72754680365324
2197,2543,0.08177136944852362,0.03262615870114288,0.004773132378040228,0.00014138869669784657,50.74966511130333
2198,2545,0.08149104459643657,0.03228031210144095,0.004779441777645667,0.0001416314718538942,50.779525035992265
2199,2546,0.0813415626107636,0.032437036471675604,0.004753305102543188,0.00013714751136561156,50.80156210809946
2200,2547,0.081038476865449,0.03171159190633484,0.004788640928577699,0.00014404756733371767,50.82286294735968
2201,2549,0.08092891931259868,0.030600537921417703,0.004882840235329373,0.0001499979037887259,50.85591009631753
2202,2550,0.08071798349469486,0.030681409732470303,0.004858380497730613,0.00014527687849184297,50.87746115587652
2203,2552,0.08061147253363012,0.03069175323740613,0.004847105366434594,0.00014486656318780453,50.9060850199312
2204,2553,0.08053347471079624,0.030553356535932403,0.0048523995898313455,0.00014561222765503774,50.926683040335774
2205,2554,0.08043032735094185,0.03011903209186665,0.004887418410242059,0.00014371111566546026,50.948962688446045
2206,2555,0.08029954603138384,0.029942913345415993,0.004895323228254089,0.00014034004034269533,50.969817807897925
2207,2557,0.08023449666904431,0.0300506425616777,0.004879837708200456,0.00013854770253620547,50.99810273386538
2208,2558,0.08014417569279528,0.03014017946048375,0.00485602678123616,0.00014437284199499188,51.018271015957
2209,2560,0.08004898490643764,0.030223442886038076,0.0048423441814158755,0.00014021002062408072,51.047046499326825
2210,2561,0.07999173603408782,0.030195671896498903,0.004840027636022816,0.00013957877773607548,51.06736162863672
2211,2562,0.07993145484802047,0.030287851438221502,0.004822246378036367,0.00014211396294352974,51.08940805867314
2212,2563,0.07988506752240188,0.03039467278650695,0.004804261350219425,0.00014477812337006736,51.11131664738059
2213,2564,0.07986114163636926,0.030424850140855657,0.004795239917549217,0.00014838923200214419,51.133436588570476
2214,2565,0.07985217926217765,0.03048244969305638,0.004787265955203856,0.0001497070017082711,51.15626279450953
2215,2566,0.07983242483076165,0.030348443898333414,0.00479783125304022,0.00015056684020260395,51.177576918154955
2216,2567,0.0798118757864672,0.030274849564476593,0.0048052617499851295,0.00014844087221393265,51.199620915576816
2217,2568,0.0797850064709326,0.030246177558590638,0.00480680034168005,0.0001470825495541473,51.22158064879477
2218,2569,0.07971472907421431,0.03008923661608204,0.004818384310734808,0.00014416493507841974,51.2419994212687
2219,2570,0.07968649114659004,0.0299941457567531,0.004825216131712585,0.0001440184072711099,51.26399669237435
2220,2571,0.07964564557648811,0.029845262823203038,0.0048355725681472755,0.00014446570718123158,51.28482103161514
2221,2572,0.0796294599911698,0.02983938274328128,0.004835827605502016,0.00014318011928683542,51.30675421655178
2222,2573,0.07961634365998405,0.029815808405737016,0.004836336530254361,0.00014371699517034118,51.32857731543481
2223,2574,0.07960242754883887,0.02979759677262456,0.004837343490820609,0.0001431395868008218,51.3507588300854
2224,2575,0.07959833526647064,0.029766392661590646,0.004841192963317942,0.00014200129717005852,51.37303862348199
2225,2576,0.07959198801240805,0.029665195545584583,0.004849634057189328,0.00014304518949301813,51.39496870152652
2226,2577,0.07958559718287517,0.02953186301998952,0.004860735573712685,0.00014463784257587965,51.41691453009844
2227,2578,0.07957683297506105,0.029482857569838233,0.004864726385450693,0.00014467115507158868,51.439986016601324
2228,2579,0.07957202940957854,0.02947726680727067,0.004864533314337325,0.0001449429458934618,51.461440520361066
2229,2581,0.07957207429295612,0.029439363016237795,0.004868493317042231,0.00014477781062960162,51.49135008826852
2230,2582,0.07956257923949103,0.02954469975618448,0.004856183916240757,0.00014560403208989907,51.51329445652664
2231,2583,0.07955657047706903,0.029567632718463025,0.004852993940468025,0.00014589983539257495,51.53507256321609
2232,2584,0.0795424715345941,0.029678574805572316,0.004840205047315917,0.00014618462558626082,51.557362051680684
2233,2585,0.07953508295364685,0.029776857635996936,0.004831171827433805,0.00014465070433118676,51.578576711937785
2234,2587,0.07953263505100325,0.029808076306736687,0.00482806094692639,0.00014439492750026675,51.60832756012678
2235,2588,0.07952693769070932,0.029826875876563567,0.004826702724550662,0.00014330345686391249,51.62955768406391
2236,2589,0.07951742823278785,0.02983409503787371,0.0048266664216678745,0.0001416668978235401,51.65161838568747
2237,2590,0.079509553601299,0.029861121283598996,0.004824528110127346,0.00014031512164265397,51.67377006076276
2238,2591,0.07949800053123937,0.02988306214473554,0.004822751499058213,0.00013874233959217097,51.695730440318584
2239,2592,0.07949055019019516,0.029948958665561434,0.004815939007110187,0.00013822014535318572,51.71753893606365
2240,2593,0.07948438967379243,0.029945762061421383,0.0048151809881984186,0.00013868177303868505,51.740002719685435
2241,2594,0.07947960998727223,0.029943497492203725,0.004814380717496575,0.00013923053201027484,51.76089193671942
2242,2595,0.07947281014480745,0.029910846835061622,0.004817110472897297,0.00013908585807728593,51.783773047849536
2243,2596,0.07946719667624075,0.02989674332290412,0.004818151560318405,0.0001388937750152566,51.80595442838967
2244,2597,0.07946260475464534,0.02984420525967655,0.004822411741363129,0.0001394282081337492,51.82696494460106
2245,2598,0.07945718351847236,0.029838926382432907,0.004822243681494064,0.00013958203210988142,51.8499099034816
2246,2599,0.07944941517009897,0.029808792472877467,0.004823834363875155,0.00014022790584699533,51.87199949286878
2247,2600,0.07943794982291272,0.02987154002700592,0.004816505737140686,0.00014013524244999403,51.89504758454859
2248,2601,0.07942386393859756,0.029879868830737663,0.004814036479158068,0.0001403630316279217,51.918098790571094
2249,2602,0.07940456952517233,0.029896830757673156,0.004810728589066239,0.00014004528768367914,51.94035829603672
2250,2603,0.07938828956167977,0.029784569487531866,0.004821022942317418,0.0001393490650973719,51.96133776754141
2251,2604,0.07937091973269976,0.029576577682051578,0.004840305865946942,0.00013912833911787636,51.98245956003666
2252,2605,0.07935368315841364,0.029521912391496378,0.004844778265370053,0.00013839881132167241,52.00457284413278
2253,2606,0.07934639034686353,0.029468698051664063,0.004850163482107484,0.0001376057474124626,52.02660061977804
2254,2607,0.0793416850246586,0.02943263248169741,0.004854072657017046,0.0001368325972790726,52.04828038625419
2255,2608,0.07933825784158731,0.029406101064016327,0.0048570127040859865,0.00013620297367111214,52.06972246430814
2256,2609,0.07933561070642331,0.029411689648817345,0.004856933998169404,0.00013545810759119307,52.09155619516969
2257,2610,0.07933168930387277,0.029379101689066864,0.004860293894709575,0.00013496486677101586,52.11374250985682
2258,2612,0.07933233613522517,0.029344568880738928,0.004863314636622681,0.00013546208882594328,52.14365825802088
2259,2613,0.07933034843349022,0.029340288157348952,0.004863725747989761,0.0001352802796243672,52.16590318083763
2260,2615,0.07932835478201383,0.02934698873996048,0.004862413918154216,0.00013572268605112014,52.19591470807791
2261,2616,0.07932438091817862,0.0293681001972847,0.004859837180815974,0.00013579089127341805,52.2179700024426
2262,2617,0.07932285437809422,0.029374619297789763,0.004858147312611229,0.00013667619541921718,52.239979373291135
2263,2618,0.07932242826742089,0.029317639641320885,0.004863761475299269,0.00013671738731073235,52.261746568605304
2264,2619,0.07931853516380022,0.029368319661283934,0.004858280025677338,0.00013674152457428991,52.28423239849508
2265,2620,0.07931314847485584,0.02941114133450241,0.004853788313687112,0.0001364124003482299,52.30527277290821
2266,2621,0.07930113673705735,0.029457257371377468,0.00484888102446121,0.00013550691210677913,52.32720357552171
2267,2622,0.07929226666067138,0.029453707958291785,0.004848853052352142,0.00013500281788581716,52.34852096065879
2268,2623,0.07928420983622957,0.029431498235977654,0.00485012516500265,0.00013514599502254118,52.37009052373469
2269,2624,0.07928078672145279,0.029392575116903925,0.004852845994725749,0.00013597516572913748,52.39235310815275
2270,2625,0.07927910574268449,0.029407603695055462,0.004850227236843767,0.0001369229679191361,52.413581838831306
2271,2626,0.07927828902605859,0.029403864222090143,0.004849737514255289,0.00013770496614155505,52.43552885018289
2272,2627,0.07927521751747298,0.0294408821494804,0.004845440613006156,0.00013799292379310254,52.45772545225918
2273,2628,0.07926957231558486,0.02949303125111991,0.004839655251479729,0.00013799885496676567,52.47940109670162
2274,2629,0.07926314320306099,0.029509968639192613,0.004837727677919283,0.00013758977846755485,52.501869175583124
2275,2630,0.0792554379128637,0.02953540489542042,0.004835396776054016,0.0001366065256903119,52.524584183469415
2276,2631,0.07925084371345015,0.02952094913475759,0.004837167784697796,0.00013582167317145928,52.548656832426786
2277,2633,0.07924781918398294,0.02951317891500267,0.004838213907574036,0.0001352501193239899,52.581445621326566
2278,2634,0.0792443552954717,0.029494267860017468,0.00484025472152741,0.00013475402201801385,52.60561606287956
2279,2636,0.0792432597342173,0.02948721300844039,0.004841043079552482,0.00013456159302520845,52.63871322199702
2280,2637,0.07924340856273378,0.02943176037542493,0.004846398786956161,0.00013476603177472432,52.662352200597525
2281,2638,0.07923181341846051,0.02936887589588142,0.004851589643348428,0.00013470410890948126,52.685832012444735
2282,2639,0.07922154334516335,0.02934664711314251,0.004853081847287345,0.0001344077759147379,52.70930230803788
2283,2640,0.07919555020023734,0.029316678770380633,0.004855176567533339,0.00013271057545233235,52.73196112550795
2284,2641,0.07916517956253044,0.029377203718317237,0.004847492655825902,0.00013130492859541836,52.754343861714005
2285,2642,0.07914546246721188,0.029479492375163906,0.004837199770982493,0.00012939723822230436,52.778090089559555
2286,2644,0.07910460976945971,0.029551920570136236,0.00482621086697129,0.00012905805296105813,52.81012345291674
2287,2645,0.07907803688730258,0.029475814202307164,0.004831265829284003,0.00012895643921553932,52.83312570489943
2288,2646,0.0790539434876885,0.02936264957159937,0.004839076733171398,0.00013005265843751552,52.85661409236491
2289,2647,0.07903161905703873,0.02922292019850528,0.004850720097291806,0.00013014978856153855,52.880261136218905
2290,2648,0.07900289249089029,0.029132895135458036,0.004856304502804239,0.00013069523273898643,52.90427689999342
2291,2650,0.07898875389893667,0.029091245533217215,0.004860082818445196,0.00012966801812674917,52.938534431159496
2292,2651,0.07896170592954274,0.029152701259437277,0.004851829161938068,0.0001290713050724774,52.96058868803084
2293,2652,0.07892056353269672,0.0290732822873976,0.004854606457449736,0.00013012166708017593,52.98471697233617
2294,2653,0.07888818444680357,0.029197729782623888,0.004837770618117708,0.00013127484830025905,53.0066877361387
2295,2654,0.07886863562840332,0.02931233890533868,0.004825123243173704,0.0001305064291327611,53.030684592202306
2296,2655,0.07885498197848438,0.029341988608731853,0.004819373070921191,0.00013192626605406193,53.054141752421856
2297,2656,0.07885141930712677,0.029319636960672718,0.004822706541712681,0.0001304716929327246,53.0770842153579
2298,2657,0.07884257222324072,0.029264432836825977,0.00482849910864161,0.00012931482999986436,53.09974541515112
2299,2658,0.0788386029339527,0.02927454547849115,0.004825975482082915,0.00013043026346324065,53.123875457793474
2300,2659,0.0788349847142653,0.029310701322509347,0.004821464065846824,0.00013096427332877087,53.14626812376082
2301,2660,0.07883029217871743,0.0293136692047305,0.004820679010283773,0.00013098328711491945,53.16905931942165
2302,2661,0.07882470488600034,0.029322127583348134,0.004819201151015737,0.00013105657924948383,53.19308382831514
2303,2662,0.078814199313332,0.029326574514258148,0.004818766449764625,0.00012999603014275993,53.217026283964515
2304,2663,0.07879526488992714,0.02934645836353118,0.0048164489348100845,0.00012843171782951157,53.24118921533227
2305,2664,0.07877870491783906,0.029361735076475406,0.004817008611099124,0.00012468837303724207,53.264166068285704
2306,2666,0.0787697545151212,0.029353955951073176,0.004816386175172266,0.00012519368123253545,53.29725318774581
2307,2668,0.07874558646651322,0.029379479040055122,0.004809937552409589,0.0001266731902362206,53.32953222282231
2308,2670,0.07873472363057277,0.02948208136190711,0.004799076473003231,0.00012618775386333408,53.361792800948024
2309,2671,0.07870731259869963,0.029461769192085464,0.004797997907129158,0.00012655643353225903,53.38380382210016
2310,2673,0.0786888495822323,0.02948619112051526,0.004793747496279313,0.00012651834989239042,53.41650676727295
2311,2675,0.07867828569800703,0.029442971195947437,0.004795282725077765,0.0001282487251281938,53.44904227182269
2312,2677,0.07866329789219431,0.02942496626876984,0.004795896133944136,0.00012793702839831168,53.48001224733889
2313,2678,0.07858922312444956,0.029267465112147787,0.00480599670647247,0.00012617909475770702,53.502620939165354
2314,2680,0.07854861210323982,0.029105831371512864,0.004816980203348449,0.0001272978698242469,53.53587796352804
2315,2682,0.0785116452826599,0.029050515971583396,0.00482066982936631,0.00012544310174134076,53.56898863427341
2316,2684,0.07846942000517469,0.0288502621228095,0.004837240966682195,0.00012467482155432372,53.600329799577594
2317,2685,0.07844809516970003,0.028626063493672013,0.0048557258320722305,0.00012647733553057067,53.623499946668744
2318,2686,0.07843676079727885,0.028504843321357103,0.004866337852032021,0.00012685389556015282,53.64645319990814
2319,2687,0.07841774516646599,0.028414863911305183,0.0048735193808398195,0.00012676874467626082,53.66921420581639
2320,2688,0.0783833323208234,0.028281544440484363,0.0048829315548026084,0.00012724723323129464,53.69233856536448
2321,2689,0.07837512937224188,0.028305935311960028,0.004879686520185479,0.00012723288584270617,53.715195743367076
2322,2690,0.07836606860567434,0.02831012941550458,0.004878949480988028,0.0001266444380289489,53.738654643297195
2323,2691,0.07834755037176508,0.028364678740339745,0.004870714917985094,0.00012757224515743965,53.7617219183594
2324,2692,0.07833622122246857,0.02840381218723122,0.004865784204012173,0.00012745669951156209,53.78390872478485
2325,2693,0.07830903473276785,0.028523019013172956,0.004851949317503282,0.00012665225445620675,53.8074885327369
2326,2694,0.07829593029130745,0.028754545024315403,0.0048286515686775736,0.0001254869580216309,53.82956737279892
2327,2695,0.07827202476418077,0.028739555629589963,0.004828322403098672,0.00012492451036040853,53.85284119658172
2328,2696,0.07824964995834433,0.02874954438591151,0.004824602820239304,0.00012540773700397796,53.87560271285474
2329,2698,0.07823514042900669,0.028772558172831524,0.004820134084932459,0.0001261241406850575,53.90873838402331
2330,2700,0.07822732071223887,0.02878477305139307,0.004817875076058551,0.00012637969002602886,53.94113373570144
2331,2701,0.07821909747315264,0.02874896241006824,0.004820296783680452,0.00012671672262798875,53.964734917506576
2332,2702,0.07819950853373676,0.028662161309582056,0.004826010247679511,0.0001277244747359596,53.98909065686166
2333,2703,0.07817111810259897,0.028543282494966033,0.004833565933558603,0.00012921762720468946,54.01226567663252
2334,2704,0.07815061241878693,0.028554231232800292,0.004830649055548957,0.0001289890630497072,54.03543100692332
2335,2705,0.07814158446537228,0.028567641748849515,0.004828530167595653,0.0001288641040566242,54.05847906321287
2336,2706,0.07811012389272677,0.02871157180324771,0.004810293106671751,0.00012956210227615557,54.08021992444992
2337,2707,0.07808222200828348,0.028910407052810436,0.004789433827683722,0.000127747667863582,54.10419287160039
2338,2708,0.07802153213351228,0.029275171806075223,0.0047474942135829045,0.00012714181916080009,54.12815216369927
2339,2709,0.07801895601789367,0.029490646987718395,0.004725353093131433,0.00012747780988609414,54.152157651260495
2340,2711,0.07794022975504418,0.029483134021932148,0.00471571878937596,0.00012999078393524318,54.18538870476186
2341,2712,0.07786906293968524,0.029281401192464522,0.004728997845002714,0.00012976832971935712,54.20771599560976
2342,2713,0.0777574671269608,0.028849541669381498,0.00476025288982569,0.0001305396559322396,54.23033211566508
2343,2715,0.07768703132567771,0.028697983740201282,0.004767102597858815,0.00013180216068882773,54.262800144031644
2344,2717,0.07765579989313112,0.028729167806158872,0.004760040623634934,0.00013262258506229044,54.29553826339543
2345,2719,0.07754174940134598,0.02899010904374767,0.004724574793700521,0.0001305892420593104,54.32820653170347
2346,2720,0.07744041517049012,0.028862609282806286,0.004725624295350516,0.00013215629341786764,54.35282836481929
2347,2722,0.07738304335969622,0.028793782847576072,0.004727611019664411,0.00013131503154760254,54.385643038898706
2348,2723,0.07731421589875714,0.028850262789568277,0.0047184451270709795,0.00012795018384790754,54.409759763628244
2349,2725,0.07724344773460559,0.028802730316278162,0.004716975778731654,0.0001270959631010891,54.44200172834098
2350,2726,0.07715352114286428,0.028952730237363524,0.004692137597155388,0.00012794149339468658,54.464444167912006
2351,2727,0.07713359683785387,0.02881803716941636,0.004698897397678793,0.00013265856916495778,54.48807436041534
2352,2729,0.07710463818426015,0.02868299528826607,0.004705609862761479,0.00013655442683792898,54.52049872465432
2353,2730,0.07708425235648977,0.028569892283484208,0.004713546082131233,0.000137889925169323,54.544365134090185
2354,2731,0.07706252954686693,0.02854264112544406,0.004715568849181711,0.00013641999296057665,54.568230859935284
2355,2732,0.07702873696647071,0.0284630453689379,0.004717576960110421,0.00013899219964285945,54.592184664681554
2356,2733,0.07699764706046157,0.028396563778910224,0.004720996498554826,0.00013911182960030808,54.61577698029578
2357,2734,0.07695807231470869,0.028277131244379673,0.00472743352192974,0.00014066058510316148,54.638825280591846
2358,2735,0.07693146843433908,0.028138249783375847,0.004740462553926602,0.00013885931116972228,54.662452299147844
2359,2736,0.07691688338634108,0.028194235638730424,0.004735794471686933,0.00013647030307413176,54.685666371136904
2360,2737,0.07689615294924548,0.028213243580931874,0.004731942809000873,0.00013634812783048866,54.70956674404442
2361,2738,0.07687631238658033,0.028213642320948737,0.004729347889714327,0.00013691911684883288,54.73169876821339
2362,2739,0.07684488775167705,0.028220779062835603,0.0047268023577130384,0.00013560851117110708,54.75623949058354
2363,2740,0.07680772083282669,0.02822913799284457,0.004723197809748805,0.00013466047424940856,54.78008438088
2364,2741,0.07677646438401031,0.028151724560904774,0.004729582402824853,0.00013289157948570123,54.8027175758034
2365,2742,0.07674968859444165,0.028128280268107257,0.004728990823487534,0.00013315000914590412,54.82591616921127
2366,2743,0.07672659246177617,0.02810170271306273,0.004728744191659346,0.00013374478321199733,54.84801366738975
2367,2744,0.07670014355119883,0.028086137321155696,0.004726447304798945,0.00013495331820536838,54.872094839811325
2368,2745,0.07668221210915391,0.028104353374445955,0.0047225204313067265,0.0001352654421640681,54.89490877650678
2369,2746,0.07663212242460567,0.028166413609589144,0.004712847047044803,0.00013372383445684884,54.919082168489695
2370,2747,0.07658469046292976,0.028105894216162174,0.004719309383203701,0.00012857024147305753,54.942038368433714
2371,2748,0.07648006156018237,0.028104289780088804,0.004708810101712516,0.00012876707629684133,54.96515970490873
2372,2750,0.07639369188248502,0.028065856322196193,0.0047048559136589115,0.00012792764236997068,54.997513035312295
2373,2751,0.07625259045261035,0.027926450075298596,0.004705419243731367,0.00012719479399980833,55.02050305530429
2374,2752,0.07612973192797973,0.027384079285928124,0.004740767447994456,0.00013379781621070423,55.044381372630596
2375,2754,0.07592984641067418,0.02715679293858185,0.004744534385421549,0.00013277096178768434,55.076805943623185
2376,2756,0.07589858262239343,0.02710772701956981,0.0047503735906783175,0.00012871196960404486,55.10857334733009
2377,2757,0.07584641448804527,0.027065016025229358,0.004743471847145412,0.00013466799913617862,55.13184602558613
2378,2758,0.075463404781712,0.02698189724059056,0.0047068371241036355,0.00014131363000850796,55.15558194369078
2379,2759,0.07555531930334303,0.027549334969991388,0.004644450219755575,0.00015614821357958855,55.17992354184389
2380,2760,0.07480327294263758,0.02665056935806161,0.004664655368808647,0.00015061498964895044,55.20393371209502
