{
  "N": 5,
  "method": "LiL-Q",
  "n_params": 50,
  "solve_time_qr": 0.001657724380493164,
  "solve_time_total": 0.04418468475341797,
  "training_time": 0.04418468475341797,
  "pde_mse": 6.648445146271249e-29,
  "rel_l2_ux": 6.5390627877759e-16,
  "rel_l2_uy": 1.0187482568942694e-15,
  "rel_l2_sxx": 2.4310394488920067e-16,
  "rel_l2_syy": 3.6987670906821486e-16,
  "rel_l2_sxy": 8.619858974183499e-16,
  "final_loss": 6.648445146271249e-29,
  "converged": true
}