{
  "method": "LiL-N",
  "total_iterations": 94,
  "total_line_searches": 194,
  "final_loss": 0.0009913839983111156,
  "final_pde_loss": 0.0009821438825990043,
  "training_time": 1.464364767074585,
  "n_params": 100,
  "converged": true,
  "pretrain_loss": 0.0,
  "metrics_history": {
    "iteration": [
      0,
      1,
      2,
      3,
      4,
      5,
      6,
      7,
      8,
      9,
      10,
      11,
      12,
      13,
      14,
      15,
      16,
      17,
      18,
      19,
      20,
      21,
      22,
      23,
      24,
      25,
      26,
      27,
      28,
      29,
      30,
      31,
      32,
      33,
      34,
      35,
      36,
      37,
      38,
      39,
      40,
      41,
      42,
      43,
      44,
      45,
      46,
      47,
      48,
      49,
      50,
      51,
      52,
      53,
      54,
      55,
      56,
      57,
      58,
      59,
      60,
      61,
      62,
      63,
      64,
      65,
      66,
      67,
      68,
      69,
      70,
      71,
      72,
      73,
      74,
      75,
      76,
      77,
      78,
      79,
      80,
      81,
      82,
      83,
      84,
      85,
      86,
      87,
      88,
      89,
      90,
      91,
      92,
      93,
      94
    ],
    "n_func_evals": [
      0,
      2,
      5,
      7,
      9,
      11,
      13,
      15,
      17,
      19,
      22,
      24,
      26,
      28,
      30,
      32,
      34,
      36,
      38,
      40,
      42,
      44,
      46,
      48,
      50,
      52,
      54,
      56,
      59,
      61,
      63,
      65,
      67,
      69,
      71,
      73,
      75,
      77,
      79,
      81,
      83,
      86,
      88,
      90,
      92,
      94,
      96,
      98,
      100,
      102,
      104,
      106,
      108,
      110,
      112,
      115,
      117,
      119,
      121,
      123,
      125,
      127,
      129,
      131,
      133,
      135,
      137,
      139,
      141,
      143,
      145,
      147,
      149,
      151,
      153,
      155,
      157,
      159,
      161,
      163,
      165,
      167,
      169,
      171,
      173,
      175,
      177,
      179,
      181,
      183,
      185,
      187,
      189,
      191,
      194
    ],
    "loss": [
      5.4882781198594675,
      2.463702037446229,
      1.815875805451476,
      1.611103579783387,
      1.044083693125505,
      0.9205103348083732,
      0.6286575452942876,
      0.5346270598768561,
      0.41494792055228463,
      0.28542491177348334,
      0.2307451157834023,
      0.16485179272948516,
      0.13697023829463964,
      0.1078458553079817,
      0.09332704714531073,
      0.08134367917391004,
      0.07248219869840769,
      0.06500846199095488,
      0.05084379661224721,
      0.04568710277724474,
      0.036843871547815044,
      0.033371281628881665,
      0.0294184979525753,
      0.027607357645997647,
      0.024674474460083154,
      0.023080928967123614,
      0.02190391920945214,
      0.02015290888181325,
      0.019464654383618947,
      0.018789018767512978,
      0.01819033242771958,
      0.017453211953732214,
      0.016889987356480753,
      0.016448309035025664,
      0.016112382357255785,
      0.015867168626375085,
      0.015467282967473581,
      0.015063752069581026,
      0.014780347813219656,
      0.01424240936760298,
      0.013579369343904961,
      0.013097913859348432,
      0.012407991172299914,
      0.011870155327814422,
      0.01111142318500114,
      0.010049607746579712,
      0.008994674191263713,
      0.008073319465049213,
      0.007275383928632916,
      0.006747021778308313,
      0.00656953219459416,
      0.005505132095408606,
      0.005380791561424106,
      0.0051795624442108066,
      0.004910852221931395,
      0.0047840955538090545,
      0.0046348094523396876,
      0.004533786803066094,
      0.004326928916382459,
      0.00408974508913033,
      0.0037867721447923477,
      0.003326804870088572,
      0.003016927851816248,
      0.002731531374341658,
      0.002470067390565593,
      0.002324615288179678,
      0.0022146384827480036,
      0.002170884841377399,
      0.0021483789398036184,
      0.002132184809943611,
      0.0021011145881468505,
      0.002053542815465341,
      0.001953642066947456,
      0.0018608925566263052,
      0.0017018199158759149,
      0.001594711097449382,
      0.0015288173089324287,
      0.0014814011765215643,
      0.0014570478882193997,
      0.0014465200447691135,
      0.0014278362784282978,
      0.0013942214282285754,
      0.0013188334458816243,
      0.0012388409205586523,
      0.001146006555079371,
      0.0010974519323546416,
      0.0010893769018793756,
      0.001086997277774732,
      0.0010854442577441518,
      0.001082673912031382,
      0.0010795580840396442,
      0.0010673569597979978,
      0.0010447742407204853,
      0.001010706656500581,
      0.0009913839983111156
    ],
    "pde_loss": [
      0.0,
      1.3747529701245038,
      1.0811482932308059,
      0.8502247825373862,
      0.4878235930952361,
      0.7133136468100322,
      0.44086212785353535,
      0.38574837927244604,
      0.31660824572831164,
      0.23287518557539752,
      0.2020938487887655,
      0.1491946093517588,
      0.1251068304587519,
      0.09980930656237166,
      0.0890228807823806,
      0.07842294019242382,
      0.07043590132259009,
      0.0631128797125291,
      0.04919807918717319,
      0.044179442028912094,
      0.03526809724162379,
      0.031909304752597366,
      0.02789395736409521,
      0.02587231745812563,
      0.023041480973162224,
      0.021605434175884806,
      0.02067300691095511,
      0.01935634368215159,
      0.018829390182301016,
      0.01818332943353361,
      0.017561368277711303,
      0.016818367528200765,
      0.016248249127205402,
      0.01586517034472959,
      0.015575509748929062,
      0.015332605384201276,
      0.014952443970815818,
      0.014533489514217103,
      0.014265515460180988,
      0.013762394400490364,
      0.013120537055631792,
      0.012694758066382579,
      0.012023942249682094,
      0.011558954949774486,
      0.010890749894412265,
      0.009859152790138615,
      0.008546733283373714,
      0.007653141629762903,
      0.006909413879020584,
      0.00644333486489346,
      0.006328534385386807,
      0.0053277365554478765,
      0.00520236719482952,
      0.004994398927761296,
      0.00474394936071131,
      0.004606765326415907,
      0.004431177223267452,
      0.004333850846046206,
      0.004130354044949984,
      0.0038762405651493292,
      0.0036022500948147164,
      0.0031708116504603604,
      0.002911429741614022,
      0.0026488193059799187,
      0.0024112279292662266,
      0.002278915542273498,
      0.002163639909620397,
      0.0021272392287536553,
      0.002106895983501775,
      0.002089083991027456,
      0.002053606963613072,
      0.0020036445669860065,
      0.0019079401580168348,
      0.0018369869054978643,
      0.001681967421249519,
      0.0015756988167792104,
      0.0015039605144489758,
      0.001460931215526068,
      0.0014373915695856765,
      0.0014288882556205422,
      0.001412622048891252,
      0.0013776745469626641,
      0.0012958824779418815,
      0.0012004489350556325,
      0.001114048180327554,
      0.0010770810325761802,
      0.0010695662974790467,
      0.0010694898561759395,
      0.0010681986218656647,
      0.0010665476657379718,
      0.001064413538648317,
      0.001054645676946476,
      0.001034060829965285,
      0.001001717279877246,
      0.0009821438825990043
    ],