{
  "method": "LiL-Q",
  "total_iterations": 3,
  "total_line_searches": 3,
  "final_loss": 0.0009058905638485561,
  "final_pde_loss": 0.0008968223170199422,
  "training_time": 0.02826547622680664,
  "n_params": 100,
  "converged": true,
  "pretrain_loss": 0.0,
  "metrics_history": {
    "quasi_iter": [
      0,
      1,
      2,
      3
    ],
    "n_func_evals": [
      0,
      1,
      2,
      3
    ],
    "nonlinear_residual": [
      5.4882781198594675,
      0.3502768664758412,
      0.0020763459901274785,
      0.0009058905638485561
    ],
    "update_norm": [
      0.0,
      1.0,
      0.6355436537380338,
      0.29586469105918833
    ],
    "linear_residual": [
      0.0,
      0.0,
      0.0,
      0.0
    ],
    "pde_loss": [
      0.0,
      0.3502768657943571,
      0.00207626979566047,
      0.0008968223170199422
    ],
    "ic_loss": [
      0.5488278119859468,
      6.814841192286213e-11,
      7.619446700851771e-09,
      9.06824682861384e-07
    ],
    "bc_loss": [
      0.0,
      2.676246264591702e-32,
      1.2903050747438542e-32,
      1.2271944138586995e-32
    ],
    "total_loss": [
      5.4882781198594675,
      0.3502768664758412,
      0.0020763459901274785,
      0.0009058905638485561
    ],
    "wall_time": [
      0.0001480579376220703,
      0.009830951690673828,
      0.018152713775634766,
      0.02826547622680664
    ]
  }
}