{
  "config": {
    "n_values": [
      5,
      10,
      15,
      20,
      25
    ],
    "Re": 40.0,
    "basis": "chebyshev",
    "timestamp": "2026-06-01T12:11:15.916462"
  },
  "results": {
    "5": {
      "LiL-Q": {
        "N": 5,
        "method": "LiL-Q",
        "n_outer_iters": 16,
        "solve_time_total": 0.06799650192260742,
        "training_time": 0.06799650192260742,
        "pde_mse": 0.11631949936851574,
        "cont_mse": 0.15251720655874437,
        "rel_l2_u": 0.3758081160353216,
        "rel_l2_v": 1.2142649699665895,
        "rel_l2_p": 0.8790912987619003,
        "final_loss": 0.11631949936851574,
        "converged": true
      },
      "N": 5
    },
    "10": {
      "LiL-Q": {
        "N": 10,
        "method": "LiL-Q",
        "n_outer_iters": 9,
        "solve_time_total": 0.5154688358306885,
        "training_time": 0.5154688358306885,
        "pde_mse": 0.002924527188512056,
        "cont_mse": 0.0025051357460717408,
        "rel_l2_u": 0.02885634689706813,
        "rel_l2_v": 0.12957534942996524,
        "rel_l2_p": 0.4826619470209992,
        "final_loss": 0.002924527188512056,
        "converged": true
      },
      "N": 10
    },
    "15": {
      "LiL-Q": {
        "N": 15,
        "method": "LiL-Q",
        "n_outer_iters": 6,
        "solve_time_total": 2.0069122314453125,
        "training_time": 2.0069122314453125,
        "pde_mse": 6.443409962496514e-10,
        "cont_mse": 1.6586484764232904e-09,
        "rel_l2_u": 1.2255865656954122e-05,
        "rel_l2_v": 9.85535122022287e-05,
        "rel_l2_p": 0.00011425050234264922,
        "final_loss": 6.443409962496514e-10,
        "converged": true
      },
      "N": 15
    },
    "20": {
      "LiL-Q": {
        "N": 20,
        "method": "LiL-Q",
        "n_outer_iters": 6,
        "solve_time_total": 4.521351099014282,
        "training_time": 4.521351099014282,
        "pde_mse": 9.057650019733178e-16,
        "cont_mse": 1.2099764252950783e-16,
        "rel_l2_u": 7.330131544909675e-09,
        "rel_l2_v": 2.5328729662335207e-08,
        "rel_l2_p": 5.294769632760745e-08,
        "final_loss": 9.057650019733178e-16,
        "converged": true
      },
      "N": 20
    },
    "25": {
      "LiL-Q": {
        "N": 25,
        "method": "LiL-Q",
        "n_outer_iters": 6,
        "solve_time_total": 12.8391752243042,
        "training_time": 12.8391752243042,
        "pde_mse": 4.505996168308053e-26,
        "cont_mse": 2.70704925401093e-25,
        "rel_l2_u": 6.973822155041363e-13,
        "rel_l2_v": 5.3399743742652455e-12,
        "rel_l2_p": 1.8351574681426398e-12,
        "final_loss": 4.505996168308053e-26,
        "converged": true
      },
      "N": 25
    }
  }
}