{
  "method": "LiL-Q",
  "total_iterations": 2,
  "total_line_searches": 2,
  "final_loss": 0.20780022287306982,
  "final_pde_loss": 0.13087939242859112,
  "training_time": 0.0020732879638671875,
  "n_params": 25,
  "converged": true,
  "pretrain_loss": 0.0,
  "metrics_history": {
    "quasi_iter": [
      0,
      1,
      2
    ],
    "n_func_evals": [
      0,
      1,
      2
    ],
    "nonlinear_residual": [
      38.44,
      0.7200218446891868,
      0.20780022287306982
    ],
    "update_norm": [
      0.0,
      1.0,
      0.09081110091231506
    ],
    "linear_residual": [
      0.0,
      0.0,
      0.0
    ],
    "pde_loss": [
      38.44,
      0.6564495423146848,
      0.13087939242859112
    ],
    "ic_loss": [
      0.0,
      0.0,
      0.0
    ],
    "bc_loss": [
      0.0,
      0.006357230237450201,
      0.007692083044447869
    ],
    "total_loss": [
      38.44,
      0.7200218446891868,
      0.20780022287306982
    ],
    "wall_time": [
      3.790855407714844e-05,
      0.0015933513641357422,
      0.0020732879638671875
    ]
  }
}