{
  "method": "LiL-N",
  "total_iterations": 33,
  "total_line_searches": 69,
  "final_loss": 0.24599062043385733,
  "final_pde_loss": 0.17078494126909985,
  "training_time": 0.2122185230255127,
  "n_params": 25,
  "converged": true,
  "pretrain_loss": 0.0,
  "metrics_history": {
    "iteration": [
      0,
      1,
      2,
      3,
      4,
      5,
      6,
      7,
      8,
      9,
      10,
      11,
      12,
      13,
      14,
      15,
      16,
      17,
      18,
      19,
      20,
      21,
      22,
      23,
      24,
      25,
      26,
      27,
      28,
      29,
      30,
      31,
      32,
      33
    ],
    "n_func_evals": [
      0,
      3,
      5,
      7,
      9,
      11,
      13,
      16,
      18,
      20,
      22,
      24,
      26,
      28,
      30,
      33,
      35,
      37,
      39,
      41,
      43,
      45,
      47,
      49,
      51,
      53,
      55,
      57,
      59,
      61,
      63,
      65,
      67,
      69
    ],
    "loss": [
      38.440000000000005,
      21.574182941605372,
      17.15541987356709,
      14.24731929718438,
      12.328103412423696,
      8.484997325062606,
      4.356923008233105,
      2.081230334343906,
      1.1425808672306925,
      0.9827421343034091,
      0.9153569037268927,
      0.8673429817409413,
      0.8074221449671904,
      0.7209182293993306,
      0.5413547125250034,
      0.46786242693878927,
      0.36744411507779323,
      0.3499924640824488,
      0.34444421482915705,
      0.3401070512949771,
      0.33426944491022426,
      0.3264593020354028,
      0.31622666739064187,
      0.3065420090219181,
      0.29700816511327777,
      0.29016797718158216,
      0.28622657541025726,
      0.2748606561507087,
      0.2679472244444811,
      0.257707472999893,
      0.2530983782932293,
      0.2516468668880633,
      0.2501304080259986,
      0.24599062043385733
    ],
    "pde_loss": [
      38.440000000000005,
      21.490697865937353,
      17.05121530844491,
      14.095316411751769,
      12.155902447258267,
      8.264955216482466,
      4.006130413252536,
      1.5334015851094038,
      0.48011892742433,
      0.29129000310227204,
      0.24301708631700789,
      0.24508104732467145,
      0.2501178541803487,
      0.27288234309186776,
      0.29404767565364043,
      0.3068809122418587,
      0.2514779566525263,
      0.22474252373356798,
      0.22902865120426263,
      0.23027393172856206,
      0.23016381123676752,
      0.2276666025514041,
      0.22442680199530407,
      0.2173079364694673,
      0.20859064582377287,
      0.19946475448923726,
      0.19569499451279107,
      0.18598511572370569,
      0.18035724090640673,
      0.17214427910033808,
      0.17084438190565035,
      0.17079081065492824,
      0.17106082835699643,
      0.17078494126909985
    ],
    "ic_loss": [
      0.0,
      0.0,
      0.0,
      0.0,
      0.0,
      0.0,
      0.0,
      0.0,
      0.0,
      0.0,
      0.0,
      0.0,
      0.0,
      0.0,
      0.0,
      0.0,
      0.0,
      0.0,
      0.0,
      0.0,
      0.0,
      0.0,
      0.0,
      0.0,
      0.0,
      0.0,
      0.0,
      0.0,
      0.0,
      0.0,
      0.0,
      0.0,
      0.0,
      0.0
    ],
    "bc_loss": [
      0.0,
      0.00834850756680174,
      0.010420456512217971,
      0.015200288543261038,
      0.017220096516542816,
      0.02200421085801393,
      0.0350792594980569,
      0.05478287492345024,
      0.06624619398063626,
      0.06914521312011371,
      0.06723398174098848,
      0.06222619344162699,
      0.05573042907868417,
      0.04480358863074629,
      0.024730703687136302,
      0.016098151469693057,
      0.01159661584252669,
      0.012524994034888083,
      0.011541556362489443,
      0.010983311956641505,
      0.010410563367345676,
      0.00987926994839987,
      0.00917998653953378,
      0.008923407255245075,
      0.008841751928950486,
      0.009070322269234488,
      0.009053158089746619,
      0.008887554042700302,
      0.008758998353807437,
      0.00855631938995549,
      0.008225399638757893,
      0.008085605623313506,
      0.007906957966900222,
      0.007520567916475748
    ],
    "wall_time": [
      0.008382320404052734,
      0.014101982116699219,
      0.01694178581237793,
      0.019873619079589844,
      0.023252010345458984,
      0.026915550231933594,
      0.030609130859375,
      0.0358271598815918,
      0.03986859321594238,
      0.04416370391845703,
      0.04854226112365723,
      0.053011417388916016,
      0.05828356742858887,
      0.06354355812072754,
      0.0691685676574707,
      0.07642197608947754,
      0.08253145217895508,
      0.0886526107788086,
      0.09511375427246094,
      0.10191726684570312,
      0.10898303985595703,
      0.1166224479675293,
      0.12364363670349121,
      0.13087201118469238,
      0.1381688117980957,
      0.14602136611938477,
      0.15378952026367188,
      0.1616361141204834,
      0.16972804069519043,
      0.17802143096923828,
      0.18682861328125,
      0.19544649124145508,
      0.2044849395751953,
      0.2122185230255127
    ]
  }
}