{
  "method": "LiL-Q",
  "total_iterations": 4,
  "total_line_searches": 4,
  "final_loss": 0.00041023788823361127,
  "final_pde_loss": 0.00040739851623370173,
  "training_time": 1.1586825847625732,
  "n_params": 576,
  "converged": true,
  "pretrain_loss": 2.143668472444084e-18,
  "metrics_history": {
    "quasi_iter": [
      0,
      1,
      2,
      3,
      4
    ],
    "n_func_evals": [
      0,
      1,
      2,
      3,
      4
    ],
    "nonlinear_residual": [
      24.106695042663254,
      28.832937533752638,
      1.4718719515544134,
      0.03386053867637876,
      0.00041023788823361127
    ],
    "update_norm": [
      0.0,
      1.000001602204837,
      0.9223498422849584,
      2.429042530759529,
      2.674318543487545
    ],
    "linear_residual": [
      0.0,
      0.0,
      0.0,
      0.0,
      0.0
    ],
    "pde_loss": [
      24.106695022051703,
      28.83293584078715,
      1.4715649290537764,
      0.03375374962742155,
      0.00040739851623370173
    ],
    "ic_loss": [
      2.4137989164032775e-17,
      1.3800168850657629e-07,
      2.907757336224512e-05,
      9.96170369910592e-06,
      2.5754446139578017e-07
    ],
    "bc_loss": [
      2.061154999008962e-09,
      3.1294859978099604e-08,
      1.6246767014544613e-06,
      7.172011966149146e-07,
      2.639273859517649e-08
    ],
    "total_loss": [
      24.106695042663254,
      28.832937533752638,
      1.4718719515544134,
      0.03386053867637876,
      0.00041023788823361127
    ],
    "wall_time": [
      0.002403736114501953,
      0.2661283016204834,
      0.5546977519989014,
      0.840261697769165,
      1.1586825847625732
    ]
  }
}