{
  "method": "LiL-Q",
  "total_iterations": 8,
  "total_line_searches": 8,
  "final_loss": 0.034614705890668424,
  "final_pde_loss": 0.020244991756469394,
  "training_time": 8.079489469528198,
  "n_params": 1024,
  "converged": true,
  "pretrain_loss": 0.0,
  "metrics_history": {
    "quasi_iter": [
      0,
      1,
      2,
      3,
      4,
      5,
      6,
      7,
      8
    ],
    "n_func_evals": [
      0,
      1,
      2,
      3,
      4,
      5,
      6,
      7,
      8
    ],
    "nonlinear_residual": [
      13.975026243237094,
      6.251738120515889,
      13.083286784277757,
      1.8846978325156616,
      0.07640511731092536,
      0.04154778980280387,
      0.03847026677113903,
      0.03608919343371053,
      0.034614705890668424
    ],
    "update_norm": [
      0.0,
      1.0,
      0.9805825225623965,
      1.222911763033107,
      1.1441024696761484,
      1.5805841064034245,
      1.79618234186377,
      1.3472556204806114,
      1.6343214880847448
    ],
    "linear_residual": [
      0.0,
      0.0,
      0.0,
      0.0,
      0.0,
      0.0,
      0.0,
      0.0,
      0.0
    ],
    "pde_loss": [
      0.0,
      6.249517057078953,
      13.076263724816203,
      1.8794307544032398,
      0.06916940791814656,
      0.033130173218046816,
      0.027751806410944112,
      0.023800811201146608,
      0.020244991756469394
    ],
    "ic_loss": [
      0.3975026243237094,
      0.0002220484865219333,
      0.0007015160718108269,
      0.0005250576806776016,
      0.0007221371430542777,
      0.0008404302188540734,
      0.001069580335769316,
      0.0012277283995877557,
      0.0014360941475270671
    ],
    "bc_loss": [
      1.0,
      5.7857171673990156e-08,
      7.898743445884291e-07,
      1.6501305645635602e-06,
      1.4337962236023384e-06,
      1.3314396216319532e-06,
      2.265700250176121e-06,
      1.1098236686368775e-06,
      8.772658928359457e-07
    ],
    "total_loss": [
      13.975026243237094,
      6.251738120515889,
      13.083286784277757,
      1.8846978325156616,
      0.07640511731092536,
      0.04154778980280387,
      0.03847026677113903,
      0.03608919343371053,
      0.034614705890668424
    ],
    "wall_time": [
      0.006754636764526367,
      1.0384173393249512,
      2.0799646377563477,
      3.140929937362671,
      4.149413824081421,
      5.14425802230835,
      6.1331048011779785,
      7.124048948287964,
      8.079489469528198
    ]
  }
}