{
  "method": "LiL-Q",
  "total_iterations": 4,
  "total_line_searches": 4,
  "final_loss": 9.725196537124393e-08,
  "final_pde_loss": 9.725169845968903e-08,
  "training_time": 0.5100698471069336,
  "n_params": 400,
  "converged": true,
  "pretrain_loss": 0.0,
  "metrics_history": {
    "quasi_iter": [
      0,
      1,
      2,
      3,
      4
    ],
    "n_func_evals": [
      0,
      1,
      2,
      3,
      4
    ],
    "nonlinear_residual": [
      5.003524967250257,
      0.3359842042469071,
      0.0020790156991371315,
      1.1027080172419246e-07,
      9.725196537124393e-08
    ],
    "update_norm": [
      0.0,
      1.0,
      0.8405298845663085,
      0.33479179813180915,
      0.008604261014600267
    ],
    "linear_residual": [
      0.0,
      0.0,
      0.0,
      0.0,
      0.0
    ],
    "pde_loss": [
      0.0,
      0.3359842042469071,
      0.0020790156991368695,
      1.1027071972021055e-07,
      9.725169845968903e-08
    ],
    "ic_loss": [
      0.5003524967250257,
      3.14323605779088e-20,
      2.621090039358772e-17,
      8.200398190712845e-15,
      2.6691155490078018e-14
    ],
    "bc_loss": [
      0.0,
      2.5638583394315127e-32,
      1.3636382294998585e-32,
      1.3093609834737088e-32,
      1.309276646126541e-32
    ],
    "total_loss": [
      5.003524967250257,
      0.3359842042469071,
      0.0020790156991371315,
      1.1027080172419246e-07,
      9.725196537124393e-08
    ],
    "wall_time": [
      0.0009312629699707031,
      0.12819242477416992,
      0.2736673355102539,
      0.39537811279296875,
      0.5100698471069336
    ]
  }
}