{
  "N": 25,
  "method": "LiL-Q",
  "n_outer_iters": 6,
  "solve_time_total": 12.8391752243042,
  "training_time": 12.8391752243042,
  "pde_mse": 4.505996168308053e-26,
  "cont_mse": 2.70704925401093e-25,
  "rel_l2_u": 6.973822155041363e-13,
  "rel_l2_v": 5.3399743742652455e-12,
  "rel_l2_p": 1.8351574681426398e-12,
  "final_loss": 4.505996168308053e-26,
  "converged": true
}