{
  "N": 5,
  "method": "LiL-Q",
  "n_outer_iters": 16,
  "solve_time_total": 0.06799650192260742,
  "training_time": 0.06799650192260742,
  "pde_mse": 0.11631949936851574,
  "cont_mse": 0.15251720655874437,
  "rel_l2_u": 0.3758081160353216,
  "rel_l2_v": 1.2142649699665895,
  "rel_l2_p": 0.8790912987619003,
  "final_loss": 0.11631949936851574,
  "converged": true
}