{
  "N": 15,
  "method": "LiL-Q",
  "n_outer_iters": 6,
  "solve_time_total": 2.0069122314453125,
  "training_time": 2.0069122314453125,
  "pde_mse": 6.443409962496514e-10,
  "cont_mse": 1.6586484764232904e-09,
  "rel_l2_u": 1.2255865656954122e-05,
  "rel_l2_v": 9.85535122022287e-05,
  "rel_l2_p": 0.00011425050234264922,
  "final_loss": 6.443409962496514e-10,
  "converged": true
}