iter,phase,t_cum_s,loss_total,loss_xmom,loss_ymom,loss_cont,loss_bc,w_xmom,w_ymom,w_cont,w_bc,lr_or_mu,grad_norm,eps_u,eps_v,eps_p,eps_p_meanfree
0,adam,0.584,3.1758885125613596,0.016356119651647304,0.02073881117088795,0.039649669057729146,2.914773554192939,2.4574069009093993,2.0158127791123777,1.7217706248784865,1.0380297539248908,1e-06,5.47820814425808,1.0748433097655643,0.9917441580760359,1.104328196860157,0.9954334251519426
100,adam,35.209,0.5383598896434942,0.025289732132244915,0.011693040620494189,0.018934452543536883,0.3488991671129614,3.1338662980088388,3.200418408075805,2.458415576205206,1.0751928072071562,0.000101,2.19272729226246,0.4623673691060141,0.8723287260098196,1.0916595562689908,0.9545744349732116
200,adam,66.741,0.03568765979859425,0.0019618568214032827,0.0008144357378892132,0.0013285354483513158,0.018744660771127613,3.1789709896352076,4.133846854659328,2.6804023558263665,1.201580118924989,0.000201,0.7685305685569208,0.10286428715293121,0.36359509309496024,0.2586090839986777,0.2356480017949625
300,adam,98.922,0.026544957937910417,0.0027296707791955423,0.0008481557748209767,0.0011940073641595926,0.004669839098223284,3.0489686789827357,4.3732050979523995,2.832905024005628,2.38351008999675,0.000301,3.8303660305949876,0.05119008349039884,0.20521080326755906,0.6262905519141474,0.10417599417979048
400,adam,129.832,0.009668941753516963,0.0009909972999281305,0.00016448500838279727,0.0005422841924653465,0.0013957036594854032,2.928579436251355,6.3603405224547265,2.8868121567794502,2.9770461286223897,0.00040100000000000004,2.051885072483732,0.024537395369372036,0.11149966253801559,0.939068484737111,0.053115756474884174
500,adam,160.749,0.012263930700583478,0.001485217066756309,0.000272792229673044,0.0006194623504444919,0.000925887009019433,2.809254485187758,6.6655826442996675,2.968349448131353,4.789437667268672,0.000501,2.7613574578564988,0.019000952876516146,0.08821167205110439,1.0809883537509266,0.035820980305535245
600,adam,191.089,0.006376772724683918,0.0006707208483626123,6.844658695178251e-05,0.0003406900090115645,0.0005000082984327633,2.6999363275599517,8.1888139551757,2.9926407915754623,5.971520803217736,0.000601,1.742424986681945,0.012739647999739305,0.06470206078198086,1.2521391857667126,0.030054548522876125
700,adam,223.115,0.0900094591090496,0.017800786729348927,0.0007807186484125359,0.009914924149957614,0.0007391916639412854,2.6041555544938166,9.883320401218146,2.9739835390361318,8.726461660605683,0.000701,11.85512515673743,0.025298364974991196,0.07691477142089798,1.373848490908563,0.03304597550204454
800,adam,253.648,0.007116441068531474,0.000999186036403197,0.0001448688305552146,0.000324481830052704,0.00022508996917793754,2.5113919574072097,9.883339779791367,3.08121965803034,9.665049186287211,0.0008010000000000001,2.0403897229227383,0.007208286881949173,0.042868601678529177,1.3791745270039388,0.02116670274576824
900,adam,284.550,0.012753814681780383,0.0014225655658647246,0.0004233681966769948,0.0009615417642061026,0.00019367837418838934,2.470385164163523,9.847337372101007,3.0380604923131633,11.097048449444719,0.000901,2.8746884455129496,0.01157278241250074,0.04445691383063396,1.4240296183917922,0.021585333366446576
1000,adam,318.868,0.003429503685594839,0.0004592589819370303,4.4305164215133364e-05,0.00015617917631327417,0.000126721094584853,2.402741740447152,10.711188309825928,3.118545527073776,10.76703240111278,0.001,0.9985884215792992,0.006633697310940433,0.027614916549340212,1.4893519473253227,0.017140825677275
1100,adam,350.254,0.00167489503771556,0.00016598914451705282,1.6938155526530412e-05,7.772128243791049e-05,7.83980786151481e-05,2.348500007629429,12.103440038469843,3.117830968384911,10.685692484864624,0.001,0.06565764048022205,0.004506995718839882,0.02403290768424728,1.5184106228867833,0.014786292500418512
1200,adam,382.153,0.0024276590525112956,0.00026611392697816925,4.023144350316911e-05,0.00015249810072972338,7.619986503705348e-05,2.324368742372893,12.064428356239636,3.070644385403981,11.226730568545824,0.001,0.8830248862190421,0.00419237632914987,0.02652517556850508,1.5165565286219764,0.01323567823309032
1300,adam,414.856,0.0028407875049044217,0.00047090105573300054,2.537357338791366e-05,0.00017880371411811507,7.760995353956249e-05,2.262413506339165,13.250673536959415,3.1036140587126133,11.39364086202694,0.001,1.1869173914323403,0.004911655418987007,0.0224871829435096,1.5591385664893458,0.014771738105494502
1400,adam,446.128,0.0014176127559264956,0.0001537208921674724,2.040930055074817e-05,9.698202659238328e-05,4.255745070811975e-05,2.2467456280637954,13.085910305764427,3.0563346334462684,11.954597889095492,0.001,0.6633955529107157,0.003690563404870957,0.018597459478836807,1.5692210661016053,0.011221364717584465
1500,adam,479.274,0.025276411856929498,0.005670624195437788,0.00025498874599386373,0.001953610537054107,0.0002584611358153433,2.188568166043875,14.159919330913329,3.084175514884216,12.496913291977064,0.001,4.891171483955289,0.01041161653573368,0.0394183479529692,1.5611172680868175,0.026336885232370367
1600,adam,509.703,0.0032411132715473912,0.00038846727872842254,8.583886577063579e-05,0.00020975550899712993,3.9893585960206076e-05,2.161449242893316,13.669742824925475,3.0689875531387893,14.647184157661632,0.001,1.3520249723255011,0.00409479241140638,0.021383204760601675,1.5694577106317331,0.009863040810193228
1700,adam,539.986,0.0010492634591251476,0.0001238986942065987,6.611138584787445e-06,5.680163970018637e-05,3.571897974419966e-05,2.129169458791311,13.838492702390939,3.077486312009759,14.534784739576178,0.001,0.1288877193133599,0.002944652997946072,0.015644644260506744,1.5218399529746964,0.010806017347936842
1800,adam,571.712,0.0007386524043847922,8.628909758567024e-05,4.797542720392496e-06,4.448681040333302e-05,2.3785569665306453e-05,2.081920578973364,16.151511724108854,3.1084916327701113,14.430216127135953,0.001,0.004544109042610481,0.002536791503479262,0.013700511855541987,1.5678248733898705,0.009324589882666356
1900,adam,602.362,0.0010812654161835155,0.00011660272345526818,1.6439407763432188e-05,6.75004613825913e-05,2.3921436539294188e-05,2.0689065448904533,15.51506407057346,3.083932118427093,15.751561251664826,0.001,0.4967351052922635,0.00270658302790498,0.014443980396290385,1.5617213450808765,0.008135877831189558
2000,adam,634.739,0.0023899862707929746,0.00026745529290837707,7.352814900909938e-05,0.00011573915885803687,2.3419375329595424e-05,2.0263037656978082,14.652444302070547,3.2556232890233354,16.818142629910852,0.0009000000000000001,0.8929340323063298,0.0028891747636569562,0.022115318158251365,1.5710938509295318,0.007511689454353637
2100,adam,666.298,0.003254323663841273,0.0004344430819270151,2.7630286997914967e-05,0.0004127112098696988,3.5508886842872115e-05,2.031686181052422,16.05532933569708,3.155169211078111,17.626139641235884,0.0009000000000000001,1.509633298739082,0.00398512059400796,0.01872797689857804,1.591537608795798,0.007582274999260923
2200,adam,700.138,0.005263707925561957,0.000493214651591155,0.00016598063344469175,0.000293693414001774,4.557729109605385e-05,2.0366289655590526,15.228683401255353,3.134378863584085,17.793943292813978,0.0009000000000000001,1.6918122797979651,0.004553863561588689,0.02411373717486793,1.6134446925979804,0.006732641403715012
2300,adam,732.321,0.0007610949881483747,9.170379900132439e-05,6.882612320819097e-06,7.037250013840497e-05,1.3354781114392244e-05,2.0257605646639876,15.701775378783132,3.0739923274849565,18.789622097142164,0.0009000000000000001,0.40918091884723484,0.002071251873715964,0.01215941492906897,1.609130611398467,0.006070688020665783
2400,adam,763.602,0.0004117757261959244,4.844204314556245e-05,2.956277494900915e-06,3.152072890696785e-05,9.016550888813719e-06,1.973169721778815,17.07292482502702,3.213283516424837,18.236908256036415,0.0009000000000000001,0.05036604441828495,0.0014000899890526776,0.008166508352398823,1.6138682591762001,0.005551217213696045
2500,adam,799.656,0.0005536205323593345,6.442399889865803e-05,3.583463075680573e-06,3.8450831633941656e-05,1.3774949146373739e-05,1.971321581443959,18.908717600406213,3.2147018954385462,17.078354177813495,0.0009000000000000001,0.42588697616354493,0.0019105277092893874,0.008169901335405783,1.5884957863700133,0.006186653187869281
2600,adam,830.341,0.001760193196156535,0.0002313817580516053,1.5883950951142687e-05,0.00014660700968149976,3.220514007358985e-05,1.9723723118719902,19.629665562484213,3.1748559711335784,16.350478116874317,0.0009000000000000001,1.1558859175997158,0.0033710282350725503,0.011793465680035172,1.6034048303304065,0.00675387433822533
2700,adam,860.102,0.00032575874794496344,4.0863897737132284e-05,2.1739061291657374e-06,2.526369413289047e-05,7.733770393495768e-06,1.957731345634843,20.214890205822698,3.176426909738637,15.718680107238631,0.0009000000000000001,0.07981611145761701,0.001252908792804082,0.007381142339676632,1.560155720729968,0.005347957254203485
2800,adam,889.140,0.00030906265888121806,3.835656573634223e-05,1.989526806254622e-06,2.5005082448817767e-05,6.983002585914587e-06,1.9667400240992747,21.173508281450353,3.08976816970647,16.359738424177277,0.0009000000000000001,0.11943834912300275,0.0012401123062898004,0.007389166963045971,1.5803301243098546,0.0050276539152326015
2900,adam,921.338,0.00031376805301368586,3.8236420349908064e-05,1.9079299444119763e-06,2.3870680740956565e-05,7.563843352443245e-06,1.9364959068471672,20.921644549300446,3.124498955710785,16.555397370038605,0.0009000000000000001,0.060482599203576716,0.001279327086293113,0.007388960184379851,1.5677279557028194,0.005159324405618326
3000,adam,954.045,0.0003961721235962905,6.520195790774744e-05,2.5375084506747733e-06,3.714758541213963e-05,5.839256860920069e-06,1.9029339178988014,23.20819574983364,3.162094792128679,16.396252031485904,0.0009000000000000001,0.07159121922933125,0.0010983259329606242,0.006611178833225503,1.5840722418734492,0.004552500513406531
3100,adam,983.942,0.0006130177627933253,8.732797371470015e-05,2.5699261794561695e-06,3.1757470979995775e-05,1.7099126097059315e-05,1.856781302861119,27.663342087695007,3.7059323124035606,15.327393200567839,0.0009000000000000001,0.4931834721421337,0.0020933025778708918,0.007845389367977523,1.4773897119000543,0.005209674466576794
3200,adam,1015.006,0.0003588259628827267,4.555903859144098e-05,1.8525936822547437e-06,2.4231891476139127e-05,9.099706122475933e-06,1.8458266539917711,28.357142757632225,3.724236165818586,14.5007237841752,0.0009000000000000001,0.10749965178600562,0.0013254677076867645,0.00799242578249772,1.4304392112525224,0.0059233591756835055
3300,adam,1046.249,0.028501406957414873,0.006776476515141052,5.2030191638846815e-05,0.0013554278210693314,0.0006658362410264232,1.8161295960057005,34.2480203267978,3.7860863194353396,13.938486730815063,0.0009000000000000001,4.931869481743302,0.01673782815451466,0.031692633285018444,1.495217596246709,0.013960148101301499
3400,adam,1076.831,0.00027713778670438805,3.459368652899519e-05,1.3568332771178547e-06,1.8839823584088582e-05,6.856523434216064e-06,1.7925018703207172,35.99167209457032,3.773738521446431,13.884189767551305,0.0009000000000000001,0.03358860543665487,0.0011369593363583144,0.00718866124205459,1.4530473814257032,0.0051816488717936005
3500,adam,1108.292,0.00026192549432137543,3.351391446089899e-05,1.2411479873308288e-06,1.821670180506301e-05,6.400309827094779e-06,1.7901921382684804,36.70412450929449,3.688688245931847,13.933413608184493,0.0009000000000000001,0.08193589147543756,0.0011056731180593038,0.006973795411824735,1.4345233233626973,0.005027701708750041
3600,adam,1138.881,0.00038855598418822843,4.905711753500375e-05,2.2176871079225877e-06,2.142531687854211e-05,1.0679169193742366e-05,1.7859261229633432,36.1203952885542,3.7654436295198073,13.124994651463108,0.0009000000000000001,0.3524935648689321,0.0016568837500890734,0.006900827285853044,1.457141295044745,0.004448662683948523
3700,adam,1169.065,0.0004433994935563543,6.869933679428028e-05,3.096007367065363e-06,3.187828448664128e-05,5.787256880535727e-06,1.770499686779575,35.35387442699424,3.6919820894486515,16.349270506902307,0.0009000000000000001,0.3662361160477538,0.0015196552793488988,0.007785667346453604,1.4560267943579301,0.00473456743500852
3800,adam,1199.431,0.0004672518628365999,6.88412174955734e-05,2.0573452244696005e-06,3.055270481609879e-05,1.0048371046527277e-05,1.770124546187941,34.16419414096411,3.625446859956504,16.354848342562985,0.0009000000000000001,0.08804660346462569,0.0017207478134507496,0.00882386991997173,1.3266903855565892,0.006885876868794601
3900,adam,1233.101,0.0025364826655860477,0.00019412412242975774,5.22657072077049e-05,8.697529628664938e-05,1.1287148999026744e-05,1.765809256494729,31.730375650313906,3.5972107181826565,19.70537484360319,0.0009000000000000001,0.9296315844861059,0.0015097156406839577,0.018383431277655467,1.3449973619594473,0.0060077649387014235
4000,adam,1267.281,0.00036579402138606427,8.261759772323687e-05,1.5610585925350666e-06,2.0624610372300253e-05,4.248861719078383e-06,1.7198165154951193,34.72626881527368,3.7569181669920746,21.655729162085862,0.0008100000000000001,0.05991674036694678,0.0008900006354418809,0.005793929489731664,1.3633492215909928,0.004185800165112281
4100,adam,1300.468,0.0002676143673582132,4.8717182087153035e-05,1.026867204974724e-06,1.5119357581562104e-05,4.224098882117946e-06,1.6991382377332274,35.35558740963599,3.7513736256936623,21.73559154486658,0.0008100000000000001,0.04125899334642253,0.0007772856359346175,0.005578219976475177,1.330918166053941,0.004257918299604704
4200,adam,1331.009,0.00021526338903269125,3.6393758853706404e-05,8.656013413628832e-07,1.2298990734231694e-05,3.17896371165232e-06,1.6711684656169767,44.53086607770598,3.7877376716071423,21.80331870456382,0.0008100000000000001,0.0020428430206779736,0.0006770260458846803,0.005070767962428906,1.3418990128452346,0.0037091139218820277
4300,adam,1363.165,0.0003308642178103864,4.7417367831356015e-05,1.2913157810122796e-06,1.8639368414808483e-05,5.880236136382752e-06,1.691837442148096,44.31648241905045,3.670238871400289,21.258369392803413,0.0008100000000000001,0.07454440078841632,0.0012486570753200501,0.007139708272192237,1.2586588513802126,0.005631090858479856
4400,adam,1395.640,0.00023692115700664747,3.5083055480158e-05,9.000101967348681e-07,1.2868860614376583e-05,3.650072317564893e-06,1.668386213625463,58.91965227449744,3.6824342757201287,21.36178214483905,0.0008100000000000001,0.0025070374300069967,0.0008175109661221051,0.005580839967712857,1.2691699848091686,0.004376941217686114
4500,adam,1426.871,0.0003711807773211584,5.4749179925032935e-05,1.34944063230515e-06,1.906730807370381e-05,6.093633242078082e-06,1.6451717618129522,58.62418125015505,3.728123673566624,21.483708075297386,0.0008100000000000001,0.0708839548819905,0.001137120216498772,0.007334205852948982,1.1901974319870512,0.005782092811133772
4600,adam,1458.992,0.0002685020949254939,3.806016661017244e-05,8.966250764798191e-07,1.3601515821665762e-05,3.946013552592596e-06,1.6260581336218625,78.77259318463368,3.733995248587774,21.59054257319187,0.0008100000000000001,0.0028180058180025222,0.0008590442738777843,0.005768526298127807,1.2006016865148352,0.004668041893777628
4700,adam,1492.482,0.0005149061452220614,7.595093930061076e-05,1.5110053158502596e-06,2.6332716605750374e-05,8.303526411566052e-06,1.6145490138628986,76.87094138480047,3.7291172719335717,21.42817796619242,0.0008100000000000001,0.07890855969811367,0.0013660369609759613,0.008168945287488214,1.137333721759011,0.0069317940476282675
4800,adam,1526.411,0.0003497785636840374,4.898552338205318e-05,9.542149186524072e-07,1.701995139323979e-05,5.069067135104818e-06,1.600039159201493,104.32794441680839,3.727972529836796,21.384332245289418,0.0008100000000000001,0.003396601618347482,0.0010040971654780805,0.006294780792173016,1.1503966779427448,0.00531808944926864
4900,adam,1557.756,0.00047340756092402437,6.555651767223197e-05,1.1584201871252824e-06,2.3837678249821177e-05,7.839185906606699e-06,1.6013232863120206,100.4072549959424,3.68142389615258,20.966461964961297,0.0008100000000000001,0.08770262099524972,0.0014431486665283993,0.009266682560093302,1.0861436001057985,0.007593091091411854
5010,lbfgs,1594.591,0.0002967878888342109,4.677955626753862e-05,7.699734252375309e-07,1.602624617958988e-05,4.0812022793148315e-06,1.6013232863120206,100.4072549959424,3.68142389615258,20.966461964961297,1.0,0.05964921902397216,0.0010851385670594962,0.00614179296873743,1.1014490156766852,0.005338017286462889
5020,lbfgs,1598.093,0.0002626955913664651,4.019980167901276e-05,7.329111124955355e-07,1.4280591637630552e-05,3.441696967550398e-06,1.6013232863120206,100.4072549959424,3.68142389615258,20.966461964961297,1.0,0.030213789754716287,0.0010350738287515033,0.005379054213074677,1.1073038289609392,0.005011113852326111
5030,lbfgs,1601.327,0.0002384230557676768,3.7659515539489204e-05,6.628273927273859e-07,1.3344202239049044e-05,2.9780729171001263e-06,1.6013232863120206,100.4072549959424,3.68142389615258,20.966461964961297,1.0,0.017158363839726604,0.0009485439836330944,0.0052851809290517466,1.1133733646909212,0.0038245601938951047
5040,lbfgs,1604.527,0.00022146595535355262,3.476793870436775e-05,6.164760149299428e-07,1.261228590154524e-05,2.7406345644867387e-06,1.6013232863120206,100.4072549959424,3.68142389615258,20.966461964961297,1.0,0.011627873747238695,0.00088231314794866,0.005087761425901938,1.1191727452908509,0.0039113370844379896
5050,lbfgs,1608.234,0.00020710841557614404,3.20044497711016e-05,5.75635323290038e-07,1.2274042103885285e-05,2.5218861621268516e-06,1.6013232863120206,100.4072549959424,3.68142389615258,20.966461964961297,1.0,0.012923650692111285,0.0007931385700793736,0.005017788268638299,1.1242748935701337,0.003989897667895036
5060,lbfgs,1611.708,0.00019683325186701828,3.1006773462965246e-05,5.454966682290675e-07,1.1856792577844423e-05,2.3256036700299072e-06,1.6013232863120206,100.4072549959424,3.68142389615258,20.966461964961297,1.0,0.012078478354567972,0.0006954366824665121,0.004804736178625542,1.1290972080350352,0.0037654345799796366
5070,lbfgs,1615.091,0.00018771083424372152,3.0956227403388884e-05,5.103524278447563e-07,1.1125579578863299e-05,2.191063310657534e-06,1.6013232863120206,100.4072549959424,3.68142389615258,20.966461964961297,1.0,0.008979520930263354,0.0006406439438470862,0.004738343553100418,1.135857513914934,0.0036181707519911004
5080,lbfgs,1618.632,0.00017716268456283282,2.8545679741818634e-05,4.778970839044353e-07,1.0946252278129666e-05,2.0589880097732523e-06,1.6013232863120206,100.4072549959424,3.68142389615258,20.966461964961297,1.0,0.010688275970605818,0.000585256809966217,0.004590457746388084,1.1418044844314035,0.003454748827195972
5090,lbfgs,1622.414,0.00016685660637916132,2.6540974849411037e-05,4.505389549599278e-07,1.0530786936492358e-05,1.9245142537281196e-06,1.6013232863120206,100.4072549959424,3.68142389615258,20.966461964961297,1.0,0.018032891754858844,0.00054328436931969,0.004255433545896668,1.1486847037995949,0.0032957696055011696
5100,lbfgs,1625.996,0.00015849677481529148,2.55794098772905e-05,4.27034794836165e-07,1.0004917285014138e-05,1.8041258979481103e-06,1.6013232863120206,100.4072549959424,3.68142389615258,20.966461964961297,1.0,0.01318315724176331,0.0004883735031211512,0.004049898200061393,1.1534623760821412,0.00314679908150864
5110,lbfgs,1629.420,0.0001508023733708706,2.480712177764463e-05,4.0493550239671906e-07,9.489057142633409e-06,1.6925339000137004e-06,1.6013232863120206,100.4072549959424,3.68142389615258,20.966461964961297,1.0,0.01751465028492871,0.00045885438985921915,0.0038044250500929968,1.155497503189616,0.002931203193734108
5120,lbfgs,1633.525,0.00014416347974341288,2.3765583159359818e-05,3.8885140994056896e-07,9.093177290945556e-06,1.601975346598913e-06,1.6013232863120206,100.4072549959424,3.68142389615258,20.966461964961297,1.0,0.00904254054782761,0.0004800781533532,0.003647966931757372,1.1607734070274713,0.0029541484379535165
5130,lbfgs,1637.055,0.0001378380688899659,2.2375641118617215e-05,3.771183977388129e-07,8.940891076126058e-06,1.4893690975033816e-06,1.6013232863120206,100.4072549959424,3.68142389615258,20.966461964961297,1.0,0.008798963969345996,0.00044920738378118736,0.003565391825666527,1.165663498835246,0.002766414011819619
5140,lbfgs,1640.677,0.00013272867089970226,2.1378691140666143e-05,3.7063167668594117e-07,8.620980901618332e-06,1.4090541658664586e-06,1.6013232863120206,100.4072549959424,3.68142389615258,20.966461964961297,1.0,0.015810884099278524,0.0004729795467854043,0.0035785150670283143,1.1721322146900748,0.002740935475148122
5150,lbfgs,1644.294,0.00012665501517912812,2.013025261434045e-05,3.490327284193683e-07,8.261371437958017e-06,1.3812985980093428e-06,1.6013232863120206,100.4072549959424,3.68142389615258,20.966461964961297,1.0,0.006305577315625392,0.00046816953201808594,0.0035273048344177257,1.1759482057265198,0.0026590424176116804
5160,lbfgs,1647.616,0.00012157381952126672,1.923258341922264e-05,3.3349197112536755e-07,7.924804594221515e-06,1.3410301410759686e-06,1.6013232863120206,100.4072549959424,3.68142389615258,20.966461964961297,1.0,0.0062759905556537465,0.00045089625423429025,0.003579933470482228,1.1786710356215362,0.002679260426135859
5170,lbfgs,1651.577,0.00011741034790380165,1.7977124763454794e-05,3.255469392615713e-07,7.875310505719062e-06,1.2850775021179867e-06,1.6013232863120206,100.4072549959424,3.68142389615258,20.966461964961297,1.0,0.008935005516601351,0.0004385703651633064,0.0033986127388296646,1.1829356681961825,0.002663496436124957
5180,lbfgs,1654.929,0.00011314198443864283,1.7563855482831186e-05,3.15078713755502e-07,7.600442525261653e-06,1.2114554286431011e-06,1.6013232863120206,100.4072549959424,3.68142389615258,20.966461964961297,1.0,0.008782907655521493,0.0003815277112692986,0.003306534827021986,1.1884507495511032,0.0025914490399997795
5190,lbfgs,1658.554,0.00010886764343840293,1.7223959235526657e-05,3.0357907654252906e-07,7.241442942946782e-06,1.1516560891288892e-06,1.6013232863120206,100.4072549959424,3.68142389615258,20.966461964961297,1.0,0.008077620380228696,0.0003900985918133251,0.0033630528413457947,1.192064342560051,0.0025931048653917246
5200,lbfgs,1661.809,0.00010506097811202767,1.681187578547774e-05,2.984216389214191e-07,6.957466674908594e-06,1.076130455328108e-06,1.6013232863120206,100.4072549959424,3.68142389615258,20.966461964961297,1.0,0.006583493302100934,0.00035146262974212426,0.003181235740361088,1.1956276390594982,0.0024580749420566013
5210,lbfgs,1665.016,0.00010090656553380005,1.5918387309483404e-05,2.881050963112739e-07,6.740563587287331e-06,1.0337160154192166e-06,1.6013232863120206,100.4072549959424,3.68142389615258,20.966461964961297,1.0,0.005142219518785849,0.0003543099576330708,0.0029673403522823896,1.199905489945496,0.002444145314077581
5220,lbfgs,1668.519,9.730158449775805e-05,1.544737716206263e-05,2.77854098445031e-07,6.5843866379859384e-06,9.742632850984825e-07,1.6013232863120206,100.4072549959424,3.68142389615258,20.966461964961297,1.0,0.0057114117328328565,0.0003493175932320198,0.0028994484647690963,1.2042782330054493,0.002317997943466865
5230,lbfgs,1671.937,9.429868529544367e-05,1.5035051055474324e-05,2.7121646005928843e-07,6.418458722205519e-06,9.234529116602001e-07,1.6013232863120206,100.4072549959424,3.68142389615258,20.966461964961297,1.0,0.006944875248363267,0.0003179085419268759,0.002727946018167183,1.2067686633976393,0.0022145973007195873
5240,lbfgs,1675.313,9.132289087731275e-05,1.4855247384621271e-05,2.6275104434103904e-07,6.149345661417128e-06,8.83047324536191e-07,1.6013232863120206,100.4072549959424,3.68142389615258,20.966461964961297,1.0,0.004767236372355247,0.000331308919114898,0.002665574767637213,1.2092268345745676,0.002143806119813892
5250,lbfgs,1678.591,8.812750663934833e-05,1.4776385217193515e-05,2.533456260212033e-07,5.880534344213299e-06,8.289075382214272e-07,1.6013232863120206,100.4072549959424,3.68142389615258,20.966461964961297,1.0,0.00450320504988974,0.000304833730676886,0.002709183024210586,1.2109233972620013,0.0021715508721562
5260,lbfgs,1681.831,8.546776764921553e-05,1.4376619946097004e-05,2.4570254007159603e-07,5.7609759972542704e-06,7.901780988698303e-07,1.6013232863120206,100.4072549959424,3.68142389615258,20.966461964961297,1.0,0.005025737947992425,0.0003357942466783129,0.0028546198813178144,1.2132251446888977,0.0022180811027505435
5270,lbfgs,1685.395,8.301512903580171e-05,1.3486792912937224e-05,2.4027521459397914e-07,5.783968249880909e-06,7.631139599396453e-07,1.6013232863120206,100.4072549959424,3.68142389615258,20.966461964961297,1.0,0.006465615846505576,0.00032857592391681323,0.0027701609277405825,1.2153826469867302,0.0022163391598992188
5280,lbfgs,1688.592,8.039587199463545e-05,1.2802265024354405e-05,2.3456496704434206e-07,5.65217660672133e-06,7.409559340610907e-07,1.6013232863120206,100.4072549959424,3.68142389615258,20.966461964961297,1.0,0.010758057813906378,0.0003209127696629068,0.002737398968568354,1.2162714688793856,0.002091485056198759
5290,lbfgs,1692.526,7.82122158037664e-05,1.25995125088905e-05,2.266044544338683e-07,5.46302830157539e-06,7.236256111364924e-07,1.6013232863120206,100.4072549959424,3.68142389615258,20.966461964961297,1.0,0.005591637036011103,0.00031045009029358233,0.00265896344890515,1.2170594554666485,0.002099633223638801
5300,lbfgs,1696.716,7.562468891569892e-05,1.2413289966195889e-05,2.188275361172439e-07,5.2364452511347006e-06,6.914639083997193e-07,1.6013232863120206,100.4072549959424,3.68142389615258,20.966461964961297,1.0,0.00589655326826193,0.0003127010479976508,0.002578599463922939,1.2178937314082132,0.0020641363591623807
5310,lbfgs,1700.070,7.308343488006241e-05,1.2149229430960944e-05,2.0953599994388722e-07,5.104687317282772e-06,6.580575423334344e-07,1.6013232863120206,100.4072549959424,3.68142389615258,20.966461964961297,1.0,0.00661385225706654,0.000294616120401981,0.002471749319528965,1.2180863876783972,0.001965829795150648
5320,lbfgs,1703.706,7.051420880139288e-05,1.165198117029041e-05,1.9946158840473585e-07,4.997411468205289e-06,6.405772932683985e-07,1.6013232863120206,100.4072549959424,3.68142389615258,20.966461964961297,1.0,0.005810050550994541,0.00030949248421652974,0.002521248193313832,1.2201338250056974,0.0019507513064480283
5330,lbfgs,1707.092,6.826722107116338e-05,1.1159086133665126e-05,1.9023804371801885e-07,4.961690204079787e-06,6.214950316849057e-07,1.6013232863120206,100.4072549959424,3.68142389615258,20.966461964961297,1.0,0.005787381044331639,0.00030600671052716087,0.0025528976477379632,1.2214058581991842,0.0019438883003151531
5340,lbfgs,1710.425,6.61082891079243e-05,1.094854794815204e-05,1.8380438830082817e-07,4.7629023935936315e-06,6.00319098947966e-07,1.6013232863120206,100.4072549959424,3.68142389615258,20.966461964961297,1.0,0.0074662482927846194,0.0002834052774357277,0.0024144364853116635,1.2231689441644287,0.0019332230144520023
5350,lbfgs,1713.687,6.372978240341274e-05,1.0725555854227575e-05,1.7512768557140911e-07,4.502976778253467e-06,5.910984685355627e-07,1.6013232863120206,100.4072549959424,3.68142389615258,20.966461964961297,1.0,0.004007256183898126,0.0002714001228527269,0.0024152146800092314,1.2244398499688622,0.0019215010281888568
5360,lbfgs,1716.980,6.159818705160729e-05,1.0452535721819925e-05,1.6893919569273615e-07,4.341522976257936e-06,5.68269023545261e-07,1.6013232863120206,100.4072549959424,3.68142389615258,20.966461964961297,1.0,0.0032588633952039454,0.000264454192252721,0.0024076920397592557,1.2264163333356457,0.0018846746377385562
5370,lbfgs,1721.021,5.9975976920619284e-05,1.0074289388965897e-05,1.6532745960952155e-07,4.1626657400379486e-06,5.684873884313525e-07,1.6013232863120206,100.4072549959424,3.68142389615258,20.966461964961297,1.0,0.00864664165724494,0.0002733148153810386,0.0023546255810856236,1.2267297302586044,0.0018151309606831132
5380,lbfgs,1724.350,5.8215425290294854e-05,9.863763882130128e-06,1.604284144952884e-07,3.985378564439757e-06,5.551869413849366e-07,1.6013232863120206,100.4072549959424,3.68142389615258,20.966461964961297,1.0,0.005471264716133281,0.0002765749860375648,0.0023327795849388665,1.227949642779749,0.00175618231572127
5390,lbfgs,1728.025,5.614770905805135e-05,9.536928943882222e-06,1.5393882446475516e-07,3.819590482705436e-06,5.417173484459932e-07,1.6013232863120206,100.4072549959424,3.68142389615258,20.966461964961297,1.0,0.0040840021489080315,0.00028228949996125953,0.002381108842013823,1.2300922016101827,0.0017762823110476493
5400,lbfgs,1731.476,5.428765348602228e-05,9.37619569670445e-06,1.474465935402004e-07,3.6734444795390513e-06,5.220298491048856e-07,1.6013232863120206,100.4072549959424,3.68142389615258,20.966461964961297,1.0,0.004789170027603482,0.0002627202541922697,0.0023452920342076937,1.2315665820902526,0.0017447503535547287
5410,lbfgs,1734.801,5.236170790543485e-05,9.105687452432084e-06,1.4124470270248672e-07,3.5576431512473687e-06,5.008652950347826e-07,1.6013232863120206,100.4072549959424,3.68142389615258,20.966461964961297,1.0,0.005171383429722697,0.00024984610576782654,0.002223999031577337,1.232657375558631,0.0017033667705993146
5420,lbfgs,1738.124,5.096414993958123e-05,8.856176207017808e-06,1.3694836743512662e-07,3.4958653012945147e-06,4.846872619868302e-07,1.6013232863120206,100.4072549959424,3.68142389615258,20.966461964961297,1.0,0.0042130549147771906,0.00025351598293391444,0.0021209971260204045,1.2329364811497812,0.0016880717908904417
5430,lbfgs,1741.468,4.967606321418435e-05,8.694733958050986e-06,1.3402820080600553e-07,3.388820433322679e-06,4.6836204493156736e-07,1.6013232863120206,100.4072549959424,3.68142389615258,20.966461964961297,1.0,0.00485158196127613,0.0002615860159057111,0.002134274557294041,1.2340632692399256,0.0016302294267536532
5440,lbfgs,1745.116,4.825328931342047e-05,8.412375493416359e-06,1.2844970305465533e-07,3.33027702420761e-06,4.5906233737525994e-07,1.6013232863120206,100.4072549959424,3.68142389615258,20.966461964961297,1.0,0.00424065804086855,0.00026325730397931424,0.0021194947443808057,1.2357432475544736,0.0016771524147401152
5450,lbfgs,1748.857,4.6950922270380504e-05,8.195914237499841e-06,1.2399915619182653e-07,3.2802646204576796e-06,4.4357290754667205e-07,1.6013232863120206,100.4072549959424,3.68142389615258,20.966461964961297,1.0,0.002706730037325776,0.00025362568796503325,0.002092769688430243,1.2372560444116258,0.0016380921665317214
5460,lbfgs,1752.267,4.573659417950481e-05,7.920213597839613e-06,1.209775435019424e-07,3.2026332242653113e-06,4.3481337892629076e-07,1.6013232863120206,100.4072549959424,3.68142389615258,20.966461964961297,1.0,0.006389545231018944,0.0002499719522688732,0.001993256313878903,1.2394474820278165,0.0016384570945868818
5470,lbfgs,1755.952,4.4597464449487435e-05,7.774530550341877e-06,1.1922046227658187e-07,3.1190937850027572e-06,4.1469189711750186e-07,1.6013232863120206,100.4072549959424,3.68142389615258,20.966461964961297,1.0,0.0028629468449690226,0.0002256263498890043,0.0020083816980653118,1.2407147437316433,0.001561796685178559
5480,lbfgs,1759.252,4.3640427355897336e-05,7.470438679081718e-06,1.1896465195212821e-07,3.038753182295741e-06,4.0760273385779295e-07,1.6013232863120206,100.4072549959424,3.68142389615258,20.966461964961297,1.0,0.009601963535081753,0.00022724455041768334,0.0019775656152427185,1.2424394794028357,0.001544359952905244
5490,lbfgs,1762.858,4.252907392321273e-05,7.363713021153498e-06,1.151929468757429e-07,2.9475704596904217e-06,3.9682064079481545e-07,1.6013232863120206,100.4072549959424,3.68142389615258,20.966461964961297,1.0,0.004099005108594441,0.0002252179104186224,0.001922806445614849,1.2440909049683848,0.00149108567604554
5500,lbfgs,1766.139,4.1480431108642765e-05,7.215229430957462e-06,1.1184591352036223e-07,2.8927949277795875e-06,3.8379249132850665e-07,1.6013232863120206,100.4072549959424,3.68142389615258,20.966461964961297,1.0,0.0036885374170228173,0.0002192012436658193,0.00188893673899682,1.245833550397606,0.001478420372283915
5510,lbfgs,1769.374,4.0360122523573386e-05,6.914440769373701e-06,1.0895147333339525e-07,2.8811885300586453e-06,3.692312442432587e-07,1.6013232863120206,100.4072549959424,3.68142389615258,20.966461964961297,1.0,0.005022131660151546,0.00023509197261714529,0.0019254390707097108,1.2481153731358299,0.0015047068118855117
5520,lbfgs,1772.903,3.931857825352216e-05,6.721500180759437e-06,1.055728334528629e-07,2.8590940377453675e-06,3.5435010382241224e-07,1.6013232863120206,100.4072549959424,3.68142389615258,20.966461964961297,1.0,0.003067461550045851,0.00022106899215438026,0.0018128436302573803,1.2496816790415473,0.001466102150913348
5530,lbfgs,1776.033,3.8332319169014485e-05,6.513080113159532e-06,1.0261462366137885e-07,2.8107065598920902e-06,3.4589132641337836e-07,1.6013232863120206,100.4072549959424,3.68142389615258,20.966461964961297,1.0,0.0027101318639285725,0.0002244978445376988,0.001803633759283018,1.250185447649029,0.001426943867739946
5540,lbfgs,1779.455,3.7355254229714284e-05,6.3218354136077984e-06,1.003336682977727e-07,2.7807483005297283e-06,3.3008003548854e-07,1.6013232863120206,100.4072549959424,3.68142389615258,20.966461964961297,1.0,0.003355062437991509,0.0002090616534459775,0.001766781973300383,1.2501041158745514,0.0014296437145206427
5550,lbfgs,1782.640,3.6416077473955336e-05,6.161123214778689e-06,9.792186666244087e-08,2.724597934655634e-06,3.189694871631341e-07,1.6013232863120206,100.4072549959424,3.68142389615258,20.966461964961297,1.0,0.00393945034790927,0.00020573923336321634,0.0017816173418061638,1.2509774255208408,0.0014007796401471553
5560,lbfgs,1785.833,3.5501583396317764e-05,6.017351074504818e-06,9.52343271813846e-08,2.661464783543094e-06,3.102889549556941e-07,1.6013232863120206,100.4072549959424,3.68142389615258,20.966461964961297,1.0,0.003742124775345675,0.00020328571957780786,0.001893070898597248,1.2516080268115704,0.0013629154903495387
5570,lbfgs,1789.601,3.470067358408383e-05,5.88201018042568e-06,9.31813436737975e-08,2.5860327785708972e-06,3.0550256500901044e-07,1.6013232863120206,100.4072549959424,3.68142389615258,20.966461964961297,1.0,0.0040748790817526385,0.00022069918394938603,0.0019171924545702491,1.2522426985856248,0.0014043056552948319
5580,lbfgs,1792.966,3.382242576317813e-05,5.654222630858711e-06,9.057731324775945e-08,2.5532277582030085e-06,2.9924239670922797e-07,1.6013232863120206,100.4072549959424,3.68142389615258,20.966461964961297,1.0,0.003954716969945428,0.00020798657250743066,0.0017853091002883543,1.2531796073415302,0.0014247252066204843
5590,lbfgs,1796.646,3.313803992092805e-05,5.428334327555588e-06,8.953842406409725e-08,2.5209170192838385e-06,2.945012961508443e-07,1.6013232863120206,100.4072549959424,3.68142389615258,20.966461964961297,1.0,0.00487428910979206,0.00022261336915871692,0.0018276345905276722,1.2534594228510585,0.0013755685047247249
5600,lbfgs,1800.511,3.242158361187793e-05,5.260600137537251e-06,8.833185136119326e-08,2.504785028127029e-06,2.817513007381235e-07,1.6013232863120206,100.4072549959424,3.68142389615258,20.966461964961297,1.0,0.0024304983416325683,0.00022312578133018617,0.0018139342788483918,1.2542561992536427,0.001349102727974809
5610,lbfgs,1804.025,3.173358405442808e-05,5.06570360418564e-06,8.703544200761869e-08,2.4670661025164967e-06,2.766536861893389e-07,1.6013232863120206,100.4072549959424,3.68142389615258,20.966461964961297,1.0,0.0027699814548706935,0.0002100944282723578,0.0017649460710020804,1.2548880931337012,0.001321477602186354
5620,lbfgs,1807.865,3.111052499130077e-05,4.9481465405613134e-06,8.597872338548469e-08,2.428099130473938e-06,2.6781785867609194e-07,1.6013232863120206,100.4072549959424,3.68142389615258,20.966461964961297,1.0,0.0027170709678182078,0.00020936847426785828,0.001768571655701197,1.2557501166071747,0.001316739369164101
5630,lbfgs,1811.113,3.0331974575625406e-05,4.803854875219284e-06,8.363692561099095e-08,2.36481902246858e-06,2.6403093344185083e-07,1.6013232863120206,100.4072549959424,3.68142389615258,20.966461964961297,1.0,0.0028210096857834628,0.00020444528783305918,0.0016806270198264617,1.2565958363068281,0.0013016028864491133
5640,lbfgs,1814.658,2.9669750756555885e-05,4.7861877422935535e-06,8.102627841136527e-08,2.304366381352522e-06,2.569122640499832e-07,1.6013232863120206,100.4072549959424,3.68142389615258,20.966461964961297,1.0,0.004540592894027635,0.00018750847313114626,0.0016427184414920441,1.257002359661608,0.0012924441781308389
5650,lbfgs,1818.402,2.903786318192497e-05,4.718102719085999e-06,7.977214258060509e-08,2.230970271481617e-06,2.508676146089241e-07,1.6013232863120206,100.4072549959424,3.68142389615258,20.966461964961297,1.0,0.004284379681912979,0.00018607205182315467,0.001683276913945764,1.257677498943981,0.0012207523468629878
5660,lbfgs,1821.821,2.847447625431614e-05,4.750093391202742e-06,7.759186649592699e-08,2.148358638374606e-06,2.46500146270632e-07,1.6013232863120206,100.4072549959424,3.68142389615258,20.966461964961297,1.0,0.002170622649620781,0.00018776595435622746,0.0016991448081326024,1.2578432659936107,0.001222962245062952
5670,lbfgs,1825.081,2.797370788075466e-05,4.745123161860928e-06,7.599310953299995e-08,2.0933334417768097e-06,2.4031352508026997e-07,1.6013232863120206,100.4072549959424,3.68142389615258,20.966461964961297,1.0,0.0030507332570082276,0.00016787937931674125,0.0015933156863741315,1.258022519631235,0.0011869026467900994
5680,lbfgs,1828.336,2.7512971779731185e-05,4.684989105530939e-06,7.432180366170969e-08,2.0578848178713183e-06,2.3715946930747814e-07,1.6013232863120206,100.4072549959424,3.68142389615258,20.966461964961297,1.0,0.003342424629199411,0.000168219307764143,0.0015690258261322782,1.2590815803760003,0.001197238126527579
5690,lbfgs,1831.612,2.7029617622088064e-05,4.5304016787667565e-06,7.33586341565824e-08,2.046048177107379e-06,2.3260339240284593e-07,1.6013232863120206,100.4072549959424,3.68142389615258,20.966461964961297,1.0,0.004031336772332142,0.00017312899320849994,0.001555607456005712,1.2604611374762984,0.0011812482549099566
5700,lbfgs,1834.912,2.6658519261582728e-05,4.451554445450475e-06,7.246730539536826e-08,2.0225849161338035e-06,2.2931412185220557e-07,1.6013232863120206,100.4072549959424,3.68142389615258,20.966461964961297,1.0,0.005772599733407288,0.00017049286208613442,0.0015070898204187105,1.2609312592205724,0.0011797111297688534
5710,lbfgs,1838.299,2.6176997509925464e-05,4.38904903920073e-06,7.068066142268107e-08,1.991086029184201e-06,2.25208631036351e-07,1.6013232863120206,100.4072549959424,3.68142389615258,20.966461964961297,1.0,0.002636538082118421,0.00017069250864724106,0.001494659490803001,1.2612703384832917,0.0011858898912854505
5720,lbfgs,1841.928,2.5677681535536677e-05,4.2580391843335145e-06,6.92568473331041e-08,1.9635094604361524e-06,2.2306022184805306e-07,1.6013232863120206,100.4072549959424,3.68142389615258,20.966461964961297,1.0,0.003520706431633413,0.0001778961763957494,0.0014986902511632707,1.2612445373084182,0.0012057123359587997
5730,lbfgs,1845.347,2.5255174178502796e-05,4.112290874391588e-06,6.808975803443872e-08,1.9475953699681017e-06,2.2242366005442226e-07,1.6013232863120206,100.4072549959424,3.68142389615258,20.966461964961297,1.0,0.002355909903342814,0.00018417215258553017,0.0015366557458267342,1.2615715550638456,0.0012131385598444352
5740,lbfgs,1848.757,2.4804658800453482e-05,4.011461257751743e-06,6.651208191939077e-08,1.9349300028364087e-06,2.1841641019425795e-07,1.6013232863120206,100.4072549959424,3.68142389615258,20.966461964961297,1.0,0.0018343073351916143,0.0001909578114039723,0.0015398290432602148,1.2631865607342179,0.0012063459869652536
5750,lbfgs,1852.166,2.435398122873042e-05,3.919513746769204e-06,6.571582213989445e-08,1.9073794965773553e-06,2.1259451565352908e-07,1.6013232863120206,100.4072549959424,3.68142389615258,20.966461964961297,1.0,0.0016831385683160152,0.00019022848196073062,0.0015253402189489872,1.264101329747039,0.0012247953569028422
5760,lbfgs,1855.397,2.40211242631355e-05,3.873283801339053e-06,6.50814945304684e-08,1.882638758593189e-06,2.076315591197747e-07,1.6013232863120206,100.4072549959424,3.68142389615258,20.966461964961297,1.0,0.005348751421463524,0.00016986327946926885,0.001457317127329638,1.264278842762546,0.0011753609000005468
5770,lbfgs,1858.530,2.3572563240216698e-05,3.7704617988837013e-06,6.379337585068814e-08,1.8728566681289737e-06,2.019767531775546e-07,1.6013232863120206,100.4072549959424,3.68142389615258,20.966461964961297,1.0,0.002435332396887135,0.00015992529115562145,0.0014591153055670781,1.26466143494349,0.0011769148635231157
5780,lbfgs,1862.070,2.3106229579238685e-05,3.674978609146532e-06,6.27448395482572e-08,1.8439271316834873e-06,1.9712845462796158e-07,1.6013232863120206,100.4072549959424,3.68142389615258,20.966461964961297,1.0,0.0026139316289961988,0.00015248045120259124,0.0014165022275713208,1.2658457606864384,0.0011327667480315047
5790,lbfgs,1865.856,2.272687289199104e-05,3.585194015844283e-06,6.200520369989454e-08,1.811744541254295e-06,1.9508519312606957e-07,1.6013232863120206,100.4072549959424,3.68142389615258,20.966461964961297,1.0,0.0022492545806208643,0.0001519511096297445,0.0014289490306370956,1.2662106124273846,0.0011194242872263776
5800,lbfgs,1868.987,2.239335599210184e-05,3.509085310042887e-06,6.118477778501173e-08,1.7792625152091014e-06,1.946232441288855e-07,1.6013232863120206,100.4072549959424,3.68142389615258,20.966461964961297,1.0,0.002779066481327152,0.00015174140014127056,0.0014044085519647985,1.266524155330118,0.0011100639885340787
5810,lbfgs,1872.113,2.2076539712293696e-05,3.4916957542440167e-06,6.059384028401415e-08,1.7416695552412163e-06,1.9027153491733327e-07,1.6013232863120206,100.4072549959424,3.68142389615258,20.966461964961297,1.0,0.00429722111251894,0.0001597272212852845,0.0014365248688367502,1.2674685969293835,0.0011123567283275145
5820,lbfgs,1875.523,2.1757252516060262e-05,3.4368629393937814e-06,5.994881327067331e-08,1.7114949289961062e-06,1.8761819497239255e-07,1.6013232863120206,100.4072549959424,3.68142389615258,20.966461964961297,1.0,0.0022207687718908947,0.00015658501992932386,0.001428799371291163,1.2678795691481035,0.0010864246943890568
5830,lbfgs,1878.644,2.137817925023776e-05,3.392514771062537e-06,5.883485194964193e-08,1.6798799114391638e-06,1.8381118968108665e-07,1.6013232863120206,100.4072549959424,3.68142389615258,20.966461964961297,1.0,0.0021199892437047487,0.00015079245650958644,0.0014000504293916576,1.268499243010893,0.001068423310352329
5840,lbfgs,1881.768,2.0995269067993717e-05,3.3825462682840994e-06,5.805582123511343e-08,1.6277668877223206e-06,1.7919062373334248e-07,1.6013232863120206,100.4072549959424,3.68142389615258,20.966461964961297,1.0,0.0016795028029051114,0.00014970782744994155,0.0013888015843580295,1.2695068949357842,0.0010569626174171277
5850,lbfgs,1888.356,2.0695955023841663e-05,3.3404084231505266e-06,5.7092140078874806e-08,1.6052030271787362e-06,1.767099945929691e-07,1.6013232863120206,100.4072549959424,3.68142389615258,20.966461964961297,1.0,0.0019376177224945897,0.00015268789253473672,0.001359965693117406,1.2695310371099853,0.0010491906362408245
5860,lbfgs,1892.060,2.0396800389856388e-05,3.2719951982313297e-06,5.6317414690724796e-08,1.5912468555139558e-06,1.738274715203532e-07,1.6013232863120206,100.4072549959424,3.68142389615258,20.966461964961297,1.0,0.0017148681048395368,0.0001579694268570851,0.0013612242947875742,1.2699376812484648,0.0010475117472711663
5870,lbfgs,1896.657,2.0155409165847796e-05,3.222342543239014e-06,5.585087907350179e-08,1.566543862670234e-06,1.7267823029224886e-07,1.6013232863120206,100.4072549959424,3.68142389615258,20.966461964961297,1.0,0.001629212926589977,0.00016308901401281486,0.0013689461598920991,1.2697223503131123,0.0010224932849149907
5880,lbfgs,1900.300,1.9865058194873376e-05,3.182995740121921e-06,5.505186065008041e-08,1.5415130987550723e-06,1.7005652330182808e-07,1.6013232863120206,100.4072549959424,3.68142389615258,20.966461964961297,1.0,0.0028602841879995684,0.00016974770509536037,0.0013853766169466366,1.2694348174407812,0.0010334537812495919
5890,lbfgs,1903.431,1.9567383333522708e-05,3.1675074656939585e-06,5.4340047820445656e-08,1.4991860694050918e-06,1.6788266023786147e-07,1.6013232863120206,100.4072549959424,3.68142389615258,20.966461964961297,1.0,0.0017764729911388247,0.0001657717090300991,0.0013682662862164773,1.2695403863285193,0.000988065101738497
5900,lbfgs,1906.860,1.927303956367286e-05,3.12288504928174e-06,5.365323325282337e-08,1.4769382468520828e-06,1.6444745860643566e-07,1.6013232863120206,100.4072549959424,3.68142389615258,20.966461964961297,1.0,0.00163599856684759,0.00016831808067650368,0.0013204306345089016,1.269708387627137,0.000981830346700628
5910,lbfgs,1910.306,1.895459250783366e-05,3.092037879180579e-06,5.3030454459024106e-08,1.4589409418385737e-06,1.5775755802255838e-07,1.6013232863120206,100.4072549959424,3.68142389615258,20.966461964961297,1.0,0.0017056784353680849,0.00016132209342782075,0.0012891459378466686,1.2699224572233507,0.0009743907639337325
5920,lbfgs,1913.722,1.8698261291351758e-05,3.0690914863205196e-06,5.2303558972573204e-08,1.4416530588131451e-06,1.5380090490436984e-07,1.6013232863120206,100.4072549959424,3.68142389615258,20.966461964961297,1.0,0.003039295649972926,0.00016308207535953022,0.0013067640425748592,1.2696794162790346,0.0009586784518234759
5930,lbfgs,1917.437,1.838351365504812e-05,3.0148092852051997e-06,5.1614165672071626e-08,1.4200466839165273e-06,1.5003002691895014e-07,1.6013232863120206,100.4072549959424,3.68142389615258,20.966461964961297,1.0,0.0036830106692452022,0.00014864884579922637,0.001259266673122011,1.2692337220667038,0.0009411079010253493
5940,lbfgs,1920.568,1.8088427880588146e-05,2.970778281885726e-06,5.093130615066078e-08,1.3994505444082524e-06,1.462053123146518e-07,1.6013232863120206,100.4072549959424,3.68142389615258,20.966461964961297,1.0,0.0016027188065049016,0.0001527874142163315,0.001259106887263335,1.2688939207728818,0.0009232328038047486
5950,lbfgs,1926.549,1.7784475182081296e-05,2.912262801852649e-06,5.006114741171122e-08,1.3744982070337645e-06,1.4472580106911875e-07,1.6013232863120206,100.4072549959424,3.68142389615258,20.966461964961297,1.0,0.002175603354375761,0.00013926759938529264,0.0012368578655872471,1.2685550171829905,0.0009219005012313287
5960,lbfgs,1929.732,1.750630081780997e-05,2.8705623164755478e-06,4.939341938015236e-08,1.3515260255654247e-06,1.4187442206443024e-07,1.6013232863120206,100.4072549959424,3.68142389615258,20.966461964961297,1.0,0.002944910107101168,0.00015135390203095222,0.0012538929413352308,1.2686467320688397,0.0009293035599473761
5970,lbfgs,1932.787,1.726365251060137e-05,2.8618784161555615e-06,4.8669129835491874e-08,1.3274094231516345e-06,1.3866762379294337e-07,1.6013232863120206,100.4072549959424,3.68142389615258,20.966461964961297,1.0,0.0016615247803461232,0.00014718607678096255,0.0012635757025869533,1.2684936964194686,0.0009362046655699747
5980,lbfgs,1935.843,1.699919075323382e-05,2.8422649995615664e-06,4.805422746018217e-08,1.2996786352909068e-06,1.353659273940858e-07,1.6013232863120206,100.4072549959424,3.68142389615258,20.966461964961297,1.0,0.006727402614478019,0.00014995075660210693,0.001235702963694656,1.2681565903178467,0.0009153433078526168
5990,lbfgs,1938.894,1.6745013876469052e-05,2.820066705223751e-06,4.695723991018381e-08,1.2888830747432643e-06,1.3208727751946298e-07,1.6013232863120206,100.4072549959424,3.68142389615258,20.966461964961297,1.0,0.004241393714371523,0.00014995640372765114,0.00126066991652239,1.2681725393579542,0.0008973418681938279
6000,lbfgs,1942.231,1.6448416094128776e-05,2.7972664385565166e-06,4.599403672245221e-08,1.2677369975732702e-06,1.2800805220009985e-07,1.6013232863120206,100.4072549959424,3.68142389615258,20.966461964961297,1.0,0.0019665854796181736,0.00014721479191700303,0.0012105302915721655,1.2678948233984835,0.0008975341321690907
6010,lbfgs,1945.274,1.613192909851489e-05,2.755146174189889e-06,4.500640616552896e-08,1.2284371294721386e-06,1.277603189987261e-07,1.6013232863120206,100.4072549959424,3.68142389615258,20.966461964961297,1.0,0.002167757809537143,0.00015385635544421536,0.0011673805768760176,1.2673201078936274,0.0008848091286187798
6020,lbfgs,1948.330,1.5842052086774125e-05,2.710653456905651e-06,4.442725865628291e-08,1.2147915355698538e-06,1.225022091394539e-07,1.6013232863120206,100.4072549959424,3.68142389615258,20.966461964961297,1.0,0.0013813436481542867,0.00014343438981543575,0.0011752348017184406,1.267211097684128,0.000858677069719007
6030,lbfgs,1951.422,1.5619788839751083e-05,2.6397594901809456e-06,4.394152476731783e-08,1.2118699407879124e-06,1.2015501999350352e-07,1.6013232863120206,100.4072549959424,3.68142389615258,20.966461964961297,1.0,0.0018258429471811888,0.00015184128759227923,0.0011723173053680082,1.2672674801445676,0.0008596546064271533
6040,lbfgs,1954.479,1.538225205299786e-05,2.5852580717530094e-06,4.325886678572313e-08,1.2001076970727712e-06,1.1832272338411612e-07,1.6013232863120206,100.4072549959424,3.68142389615258,20.966461964961297,1.0,0.001862794117531782,0.00016182106993606937,0.0012170977686025,1.2675863021375477,0.0008529005167891651
6050,lbfgs,1957.532,1.5138005635217109e-05,2.5474196282547337e-06,4.241238768527852e-08,1.1862183396753511e-06,1.1605578955157693e-07,1.6013232863120206,100.4072549959424,3.68142389615258,20.966461964961297,1.0,0.002348163348534337,0.00016362545486900637,0.0012120345651914911,1.2679460959928268,0.0008273238757745298
6060,lbfgs,1960.594,1.4887700635456414e-05,2.5069037054749202e-06,4.169026652767871e-08,1.168333499722706e-06,1.1381039264884649e-07,1.6013232863120206,100.4072549959424,3.68142389615258,20.966461964961297,1.0,0.0022356267771326947,0.0001618600862512029,0.0012065371097045618,1.268584000445322,0.0008382018172211018
6070,lbfgs,1963.971,1.4653014848739277e-05,2.4727600836807134e-06,4.099605208709747e-08,1.1492224615905914e-06,1.1190492994805079e-07,1.6013232863120206,100.4072549959424,3.68142389615258,20.966461964961297,1.0,0.0019325287136364201,0.0001649653294615494,0.0012038598406592439,1.2687205596696085,0.0008357886287338455
6080,lbfgs,1967.777,1.4442211374432218e-05,2.4543152201114866e-06,4.0504063427436324e-08,1.1353455426077762e-06,1.0805205133926168e-07,1.6013232863120206,100.4072549959424,3.68142389615258,20.966461964961297,1.0,0.0016831052290476724,0.00015430896080944516,0.0011641613930901005,1.268684527296746,0.0008130737130379684
6090,lbfgs,1971.180,1.4247970413906222e-05,2.4351423689311447e-06,3.987777130385016e-08,1.1206227628005259e-06,1.0583641947974793e-07,1.6013232863120206,100.4072549959424,3.68142389615258,20.966461964961297,1.0,0.0015891942987247124,0.00014836919518630375,0.0011572054871333676,1.2690857902932355,0.0008404337367673072
6100,lbfgs,1974.625,1.4039462008787004e-05,2.3903134932495964e-06,3.939783238286818e-08,1.1012188702820063e-06,1.0502085129269881e-07,1.6013232863120206,100.4072549959424,3.68142389615258,20.966461964961297,1.0,0.0016650942271268857,0.00014897655604931978,0.0011665866263105903,1.2691741259256677,0.0008319318463068784
6110,lbfgs,1977.826,1.3840038726263783e-05,2.371740280656503e-06,3.8748530238655153e-08,1.0870816579900032e-06,1.0251962587547075e-07,1.6013232863120206,100.4072549959424,3.68142389615258,20.966461964961297,1.0,0.0018241346064807905,0.0001435914547182026,0.0011647563519816037,1.2692947872867442,0.000858299138553012
6120,lbfgs,1981.426,1.363817756516115e-05,2.3529985980181294e-06,3.823834403368155e-08,1.0547617944447725e-06,1.0244139837490929e-07,1.6013232863120206,100.4072549959424,3.68142389615258,20.966461964961297,1.0,0.0019025265454875385,0.00014371512717747272,0.0011033734655536804,1.2694128036365784,0.0008115766728803541
6130,lbfgs,1984.720,1.344341453596777e-05,2.330279020875021e-06,3.781559425778159e-08,1.0354885774360117e-06,1.0029599038313286e-07,1.6013232863120206,100.4072549959424,3.68142389615258,20.966461964961297,1.0,0.001631650512186923,0.00013478958624823958,0.001049023122087794,1.2693402014893382,0.0008202121728518853
6140,lbfgs,1987.949,1.3247744012379873e-05,2.3003294325337365e-06,3.745108449045569e-08,1.0181038098085082e-06,9.804900058051776e-08,1.6013232863120206,100.4072549959424,3.68142389615258,20.966461964961297,1.0,0.00253560006897911,0.00013605728781208528,0.0010701565157764787,1.2695789527737251,0.0008257511120840692
6150,lbfgs,1991.180,1.3042014273560459e-05,2.256625453878715e-06,3.698088894206015e-08,9.993573110306532e-07,9.711795712494722e-08,1.6013232863120206,100.4072549959424,3.68142389615258,20.966461964961297,1.0,0.0015383673642433901,0.0001347340942825095,0.0011031074905346833,1.2698807416689526,0.0007981849386084249
6160,lbfgs,1994.411,1.2832941695230526e-05,2.2139373727342663e-06,3.6640376565149154e-08,9.814717060345273e-07,9.517767967967886e-08,1.6013232863120206,100.4072549959424,3.68142389615258,20.966461964961297,1.0,0.0035257341652884127,0.00013613037680725967,0.0010964630210966925,1.2702801602623495,0.0007832612108085795
6170,lbfgs,1998.233,1.2644027798281936e-05,2.1701298721747236e-06,3.615006233258916e-08,9.720004585471424e-07,9.352431807569568e-08,1.6013232863120206,100.4072549959424,3.68142389615258,20.966461964961297,1.0,0.003269812169866679,0.00013293314329581915,0.0010902893016277375,1.2701916610470234,0.0007880791723173249
6180,lbfgs,2001.443,1.2455452097510555e-05,2.1389572206429272e-06,3.5833303799680266e-08,9.562000543698593e-07,9.120225879045505e-08,1.6013232863120206,100.4072549959424,3.68142389615258,20.966461964961297,1.0,0.0014423270628371435,0.00013195301093377328,0.0010432758814402795,1.2702910888964525,0.0007714205427822878
6190,lbfgs,2004.954,1.2287532241439306e-05,2.1065164608031982e-06,3.561068720739578e-08,9.413935010233568e-07,8.933688962505713e-08,1.6013232863120206,100.4072549959424,3.68142389615258,20.966461964961297,1.0,0.003969689704094294,0.0001280219374081284,0.0009759388831849041,1.2706252428807219,0.0007664405578305511
6200,lbfgs,2008.745,1.213503971962151e-05,2.0810194105517496e-06,3.5032549604638355e-08,9.341577838598545e-07,8.805023717083568e-08,1.6013232863120206,100.4072549959424,3.68142389615258,20.966461964961297,1.0,0.001567682849275387,0.00012987664198211606,0.0010073168035159934,1.2704479141431142,0.0007747612566494345
6210,lbfgs,2012.105,1.1957725168856275e-05,2.0734115906048656e-06,3.4461802947313976e-08,9.213209804790167e-07,8.516147359446507e-08,1.6013232863120206,100.4072549959424,3.68142389615258,20.966461964961297,1.0,0.0016984374143768285,0.00012900178147573694,0.0010349834351278465,1.2705441835792868,0.0007463079811494615
6220,lbfgs,2015.280,1.1805165226221688e-05,2.04827854167771e-06,3.3994489154947545e-08,9.138390779839165e-07,8.33563022476083e-08,1.6013232863120206,100.4072549959424,3.68142389615258,20.966461964961297,1.0,0.0017319746438561844,0.0001329848567064859,0.001051395138917994,1.2707408265327838,0.0007221360334018766
6230,lbfgs,2018.979,1.1652378577578123e-05,2.0303180192193486e-06,3.3536545448643635e-08,8.973810656770204e-07,8.252372231383553e-08,1.6013232863120206,100.4072549959424,3.68142389615258,20.966461964961297,1.0,0.0015179451449439962,0.00013011244179141534,0.0010166029262731434,1.2705238597124067,0.0007204070293454331
6240,lbfgs,2022.188,1.1476148125363588e-05,1.9985642461709206e-06,3.3183717938337236e-08,8.786835619605619e-07,8.15162792239127e-08,1.6013232863120206,100.4072549959424,3.68142389615258,20.966461964961297,1.0,0.004076429617018222,0.00013803727728563608,0.0010548174327744103,1.2703770748046046,0.0007299538911096896
6250,lbfgs,2025.401,1.128732465567329e-05,1.999428172609485e-06,3.2575795003901226e-08,8.586585496713432e-07,7.887174799834796e-08,1.6013232863120206,100.4072549959424,3.68142389615258,20.966461964961297,1.0,0.0014388774020287062,0.0001297122705535735,0.0010177258462347025,1.2703995473814929,0.000722989883067731
6260,lbfgs,2028.909,1.1132727763575145e-05,1.98251397190831e-06,3.2199807424795743e-08,8.485223677073254e-07,7.637040439993803e-08,1.6013232863120206,100.4072549959424,3.68142389615258,20.966461964961297,1.0,0.0018109419254501912,0.00013397490188625521,0.0010026718622573,1.270543704736022,0.0006985099573286507
6270,lbfgs,2032.152,1.0946738340511856e-05,1.971376345321996e-06,3.156386542377129e-08,8.323807190253407e-07,7.422998411869444e-08,1.6013232863120206,100.4072549959424,3.68142389615258,20.966461964961297,1.0,0.001329810464881523,0.00013131995753782767,0.001011975440104736,1.2709277766290354,0.0007263329684230202
6280,lbfgs,2035.313,1.0803293619542183e-05,1.9517887931609485e-06,3.102589432473165e-08,8.235150899174962e-07,7.301736286475755e-08,1.6013232863120206,100.4072549959424,3.68142389615258,20.966461964961297,1.0,0.0030456507698026483,0.0001365664223860757,0.0010274013973861492,1.2711590989900035,0.0007187126149046963
6290,lbfgs,2039.781,1.0664180858349029e-05,1.9465861556143776e-06,3.070536519565075e-08,8.112598433955888e-07,7.046655342286303e-08,1.6013232863120206,100.4072549959424,3.68142389615258,20.966461964961297,1.0,0.001141061761656575,0.00013628400776633944,0.0010158158497720268,1.2713788543345206,0.0007067019355236759
6300,lbfgs,2043.278,1.0530061477162725e-05,1.9248943460967612e-06,3.0138719061478746e-08,7.995515465873427e-07,7.049587668479083e-08,1.6013232863120206,100.4072549959424,3.68142389615258,20.966461964961297,1.0,0.0011532652264412133,0.00013554504512932285,0.000993488253683175,1.2715180202104661,0.0007127104337496817
6310,lbfgs,2046.784,1.0414898869342183e-05,1.9066671230612576e-06,2.9726537700379453e-08,7.925257086424551e-07,6.960283882122559e-08,1.6013232863120206,100.4072549959424,3.68142389615258,20.966461964961297,1.0,0.0019373732885283545,0.00013189957816835558,0.000992523365534647,1.2715731201753386,0.0006988530227437374
6320,lbfgs,2049.983,1.0281222887966215e-05,1.8760143900385847e-06,2.9337198199784417e-08,7.92202309867337e-07,6.748956058778984e-08,1.6013232863120206,100.4072549959424,3.68142389615258,20.966461964961297,1.0,0.0014126612623031971,0.00011980808311898594,0.0009553344396832225,1.2717666579104014,0.0006710521009063303
6330,lbfgs,2053.174,1.0129900663069427e-05,1.8249724700899957e-06,2.882555123476699e-08,7.935068900770592e-07,6.639174754629439e-08,1.6013232863120206,100.4072549959424,3.68142389615258,20.966461964961297,1.0,0.0015083955506220179,0.0001275349365779488,0.0009765015118600363,1.2719816725115018,0.0006734887978358465
6340,lbfgs,2056.529,1.0026163144413823e-05,1.8190379566382723e-06,2.855164020251144e-08,7.857033904357582e-07,6.457914801371947e-08,1.6013232863120206,100.4072549959424,3.68142389615258,20.966461964961297,1.0,0.0011255908304250962,0.00011895394090517738,0.0009582088696302018,1.2721743781105972,0.0006839119512498172
6350,lbfgs,2059.885,9.922559034970589e-06,1.8047394664180977e-06,2.823797009125621e-08,7.800332670555372e-07,6.322752647688441e-08,1.6013232863120206,100.4072549959424,3.68142389615258,20.966461964961297,1.0,0.002117063354640435,0.00011793767161303552,0.0009238716903256747,1.2723001821796753,0.0006825035686752824
6360,lbfgs,2063.092,9.784191793595523e-06,1.7716756665270594e-06,2.7729905524424568e-08,7.758862880635937e-07,6.231458023762272e-08,1.6013232863120206,100.4072549959424,3.68142389615258,20.966461964961297,1.0,0.0010489779760488383,0.00012383508636469012,0.0009256986462541795,1.272395162426044,0.0006564372408336092
6370,lbfgs,2066.147,9.614008265662067e-06,1.7346620940843702e-06,2.7245530831461306e-08,7.678385064185507e-07,6.075729300638054e-08,1.6013232863120206,100.4072549959424,3.68142389615258,20.966461964961297,1.0,0.00241508900031194,0.00011935514724658451,0.0009439404427258515,1.2724555330077814,0.0006402719215722701
6380,lbfgs,2069.498,9.44908684323814e-06,1.7029260728500634e-06,2.671139134665989e-08,7.582105137181854e-07,5.9563691968904796e-08,1.6013232863120206,100.4072549959424,3.68142389615258,20.966461964961297,1.0,0.001290710821653639,0.00011589585812132481,0.000898542404071235,1.272763450322163,0.0006509356782698369
6390,lbfgs,2073.319,9.315305113589767e-06,1.6805683119773574e-06,2.6198401686478077e-08,7.516797903715743e-07,5.8493912911137915e-08,1.6013232863120206,100.4072549959424,3.68142389615258,20.966461964961297,1.0,0.0021270300094816913,0.00011976808985780811,0.0009077782828436577,1.2731578782907815,0.0006275255347736125
6400,lbfgs,2076.518,9.19986303538471e-06,1.6621927936821476e-06,2.5820356766948096e-08,7.467617099052885e-07,5.706530081034633e-08,1.6013232863120206,100.4072549959424,3.68142389615258,20.966461964961297,1.0,0.0031374697890592853,0.00011942490147931839,0.0008816727656390785,1.2732719000664878,0.0006307398705577886
6410,lbfgs,2080.021,9.079067628796784e-06,1.6427389410387527e-06,2.5368018706424868e-08,7.388795519132384e-07,5.6339956133953985e-08,1.6013232863120206,100.4072549959424,3.68142389615258,20.966461964961297,1.0,0.0011996994806290245,0.00011045952808454612,0.000887124673064858,1.273214453660566,0.0006054608113613745
6420,lbfgs,2083.448,8.950221077504658e-06,1.633230029861795e-06,2.5016179771311088e-08,7.266781083859761e-07,5.474818337761225e-08,1.6013232863120206,100.4072549959424,3.68142389615258,20.966461964961297,1.0,0.001893705999580397,0.00011587573344387693,0.0008896464011622579,1.2734037899366182,0.0006151495215411953
6430,lbfgs,2086.539,8.831564770303309e-06,1.6038524834741454e-06,2.462953017832713e-08,7.217596866061397e-07,5.4047820180799657e-08,1.6013232863120206,100.4072549959424,3.68142389615258,20.966461964961297,1.0,0.0009539441047743267,0.00010503805153891828,0.0008433267754177609,1.273339453941888,0.000604667972741443
6440,lbfgs,2089.750,8.719805808937743e-06,1.5929445060481e-06,2.4371997558499072e-08,7.115537370741186e-07,5.2575888805859573e-08,1.6013232863120206,100.4072549959424,3.68142389615258,20.966461964961297,1.0,0.00114442148844277,0.00010331359358607463,0.0008713315848687755,1.2732934953377852,0.0005889756204271582
6450,lbfgs,2092.966,8.61158731169806e-06,1.5755339225489972e-06,2.412107840032273e-08,6.996117305651062e-07,5.20426165520903e-08,1.6013232863120206,100.4072549959424,3.68142389615258,20.966461964961297,1.0,0.0013245565579557495,0.00010938399243316589,0.0008761641871836837,1.2733058793516145,0.0005993968103545219
6460,lbfgs,2099.743,8.508527450470274e-06,1.5516737837718473e-06,2.3774978593898394e-08,6.956728823673785e-07,5.1298544232247145e-08,1.6013232863120206,100.4072549959424,3.68142389615258,20.966461964961297,1.0,0.0018810187288258488,0.00010835466593354649,0.0008770459817298071,1.2733331769412375,0.0006021630730358643
6470,lbfgs,2102.834,8.410894752456148e-06,1.5296467063756982e-06,2.351212906191078e-08,6.883211218510786e-07,5.087390037779936e-08,1.6013232863120206,100.4072549959424,3.68142389615258,20.966461964961297,1.0,0.001271538263309353,0.00010793180607385925,0.0008573212016919332,1.2732716550611929,0.0006096904039560293
6480,lbfgs,2105.917,8.292340049770754e-06,1.5022604141845627e-06,2.3091859043307326e-08,6.85677754154102e-07,4.9787838295364905e-08,1.6013232863120206,100.4072549959424,3.68142389615258,20.966461964961297,1.0,0.0008249962724940354,0.00010862667717497054,0.0008753463710018512,1.2731310402539444,0.0006003420566163426
6490,lbfgs,2109.022,8.178747639231009e-06,1.4925332596531943e-06,2.2787600534979803e-08,6.733069443392659e-07,4.8742161870876795e-08,1.6013232863120206,100.4072549959424,3.68142389615258,20.966461964961297,1.0,0.001581697002006461,0.00010159247392164112,0.0008848404375321502,1.2733376887719647,0.0005903685923877856
6500,lbfgs,2112.117,8.067720471558927e-06,1.4765631532104335e-06,2.2480330864080864e-08,6.622654896040361e-07,4.807664735275278e-08,1.6013232863120206,100.4072549959424,3.68142389615258,20.966461964961297,1.0,0.0024398568527413235,0.00010129780389692136,0.0008801302906672986,1.2735777931490504,0.0005728889198419621
6510,lbfgs,2115.532,7.95942706029492e-06,1.4574746099665058e-06,2.2062664491844682e-08,6.555491308032241e-07,4.7548948174921596e-08,1.6013232863120206,100.4072549959424,3.68142389615258,20.966461964961297,1.0,0.001154756506170643,0.00010049259528942917,0.000824774869581572,1.27368753844912,0.000597219570283286
6520,lbfgs,2118.909,7.875879527729435e-06,1.4530033903560665e-06,2.1737681805148478e-08,6.462356336143996e-07,4.7097269016996e-08,1.6013232863120206,100.4072549959424,3.68142389615258,20.966461964961297,1.0,0.0011929554265585447,9.726566673723024e-05,0.0008061878187546978,1.273755442884994,0.0005596802043307687
6530,lbfgs,2121.989,7.788748959004479e-06,1.4554409071064158e-06,2.142291970787364e-08,6.347886135696465e-07,4.6272709785670516e-08,1.6013232863120206,100.4072549959424,3.68142389615258,20.966461964961297,1.0,0.0010427026388443316,9.673599967536687e-05,0.0007950293598856982,1.2738565324773492,0.0005616984239988726
6540,lbfgs,2125.126,7.683845886707802e-06,1.441791210006722e-06,2.105293360831711e-08,6.289779826966724e-07,4.510394747707657e-08,1.6013232863120206,100.4072549959424,3.68142389615258,20.966461964961297,1.0,0.0008891811101515483,9.69159616143403e-05,0.0008233709881231624,1.273772588669629,0.000542418771504021
6550,lbfgs,2128.207,7.583025707932583e-06,1.4263146524526159e-06,2.082986470570397e-08,6.206030738210195e-07,4.401612059618815e-08,1.6013232863120206,100.4072549959424,3.68142389615258,20.966461964961297,1.0,0.0017200079550978905,8.940009506895403e-05,0.0007614498862194578,1.2736671279483678,0.0005621591669979364
6560,lbfgs,2131.293,7.493311616653606e-06,1.4022283582451551e-06,2.0519165142821855e-08,6.18910346963326e-07,4.336193239001751e-08,1.6013232863120206,100.4072549959424,3.68142389615258,20.966461964961297,1.0,0.0013392118872379603,8.821236474021186e-05,0.0007556456540393652,1.2735678716007068,0.0005572443826266716
6570,lbfgs,2134.665,7.40011359349079e-06,1.3855966388755807e-06,2.0145381064092755e-08,6.172714121436344e-07,4.22648938640362e-08,1.6013232863120206,100.4072549959424,3.68142389615258,20.966461964961297,1.0,0.0014154779953829218,8.473543231315372e-05,0.0007447630792567082,1.2734767903335915,0.000520966401941206
6580,lbfgs,2138.040,7.304160318092261e-06,1.362206509253496e-06,1.976737491613432e-08,6.143533615099103e-07,4.1797434205848024e-08,1.6013232863120206,100.4072549959424,3.68142389615258,20.966461964961297,1.0,0.000927622798251499,9.086586357329988e-05,0.0007314579360256365,1.2733299365626902,0.0005391676549766828
6590,lbfgs,2141.121,7.208078936189702e-06,1.353361332005709e-06,1.9435077605819536e-08,6.072081061890525e-07,4.07363291330064e-08,1.6013232863120206,100.4072549959424,3.68142389615258,20.966461964961297,1.0,0.0009333989815783017,8.3675471189014e-05,0.0007116743739090183,1.2734189748763238,0.000550298686579176
6600,lbfgs,2144.202,7.101815659843023e-06,1.344491886013797e-06,1.912542146477133e-08,5.936585521507461e-07,4.0207529814000976e-08,1.6013232863120206,100.4072549959424,3.68142389615258,20.966461964961297,1.0,0.0009813416455519647,8.915891745927628e-05,0.0007406759453071512,1.273341811133619,0.0005361946159189308
6610,lbfgs,2147.582,7.006435278057682e-06,1.3273837011838253e-06,1.8786561381999816e-08,5.882760360902562e-07,3.953286600715946e-08,1.6013232863120206,100.4072549959424,3.68142389615258,20.966461964961297,1.0,0.0011433637983800512,8.804869667672272e-05,0.0007270966311897422,1.273324650612116,0.0005285827052699605
6620,lbfgs,2150.958,6.91105385776511e-06,1.3161855283491836e-06,1.842866452467022e-08,5.833571216626873e-07,3.841653673450924e-08,1.6013232863120206,100.4072549959424,3.68142389615258,20.966461964961297,1.0,0.0011302861993287936,9.004862190582899e-05,0.0007408775238654468,1.2734830999527305,0.0005428585721082042
6630,lbfgs,2155.130,6.826229275935412e-06,1.3046352127360829e-06,1.8168059736285398e-08,5.761911513690423e-07,3.775923905698243e-08,1.6013232863120206,100.4072549959424,3.68142389615258,20.966461964961297,1.0,0.0012202955807456963,8.731861497745788e-05,0.0007298043365158872,1.2733869102702167,0.0005231151900281608
6640,lbfgs,2158.692,6.7406277881682604e-06,1.2941244963733615e-06,1.7917881017284906e-08,5.697704998707988e-07,3.6804689135998645e-08,1.6013232863120206,100.4072549959424,3.68142389615258,20.966461964961297,1.0,0.0008356307963273584,8.35827993582632e-05,0.0006992409047867853,1.2731673306319873,0.0004976165198794812
6650,lbfgs,2161.795,6.665024595448037e-06,1.2852372841270432e-06,1.772954437807197e-08,5.601385338507254e-07,3.647071872269107e-08,1.6013232863120206,100.4072549959424,3.68142389615258,20.966461964961297,1.0,0.0008359876934944309,8.367063216004019e-05,0.0006702560095113439,1.273137245756852,0.000495839206288146
6660,lbfgs,2164.892,6.594414961683586e-06,1.2737363195924743e-06,1.756858754908807e-08,5.530565493228928e-07,3.5995681445883405e-08,1.6013232863120206,100.4072549959424,3.68142389615258,20.966461964961297,1.0,0.0016241163659516205,8.605434795755189e-05,0.0006605794498852214,1.2730489830740939,0.0004938828753801726
6670,lbfgs,2167.985,6.5205524803576684e-06,1.2603897465377142e-06,1.7418722011617404e-08,5.458151384405734e-07,3.548133559111127e-08,1.6013232863120206,100.4072549959424,3.68142389615258,20.966461964961297,1.0,0.0011239356977152176,8.41379032647787e-05,0.0006925526705432485,1.2728652512993461,0.00048583247005649916
6680,lbfgs,2171.089,6.451287339713987e-06,1.2453471883572804e-06,1.7222190275143573e-08,5.416495087223495e-07,3.499920937475554e-08,1.6013232863120206,100.4072549959424,3.68142389615258,20.966461964961297,1.0,0.0010533302639282006,8.497172009711572e-05,0.0007011224346324919,1.2727928601463838,0.00048448191566492473
6690,lbfgs,2174.476,6.388688669486738e-06,1.231870237133684e-06,1.7055558134855936e-08,5.384528774248299e-07,3.440213754742128e-08,1.6013232863120206,100.4072549959424,3.68142389615258,20.966461964961297,1.0,0.000668218508409503,8.258751523050113e-05,0.000681686225552722,1.272580493904208,0.0004909419113677965
6700,lbfgs,2177.590,6.31740923999952e-06,1.2186129647331384e-06,1.69006227014598e-08,5.344762188170157e-07,3.3455204158380156e-08,1.6013232863120206,100.4072549959424,3.68142389615258,20.966461964961297,1.0,0.0009628298794743153,8.290257122785374e-05,0.0006783397171069255,1.2724069024579028,0.0004692862292901645
6710,lbfgs,2181.999,6.242473329975079e-06,1.200813153239102e-06,1.6704769893008644e-08,5.295817162233581e-07,3.3037924613848605e-08,1.6013232863120206,100.4072549959424,3.68142389615258,20.966461964961297,1.0,0.0007875992762312931,7.855800669033174e-05,0.0006591418435277638,1.2724344427091048,0.0004665768760880497
6720,lbfgs,2185.305,6.153625456547085e-06,1.1826696147897653e-06,1.650390840056374e-08,5.229652995910377e-07,3.2309694097389345e-08,1.6013232863120206,100.4072549959424,3.68142389615258,20.966461964961297,1.0,0.0011563099499708532,9.094472175904541e-05,0.0006753171672896857,1.272368401855603,0.00046546525515099243
6730,lbfgs,2188.816,6.07925519899332e-06,1.1677955455105175e-06,1.6258268569735588e-08,5.188123582738564e-07,3.180415789691413e-08,1.6013232863120206,100.4072549959424,3.68142389615258,20.966461964961297,1.0,0.0009703441852704313,8.066564567051333e-05,0.000664985978764549,1.2722909396337676,0.0004421585601598273
6740,lbfgs,2192.461,6.016758855980285e-06,1.157685737106791e-06,1.601618863121732e-08,5.128480655694367e-07,3.18020784047155e-08,1.6013232863120206,100.4072549959424,3.68142389615258,20.966461964961297,1.0,0.0013733310547346777,8.773228608448964e-05,0.0006879603873315062,1.2722369387834969,0.00045611640795115187
6750,lbfgs,2195.779,5.959886822103675e-06,1.1435401891297118e-06,1.5823736257198446e-08,5.098877335495261e-07,3.161136492722848e-08,1.6013232863120206,100.4072549959424,3.68142389615258,20.966461964961297,1.0,0.0007441418164973702,8.704276213337953e-05,0.0006776326019367161,1.2722725858475528,0.0004506047680438394
6760,lbfgs,2198.952,5.890490645448886e-06,1.128071048805317e-06,1.5559307653049312e-08,5.047487563268739e-07,3.165163027107057e-08,1.6013232863120206,100.4072549959424,3.68142389615258,20.966461964961297,1.0,0.001129731500124975,8.827525711022207e-05,0.0006801320408423714,1.272626852341765,0.00043962475943404143
6770,lbfgs,2202.042,5.808749868004522e-06,1.115360021545596e-06,1.5226104251503594e-08,4.981582353683382e-07,3.14766950217571e-08,1.6013232863120206,100.4072549959424,3.68142389615258,20.966461964961297,1.0,0.0009521578028231837,8.252724857880842e-05,0.0006643710690948087,1.27267736299294,0.0004320845344224673
6780,lbfgs,2205.113,5.7444121081934e-06,1.1153491749836365e-06,1.498952171380438e-08,4.932258847157582e-07,3.040795417986575e-08,1.6013232863120206,100.4072549959424,3.68142389615258,20.966461964961297,1.0,0.0008332903382340335,8.521102313784016e-05,0.0006842181654325852,1.2728768656014222,0.00044146604282393575
6790,lbfgs,2208.227,5.683998666498261e-06,1.1065430280215207e-06,1.4767379230847738e-08,4.875854296736929e-07,3.025331051138495e-08,1.6013232863120206,100.4072549959424,3.68142389615258,20.966461964961297,1.0,0.001163719487313324,8.356905701393794e-05,0.0006555199019021436,1.273177751148686,0.000428098735389216
6800,lbfgs,2211.622,5.631909558607769e-06,1.0990096262839428e-06,1.4559388082752126e-08,4.834230846359894e-07,3.00711853850867e-08,1.6013232863120206,100.4072549959424,3.68142389615258,20.966461964961297,1.0,0.0007852417526167519,8.254095607025002e-05,0.0006367606071099965,1.27329304369104,0.0004277048594718595
6810,lbfgs,2216.048,5.570948203847952e-06,1.0853935392951361e-06,1.4326479848995897e-08,4.822744009649274e-07,2.9520633285152188e-08,1.6013232863120206,100.4072549959424,3.68142389615258,20.966461964961297,1.0,0.0014497777290698362,8.484376325757689e-05,0.0006490741703819838,1.2733800144045238,0.0004370245761801932
6820,lbfgs,2219.203,5.509900378364471e-06,1.0702655020610666e-06,1.4100551716347064e-08,4.787146127980367e-07,2.9471362486023795e-08,1.6013232863120206,100.4072549959424,3.68142389615258,20.966461964961297,1.0,0.0011013160938626832,8.082830651435649e-05,0.0006371664353696628,1.2735806131797456,0.0004310253388557265
6830,lbfgs,2222.346,5.4486143985059156e-06,1.0609796634774887e-06,1.3909758336477582e-08,4.721636514008066e-07,2.9321482886291584e-08,1.6013232863120206,100.4072549959424,3.68142389615258,20.966461964961297,1.0,0.000990146254374567,8.16846301656145e-05,0.0006156066093245605,1.2736179495416777,0.0004219156583014249
6840,lbfgs,2226.132,5.393120291669215e-06,1.054334879479906e-06,1.3758870205033852e-08,4.679519648436301e-07,2.8644287425838555e-08,1.6013232863120206,100.4072549959424,3.68142389615258,20.966461964961297,1.0,0.0008441955265760661,8.235864033637258e-05,0.0006306113840950247,1.273647428509675,0.00043407532420660375
6850,lbfgs,2229.565,5.339946224987211e-06,1.0461786211873892e-06,1.3572906815858143e-08,4.6437136753699846e-07,2.825034921924867e-08,1.6013232863120206,100.4072549959424,3.68142389615258,20.966461964961297,1.0,0.000832249460814206,7.838699114972537e-05,0.0006307348603125231,1.27374897227623,0.0004230616844106813
6860,lbfgs,2232.985,5.282933262514352e-06,1.0286517558316898e-06,1.3436865324869948e-08,4.6111726584046634e-07,2.8092597070772415e-08,1.6013232863120206,100.4072549959424,3.68142389615258,20.966461964961297,1.0,0.0008494313869972437,8.069317612681973e-05,0.0006120839742244053,1.273963287039389,0.00041473436498189257
6870,lbfgs,2236.113,5.232177647645853e-06,1.0177391354223664e-06,1.3291291459029432e-08,4.5696856552405413e-07,2.793085376152816e-08,1.6013232863120206,100.4072549959424,3.68142389615258,20.966461964961297,1.0,0.0008770282211237999,8.270261677415922e-05,0.000595697602015277,1.2740787105331675,0.000435709695823465
6880,lbfgs,2239.227,5.182168152670018e-06,1.0068315393301432e-06,1.3171367852615942e-08,4.5228390654567594e-07,2.777558237031335e-08,1.6013232863120206,100.4072549959424,3.68142389615258,20.966461964961297,1.0,0.0007933109749720573,8.23017759540794e-05,0.0006035497211416032,1.2742135365843323,0.00041754990226265757
6890,lbfgs,2242.529,5.1316553868654865e-06,9.945177081907525e-07,1.30464142585491e-08,4.469982877754408e-07,2.783331788017365e-08,1.6013232863120206,100.4072549959424,3.68142389615258,20.966461964961297,1.0,0.0011480478169014646,7.794768870631827e-05,0.000589791105836079,1.274427405721139,0.0004242732032218807
6900,lbfgs,2245.659,5.081006730495967e-06,9.806488122184642e-07,1.2895448336683845e-08,4.444733891377977e-07,2.7643167805835255e-08,1.6013232863120206,100.4072549959424,3.68142389615258,20.966461964961297,1.0,0.0009270452081212378,8.250186272308633e-05,0.0006081634520421799,1.2746657346990937,0.0004143807168026562
6910,lbfgs,2248.820,5.024633402921017e-06,9.694956670888756e-07,1.2764689984882847e-08,4.381311340312794e-07,2.7546064160501065e-08,1.6013232863120206,100.4072549959424,3.68142389615258,20.966461964961297,1.0,0.001820250591592209,7.962968650946431e-05,0.000592233182313302,1.274902924859804,0.000407398714069882
6920,lbfgs,2251.949,4.974341462123416e-06,9.602462363708617e-07,1.2635046761612168e-08,4.329783339687593e-07,2.737942419282978e-08,1.6013232863120206,100.4072549959424,3.68142389615258,20.966461964961297,1.0,0.0008676061201155794,7.974739870403992e-05,0.00060491075699103,1.2753978872537124,0.0004186755027529025
6930,lbfgs,2255.140,4.9252735549429515e-06,9.576331300148979e-07,1.2508590143239822e-08,4.2787573220127453e-07,2.674023780366977e-08,1.6013232863120206,100.4072549959424,3.68142389615258,20.966461964961297,1.0,0.0005788362204681283,8.195484880200394e-05,0.0006106741227496341,1.2758604801453357,0.0004099071211829877
6940,lbfgs,2258.566,4.881603561766224e-06,9.490533629346393e-07,1.2374045623522416e-08,4.248381271710188e-07,2.6490359940456476e-08,1.6013232863120206,100.4072549959424,3.68142389615258,20.966461964961297,1.0,0.0008441638018940309,8.26193425472977e-05,0.0006133612842885608,1.2762056102658725,0.0004082775630773196
6950,lbfgs,2261.695,4.838689944995764e-06,9.417113513101639e-07,1.2274920863014576e-08,4.207499761240435e-07,2.6196861660300337e-08,1.6013232863120206,100.4072549959424,3.68142389615258,20.966461964961297,1.0,0.0016185773170714986,7.504408754223776e-05,0.0005769354122087015,1.2766881559231533,0.00041579391898253007
6960,lbfgs,2264.858,4.791646272731771e-06,9.344611950390773e-07,1.2139282880124515e-08,4.142555371686589e-07,2.629673507258294e-08,1.6013232863120206,100.4072549959424,3.68142389615258,20.966461964961297,1.0,0.000725733975794967,8.150775202850832e-05,0.0005989243340350066,1.2769611579426796,0.0004123774596903193
6970,lbfgs,2268.301,4.7489610281181885e-06,9.270552459616697e-07,1.2008305408088957e-08,4.0993749278430453e-07,2.6211919347018295e-08,1.6013232863120206,100.4072549959424,3.68142389615258,20.966461964961297,1.0,0.0009054414239526646,7.952351530507332e-05,0.0005859995350753118,1.2771321784583538,0.00040202792556853404
6980,lbfgs,2272.338,4.700617612774722e-06,9.130912944463719e-07,1.1895343040289081e-08,4.0766834961166546e-07,2.5912074029509703e-08,1.6013232863120206,100.4072549959424,3.68142389615258,20.966461964961297,1.0,0.001189565018792876,7.722852651476389e-05,0.000571851688679716,1.2776395957989455,0.00039779307591739484
6990,lbfgs,2275.655,4.654258856388339e-06,9.006812555192595e-07,1.1749824789988894e-08,4.0337373525062216e-07,2.6099760055706033e-08,1.6013232863120206,100.4072549959424,3.68142389615258,20.966461964961297,1.0,0.0006744826864808249,7.987683979410548e-05,0.0005749857858149647,1.2782060468916179,0.0004020744332890442
7000,lbfgs,2278.898,4.613445028910742e-06,8.932911728010175e-07,1.162327082522019e-08,3.9991476624965557e-07,2.593096435753193e-08,1.6013232863120206,100.4072549959424,3.68142389615258,20.966461964961297,1.0,0.00073557922068771,7.712828494231322e-05,0.0005591025304095752,1.2786420881013185,0.0003900317998330533
7010,lbfgs,2282.140,4.5687741119434736e-06,8.838195640349254e-07,1.146584940449038e-08,3.9807571110313244e-07,2.5600569319634292e-08,1.6013232863120206,100.4072549959424,3.68142389615258,20.966461964961297,1.0,0.0012643346298410985,7.781431714613047e-05,0.0005680823074072031,1.2792729611360751,0.0003993069804700408
7020,lbfgs,2285.589,4.524248392507984e-06,8.74327339162027e-07,1.13104930302192e-08,3.960942743532639e-07,2.5293784940277162e-08,1.6013232863120206,100.4072549959424,3.68142389615258,20.966461964961297,1.0,0.0006358512886898065,7.793340190733662e-05,0.0005651094249533422,1.2799723353254449,0.0003923470765677969
7030,lbfgs,2288.913,4.48162746162652e-06,8.603890223301186e-07,1.1191604108849085e-08,3.9473026949690564e-07,2.513436895224576e-08,1.6013232863120206,100.4072549959424,3.68142389615258,20.966461964961297,1.0,0.0008417163195839802,8.169007214590714e-05,0.0005638310330657922,1.2804450257821556,0.00039913751650587565
7040,lbfgs,2292.242,4.437074664275141e-06,8.562896285250084e-07,1.105850996211529e-08,3.9099434071277913e-07,2.4615865297223497e-08,1.6013232863120206,100.4072549959424,3.68142389615258,20.966461964961297,1.0,0.000778080887428852,8.27282157085547e-05,0.0005618011356178154,1.2808921393908457,0.00038836079816167643
7050,lbfgs,2295.663,4.402316379041625e-06,8.487306790931066e-07,1.0973019514295532e-08,3.885822217874124e-07,2.43683237687259e-08,1.6013232863120206,100.4072549959424,3.68142389615258,20.966461964961297,1.0,0.001973151846020939,7.715964486819365e-05,0.0005434919859238422,1.2814298164293896,0.0003911660903788208
7060,lbfgs,2299.278,4.357438927195768e-06,8.361090554806934e-07,1.0849637361716981e-08,3.851674422683219e-07,2.4382325279034666e-08,1.6013232863120206,100.4072549959424,3.68142389615258,20.966461964961297,1.0,0.0006601535853416375,7.972674773742154e-05,0.0005624503002277429,1.282123735276033,0.00038423214889408584
7070,lbfgs,2303.069,4.315758034838131e-06,8.284141702466258e-07,1.0783142885250677e-08,3.8077433419813036e-07,2.407185455796846e-08,1.6013232863120206,100.4072549959424,3.68142389615258,20.966461964961297,1.0,0.000811736028559204,7.685352728919462e-05,0.0005491560335453558,1.2826326869372373,0.00038607710639112087
7080,lbfgs,2306.707,4.273672388812703e-06,8.209003058346421e-07,1.0704141267890245e-08,3.7596651832133e-07,2.386096651290099e-08,1.6013232863120206,100.4072549959424,3.68142389615258,20.966461964961297,1.0,0.0010249600385393565,7.918592009193084e-05,0.0005441698150626583,1.2829658278239355,0.00039427637231549673
7090,lbfgs,2310.128,4.242542517986382e-06,8.151062558300925e-07,1.0624311303510928e-08,3.7318110183904816e-07,2.3690126184685187e-08,1.6013232863120206,100.4072549959424,3.68142389615258,20.966461964961297,1.0,0.0010644089839309835,7.718494585404297e-05,0.0005559719042779936,1.283302265525284,0.00038594233089408905
7100,lbfgs,2313.297,4.2038821434693806e-06,8.087913317464759e-07,1.0537028703076427e-08,3.6853548828324833e-07,2.3562214262304182e-08,1.6013232863120206,100.4072549959424,3.68142389615258,20.966461964961297,1.0,0.0006363624220867342,7.562141531953235e-05,0.0005721123077894641,1.2834490552832414,0.00038963975143380646
7110,lbfgs,2316.471,4.164255581247036e-06,8.037955810507732e-07,1.0429272821958877e-08,3.63941069260124e-07,2.337652370116602e-08,1.6013232863120206,100.4072549959424,3.68142389615258,20.966461964961297,1.0,0.0006098776475528222,7.590144997482852e-05,0.0005893896622385096,1.2835318070689838,0.00038035494279121
7120,lbfgs,2319.750,4.124163846673524e-06,7.964308692433242e-07,1.0378213049586696e-08,3.5897618172037597e-07,2.3143111747718715e-08,1.6013232863120206,100.4072549959424,3.68142389615258,20.966461964961297,1.0,0.0009838066243209721,7.539366342510893e-05,0.0005740042289538347,1.2839058719142433,0.0003790060455746716
7130,lbfgs,2322.889,4.080363461711123e-06,7.835388233615496e-07,1.0294268152278045e-08,3.556274782563697e-07,2.3028672887002866e-08,1.6013232863120206,100.4072549959424,3.68142389615258,20.966461964961297,1.0,0.0010318026329003615,7.27875867875457e-05,0.0005350333009729827,1.2843169804714563,0.00038494600260878737
7140,lbfgs,2326.299,4.040943560195167e-06,7.76826397923017e-07,1.0178059841707869e-08,3.5238003637784394e-07,2.2787918354502445e-08,1.6013232863120206,100.4072549959424,3.68142389615258,20.966461964961297,1.0,0.000715990867796003,7.613289434670331e-05,0.0005489017747639718,1.2845556736686141,0.00037727777250002253
7150,lbfgs,2330.095,4.00155468739866e-06,7.66928733327256e-07,1.0039830648238879e-08,3.5026861943552623e-07,2.2697904248181168e-08,1.6013232863120206,100.4072549959424,3.68142389615258,20.966461964961297,1.0,0.0008256870220987033,7.34729457066323e-05,0.0005452238421505248,1.2848729146099909,0.00037958738093109805
7160,lbfgs,2333.183,3.973639552166987e-06,7.632392007491747e-07,9.95537026589109e-09,3.475205278246887e-07,2.253527902643041e-08,1.6013232863120206,100.4072549959424,3.68142389615258,20.966461964961297,1.0,0.0006386885807111697,7.417599465462837e-05,0.000558291863999565,1.2850407836761784,0.00037861393458929476
7170,lbfgs,2336.284,3.942184903030482e-06,7.551573041990303e-07,9.841138977234314e-09,3.464992106441139e-07,2.237867805122123e-08,1.6013232863120206,100.4072549959424,3.68142389615258,20.966461964961297,1.0,0.0005726554504662833,7.451955086809967e-05,0.0005763189652448856,1.2850881824223161,0.0003740324666277167
7180,lbfgs,2339.384,3.9130764142310385e-06,7.461982056300685e-07,9.755171870258584e-09,3.436896017077549e-07,2.257961834715536e-08,1.6013232863120206,100.4072549959424,3.68142389615258,20.966461964961297,1.0,0.001593602338496283,7.875303842227481e-05,0.0005737483595730755,1.2852591440739651,0.0003759476794808513
7190,lbfgs,2342.482,3.882081875167081e-06,7.346966389775939e-07,9.661082740569005e-09,3.4300170341110704e-07,2.255113781043969e-08,1.6013232863120206,100.4072549959424,3.68142389615258,20.966461964961297,1.0,0.0006167319485869664,7.555898328767966e-05,0.0005507525600904837,1.28536879416352,0.00036879901635623755
7200,lbfgs,2345.583,3.857418509381941e-06,7.306351659026374e-07,9.589677445509725e-09,3.409329410995357e-07,2.2390212533644556e-08,1.6013232863120206,100.4072549959424,3.68142389615258,20.966461964961297,1.0,0.0004376109157887668,7.300432258175198e-05,0.0005529443834094161,1.285618391141934,0.00036936003916220413
7210,lbfgs,2348.738,3.832975981555832e-06,7.271118687861068e-07,9.528860687312824e-09,3.387802703788842e-07,2.21627419696111e-08,1.6013232863120206,100.4072549959424,3.68142389615258,20.966461964961297,1.0,0.001298288458183752,7.159059118321445e-05,0.0005614621223196289,1.2859648048663819,0.0003746447137367503
7220,lbfgs,2351.841,3.8127818034496617e-06,7.268043846966861e-07,9.46739392394289e-09,3.3611427964194946e-07,2.1985532973143966e-08,1.6013232863120206,100.4072549959424,3.68142389615258,20.966461964961297,1.0,0.0009253397161365295,7.109940025807236e-05,0.0005486074386160173,1.2861520949032588,0.00036019149620558004
7230,lbfgs,2355.242,3.7905835370292642e-06,7.208379614380823e-07,9.416688102576748e-09,3.35152814566704e-07,2.1794117698211334e-08,1.6013232863120206,100.4072549959424,3.68142389615258,20.966461964961297,1.0,0.0005476293721388696,7.229768600944234e-05,0.0005417833531785883,1.2863981754842226,0.0003623440567168876
7240,lbfgs,2358.399,3.7649278304190273e-06,7.129240159919773e-07,9.343111470889852e-09,3.3412903595103947e-07,2.1707010450253532e-08,1.6013232863120206,100.4072549959424,3.68142389615258,20.966461964961297,1.0,0.0004907978792609299,7.19480221034019e-05,0.0005396787666813945,1.2865478371345263,0.0003700674930040416
7250,lbfgs,2361.503,3.740570345596277e-06,7.037296790686871e-07,9.279415112373054e-09,3.336136900363872e-07,2.1643022747863168e-08,1.6013232863120206,100.4072549959424,3.68142389615258,20.966461964961297,1.0,0.000532106101165446,7.407301157478217e-05,0.0005416035870882755,1.286726423736152,0.0003644253546450856
7260,lbfgs,2364.688,3.716633978798137e-06,6.977570365587777e-07,9.230792327167449e-09,3.3155365027419757e-07,2.1552102531133733e-08,1.6013232863120206,100.4072549959424,3.68142389615258,20.966461964961297,1.0,0.0006542394965238398,6.987160665099124e-05,0.0005240651020461413,1.2868996787124019,0.00036691538374530175
7270,lbfgs,2368.060,3.6909782124502603e-06,6.917875630912647e-07,9.143955940283927e-09,3.2978737749481664e-07,2.1510354551865112e-08,1.6013232863120206,100.4072549959424,3.68142389615258,20.966461964961297,1.0,0.0009867009419673178,7.250727206908253e-05,0.0005423401235035617,1.2871445801282078,0.0003683915162424407
7280,lbfgs,2371.145,3.66612506397786e-06,6.859678710792068e-07,9.060305678277548e-09,3.281330697311348e-07,2.146053027462115e-08,1.6013232863120206,100.4072549959424,3.68142389615258,20.966461964961297,1.0,0.0012579468396524973,7.432284826451012e-05,0.0005522712944375846,1.2872808558051336,0.00036361195753490034
7290,lbfgs,2374.257,3.639591464967582e-06,6.767070909951756e-07,8.985193699194736e-09,3.2617771323375154e-07,2.160534190591839e-08,1.6013232863120206,100.4072549959424,3.68142389615258,20.966461964961297,1.0,0.00045094319560648824,6.99433784995416e-05,0.0005261096274013365,1.287297345677304,0.0003596175354104401
7300,lbfgs,2377.378,3.611020383933826e-06,6.698032714965334e-07,8.915546801717951e-09,3.2341573140522585e-07,2.1588421816693213e-08,1.6013232863120206,100.4072549959424,3.68142389615258,20.966461964961297,1.0,0.000636721033700937,7.17099218274411e-05,0.0005310879026498096,1.2875021524452916,0.0003604583243171762
7310,lbfgs,2380.782,3.5853278671860993e-06,6.637800844928909e-07,8.868009109271949e-09,3.214648695931049e-07,2.139323539719891e-08,1.6013232863120206,100.4072549959424,3.68142389615258,20.966461964961297,1.0,0.0005462015229463629,6.903388448287846e-05,0.0005215960580760295,1.2876183853046144,0.0003611809998472722
7320,lbfgs,2384.216,3.554450003642773e-06,6.585657839740866e-07,8.780278875455458e-09,3.195376548779405e-07,2.107728144899738e-08,1.6013232863120206,100.4072549959424,3.68142389615258,20.966461964961297,1.0,0.00044021471811613543,6.941559778851957e-05,0.0005154258461139516,1.2876814365292641,0.0003586195636834978
7330,lbfgs,2387.759,3.529735789816263e-06,6.569310960348557e-07,8.72184853587584e-09,3.1584200537462e-07,2.0952106893130342e-08,1.6013232863120206,100.4072549959424,3.68142389615258,20.966461964961297,1.0,0.0005779496259890032,6.658334541105838e-05,0.000512168317066427,1.2879534903276015,0.0003578361556124214
7340,lbfgs,2391.091,3.505043629289602e-06,6.555368771613687e-07,8.644880144461976e-09,3.131097252271101e-07,2.072924148757006e-08,1.6013232863120206,100.4072549959424,3.68142389615258,20.966461964961297,1.0,0.000594465708760661,6.713848577127479e-05,0.0005196132351317288,1.2882293767846915,0.0003573750502369954
7350,lbfgs,2394.367,3.4732324619194792e-06,6.514840714694987e-07,8.57813390847779e-09,3.097372560536928e-07,2.0433339379209484e-08,1.6013232863120206,100.4072549959424,3.68142389615258,20.966461964961297,1.0,0.0004484471502566667,6.564513261568285e-05,0.0005118688434338825,1.2884816784005868,0.0003506340856644032
7360,lbfgs,2398.047,3.4527625168847837e-06,6.507093589023421e-07,8.542568010581214e-09,3.0633359383087963e-07,2.0284149585281485e-08,1.6013232863120206,100.4072549959424,3.68142389615258,20.966461964961297,1.0,0.00041863770904230623,6.609288856908558e-05,0.0005080390266694575,1.28875003472834,0.0003557866594686452
7370,lbfgs,2401.153,3.42859681422544e-06,6.457904107165844e-07,8.510496431141768e-09,3.036002829684828e-07,2.014076911360195e-08,1.6013232863120206,100.4072549959424,3.68142389615258,20.966461964961297,1.0,0.0006355048926377906,6.236280085890278e-05,0.0004932103965377652,1.2890085197112107,0.0003477350364812576
7380,lbfgs,2404.281,3.4068842464726276e-06,6.388238866353168e-07,8.477129698096969e-09,3.0163404885978503e-07,2.014229024719278e-08,1.6013232863120206,100.4072549959424,3.68142389615258,20.966461964961297,1.0,0.00046330586479211786,6.37354916959219e-05,0.0004909786507419771,1.2892024109538545,0.00034233342121160434
7390,lbfgs,2407.669,3.3800455684104395e-06,6.333045119195858e-07,8.421077691567467e-09,2.978595995392669e-07,2.0214930124848508e-08,1.6013232863120206,100.4072549959424,3.68142389615258,20.966461964961297,1.0,0.0005028772153982218,6.607376653336403e-05,0.0004987786578844474,1.289473518813202,0.0003410249497928963
7400,lbfgs,2410.890,3.3578120142951978e-06,6.309426962224305e-07,8.399578819606745e-09,2.933719606943275e-07,2.0225805586770447e-08,1.6013232863120206,100.4072549959424,3.68142389615258,20.966461964961297,1.0,0.00043711620276782427,6.802592048042462e-05,0.000515795609947013,1.2898340662769918,0.0003466717773246178
7410,lbfgs,2414.176,3.336739431637774e-06,6.281874925256926e-07,8.36291012842224e-09,2.9091507113084947e-07,2.003817468125322e-08,1.6013232863120206,100.4072549959424,3.68142389615258,20.966461964961297,1.0,0.0004018956377203753,6.5385793750902e-05,0.0005064199418816095,1.2900845501841423,0.00034550128363621603
7420,lbfgs,2417.616,3.314790954968966e-06,6.241720611168066e-07,8.311174794928683e-09,2.895233821073412e-07,1.9790136990949676e-08,1.6013232863120206,100.4072549959424,3.68142389615258,20.966461964961297,1.0,0.0004076413349072116,6.73671345399004e-05,0.0005207081777525521,1.2902027890486918,0.0003412281801654252
7430,lbfgs,2421.170,3.292776333343354e-06,6.203532244973062e-07,8.252563269504227e-09,2.875397341952104e-07,1.9660799078790223e-08,1.6013232863120206,100.4072549959424,3.68142389615258,20.966461964961297,1.0,0.0005822745174021284,6.723860777047511e-05,0.0005258627584965377,1.2903744664197825,0.00034612823024979267
7440,lbfgs,2424.414,3.2671817132637596e-06,6.148438859655397e-07,8.240274191561027e-09,2.837865951911804e-07,1.957868795285723e-08,1.6013232863120206,100.4072549959424,3.68142389615258,20.966461964961297,1.0,0.0005256331624268471,6.591044502722644e-05,0.000516321532195237,1.2908407123031493,0.0003496456546290929
7450,lbfgs,2427.971,3.243644696650851e-06,6.114517601754998e-07,8.205186713741958e-09,2.8097449349911633e-07,1.937695859565012e-08,1.6013232863120206,100.4072549959424,3.68142389615258,20.966461964961297,1.0,0.0004386461169721785,6.454042634899443e-05,0.0005119609807804344,1.291232910270477,0.00034850346768631736
7460,lbfgs,2431.380,3.2192054562485524e-06,6.069594570992487e-07,8.147770842330648e-09,2.789526665636692e-07,1.9184392064958177e-08,1.6013232863120206,100.4072549959424,3.68142389615258,20.966461964961297,1.0,0.0003757323520605216,6.26500739686066e-05,0.0005149108874771049,1.291535069305452,0.00034608891220518805
7470,lbfgs,2434.817,3.1963469652200894e-06,6.054998140377427e-07,8.103166472635426e-09,2.757186003912356e-07,1.8987097938728153e-08,1.6013232863120206,100.4072549959424,3.68142389615258,20.966461964961297,1.0,0.0005256451605342045,6.297558305604928e-05,0.0005199634670759478,1.2919217231274038,0.00035625778168952963
7480,lbfgs,2437.886,3.1703014027597383e-06,6.025651695395627e-07,8.050224835798026e-09,2.7139115245503446e-07,1.8982359265269017e-08,1.6013232863120206,100.4072549959424,3.68142389615258,20.966461964961297,1.0,0.0007316877939321654,6.038115564446192e-05,0.0005022978156204949,1.2924940109877132,0.00035541134507591465
7490,lbfgs,2441.244,3.146518034134155e-06,5.966807405900516e-07,7.99677863426625e-09,2.695066969666768e-07,1.888426786226176e-08,1.6013232863120206,100.4072549959424,3.68142389615258,20.966461964961297,1.0,0.0004632286031022447,6.224880494508764e-05,0.0005028632541174467,1.2929547842379565,0.0003528518592752202
7500,lbfgs,2444.309,3.123937140592112e-06,5.923143435293561e-07,7.94944829326574e-09,2.6631945555657344e-07,1.892705123972795e-08,1.6013232863120206,100.4072549959424,3.68142389615258,20.966461964961297,1.0,0.00037641429966584524,5.944327451494168e-05,0.0004962938825190969,1.2934432839835701,0.00035443635041918024
7510,lbfgs,2447.806,3.100134378493317e-06,5.896461556703337e-07,7.858962912051807e-09,2.6406970413277304e-07,1.8823912553068894e-08,1.6013232863120206,100.4072549959424,3.68142389615258,20.966461964961297,1.0,0.0005381418261787335,6.241125357050784e-05,0.0005095616818064745,1.2936703201322897,0.00035409733744466
7520,lbfgs,2450.959,3.0753790786554074e-06,5.856851399176636e-07,7.779941016432373e-09,2.6158099431919605e-07,1.8761142512234437e-08,1.6013232863120206,100.4072549959424,3.68142389615258,20.966461964961297,1.0,0.0005935339121323711,6.0537537252251584e-05,0.0004961013961303117,1.2939099362248232,0.00035679796275748474
7530,lbfgs,2454.571,3.0532766985881e-06,5.797229523178711e-07,7.720783587455651e-09,2.597322517532651e-07,1.8770245139570553e-08,1.6013232863120206,100.4072549959424,3.68142389615258,20.966461964961297,1.0,0.0010953663500694606,6.402335918270455e-05,0.0004892192538885157,1.2944171987408586,0.00035826575587076434
7540,lbfgs,2457.975,3.029795889087709e-06,5.749913245215462e-07,7.624425283524421e-09,2.5850303007623336e-07,1.8688992285296483e-08,1.6013232863120206,100.4072549959424,3.68142389615258,20.966461964961297,1.0,0.0005964740905964114,6.205856707003438e-05,0.0004933267403560066,1.2947064820450862,0.0003666111390933623
7550,lbfgs,2461.294,3.008442971451056e-06,5.672524132479459e-07,7.561762444391578e-09,2.5820232827965036e-07,1.8614511223159894e-08,1.6013232863120206,100.4072549959424,3.68142389615258,20.966461964961297,1.0,0.0010090045643495313,5.942821154681624e-05,0.0004941535132231231,1.2948719155607322,0.0003608258483322914
7560,lbfgs,2464.897,2.9842972723283276e-06,5.643045064263159e-07,7.49683142158797e-09,2.5604410840216927e-07,1.8377929614981827e-08,1.6013232863120206,100.4072549959424,3.68142389615258,20.966461964961297,1.0,0.0006107360018453433,6.0202716485289024e-05,0.0004974046537074895,1.2952474943766106,0.0003612912982139222
7570,lbfgs,2468.303,2.960975838557172e-06,5.610416268865049e-07,7.426426444178495e-09,2.532473980243454e-07,1.8343042381762793e-08,1.6013232863120206,100.4072549959424,3.68142389615258,20.966461964961297,1.0,0.00044774028761058245,6.079849758666704e-05,0.0004821072699862125,1.295426489087896,0.00036187353757639916
7580,lbfgs,2471.662,2.9376101773956533e-06,5.581951691183552e-07,7.3407341015737705e-09,2.507316075659733e-07,1.8298125979120585e-08,1.6013232863120206,100.4072549959424,3.68142389615258,20.966461964961297,1.0,0.00046788581074483067,6.161106019409651e-05,0.0004825600160717858,1.2954682481771214,0.00036836508573000307
7590,lbfgs,2475.847,2.9210980475855273e-06,5.557408986218283e-07,7.290606524574957e-09,2.492056889798178e-07,1.820601106895349e-08,1.6013232863120206,100.4072549959424,3.68142389615258,20.966461964961297,1.0,0.00040024380467099384,6.15348804430302e-05,0.0004892576576085564,1.2955919264574376,0.00035592214017928566
7600,lbfgs,2479.253,2.904050821554567e-06,5.546659215182837e-07,7.243283130068673e-09,2.4739358658379785e-07,1.801985133600113e-08,1.6013232863120206,100.4072549959424,3.68142389615258,20.966461964961297,1.0,0.00045856186049563266,6.371988629370614e-05,0.000498696443784786,1.29592422015138,0.0003548285771357503
7610,lbfgs,2484.119,2.886543669398436e-06,5.49857805891652e-07,7.203846488903254e-09,2.461946077705601e-07,1.7951450167382046e-08,1.6013232863120206,100.4072549959424,3.68142389615258,20.966461964961297,1.0,0.0013790416831407101,6.586280768651953e-05,0.0004976355834834589,1.2962320567485794,0.00035992336454119557
7620,lbfgs,2487.527,2.8660864153005696e-06,5.451627458649853e-07,7.135577483965295e-09,2.4567820708412114e-07,1.775193381887497e-08,1.6013232863120206,100.4072549959424,3.68142389615258,20.966461964961297,1.0,0.0009235704070713675,6.596656545779811e-05,0.0005004750343976792,1.2965116149710356,0.00035781869692098255
7630,lbfgs,2490.628,2.847749489129148e-06,5.392544104617875e-07,7.076662376239833e-09,2.4494667202694235e-07,1.7739190790389272e-08,1.6013232863120206,100.4072549959424,3.68142389615258,20.966461964961297,1.0,0.0009713951462505632,6.509996775569665e-05,0.0005097481187799789,1.2968846801413383,0.0003565374976084861
7640,lbfgs,2494.023,2.8293128550718215e-06,5.348049501342693e-07,7.00785708557132e-09,2.439498345920624e-07,1.770421693042158e-08,1.6013232863120206,100.4072549959424,3.68142389615258,20.966461964961297,1.0,0.00047460934454879544,6.650223025297541e-05,0.0005061439364022449,1.29715723524513,0.00035530706245758535
7650,lbfgs,2497.122,2.8151185405061164e-06,5.301903089658544e-07,6.96881283626007e-09,2.4245788944634754e-07,1.7828607311951558e-08,1.6013232863120206,100.4072549959424,3.68142389615258,20.966461964961297,1.0,0.0005261743128419231,6.678802610020576e-05,0.0004993396203241513,1.2974948350369184,0.0003588961130363828
7660,lbfgs,2500.211,2.7988490213985223e-06,5.269202214283743e-07,6.92622100194462e-09,2.4072499072712357e-07,1.781062679321842e-08,1.6013232863120206,100.4072549959424,3.68142389615258,20.966461964961297,1.0,0.0005787957414889344,6.777174065699488e-05,0.000493890960796337,1.2977764637722027,0.0003514331674605756
7670,lbfgs,2503.789,2.7812716261105295e-06,5.251044801196102e-07,6.872480128211943e-09,2.3925262115401437e-07,1.762683725773092e-08,1.6013232863120206,100.4072549959424,3.68142389615258,20.966461964961297,1.0,0.00040762329847868455,6.798855361750697e-05,0.0005078694638919676,1.297922516097372,0.0003601516417687233
7680,lbfgs,2508.025,2.766175838307453e-06,5.212635937338292e-07,6.83544087926093e-09,2.377118431673401e-07,1.7648108334386103e-08,1.6013232863120206,100.4072549959424,3.68142389615258,20.966461964961297,1.0,0.00034756984184187707,6.56164103322787e-05,0.0004998818772051215,1.2981122286258866,0.00035584565362551307
7690,lbfgs,2511.134,2.7502543019675715e-06,5.165923028383428e-07,6.792289805406314e-09,2.3673719932633603e-07,1.7623281472787214e-08,1.6013232863120206,100.4072549959424,3.68142389615258,20.966461964961297,1.0,0.0003405970872875083,6.589767850290112e-05,0.0005027315453587158,1.2983331850068467,0.0003530638070211838
7700,lbfgs,2514.247,2.733544654885019e-06,5.139919181834818e-07,6.745189810538693e-09,2.355465806548502e-07,1.7459532464313665e-08,1.6013232863120206,100.4072549959424,3.68142389615258,20.966461964961297,1.0,0.0005006190572956412,6.455187554867304e-05,0.0004954427155518506,1.2985821100630122,0.0003579773054665752
7710,lbfgs,2517.348,2.7153775133464614e-06,5.138374812217027e-07,6.687129524199936e-09,2.3332535899275597e-07,1.7272905576053063e-08,1.6013232863120206,100.4072549959424,3.68142389615258,20.966461964961297,1.0,0.0005089247409535633,6.125901951436762e-05,0.0004908404837080246,1.2986556179421902,0.0003534944154297189
7720,lbfgs,2521.021,2.696818052620903e-06,5.10773203965256e-07,6.6298982708955595e-09,2.3265601872344483e-07,1.7013348007312118e-08,1.6013232863120206,100.4072549959424,3.68142389615258,20.966461964961297,1.0,0.0006816239270114932,5.991961355071179e-05,0.0004805623608051183,1.2988953730678492,0.0003519594391288153
7730,lbfgs,2524.113,2.6790463922518744e-06,5.051506097939869e-07,6.594550012137136e-09,2.3196559519946328e-07,1.6885662844832337e-08,1.6013232863120206,100.4072549959424,3.68142389615258,20.966461964961297,1.0,0.0004601989046132286,6.111267986377641e-05,0.00048554697474658586,1.2992478822573297,0.00035045473949996787
7740,lbfgs,2527.500,2.6589090525908642e-06,5.003283974301129e-07,6.537652545817906e-09,2.3055514068020588e-07,1.6813642141828076e-08,1.6013232863120206,100.4072549959424,3.68142389615258,20.966461964961297,1.0,0.00043098416675494355,6.067075270108724e-05,0.00048089378585921953,1.2996471801987486,0.0003575634167134978
7750,lbfgs,2530.598,2.6398499153332063e-06,4.932101403207454e-07,6.4697083559756444e-09,2.302449359920928e-07,1.6828121368534935e-08,1.6013232863120206,100.4072549959424,3.68142389615258,20.966461964961297,1.0,0.0008045895664627954,6.360709501349537e-05,0.000475275817259121,1.299969664932251,0.0003518467860447549
7760,lbfgs,2534.220,2.6205382892506455e-06,4.906484483133864e-07,6.400426358590121e-09,2.2907286749439682e-07,1.6640286488623543e-08,1.6013232863120206,100.4072549959424,3.68142389615258,20.966461964961297,1.0,0.00044398661096280276,6.329783751490659e-05,0.0004801101124079483,1.3001696170269317,0.00035580722034426305
7770,lbfgs,2537.592,2.601629864774197e-06,4.861721018637215e-07,6.326216785426631e-09,2.2741538440363626e-07,1.6726745077945404e-08,1.6013232863120206,100.4072549959424,3.68142389615258,20.966461964961297,1.0,0.0005522198308587106,6.512814985614445e-05,0.0004821519807513923,1.3003858712197847,0.000358875774515357
7780,lbfgs,2541.106,2.5846129152295258e-06,4.852475859424832e-07,6.259502310406492e-09,2.253101869739566e-07,1.66748641624035e-08,1.6013232863120206,100.4072549959424,3.68142389615258,20.966461964961297,1.0,0.0003722528425058242,6.257045625759051e-05,0.0004772311970877334,1.3004611186704815,0.0003577589414426968
7790,lbfgs,2544.770,2.569395159282312e-06,4.809298267550593e-07,6.19249309122988e-09,2.2457045779887854e-07,1.672961068115201e-08,1.6013232863120206,100.4072549959424,3.68142389615258,20.966461964961297,1.0,0.0004217359262693243,6.246451101721187e-05,0.00048159807199187483,1.3005793016244742,0.0003419426539200938
7800,lbfgs,2548.109,2.554737364562358e-06,4.771221945339706e-07,6.151043053549491e-09,2.2382945707627373e-07,1.6649925214372974e-08,1.6013232863120206,100.4072549959424,3.68142389615258,20.966461964961297,1.0,0.00047431963506840304,5.996909647696194e-05,0.0004734490066946756,1.3006631326613776,0.00034672653239448256
7810,lbfgs,2551.462,2.5398660389647357e-06,4.749272318628564e-07,6.087148500065543e-09,2.2340349433448455e-07,1.648905617388296e-08,1.6013232863120206,100.4072549959424,3.68142389615258,20.966461964961297,1.0,0.0005465368063226683,6.322260099200978e-05,0.0004898334289094984,1.3007732320015806,0.00035083509835848046
7820,lbfgs,2555.126,2.524087621515957e-06,4.725853468385676e-07,6.025360617190871e-09,2.2243304522180063e-07,1.6381660077946908e-08,1.6013232863120206,100.4072549959424,3.68142389615258,20.966461964961297,1.0,0.0003613464699271676,6.230847982783885e-05,0.00047952445909484347,1.3008219145198874,0.00034379795480640664
7830,lbfgs,2558.461,2.5096256166907772e-06,4.7052525421975874e-07,5.979351696715658e-09,2.2087760754161736e-07,1.634267993484781e-08,1.6013232863120206,100.4072549959424,3.68142389615258,20.966461964961297,1.0,0.0005064833462303791,6.255482710991376e-05,0.000482498017716356,1.3008965594615898,0.00034250941008664667
7840,lbfgs,2562.521,2.496258957881005e-06,4.6710254452454237e-07,5.934248255221692e-09,2.2051472453194918e-07,1.624628049743514e-08,1.6013232863120206,100.4072549959424,3.68142389615258,20.966461964961297,1.0,0.0005053327680990433,6.344928248656906e-05,0.00048800413054999144,1.300995062028285,0.000344668810932972
7850,lbfgs,2565.890,2.48156004753346e-06,4.653830108761537e-07,5.885387442043162e-09,2.2010615112220477e-07,1.5982274627396475e-08,1.6013232863120206,100.4072549959424,3.68142389615258,20.966461964961297,1.0,0.0003684557369208509,6.073131050667709e-05,0.0004775968489375119,1.3010588430851284,0.00033250304718649814
7860,lbfgs,2569.249,2.4686041082139318e-06,4.624213574727414e-07,5.833055083367311e-09,2.2009860397742505e-07,1.5842477934835172e-08,1.6013232863120206,100.4072549959424,3.68142389615258,20.966461964961297,1.0,0.0006419507689080879,6.12060469415732e-05,0.0004847145404560567,1.301249465719191,0.00033504421676330294
7870,lbfgs,2572.611,2.457129315896059e-06,4.586528387202138e-07,5.804985621084094e-09,2.1941924900892888e-07,1.58367161514362e-08,1.6013232863120206,100.4072549959424,3.68142389615258,20.966461964961297,1.0,0.0003480066630947355,6.220557598979833e-05,0.0004832842211161663,1.3012902288284565,0.00033251859704294223
7880,lbfgs,2575.955,2.4440532384692126e-06,4.565403164578231e-07,5.765162284823648e-09,2.1790357648088277e-07,1.5831237812113303e-08,1.6013232863120206,100.4072549959424,3.68142389615258,20.966461964961297,1.0,0.0004169902408425168,6.0746394312092286e-05,0.00048589291757311675,1.3015084358828461,0.0003288927793683502
7890,lbfgs,2579.616,2.4307718176922125e-06,4.515052011229272e-07,5.736909138513879e-09,2.169235054775259e-07,1.5889726666252433e-08,1.6013232863120206,100.4072549959424,3.68142389615258,20.966461964961297,1.0,0.00044504031958372267,6.127575545781788e-05,0.0004877090690819874,1.3017056207304352,0.00032760652405359266
7900,lbfgs,2582.961,2.420021909038982e-06,4.487006369050709e-07,5.708986643670546e-09,2.162839716177422e-07,1.5837220031065442e-08,1.6013232863120206,100.4072549959424,3.68142389615258,20.966461964961297,1.0,0.0007752651091771286,5.884262739132826e-05,0.00047553639228059395,1.3018208094348664,0.0003333715310647399
7910,lbfgs,2586.315,2.4079621690884886e-06,4.473813411242498e-07,5.675499007704839e-09,2.1483291164293914e-07,1.5777946681675467e-08,1.6013232863120206,100.4072549959424,3.68142389615258,20.966461964961297,1.0,0.0003474600992140734,6.19543406131423e-05,0.0004887417225856049,1.3020601616405465,0.0003341026296031179
7920,lbfgs,2589.856,2.3969649632103278e-06,4.452340321163278e-07,5.646598542712262e-09,2.1404767183307748e-07,1.569371439653489e-08,1.6013232863120206,100.4072549959424,3.68142389615258,20.966461964961297,1.0,0.0003100207863173238,6.143410311721233e-05,0.00047986197070960937,1.302229473031864,0.0003269539756856442
7930,lbfgs,2593.194,2.382509812715072e-06,4.4221762207135464e-07,5.5947751325008544e-09,2.1313251232053885e-07,1.5643521550988206e-08,1.6013232863120206,100.4072549959424,3.68142389615258,20.966461964961297,1.0,0.00043501760545845713,6.063234129034957e-05,0.0004801630624823192,1.3024794123227381,0.00032591573245718326
7940,lbfgs,2597.114,2.368776518148432e-06,4.4070098378272154e-07,5.548717441365855e-09,2.1189950366276544e-07,1.5541410260751885e-08,1.6013232863120206,100.4072549959424,3.68142389615258,20.966461964961297,1.0,0.0003839512613387972,6.115885058758233e-05,0.00048272843074938714,1.3027890166340825,0.0003336335074419806
7950,lbfgs,2600.524,2.35499566295512e-06,4.398049741741512e-07,5.516589079480834e-09,2.1039842139890002e-07,1.5369993003625757e-08,1.6013232863120206,100.4072549959424,3.68142389615258,20.966461964961297,1.0,0.0003721773029378364,6.303905358360041e-05,0.0004847981063073891,1.3030899727139709,0.00034029256717003084
7960,lbfgs,2604.229,2.3433052301998966e-06,4.393665455743486e-07,5.484575631812033e-09,2.0897520528072883e-07,1.5249108392621547e-08,1.6013232863120206,100.4072549959424,3.68142389615258,20.966461964961297,1.0,0.00030612093681440714,5.96907857671255e-05,0.0004576234260059065,1.30324408780991,0.00033085402529716074
7970,lbfgs,2607.594,2.3338204766677404e-06,4.3815311024767116e-07,5.450600383419064e-09,2.0840532122164382e-07,1.5152177156993185e-08,1.6013232863120206,100.4072549959424,3.68142389615258,20.966461964961297,1.0,0.00034766202543895085,5.997082492855958e-05,0.0004570925430114796,1.3033925975737832,0.0003295661303273318
7980,lbfgs,2611.119,2.3222127078155157e-06,4.370980807236552e-07,5.427779536977027e-09,2.070480118395518e-07,1.50267332089188e-08,1.6013232863120206,100.4072549959424,3.68142389615258,20.966461964961297,1.0,0.0003888789980841444,5.958623973120863e-05,0.00045762348783443175,1.3035720770659471,0.000332106513902201
7990,lbfgs,2615.424,2.3073347381442695e-06,4.3614054124681284e-07,5.40116534008934e-09,2.0552320603062224e-07,1.4785446699899277e-08,1.6013232863120206,100.4072549959424,3.68142389615258,20.966461964961297,1.0,0.0007662667503847699,5.8523482689132894e-05,0.0004571224380258862,1.3038608174177566,0.0003280353340202627
8000,lbfgs,2619.330,2.295830910481962e-06,4.332786971050488e-07,5.377799537452372e-09,2.0487925175171683e-07,1.4680310925153793e-08,1.6013232863120206,100.4072549959424,3.68142389615258,20.966461964961297,1.0,0.0003245153381533902,6.0427400848151766e-05,0.00046340331185613476,1.3039463273409406,0.00033199178031970855
8010,lbfgs,2622.657,2.2819351862931836e-06,4.3114552118712064e-07,5.366939580534786e-09,2.032226386821971e-07,1.4523359956563005e-08,1.6013232863120206,100.4072549959424,3.68142389615258,20.966461964961297,1.0,0.0002830921643168954,5.8540172998480963e-05,0.00044753775062183993,1.3041806085889958,0.00033517397596413196
8020,lbfgs,2625.926,2.2698768133564905e-06,4.2863492127987875e-07,5.35173312851401e-09,2.0217840029541798e-07,1.4396158305131836e-08,1.6013232863120206,100.4072549959424,3.68142389615258,20.966461964961297,1.0,0.0013014187785930697,5.8804892157399784e-05,0.00045547982107820115,1.3044197207387973,0.00033176437227035253
8030,lbfgs,2629.576,2.2541057021270845e-06,4.244840723930244e-07,5.320482068948809e-09,2.0083630245085051e-07,1.4346288371518372e-08,1.6013232863120206,100.4072549959424,3.68142389615258,20.966461964961297,1.0,0.00042693468822037475,5.73795332239535e-05,0.0004353123779690164,1.3045869263350913,0.00032782865593852936
8040,lbfgs,2632.936,2.242329799724786e-06,4.2255510004278623e-07,5.298710213921553e-09,1.9942719108658385e-07,1.4283645202957224e-08,1.6013232863120206,100.4072549959424,3.68142389615258,20.966461964961297,1.0,0.00031036305587701755,5.9300924667160885e-05,0.0004381933017238228,1.3048282766569497,0.00033444584143880833
8050,lbfgs,2636.327,2.2313685841392792e-06,4.213350881892526e-07,5.2899472752901e-09,1.98636622642082e-07,1.4034804839391337e-08,1.6013232863120206,100.4072549959424,3.68142389615258,20.966461964961297,1.0,0.00029958190124873926,5.7456591603586425e-05,0.00043794789728028236,1.3050430881385346,0.0003294507373578746
8060,lbfgs,2639.940,2.2205164596802325e-06,4.1756529475614105e-07,5.287557585165297e-09,1.9777031826403718e-07,1.39686854059868e-08,1.6013232863120206,100.4072549959424,3.68142389615258,20.966461964961297,1.0,0.0003915715095893845,5.916609578258708e-05,0.0004477963140191927,1.3051839154522473,0.0003276519292930333
8070,lbfgs,2643.296,2.2088129418125546e-06,4.147286956116236e-07,5.267240135541811e-09,1.9667580119519628e-07,1.3916611528750712e-08,1.6013232863120206,100.4072549959424,3.68142389615258,20.966461964961297,1.0,0.0005467370756483413,5.752053551009234e-05,0.00043951550375440144,1.3053852729552915,0.0003279018881227788
8080,lbfgs,2646.614,2.1965953700990696e-06,4.111169689231322e-07,5.25153807709996e-09,1.9580638347546457e-07,1.3837593241779497e-08,1.6013232863120206,100.4072549959424,3.68142389615258,20.966461964961297,1.0,0.0003305975339571823,5.961567805045318e-05,0.0004322043668721787,1.305664054462331,0.00032361388944012674
8090,lbfgs,2650.326,2.185712571661702e-06,4.08149931332637e-07,5.2312657534111234e-09,1.9469635220553195e-07,1.3837134030503473e-08,1.6013232863120206,100.4072549959424,3.68142389615258,20.966461964961297,1.0,0.0003144823170948359,5.979259852885978e-05,0.00044221966487466237,1.3058831466342558,0.0003279816396837937
8100,lbfgs,2653.799,2.174504120929144e-06,4.039617272997678e-07,5.212641710324821e-09,1.9404973673513856e-07,1.382514691509178e-08,1.6013232863120206,100.4072549959424,3.68142389615258,20.966461964961297,1.0,0.0003323405721903313,6.0357143507613147e-05,0.00044357773446288256,1.3059950460827545,0.00032655544418739283
8110,lbfgs,2657.184,2.163245600986552e-06,4.009650474554496e-07,5.195499077939468e-09,1.928772680212149e-07,1.3805006763414254e-08,1.6013232863120206,100.4072549959424,3.68142389615258,20.966461964961297,1.0,0.0004053175832114629,6.019735812450773e-05,0.0004424518030647778,1.3062093539050952,0.0003248953304514866
8120,lbfgs,2660.893,2.1523813261011524e-06,3.9878398952878794e-07,5.169975597195971e-09,1.9184582368797636e-07,1.3756750191323072e-08,1.6013232863120206,100.4072549959424,3.68142389615258,20.966461964961297,1.0,0.00039440006131134483,5.988704777820597e-05,0.0004385647737333742,1.3064496147031524,0.0003222624455964759
8130,lbfgs,2665.388,2.141954915569837e-06,3.9600989653080384e-07,5.153670206493856e-09,1.9149002357541395e-07,1.3611892167034226e-08,1.6013232863120206,100.4072549959424,3.68142389615258,20.966461964961297,1.0,0.000570492260183948,5.969155051105795e-05,0.00044364138281489474,1.3065280482594244,0.0003287862127666841
8140,lbfgs,2668.824,2.1305336671925285e-06,3.935860067194805e-07,5.13185403324606e-09,1.9090136377848063e-07,1.3460116017541822e-08,1.6013232863120206,100.4072549959424,3.68142389615258,20.966461964961297,1.0,0.0004500400565269761,5.959067784565954e-05,0.00043972515548510176,1.306596606455321,0.0003237112214152242
8150,lbfgs,2672.670,2.117414968018159e-06,3.895310726125415e-07,5.108904293366003e-09,1.9034228132517188e-07,1.3352186559510681e-08,1.6013232863120206,100.4072549959424,3.68142389615258,20.966461964961297,1.0,0.0005700586614425471,5.957930490981094e-05,0.00043149787678103263,1.3067795701131995,0.0003227723975537111
8160,lbfgs,2676.847,2.106391558120162e-06,3.8614585274923806e-07,5.101359523260471e-09,1.8968168530329546e-07,1.323709347088539e-08,1.6013232863120206,100.4072549959424,3.68142389615258,20.966461964961297,1.0,0.00046319815405161864,5.861816660214114e-05,0.00043658122610346485,1.3069936823284192,0.000323407406519979
8170,lbfgs,2680.405,2.092276273667336e-06,3.8102910970192314e-07,5.096010304814653e-09,1.8834251934983902e-07,1.321541185481878e-08,1.6013232863120206,100.4072549959424,3.68142389615258,20.966461964961297,1.0,0.000597084905151726,5.822890531523656e-05,0.0004342638840762838,1.3070643982132253,0.0003238541423792594
8180,lbfgs,2684.017,2.079541773080497e-06,3.795692724011149e-07,5.089797016581707e-09,1.8611596413250123e-07,1.3140240549031362e-08,1.6013232863120206,100.4072549959424,3.68142389615258,20.966461964961297,1.0,0.0002847743636112265,5.6919729657246246e-05,0.000424668452019298,1.3072049632741776,0.00032575977339860217
8190,lbfgs,2687.278,2.0717918379479503e-06,3.7847473680635647e-07,5.076182281219218e-09,1.8511346242221353e-07,1.3095427177986596e-08,1.6013232863120206,100.4072549959424,3.68142389615258,20.966461964961297,1.0,0.0002844642412467711,5.624166444306731e-05,0.00042505909430482945,1.3072171145043903,0.0003312576470209534
8200,lbfgs,2690.835,2.061726824551488e-06,3.767016737579738e-07,5.0630400919904e-09,1.840374134139802e-07,1.3002669392968135e-08,1.6013232863120206,100.4072549959424,3.68142389615258,20.966461964961297,1.0,0.0003009050362002747,5.566121700874666e-05,0.0004324445655379078,1.3073775566866102,0.0003256058562341585
8210,lbfgs,2694.091,2.0502774175326328e-06,3.7257971251545484e-07,5.067186434140156e-09,1.8267539393091508e-07,1.2990699502296878e-08,1.6013232863120206,100.4072549959424,3.68142389615258,20.966461964961297,1.0,0.00030756670217895864,5.469316155641502e-05,0.00041876811571604783,1.3076783374297367,0.000330534024123319
8220,lbfgs,2698.633,2.0409140219792626e-06,3.714869204113401e-07,5.059932380614947e-09,1.8188757976459375e-07,1.2800641464992841e-08,1.6013232863120206,100.4072549959424,3.68142389615258,20.966461964961297,1.0,0.0003002611027702415,5.4204819471610305e-05,0.0004151945145712326,1.307810499350821,0.00032724127024754573
8230,lbfgs,2701.909,2.0282237752742467e-06,3.7072811082176395e-07,5.042028758054221e-09,1.8037022326897135e-07,1.2605498326946195e-08,1.6013232863120206,100.4072549959424,3.68142389615258,20.966461964961297,1.0,0.0003842064887032175,5.601633702572831e-05,0.0004214811364340991,1.3079612041919189,0.0003252142087937266
8240,lbfgs,2705.571,2.0177826169459025e-06,3.6974128575449876e-07,5.029460485203194e-09,1.791694165280739e-07,1.2453908231949956e-08,1.6013232863120206,100.4072549959424,3.68142389615258,20.966461964961297,1.0,0.0003391084833195179,5.303430087350778e-05,0.0004134428327221636,1.3081619184865032,0.00032263474576889193
8250,lbfgs,2709.138,2.008037489555715e-06,3.6910057358180565e-07,5.016936157896519e-09,1.7820437681867522e-07,1.2267473033569205e-08,1.6013232863120206,100.4072549959424,3.68142389615258,20.966461964961297,1.0,0.00035691189325476444,5.451817457585661e-05,0.00041693049838815673,1.3082596747264488,0.00032076511985815897
8260,lbfgs,2712.409,1.9982688809971155e-06,3.6756677651333967e-07,4.992362137541006e-09,1.773537025688636e-07,1.2185751989740176e-08,1.6013232863120206,100.4072549959424,3.68142389615258,20.966461964961297,1.0,0.00043694819549166587,5.535524713617066e-05,0.00041938211789839915,1.3084009371823377,0.00032261332291995827
8270,lbfgs,2715.665,1.986952377098652e-06,3.6736087454142846e-07,4.974047044580154e-09,1.7546828462682944e-07,1.2080498303896634e-08,1.6013232863120206,100.4072549959424,3.68142389615258,20.966461964961297,1.0,0.0004027480427352609,5.384743721333911e-05,0.0004030169069398245,1.308595551440831,0.0003174635679836566
8280,lbfgs,2718.913,1.977153148438217e-06,3.665624937945843e-07,4.951743881202403e-09,1.7402000460974064e-07,1.2035205449764153e-08,1.6013232863120206,100.4072549959424,3.68142389615258,20.966461964961297,1.0,0.0004151173295830957,5.276696155660047e-05,0.0003988836168213806,1.3087472342700248,0.0003199874859744175
8290,lbfgs,2722.775,1.9690130219799797e-06,3.6662164127945275e-07,4.950341447199575e-09,1.728583996583067e-07,1.1853121036340998e-08,1.6013232863120206,100.4072549959424,3.68142389615258,20.966461964961297,1.0,0.0005272378951591403,5.514989107671868e-05,0.0004113857478639354,1.3089475767995709,0.0003255423816935746
8300,lbfgs,2726.287,1.9574091880314507e-06,3.6474694416956436e-07,4.93148147066167e-09,1.7115706657581064e-07,1.1831904720791377e-08,1.6013232863120206,100.4072549959424,3.68142389615258,20.966461964961297,1.0,0.00044863021908305757,5.318227625309877e-05,0.0004047490334957516,1.308918688773267,0.00032269842909464274
8310,lbfgs,2729.996,1.94668284239893e-06,3.627818546263032e-07,4.908971127924622e-09,1.7018542355016988e-07,1.1748801982057871e-08,1.6013232863120206,100.4072549959424,3.68142389615258,20.966461964961297,1.0,0.0004948457019611433,5.340017347085772e-05,0.00040582103004016415,1.3090304511307866,0.0003247283739024325
8320,lbfgs,2733.376,1.9347495139248446e-06,3.610980025455802e-07,4.888072978398101e-09,1.6846719700837744e-07,1.1710021435799454e-08,1.6013232863120206,100.4072549959424,3.68142389615258,20.966461964961297,1.0,0.0003369889566483423,5.290265691896352e-05,0.00040517164484018907,1.3092105305905886,0.0003184238192144757
8330,lbfgs,2737.370,1.9210654712680134e-06,3.565654955011028e-07,4.864886453718043e-09,1.672821264684691e-07,1.1722651545713645e-08,1.6013232863120206,100.4072549959424,3.68142389615258,20.966461964961297,1.0,0.0005688928361501362,4.986530784045111e-05,0.00039626809788742995,1.3092385793334849,0.00031651705170035596
8340,lbfgs,2740.653,1.9082709299532766e-06,3.5249612382124003e-07,4.827629567599947e-09,1.6733165326458852e-07,1.1592938237212742e-08,1.6013232863120206,100.4072549959424,3.68142389615258,20.966461964961297,1.0,0.0004373880273143595,5.11499580501869e-05,0.0004044577704137295,1.3092994694134146,0.0003134816512844447
8350,lbfgs,2743.935,1.8965611652471645e-06,3.504612937861414e-07,4.7994848272400174e-09,1.6675678657839473e-07,1.14255719016185e-08,1.6013232863120206,100.4072549959424,3.68142389615258,20.966461964961297,1.0,0.0003993075858763521,4.9749149608303055e-05,0.00039375012903095444,1.3094516754415448,0.00030374586744891284
8360,lbfgs,2747.261,1.8855788222880304e-06,3.474622052816228e-07,4.772350527710466e-09,1.660894500000949e-07,1.1377943296340379e-08,1.6013232863120206,100.4072549959424,3.68142389615258,20.966461964961297,1.0,0.00031307651172408457,5.146691503321891e-05,0.00039436472904604225,1.309494149325854,0.00030504287024580494
8370,lbfgs,2751.021,1.874452641140347e-06,3.4506347525304966e-07,4.744375398868614e-09,1.6515113386184387e-07,1.132920862911851e-08,1.6013232863120206,100.4072549959424,3.68142389615258,20.966461964961297,1.0,0.0004738735597168042,5.404500042924547e-05,0.00040280346870980906,1.3096607188288925,0.00030210966037073716
8380,lbfgs,2754.284,1.8646727856048374e-06,3.434313759136807e-07,4.717111463128293e-09,1.64425400452412e-07,1.1245402997202652e-08,1.6013232863120206,100.4072549959424,3.68142389615258,20.966461964961297,1.0,0.00023408917469287506,5.4475703491178264e-05,0.00039204376799372944,1.309782875105021,0.000300690130971602
8390,lbfgs,2757.553,1.855432563246397e-06,3.4285523425131733e-07,4.6901522730776516e-09,1.633682608261751e-07,1.1163417016465463e-08,1.6013232863120206,100.4072549959424,3.68142389615258,20.966461964961297,1.0,0.0005190920268598289,5.458054027350062e-05,0.0003992162426270735,1.3098807758215407,0.0003035801574262389
8400,lbfgs,2760.836,1.846994668928296e-06,3.406407924976267e-07,4.660369049874361e-09,1.632363998418938e-07,1.109588204996403e-08,1.6013232863120206,100.4072549959424,3.68142389615258,20.966461964961297,1.0,0.00037629608985759953,5.494638820912478e-05,0.000400655105872793,1.3098989495499367,0.0002990044083753102
8410,lbfgs,2764.814,1.8347626622336514e-06,3.379138985079669e-07,4.6038604825313265e-09,1.6267884336532807e-07,1.1089257375616056e-08,1.6013232863120206,100.4072549959424,3.68142389615258,20.966461964961297,1.0,0.000284217637554046,5.272895898634259e-05,0.0004018361614781925,1.3100366403965997,0.0003026962924161851
8420,lbfgs,2768.349,1.8258574887642566e-06,3.363324734423846e-07,4.578992514756538e-09,1.6226432237833725e-07,1.0977180820130042e-08,1.6013232863120206,100.4072549959424,3.68142389615258,20.966461964961297,1.0,0.0006010572355636276,5.6067112506160926e-05,0.0004127867958339341,1.3101482696583813,0.00030306638549232876
8430,lbfgs,2771.929,1.8147788486441723e-06,3.3310565634112835e-07,4.543229807879404e-09,1.6196207585039282e-07,1.091956833701628e-08,1.6013232863120206,100.4072549959424,3.68142389615258,20.966461964961297,1.0,0.0004797322570380889,5.4652228019861704e-05,0.0004108805849087048,1.31017844915264,0.00030012633732800034
8440,lbfgs,2775.124,1.8049923640909372e-06,3.3248636258886193e-07,4.520350153629731e-09,1.605930060698972e-07,1.0850058013089627e-08,1.6013232863120206,100.4072549959424,3.68142389615258,20.966461964961297,1.0,0.0002933692509053548,5.3751275421021236e-05,0.00039355521851001875,1.31039503779996,0.000309585862086759
8450,lbfgs,2778.807,1.795555977630268e-06,3.3133007172653196e-07,4.493253439240772e-09,1.5980800131898935e-07,1.0755900542907968e-08,1.6013232863120206,100.4072549959424,3.68142389615258,20.966461964961297,1.0,0.00031839021652226544,5.274974121525084e-05,0.00038698536918300124,1.3105541993221976,0.00029744273631865473
8460,lbfgs,2782.163,1.7846622343150836e-06,3.3059434005111147e-07,4.4661540976559625e-09,1.588353443172605e-07,1.059307546412699e-08,1.6013232863120206,100.4072549959424,3.68142389615258,20.966461964961297,1.0,0.0003612331599911889,5.1778624409403405e-05,0.00039113335712567603,1.3107591345521041,0.0003002319131826543
8470,lbfgs,2785.706,1.7746396268839999e-06,3.3011052866261894e-07,4.444647768758623e-09,1.5708614606558008e-07,1.0562124257522572e-08,1.6013232863120206,100.4072549959424,3.68142389615258,20.966461964961297,1.0,0.0003047043713110328,5.084008942663274e-05,0.0003839342818779613,1.3109652572188792,0.0003040839847327103
8480,lbfgs,2789.033,1.7659994098645426e-06,3.292140798524286e-07,4.429296674337059e-09,1.5591240447848776e-07,1.0498102435992847e-08,1.6013232863120206,100.4072549959424,3.68142389615258,20.966461964961297,1.0,0.0002882311204606734,5.151871522902413e-05,0.00039337941007424015,1.3111114562295751,0.00029846520531648114
8490,lbfgs,2792.808,1.7583904094210705e-06,3.288519062113093e-07,4.413730244936604e-09,1.5503490994546847e-07,1.0391473498158349e-08,1.6013232863120206,100.4072549959424,3.68142389615258,20.966461964961297,1.0,0.00037244360170236233,5.186156934374696e-05,0.0003922715990275961,1.3112650107347639,0.0002981057746428473
8500,lbfgs,2796.444,1.7493563341497278e-06,3.2854262645318687e-07,4.392077671067432e-09,1.5421786774392474e-07,1.0231367124104521e-08,1.6013232863120206,100.4072549959424,3.68142389615258,20.966461964961297,1.0,0.00038460342237048013,5.0236251852527445e-05,0.00037705843904226445,1.3114396570263753,0.00029732361875617786
8510,lbfgs,2800.000,1.740714621998658e-06,3.2777638045576306e-07,4.384490001351741e-09,1.5330783833128502e-07,1.0073846819343088e-08,1.6013232863120206,100.4072549959424,3.68142389615258,20.966461964961297,1.0,0.00030424921520333484,5.206942164164153e-05,0.0003763024211530511,1.3116555300077695,0.0002891649810536316
8520,lbfgs,2803.262,1.7328373452207336e-06,3.2598183453731397e-07,4.370232610986724e-09,1.5290605165236014e-07,9.974023773235137e-09,1.6013232863120206,100.4072549959424,3.68142389615258,20.966461964961297,1.0,0.0003481308904742987,5.3287214103982204e-05,0.00038163210061533206,1.3118101922641803,0.0002938288780089471
8530,lbfgs,2806.512,1.725076776303734e-06,3.242202435468971e-07,4.355023824891998e-09,1.5235963412320766e-07,9.907201567717652e-09,1.6013232863120206,100.4072549959424,3.68142389615258,20.966461964961297,1.0,0.0007337541249025897,5.4286554199745375e-05,0.00038737067625309015,1.3118710291785125,0.00029554831302701243
8540,lbfgs,2810.076,1.7150717385287852e-06,3.236259744383818e-07,4.335943384915748e-09,1.5075368423785807e-07,9.848754704860401e-09,1.6013232863120206,100.4072549959424,3.68142389615258,20.966461964961297,1.0,0.00030752019998720376,5.245484911272214e-05,0.0003787483349167519,1.3119747140112927,0.00028720550299713744
8550,lbfgs,2813.230,1.7064109936331284e-06,3.2353667083955755e-07,4.320677090391084e-09,1.49098262676978e-07,9.806278022567272e-09,1.6013232863120206,100.4072549959424,3.68142389615258,20.966461964961297,1.0,0.0005147377432615269,5.275376144950933e-05,0.00037928822683695436,1.312078030291549,0.000289035840899117
8560,lbfgs,2816.451,1.6963509552057198e-06,3.244788580130507e-07,4.2842454713478294e-09,1.4762306414786254e-07,9.687996039050633e-09,1.6013232863120206,100.4072549959424,3.68142389615258,20.966461964961297,1.0,0.00048416764842975263,5.150837765603575e-05,0.0003822695867897732,1.3120997304326647,0.00028170252961868544
8570,lbfgs,2819.980,1.6867322091619842e-06,3.2394801756000714e-07,4.257692109758759e-09,1.4633132317440916e-07,9.623745683801002e-09,1.6013232863120206,100.4072549959424,3.68142389615258,20.966461964961297,1.0,0.0003167716604488073,5.0763003988987324e-05,0.0003824491999268056,1.312194815957677,0.00027956202985050446
8580,lbfgs,2823.250,1.678677235755018e-06,3.2326024539687235e-07,4.233732643423642e-09,1.4573468797911286e-07,9.511592449780658e-09,1.6013232863120206,100.4072549959424,3.68142389615258,20.966461964961297,1.0,0.0004339253496054447,4.985942496653331e-05,0.0003732224513406294,1.3122310270818993,0.00027523733044088934
8590,lbfgs,2826.634,1.6695619609846027e-06,3.2230807580663756e-07,4.207667849350472e-09,1.445571768226624e-07,9.48113755949651e-09,1.6013232863120206,100.4072549959424,3.68142389615258,20.966461964961297,1.0,0.0003680735786789903,4.9776943557347536e-05,0.00037256272929112765,1.3123313083279342,0.00028458864568956676
8600,lbfgs,2829.715,1.661297262083607e-06,3.2157771136746307e-07,4.180875951880361e-09,1.440338298734267e-07,9.362930373410844e-09,1.6013232863120206,100.4072549959424,3.68142389615258,20.966461964961297,1.0,0.00047552008682433185,4.7950603279581116e-05,0.0003695141511073322,1.3124404622520056,0.0002749046606119919
8610,lbfgs,2832.805,1.6533118831113125e-06,3.198669633916034e-07,4.152767846169487e-09,1.4368777393665957e-07,9.308096035081574e-09,1.6013232863120206,100.4072549959424,3.68142389615258,20.966461964961297,1.0,0.0005245116123141348,4.789849193581823e-05,0.00037880900317961437,1.3124886051253117,0.00027064749081895606
8620,lbfgs,2835.986,1.6448662039144252e-06,3.189580352338661e-07,4.131266437416864e-09,1.427764335596996e-07,9.237685314278077e-09,1.6013232863120206,100.4072549959424,3.68142389615258,20.966461964961297,1.0,0.00031835893921349916,4.8928989876467785e-05,0.00038806937794874077,1.3125624830168143,0.0002736788391969975
8630,lbfgs,2839.156,1.6357478783335312e-06,3.187585112773319e-07,4.106284172920786e-09,1.4178796346336887e-07,9.111224054736434e-09,1.6013232863120206,100.4072549959424,3.68142389615258,20.966461964961297,1.0,0.00022819415108803228,4.798862963549387e-05,0.00038507662356391105,1.312522300732113,0.0002698289059724862
8640,lbfgs,2842.315,1.6276556412447824e-06,3.1756645441680665e-07,4.085823607367128e-09,1.413918272085794e-07,8.983847581470546e-09,1.6013232863120206,100.4072549959424,3.68142389615258,20.966461964961297,1.0,0.00031459995112974646,4.9452223060399755e-05,0.0003808556359793134,1.3125465170080775,0.0002728135610362244
8650,lbfgs,2845.596,1.6205269162975362e-06,3.156615587711205e-07,4.068037407786773e-09,1.4092754305988355e-07,8.956027868421101e-09,1.6013232863120206,100.4072549959424,3.68142389615258,20.966461964961297,1.0,0.00032018375481355615,4.9125037093115615e-05,0.0003767634497224879,1.3126233351378942,0.0002715358133022549
8660,lbfgs,2849.073,1.6122072890051996e-06,3.134535087921765e-07,4.043390517619315e-09,1.4039724376283236e-07,8.939008194136956e-09,1.6013232863120206,100.4072549959424,3.68142389615258,20.966461964961297,1.0,0.0002873170408643317,5.048695256120229e-05,0.00037926683955145435,1.3126293671708869,0.0002704933663098573
8670,lbfgs,2853.065,1.6024555301866244e-06,3.099300181933248e-07,4.015588948861042e-09,1.4034175217790974e-07,8.885887928780547e-09,1.6013232863120206,100.4072549959424,3.68142389615258,20.966461964961297,1.0,0.0002502548139460087,5.1037076594986876e-05,0.00037737765823769805,1.312669959933494,0.0002727854893435201
8680,lbfgs,2856.376,1.5945458687177335e-06,3.0809968611780395e-07,3.998400596849748e-09,1.3976979282808344e-07,8.831169682318345e-09,1.6013232863120206,100.4072549959424,3.68142389615258,20.966461964961297,1.0,0.00033948176489467466,5.333649076521082e-05,0.0003740884460465206,1.3126610528766167,0.0002745404727883235
8690,lbfgs,2859.697,1.5866998329450584e-06,3.066900968411269e-07,3.9793922986785415e-09,1.3933859969362382e-07,8.731350652635504e-09,1.6013232863120206,100.4072549959424,3.68142389615258,20.966461964961297,1.0,0.0002715942689341919,5.0980329307446895e-05,0.0003816856879241697,1.3126424853916823,0.0002621839290841118
8700,lbfgs,2863.549,1.5778840799516954e-06,3.037039449868793e-07,3.9626950951011536e-09,1.3881599013394183e-07,8.71067521417899e-09,1.6013232863120206,100.4072549959424,3.68142389615258,20.966461964961297,1.0,0.0004634226781081919,5.0701424414855136e-05,0.0003775964751624785,1.312644730877445,0.0002623668624497643
8710,lbfgs,2866.781,1.569477075696893e-06,3.0208413205282e-07,3.948675769259552e-09,1.3767777784572114e-07,8.700407571360456e-09,1.6013232863120206,100.4072549959424,3.68142389615258,20.966461964961297,1.0,0.00035380477279761745,4.9220690718275246e-05,0.0003694495636113582,1.31272474980044,0.0002638403325663566
8720,lbfgs,2870.194,1.5631168363280349e-06,3.007906308697839e-07,3.938405600205901e-09,1.3715970014847107e-07,8.635996956536362e-09,1.6013232863120206,100.4072549959424,3.68142389615258,20.966461964961297,1.0,0.00019243736202435968,4.9087709603450773e-05,0.00037518386854180013,1.3128326440210683,0.00026516056713371154
8730,lbfgs,2873.285,1.5566877085816191e-06,2.9884547168310104e-07,3.933716918575452e-09,1.367557293555761e-07,8.571306325132324e-09,1.6013232863120206,100.4072549959424,3.68142389615258,20.966461964961297,1.0,0.0002781167391605467,4.945525227408742e-05,0.0003786442421545496,1.312884334506606,0.0002642491095106745
8740,lbfgs,2876.445,1.5496783396740689e-06,2.9712970220614526e-07,3.926859118253456e-09,1.3629743886090461e-07,8.481346807441429e-09,1.6013232863120206,100.4072549959424,3.68142389615258,20.966461964961297,1.0,0.0004468358321051293,4.758212179375924e-05,0.00037183918798378924,1.3129581905324006,0.00026261728685587026
8750,lbfgs,2880.104,1.5439925443261492e-06,2.9643131131368913e-07,3.9189019164952854e-09,1.3556016359937347e-07,8.431063540821929e-09,1.6013232863120206,100.4072549959424,3.68142389615258,20.966461964961297,1.0,0.00028585903988823704,4.894375300212793e-05,0.00037672101432535335,1.3130358299454716,0.0002634021790731284
8760,lbfgs,2883.377,1.5380603241435823e-06,2.9589462622608033e-07,3.909450761406221e-09,1.3460771643626817e-07,8.401612335831686e-09,1.6013232863120206,100.4072549959424,3.68142389615258,20.966461964961297,1.0,0.0003750096025508774,4.7141778452968266e-05,0.0003675461795776554,1.3130192104221232,0.00026468561905353024
8770,lbfgs,2886.622,1.5308645743847976e-06,2.9430408547140187e-07,3.9011379901565886e-09,1.3373889853817917e-07,8.372249713873633e-09,1.6013232863120206,100.4072549959424,3.68142389615258,20.966461964961297,1.0,0.00030996102569125455,4.785172837879571e-05,0.00036214771554418223,1.312984515229583,0.0002560475996935015
8780,lbfgs,2890.161,1.5242208155386083e-06,2.92620219993748e-07,3.8926778274299605e-09,1.331665502182627e-07,8.324991986299084e-09,1.6013232863120206,100.4072549959424,3.68142389615258,20.966461964961297,1.0,0.0005043281081460461,4.893907487428735e-05,0.00036599780559472327,1.3130390448628537,0.00025633943094443705
8790,lbfgs,2893.396,1.5177736292409394e-06,2.9123963741289395e-07,3.8867065724960844e-09,1.3267793806382164e-07,8.237324286939937e-09,1.6013232863120206,100.4072549959424,3.68142389615258,20.966461964961297,1.0,0.0003629031362971618,4.81277750887799e-05,0.0003601921573183565,1.3130656051071066,0.00025449026725950214
8800,lbfgs,2896.639,1.5117137627102384e-06,2.8949721097721596e-07,3.882550292348123e-09,1.3234668396917028e-07,8.15944414259827e-09,1.6013232863120206,100.4072549959424,3.68142389615258,20.966461964961297,1.0,0.00031162330737777365,4.7970394205229206e-05,0.00036540727885316603,1.3131336692992128,0.00025511256598143917
8810,lbfgs,2900.032,1.5045334342962291e-06,2.873825208210555e-07,3.865073366818455e-09,1.3216163372594332e-07,8.094675593652007e-09,1.6013232863120206,100.4072549959424,3.68142389615258,20.966461964961297,1.0,0.0003727095936115636,4.8217262997418395e-05,0.00036830930227754565,1.3131915415294242,0.0002551200767142748
8820,lbfgs,2903.720,1.4980822487723457e-06,2.856849959513455e-07,3.841863829681317e-09,1.3182982408664142e-07,8.08604459179488e-09,1.6013232863120206,100.4072549959424,3.68142389615258,20.966461964961297,1.0,0.00019503071672339071,4.778909523294271e-05,0.0003623345104211005,1.3132184025213838,0.0002520669125699241
8830,lbfgs,2906.822,1.4915137567749686e-06,2.8447642832105744e-07,3.8251795334775624e-09,1.3122700606587096e-07,8.050810632956498e-09,1.6013232863120206,100.4072549959424,3.68142389615258,20.966461964961297,1.0,0.00026251224993861723,4.9208478868490767e-05,0.00036131246934431225,1.313214207025485,0.00025278073072963585
8840,lbfgs,2910.786,1.4845270092890703e-06,2.8323077761633547e-07,3.802739484892394e-09,1.3078383757934582e-07,7.997991837351454e-09,1.6013232863120206,100.4072549959424,3.68142389615258,20.966461964961297,1.0,0.00035163136842572123,4.853540235437988e-05,0.00036807853576319074,1.313193470409638,0.00025200796440480986
8850,lbfgs,2914.186,1.4783789943790031e-06,2.8207884263793003e-07,3.791072460218612e-09,1.3002074244697332e-07,7.98260230579624e-09,1.6013232863120206,100.4072549959424,3.68142389615258,20.966461964961297,1.0,0.0002604123035383043,5.0295362091625725e-05,0.0003806357464230543,1.313236192029417,0.00025092155496921097
8860,lbfgs,2917.363,1.472414129837958e-06,2.799549039137041e-07,3.778335602828108e-09,1.292596093655286e-07,8.054964271364458e-09,1.6013232863120206,100.4072549959424,3.68142389615258,20.966461964961297,1.0,0.0005584714812184042,5.087519818514961e-05,0.0003791628342204019,1.3132830782610698,0.00024931107040888407
8870,lbfgs,2920.451,1.4674573469403008e-06,2.794752858476794e-07,3.762108534380191e-09,1.28816866744392e-07,8.010630579930712e-09,1.6013232863120206,100.4072549959424,3.68142389615258,20.966461964961297,1.0,0.0005740514398657182,5.045607497315215e-05,0.0003697075332682453,1.3133259881554333,0.00024883849782143217
8880,lbfgs,2923.568,1.4605865465761041e-06,2.7866675441673187e-07,3.743422996403851e-09,1.2841563961833015e-07,7.90461224198584e-09,1.6013232863120206,100.4072549959424,3.68142389615258,20.966461964961297,1.0,0.0002725900160864511,4.9309810568412485e-05,0.00036747616992671597,1.3133432569874024,0.000249971064232268
8890,lbfgs,2927.744,1.4542877150672949e-06,2.772776247068993e-07,3.728640923140981e-09,1.2799965377727364e-07,7.854115494212392e-09,1.6013232863120206,100.4072549959424,3.68142389615258,20.966461964961297,1.0,0.00028681607215677704,4.8659446580137856e-05,0.00036930134226979453,1.3133418708106548,0.00025156767953012635
8900,lbfgs,2931.110,1.4480076447672938e-06,2.758706620526883e-07,3.711138971379532e-09,1.2734501305173736e-07,7.86080545006737e-09,1.6013232863120206,100.4072549959424,3.68142389615258,20.966461964961297,1.0,0.00023093623372266397,4.772761449265595e-05,0.00037019079435947995,1.3133248884048492,0.00024455010826156416
8910,lbfgs,2934.464,1.4425074464157872e-06,2.740716687464601e-07,3.6993480719944656e-09,1.2691949632055758e-07,7.867052132290665e-09,1.6013232863120206,100.4072549959424,3.68142389615258,20.966461964961297,1.0,0.0006390156012623428,4.907275850130406e-05,0.00037232966488517255,1.3133957940611374,0.0002480948337524291
8920,lbfgs,2938.225,1.4364627669170948e-06,2.7308039444333017e-07,3.678403573194996e-09,1.2655865783141807e-07,7.818119231384828e-09,1.6013232863120206,100.4072549959424,3.68142389615258,20.966461964961297,1.0,0.0004175998832799391,4.815598421337502e-05,0.0003671390529213883,1.313481906093383,0.00024903518222382635
8930,lbfgs,2941.536,1.4299359793835025e-06,2.7207587345587027e-07,3.658506236529243e-09,1.2617801406331797e-07,7.74566653683014e-09,1.6013232863120206,100.4072549959424,3.68142389615258,20.966461964961297,1.0,0.00034361011577377636,4.755704537592677e-05,0.000365747722197863,1.313578935882941,0.00024484771680996834
8940,lbfgs,2944.839,1.4241947190314203e-06,2.7071327023638124e-07,3.6405412131623886e-09,1.256209644510546e-07,7.759749139317642e-09,1.6013232863120206,100.4072549959424,3.68142389615258,20.966461964961297,1.0,0.00026455024352506915,4.760629945079342e-05,0.00035833607077393587,1.3136810181448457,0.00024356564578327254
8950,lbfgs,2948.137,1.4180037860791974e-06,2.689831251346076e-07,3.6219249173803743e-09,1.251408195475364e-07,7.770071184467661e-09,1.6013232863120206,100.4072549959424,3.68142389615258,20.966461964961297,1.0,0.00020800182042782589,4.886385579231173e-05,0.0003571912572733777,1.3136916131241556,0.00024458073928398114
8960,lbfgs,2951.453,1.41180042119755e-06,2.6750988081807483e-07,3.6035902060597453e-09,1.2492665217950057e-07,7.712128859631147e-09,1.6013232863120206,100.4072549959424,3.68142389615258,20.966461964961297,1.0,0.00035764624051872135,5.0124870015891276e-05,0.0003611952932917429,1.313664722578372,0.00023886048344059238
8970,lbfgs,2954.837,1.4069727986551483e-06,2.66120193249686e-07,3.591422790357408e-09,1.2463745328660044e-07,7.697060845159241e-09,1.6013232863120206,100.4072549959424,3.68142389615258,20.966461964961297,1.0,0.0002090233810896664,5.0780712008012545e-05,0.00036778631674431843,1.3136660791016972,0.00023931976024483395
8980,lbfgs,2958.733,1.401678312310359e-06,2.6536188888180985e-07,3.5778638079662583e-09,1.2423308728577102e-07,7.638389380046333e-09,1.6013232863120206,100.4072549959424,3.68142389615258,20.966461964961297,1.0,0.0004308168576521774,5.029219213053577e-05,0.0003634613127556097,1.3136462251771643,0.00023653599564947913
8990,lbfgs,2962.238,1.3959867899564487e-06,2.6409070220455754e-07,3.558771010642426e-09,1.239628310339825e-07,7.602906124229445e-09,1.6013232863120206,100.4072549959424,3.68142389615258,20.966461964961297,1.0,0.0003206791329205997,5.005141681119821e-05,0.00036302265419208387,1.3136989528076408,0.00023893159681956106
9000,lbfgs,2965.628,1.388974286055382e-06,2.629740001793296e-07,3.5350268789812606e-09,1.2324065686020974e-07,7.59424512068818e-09,1.6013232863120206,100.4072549959424,3.68142389615258,20.966461964961297,1.0,0.0002811603196779697,4.8760243997861006e-05,0.00035275307180651736,1.3137916127318534,0.0002353437098547325
9010,lbfgs,2970.252,1.3828813628175122e-06,2.61801109689669e-07,3.514584289298918e-09,1.226269521632881e-07,7.59887847595436e-09,1.6013232863120206,100.4072549959424,3.68142389615258,20.966461964961297,1.0,0.0002215478767477708,4.8208340065591175e-05,0.0003561118551002083,1.3138507457435287,0.00023411436041815618
9020,lbfgs,2973.798,1.3779416441097372e-06,2.60985253755011e-07,3.502349264635927e-09,1.2205447839258003e-07,7.58470032128027e-09,1.6013232863120206,100.4072549959424,3.68142389615258,20.966461964961297,1.0,0.00022672552089900258,4.884211962269533e-05,0.00036103923382511233,1.313904421204773,0.00023883570838981682
9030,lbfgs,2977.681,1.3731704125160443e-06,2.600765518549893e-07,3.4920977757748003e-09,1.215398538934635e-07,7.565992763621416e-09,1.6013232863120206,100.4072549959424,3.68142389615258,20.966461964961297,1.0,0.0004116944029449602,5.031016450339065e-05,0.00036560927579941394,1.313948491317531,0.00023128391576283545
9040,lbfgs,2981.568,1.3668577922830795e-06,2.5904519265277887e-07,3.481099703390692e-09,1.2080926926998678e-07,7.524631337072746e-09,1.6013232863120206,100.4072549959424,3.68142389615258,20.966461964961297,1.0,0.00023233409740692405,4.7766698584739775e-05,0.00035172747630965006,1.3139128478106732,0.00023090293914832568
9050,lbfgs,2985.107,1.3615608329833885e-06,2.5859679089904845e-07,3.465894993483115e-09,1.20450101404539e-07,7.442118093527343e-09,1.6013232863120206,100.4072549959424,3.68142389615258,20.966461964961297,1.0,0.0002582246704079401,4.627212588425478e-05,0.00034877471134888956,1.3139253814720142,0.0002364189135782581
9060,lbfgs,2989.026,1.3552551232932448e-06,2.5754188075728537e-07,3.4548910990159923e-09,1.200244345820121e-07,7.349373467921812e-09,1.6013232863120206,100.4072549959424,3.68142389615258,20.966461964961297,1.0,0.0003471220614328698,4.772705462933579e-05,0.00034959268379471976,1.3139578957621063,0.00024160821626035455
9070,lbfgs,2992.622,1.349522215402725e-06,2.571146500666255e-07,3.437218055462071e-09,1.196813850461987e-07,7.253441169429101e-09,1.6013232863120206,100.4072549959424,3.68142389615258,20.966461964961297,1.0,0.00042031282227298847,4.7516163390606475e-05,0.00034990320274712273,1.3139441917570869,0.00023941884499347797
9080,lbfgs,2996.324,1.344071198948713e-06,2.561242719667225e-07,3.4214555926334394e-09,1.1947559040898938e-07,7.180714639640195e-09,1.6013232863120206,100.4072549959424,3.68142389615258,20.966461964961297,1.0,0.0005666100298812647,4.7672893782607164e-05,0.0003531648351968564,1.3139621814085247,0.00024208537269186176
9090,lbfgs,3000.179,1.3365665047141914e-06,2.552203495088917e-07,3.398451916708683e-09,1.1853189357652183e-07,7.167677717624299e-09,1.6013232863120206,100.4072549959424,3.68142389615258,20.966461964961297,1.0,0.00025606146004112626,4.869236911042827e-05,0.0003558101020883845,1.3139951998828787,0.00024302815592683338
9100,lbfgs,3003.865,1.3304021438006285e-06,2.545292065538587e-07,3.379917444463623e-09,1.1772143911658338e-07,7.157518840586855e-09,1.6013232863120206,100.4072549959424,3.68142389615258,20.966461964961297,1.0,0.00036784601337407123,4.893266795275552e-05,0.00035777166634000173,1.3139498015622766,0.00023775533883157605
9110,lbfgs,3007.215,1.3238275202889808e-06,2.540446870110746e-07,3.363747642231093e-09,1.1697679737031887e-07,7.0891313504731816e-09,1.6013232863120206,100.4072549959424,3.68142389615258,20.966461964961297,1.0,0.00026739996215311573,4.7159769951084715e-05,0.00034682927353009766,1.313885030275252,0.00024035685637639555
9120,lbfgs,3010.738,1.3178066120713822e-06,2.5258700506179873e-07,3.3450994766121318e-09,1.1619281417807207e-07,7.1402557324616065e-09,1.6013232863120206,100.4072549959424,3.68142389615258,20.966461964961297,1.0,0.0003073555802247313,4.915700828554173e-05,0.0003499571371119327,1.3137858929575394,0.00024004027013866874
9130,lbfgs,3014.127,1.3109530015929958e-06,2.515749497158417e-07,3.331070103663258e-09,1.155166759873048e-07,7.076574002640072e-09,1.6013232863120206,100.4072549959424,3.68142389615258,20.966461964961297,1.0,0.00041733126936477875,4.664250611467001e-05,0.0003462465711488022,1.3137355366047532,0.00023576790454391252
9140,lbfgs,3017.511,1.3050260853447452e-06,2.5077723145690385e-07,3.318949330475351e-09,1.1485637589061223e-07,7.028799928638038e-09,1.6013232863120206,100.4072549959424,3.68142389615258,20.966461964961297,1.0,0.0002908801038063099,4.8004347619914675e-05,0.0003507186523648979,1.3136644766370764,0.00023868794077695275
9150,lbfgs,3020.902,1.2988090243088037e-06,2.4945687200054993e-07,3.3054794577910805e-09,1.1446411340080046e-07,6.966501327689873e-09,1.6013232863120206,100.4072549959424,3.68142389615258,20.966461964961297,1.0,0.00032553081913753686,4.945316596699661e-05,0.000359345889915414,1.3136066966437672,0.00024209176201223274
9160,lbfgs,3023.984,1.2926310787170985e-06,2.4797938979337276e-07,3.2923385086840446e-09,1.141765453410715e-07,6.898110562671824e-09,1.6013232863120206,100.4072549959424,3.68142389615258,20.966461964961297,1.0,0.0006177115113621532,4.8952419160861126e-05,0.00035345449471771336,1.3135650067879003,0.00023826307621905717
9170,lbfgs,3028.402,1.2867744920166596e-06,2.472351512825898e-07,3.2801895759661526e-09,1.1361966098012562e-07,6.831582797244858e-09,1.6013232863120206,100.4072549959424,3.68142389615258,20.966461964961297,1.0,0.00025907862489506494,4.907632598275739e-05,0.00034871635027046086,1.3135321751896833,0.0002373707753281976
9180,lbfgs,3031.560,1.280710802465882e-06,2.464933734855484e-07,3.2677961848902068e-09,1.1306247240167666e-07,6.75621339212756e-09,1.6013232863120206,100.4072549959424,3.68142389615258,20.966461964961297,1.0,0.00029744382017319,4.9356209283451354e-05,0.00034903931332993973,1.3135272404039744,0.00023571462622600317
9190,lbfgs,3035.017,1.2746620914685105e-06,2.450910701520394e-07,3.2543451407521337e-09,1.122390726926277e-07,6.783814413688931e-09,1.6013232863120206,100.4072549959424,3.68142389615258,20.966461964961297,1.0,0.0002482608590547129,4.996273346594161e-05,0.00035579083824640705,1.3135463815754063,0.00023967928691687908
9200,lbfgs,3038.477,1.268438913278598e-06,2.437615892632229e-07,3.2409455083229915e-09,1.114818699225489e-07,6.785662851364626e-09,1.6013232863120206,100.4072549959424,3.68142389615258,20.966461964961297,1.0,0.0002648031829268026,5.196163651922519e-05,0.00035566002476404964,1.3135817638356175,0.00023452129733144496
9210,lbfgs,3041.938,1.2621349750641635e-06,2.421858051387136e-07,3.2268991270832786e-09,1.1090465601789059e-07,6.773964608839957e-09,1.6013232863120206,100.4072549959424,3.68142389615258,20.966461964961297,1.0,0.00024702156387751493,5.159453606055992e-05,0.0003491128354528305,1.3135572545796992,0.00023681110976187585
9220,lbfgs,3045.692,1.2561897348595614e-06,2.4093910665408506e-07,3.212092560464852e-09,1.1017771736207997e-07,6.784170582494937e-09,1.6013232863120206,100.4072549959424,3.68142389615258,20.966461964961297,1.0,0.00022626645375257689,5.206396285824423e-05,0.00035750200575373765,1.313561363757038,0.0002346501973527415
9230,lbfgs,3048.859,1.2502199141953581e-06,2.3935799499287717e-07,3.1979688951571747e-09,1.0973497467318267e-07,6.765573846206068e-09,1.6013232863120206,100.4072549959424,3.68142389615258,20.966461964961297,1.0,0.00022758574313525248,5.1137793003068364e-05,0.0003578749289113902,1.3135425728389978,0.000230515095238914
9240,lbfgs,3052.621,1.2460471045834767e-06,2.389212171748061e-07,3.18635640129967e-09,1.0932535902282627e-07,6.727444397048349e-09,1.6013232863120206,100.4072549959424,3.68142389615258,20.966461964961297,1.0,0.0001985198454263952,5.0323547314391636e-05,0.00034586537786552093,1.313577591535609,0.00023267586469915975
9250,lbfgs,3055.862,1.2405135674012416e-06,2.3843519864553287e-07,3.1728967107058528e-09,1.0862333867945486e-07,6.688363919769569e-09,1.6013232863120206,100.4072549959424,3.68142389615258,20.966461964961297,1.0,0.0003493103385431528,5.0916880312643465e-05,0.0003473695195671431,1.3136286280098894,0.00023001848800895073
9260,lbfgs,3059.061,1.235287612303445e-06,2.3809781258889658e-07,3.1548106431605415e-09,1.0792412698102745e-07,6.6742640731494705e-09,1.6013232863120206,100.4072549959424,3.68142389615258,20.966461964961297,1.0,0.00020150482486498578,5.107983042927884e-05,0.0003583314930567284,1.3137259491304683,0.0002294187731302768
9270,lbfgs,3062.261,1.2294547105277831e-06,2.379117411630336e-07,3.1388201814278966e-09,1.0738460380126222e-07,6.581584183879214e-09,1.6013232863120206,100.4072549959424,3.68142389615258,20.966461964961297,1.0,0.0005446136039790147,5.039299218209456e-05,0.00034631150969117525,1.3137733973967032,0.0002307390201239833
9280,lbfgs,3065.523,1.2229630272370614e-06,2.379896763533413e-07,3.117528909690044e-09,1.0669004827036659e-07,6.489926790763414e-09,1.6013232863120206,100.4072549959424,3.68142389615258,20.966461964961297,1.0,0.0004541955759594628,5.066280996642912e-05,0.00034912380508024255,1.3138188080230733,0.00022703393855665302
9290,lbfgs,3068.776,1.2174053050790274e-06,2.3706533044792756e-07,3.1052711101990665e-09,1.0598680082444492e-07,6.477629933810883e-09,1.6013232863120206,100.4072549959424,3.68142389615258,20.966461964961297,1.0,0.0002309632594705039,4.89203387646458e-05,0.0003438270926122111,1.3138475392111282,0.00022519493559858863
9300,lbfgs,3072.006,1.211380045930807e-06,2.3583315409654346e-07,3.0806714344875117e-09,1.0531215592175887e-07,6.520626855072753e-09,1.6013232863120206,100.4072549959424,3.68142389615258,20.966461964961297,1.0,0.00026790675555978254,5.0017804400898714e-05,0.000343655106787436,1.3138459517762977,0.0002263467029517625
9310,lbfgs,3076.527,1.2062185081056153e-06,2.348041912604137e-07,3.061130232848015e-09,1.0487610585741207e-07,6.523179878462744e-09,1.6013232863120206,100.4072549959424,3.68142389615258,20.966461964961297,1.0,0.00018814630411916712,5.030860672990352e-05,0.0003487123127623142,1.3139081506142352,0.00022551961851915403
9320,lbfgs,3079.814,1.201925780425367e-06,2.3376487942624928e-07,3.0434398391024727e-09,1.0448413391584851e-07,6.551358467230215e-09,1.6013232863120206,100.4072549959424,3.68142389615258,20.966461964961297,1.0,0.0002425890747713818,5.093614634514063e-05,0.00034940923983475613,1.3139259165457695,0.00022656731044657838
9330,lbfgs,3083.890,1.1962660584433364e-06,2.3243183393557627e-07,3.0220058622346377e-09,1.0442789232742927e-07,6.495750168150422e-09,1.6013232863120206,100.4072549959424,3.68142389615258,20.966461964961297,1.0,0.00023419180942438914,5.034461493348752e-05,0.0003503533798729826,1.313967214911273,0.00022924994411065822
9340,lbfgs,3088.811,1.1910627215251216e-06,2.319176977670194e-07,3.0082820036520286e-09,1.0392828850091312e-07,6.440289677613938e-09,1.6013232863120206,100.4072549959424,3.68142389615258,20.966461964961297,1.0,0.00020008874045410874,5.0433904906284e-05,0.00034753047564209236,1.3139616801861171,0.0002261259094957963
9350,lbfgs,3092.523,1.1880662377386173e-06,2.3145692000579204e-07,3.000311416548132e-09,1.0362829985308859e-07,6.4234084565598675e-09,1.6013232863120206,100.4072549959424,3.68142389615258,20.966461964961297,1.0,0.00021222343355139362,5.028290431169813e-05,0.00034116204603508687,1.3139763697505868,0.00022689681029390676
9360,lbfgs,3096.023,1.1831412145145341e-06,2.315946715365661e-07,2.9876126487257884e-09,1.027683671040472e-07,6.389793697477622e-09,1.6013232863120206,100.4072549959424,3.68142389615258,20.966461964961297,1.0,0.00026536223299941365,4.897719838810627e-05,0.000339138118805945,1.3139950334950894,0.0002243430299133659
9370,lbfgs,3099.541,1.1787792822021508e-06,2.307871574662204e-07,2.97421614972618e-09,1.0228224442126566e-07,6.392936246018065e-09,1.6013232863120206,100.4072549959424,3.68142389615258,20.966461964961297,1.0,0.00032190994831086164,5.0300608172846064e-05,0.0003373116512769493,1.3139431544449924,0.00022363886081716366
9380,lbfgs,3102.760,1.174303652749873e-06,2.3075033689458524e-07,2.957534817006848e-09,1.017959430211352e-07,6.347556181804158e-09,1.6013232863120206,100.4072549959424,3.68142389615258,20.966461964961297,1.0,0.00036985763565113353,5.0318398107457904e-05,0.0003373960091353413,1.3139721142826397,0.00022447884513892286
9390,lbfgs,3106.022,1.1698852799045838e-06,2.302125113652261e-07,2.938356888647997e-09,1.0144693101185151e-07,6.331021393641499e-09,1.6013232863120206,100.4072549959424,3.68142389615258,20.966461964961297,1.0,0.0002538799250307185,4.752900651095606e-05,0.00033297649875153065,1.3139835977695828,0.00022200815774009962
9400,lbfgs,3109.287,1.1650954402586346e-06,2.2956605816181186e-07,2.9214194281349048e-09,1.0090667059185331e-07,6.327917029115376e-09,1.6013232863120206,100.4072549959424,3.68142389615258,20.966461964961297,1.0,0.00034280574750861394,4.730970187583016e-05,0.0003374989431898201,1.31397891948371,0.00022766517997446206
9410,lbfgs,3112.624,1.1594355916584727e-06,2.2896078080885689e-07,2.8991555549363947e-09,1.0031928666436772e-07,6.313954718240727e-09,1.6013232863120206,100.4072549959424,3.68142389615258,20.966461964961297,1.0,0.0003749839372999552,4.660208860920574e-05,0.0003428531855959469,1.3139961393339532,0.00022791798624229064
9420,lbfgs,3115.806,1.1542624006016857e-06,2.278508923546514e-07,2.8802384925631768e-09,1.0019218406286633e-07,6.2648967526351935e-09,1.6013232863120206,100.4072549959424,3.68142389615258,20.966461964961297,1.0,0.0002898875399537863,4.573299045976883e-05,0.00033450135196023533,1.3139160524670355,0.00022183880470310585
9430,lbfgs,3118.990,1.1492209186432836e-06,2.2679544141601038e-07,2.865495957936775e-09,9.987631277595804e-08,6.231116601423818e-09,1.6013232863120206,100.4072549959424,3.68142389615258,20.966461964961297,1.0,0.00022700474512075966,4.720773150782872e-05,0.00033753162156042825,1.3138324761416975,0.00022425757759819906
9440,lbfgs,3122.182,1.1433961420131927e-06,2.2606915015534582e-07,2.8462325727928427e-09,9.917125538901262e-08,6.2248231798025285e-09,1.6013232863120206,100.4072549959424,3.68142389615258,20.966461964961297,1.0,0.00032117486927900796,4.90775778249774e-05,0.0003480989415669066,1.3137687453494473,0.00022253946476244105
9450,lbfgs,3125.968,1.137336359320742e-06,2.2577791833227678e-07,2.825055520519247e-09,9.827363098852467e-08,6.2170698074260365e-09,1.6013232863120206,100.4072549959424,3.68142389615258,20.966461964961297,1.0,0.00018498945764797378,4.805780026622533e-05,0.00034130003567100885,1.3137300161609524,0.00022440340641386762
9460,lbfgs,3129.562,1.1316113743230307e-06,2.2520251257622456e-07,2.8053600110823883e-09,9.733696029354715e-08,6.2467495672820794e-09,1.6013232863120206,100.4072549959424,3.68142389615258,20.966461964961297,1.0,0.00032030677232377407,4.920796780427926e-05,0.0003425685381610452,1.3136834496253118,0.00022520477724311436
9470,lbfgs,3132.846,1.1268680324060088e-06,2.2465257213242812e-07,2.7919378423265146e-09,9.661660043994234e-08,6.253280169426698e-09,1.6013232863120206,100.4072549959424,3.68142389615258,20.966461964961297,1.0,0.0002646665337970439,4.911247827825201e-05,0.0003419768591704358,1.313682784027113,0.00022166405677425795
9480,lbfgs,3136.053,1.1222155240454895e-06,2.238956716130862e-07,2.7731482863802516e-09,9.632212083553911e-08,6.230875151998204e-09,1.6013232863120206,100.4072549959424,3.68142389615258,20.966461964961297,1.0,0.00025669232686488145,4.88718016162791e-05,0.00033838236911980284,1.3136515210465325,0.00021710663637796986
9490,lbfgs,3139.249,1.1168405392457834e-06,2.2314239095346741e-07,2.756206915506965e-09,9.59532812703307e-08,6.177940727214222e-09,1.6013232863120206,100.4072549959424,3.68142389615258,20.966461964961297,1.0,0.00020488241532626072,4.9383034529122615e-05,0.0003399122496685816,1.3136493702384249,0.00021819746136700964
9500,lbfgs,3143.289,1.1123211754703017e-06,2.2106444125825996e-07,2.7418395304338338e-09,9.603542530992591e-08,6.175474318028118e-09,1.6013232863120206,100.4072549959424,3.68142389615258,20.966461964961297,1.0,0.00023222566749108985,4.888971798229008e-05,0.0003432770024247205,1.313567507820785,0.00021359616596653322
9510,lbfgs,3146.508,1.1078660614034291e-06,2.196370256163654e-07,2.7271313904448934e-09,9.607619827938946e-08,6.13528352268154e-09,1.6013232863120206,100.4072549959424,3.68142389615258,20.966461964961297,1.0,0.0003159449632782971,4.7445798782676584e-05,0.00034849550061096494,1.313551367986253,0.00021232827540711114
9520,lbfgs,3149.715,1.1033808625170786e-06,2.1882787447432048e-07,2.7156952389601863e-09,9.565459044727601e-08,6.1119559533939556e-09,1.6013232863120206,100.4072549959424,3.68142389615258,20.966461964961297,1.0,0.0004990636371315206,4.6730645594799e-05,0.000342419755669382,1.313490655444364,0.00021491516122242702
9530,lbfgs,3153.218,1.0994620113311223e-06,2.1759794602095303e-07,2.7013458341486526e-09,9.557524898843247e-08,6.101631644841129e-09,1.6013232863120206,100.4072549959424,3.68142389615258,20.966461964961297,1.0,0.00019065121645073135,4.6322475567896845e-05,0.0003329762191246221,1.313472200229813,0.00021351400778673305
9540,lbfgs,3156.413,1.0956108595555995e-06,2.1707335097089238e-07,2.6884883200508886e-09,9.540204527133975e-08,6.050002452078413e-09,1.6013232863120206,100.4072549959424,3.68142389615258,20.966461964961297,1.0,0.0002166591326237643,4.474696271977089e-05,0.0003283549787877947,1.3134555549822489,0.00021277144490874453
9550,lbfgs,3159.612,1.0917826445996638e-06,2.1623211495260008e-07,2.6821723588895524e-09,9.492379676635069e-08,6.045885384865675e-09,1.6013232863120206,100.4072549959424,3.68142389615258,20.966461964961297,1.0,0.0006325698589193996,4.560940577724676e-05,0.0003418063334289675,1.3133634896632271,0.0002151119289953286
9560,lbfgs,3163.113,1.0875573091944684e-06,2.1563039207344207e-07,2.6664000244903536e-09,9.470524608712094e-08,6.004221319015446e-09,1.6013232863120206,100.4072549959424,3.68142389615258,20.966461964961297,1.0,0.0003536484717711961,4.6150021044547354e-05,0.00034370711242054456,1.3133496724796927,0.00021541594868719236
9570,lbfgs,3166.311,1.083156602654347e-06,2.145796775556345e-07,2.6548357246239585e-09,9.442425802154239e-08,5.979295934290339e-09,1.6013232863120206,100.4072549959424,3.68142389615258,20.966461964961297,1.0,0.00025219628162442235,4.621884920588428e-05,0.00033595784893455667,1.3133115315902284,0.00021129031155132805
9580,lbfgs,3169.513,1.0794201359464353e-06,2.1345741980329507e-07,2.644318326501093e-09,9.439129666407113e-08,5.942952108953527e-09,1.6013232863120206,100.4072549959424,3.68142389615258,20.966461964961297,1.0,0.00022653062254924825,4.54922793670406e-05,0.00033581140757396523,1.3132491131235147,0.0002132702291074135
9590,lbfgs,3172.917,1.0754088494204647e-06,2.1209176439885962e-07,2.636731431221084e-09,9.43143341369849e-08,5.905782284510014e-09,1.6013232863120206,100.4072549959424,3.68142389615258,20.966461964961297,1.0,0.00030326047196531445,4.736790334843886e-05,0.0003473433014140325,1.313171646214809,0.00021742304384669248
9600,lbfgs,3177.521,1.0707695237798836e-06,2.1133412612467167e-07,2.6278244139206476e-09,9.396172945368559e-08,5.846941390550268e-09,1.6013232863120206,100.4072549959424,3.68142389615258,20.966461964961297,1.0,0.0002386352819029111,4.4375725733142914e-05,0.0003339721141087908,1.31310949788962,0.00021333139492538174
9610,lbfgs,3181.122,1.0659960850880166e-06,2.1014074544254145e-07,2.614889934286522e-09,9.38972845722538e-08,5.783674354986398e-09,1.6013232863120206,100.4072549959424,3.68142389615258,20.966461964961297,1.0,0.0004683485864641989,4.438647772462998e-05,0.0003374510263908607,1.3131118665499912,0.0002160419581061285
9620,lbfgs,3184.661,1.0614654212331595e-06,2.0914790366852057e-07,2.6021329163613245e-09,9.345982164009469e-08,5.781317278306415e-09,1.6013232863120206,100.4072549959424,3.68142389615258,20.966461964961297,1.0,0.00022026661112714216,4.555692581522108e-05,0.0003438401268388567,1.3130727660266823,0.00021908938340315604
9630,lbfgs,3187.944,1.0573103253742608e-06,2.0842784412348119e-07,2.590966480478049e-09,9.324860923905516e-08,5.72869542020459e-09,1.6013232863120206,100.4072549959424,3.68142389615258,20.966461964961297,1.0,0.0002485226435919977,4.442427932323502e-05,0.0003388701002192275,1.3130491319400721,0.00021282744013410246
9640,lbfgs,3191.212,1.0528626646791635e-06,2.083610582780508e-07,2.574506336667625e-09,9.27993691031049e-08,5.679371230987514e-09,1.6013232863120206,100.4072549959424,3.68142389615258,20.966461964961297,1.0,0.00023801925442723217,4.7113395148601565e-05,0.000350367942144341,1.3130130742657595,0.00021117332301971958
9650,lbfgs,3194.799,1.048261622362151e-06,2.0790478997397937e-07,2.563208839455879e-09,9.230708119301698e-08,5.6353133399088865e-09,1.6013232863120206,100.4072549959424,3.68142389615258,20.966461964961297,1.0,0.00026205948096520075,4.766867160350599e-05,0.000343912280313811,1.3129827191720136,0.00021317473137394746
9660,lbfgs,3198.054,1.0438905528773117e-06,2.0710247642392967e-07,2.5540707933692175e-09,9.204383017687758e-08,5.578096179897073e-09,1.6013232863120206,100.4072549959424,3.68142389615258,20.966461964961297,1.0,0.00028127095426565296,4.858106213789888e-05,0.0003506850484038155,1.3129778766180482,0.00020957119866768127
9670,lbfgs,3203.531,1.0391626884938608e-06,2.06099857985828e-07,2.541294470459556e-09,9.200644919780739e-08,5.4969238107979976e-09,1.6013232863120206,100.4072549959424,3.68142389615258,20.966461964961297,1.0,0.0005598926297208318,4.8920113412178756e-05,0.00034688526956919586,1.312947094596217,0.00020567772369187184
9680,lbfgs,3206.803,1.0333736412603893e-06,2.0547910360664858e-07,2.5210171518452348e-09,9.15486534873682e-08,5.445713987028183e-09,1.6013232863120206,100.4072549959424,3.68142389615258,20.966461964961297,1.0,0.00031778770403269747,4.905431349463204e-05,0.0003422924479465825,1.3129210618898766,0.00021371293406804298
9690,lbfgs,3210.077,1.02962782095532e-06,2.0523578339471686e-07,2.5095300568650678e-09,9.11964946609116e-08,5.40248531108883e-09,1.6013232863120206,100.4072549959424,3.68142389615258,20.966461964961297,1.0,0.00022031307500690444,4.906238888503213e-05,0.00035093767371799004,1.3129121560668287,0.00020916132778856078
9700,lbfgs,3213.670,1.0257779370978182e-06,2.0482726796667e-07,2.4971891214846795e-09,9.073603920989987e-08,5.390014564040804e-09,1.6013232863120206,100.4072549959424,3.68142389615258,20.966461964961297,1.0,0.00032500678596047723,4.81880066272768e-05,0.00035450202641883324,1.3128495956761856,0.00020872567410445435
9710,lbfgs,3217.272,1.0218616848339948e-06,2.0389030764151966e-07,2.4874768478162705e-09,9.032570468134959e-08,5.393349518738598e-09,1.6013232863120206,100.4072549959424,3.68142389615258,20.966461964961297,1.0,0.00045291516930260554,4.746706004883208e-05,0.0003516714566572665,1.312791426815931,0.00021064837608942473
9720,lbfgs,3220.867,1.0174222020363162e-06,2.0305842449780578e-07,2.478974565305123e-09,9.007775156868785e-08,5.329397022214513e-09,1.6013232863120206,100.4072549959424,3.68142389615258,20.966461964961297,1.0,0.00018710613236988763,4.507096163815575e-05,0.00034802569812601995,1.3127225721419153,0.00020611837815567546
9730,lbfgs,3224.150,1.0138981515626418e-06,2.0227564883405248e-07,2.471677370367627e-09,8.971171122828152e-08,5.3203190668258485e-09,1.6013232863120206,100.4072549959424,3.68142389615258,20.966461964961297,1.0,0.0002564636309885102,4.519626661578028e-05,0.0003475754824619331,1.3126897911924102,0.00020718256599334714
9740,lbfgs,3227.425,1.0103648029317533e-06,2.0158832796008023e-07,2.464219923110989e-09,8.94239624316019e-08,5.29052774548749e-09,1.6013232863120206,100.4072549959424,3.68142389615258,20.966461964961297,1.0,0.0002496478394636551,4.394153729280393e-05,0.0003379286264296464,1.312643433601211,0.00020840832969045995
9750,lbfgs,3230.739,1.006223966274806e-06,2.007500678395671e-07,2.4528865399639077e-09,8.925328897896051e-08,5.241295023767461e-09,1.6013232863120206,100.4072549959424,3.68142389615258,20.966461964961297,1.0,0.00015487028207387049,4.488803784197514e-05,0.0003409819152882844,1.3125358451794245,0.00020834896107818906
9760,lbfgs,3234.073,1.0020710228973838e-06,1.9929151291414137e-07,2.444430203566174e-09,8.90869474956888e-08,5.2243215174548105e-09,1.6013232863120206,100.4072549959424,3.68142389615258,20.966461964961297,1.0,0.00020499013383818272,4.417309043440442e-05,0.00034506625958239626,1.3124490549366192,0.00020796428099788025
9770,lbfgs,3237.409,9.982778109823672e-07,1.9758209473823773e-07,2.4338891402888776e-09,8.912039471343509e-08,5.218568761345665e-09,1.6013232863120206,100.4072549959424,3.68142389615258,20.966461964961297,1.0,0.000249865327575275,4.477197749369705e-05,0.000340459783096906,1.3123349568836915,0.0002076577384145849
9780,lbfgs,3240.729,9.934092101413116e-07,1.9564499976190526e-07,2.4234304606730055e-09,8.894235338152987e-08,5.215653981404817e-09,1.6013232863120206,100.4072549959424,3.68142389615258,20.966461964961297,1.0,0.00032975960832824634,4.487023008464488e-05,0.00034484915938940385,1.312285960627777,0.00020701372276455562
9790,lbfgs,3244.349,9.8824970773854e-07,1.9455026093923221e-07,2.413654119652065e-09,8.83279212807757e-08,5.207885810991949e-09,1.6013232863120206,100.4072549959424,3.68142389615258,20.966461964961297,1.0,0.0001884865052883134,4.5385253003649206e-05,0.00033650264515105966,1.3122086835965145,0.00020520374041949765
9800,lbfgs,3247.682,9.833275045694617e-07,1.9245059544375772e-07,2.401748638401805e-09,8.840251913013572e-08,5.177399526168658e-09,1.6013232863120206,100.4072549959424,3.68142389615258,20.966461964961297,1.0,0.00022003987865594165,4.6046198146092435e-05,0.0003341858766115048,1.3121441559637437,0.00020408388950241785
9810,lbfgs,3251.005,9.781489160287921e-07,1.8995343618783662e-07,2.3860890958862283e-09,8.871063022704418e-08,5.1420199207721715e-09,1.6013232863120206,100.4072549959424,3.68142389615258,20.966461964961297,1.0,0.0002500888286165957,4.6627543163132255e-05,0.0003383178827602142,1.3121585727250187,0.00020901833058218624
9820,lbfgs,3254.289,9.737500217773263e-07,1.8785926050810958e-07,2.378832671694914e-09,8.88158362604996e-08,5.108435220477309e-09,1.6013232863120206,100.4072549959424,3.68142389615258,20.966461964961297,1.0,0.0005738839248546367,4.575862766928887e-05,0.00033983189189314356,1.3120738472720388,0.00020658013011034079
9830,lbfgs,3258.246,9.691321576757608e-07,1.8646541252865683e-07,2.3651118943305034e-09,8.872947568947005e-08,5.075512764881422e-09,1.6013232863120206,100.4072549959424,3.68142389615258,20.966461964961297,1.0,0.00017622471231045929,4.5667655549282564e-05,0.00034115112779314346,1.312037360701546,0.0002049713351757043
9840,lbfgs,3261.548,9.65171262883377e-07,1.847199627720985e-07,2.3524521444266543e-09,8.862742340738387e-08,5.098452400352297e-09,1.6013232863120206,100.4072549959424,3.68142389615258,20.966461964961297,1.0,0.00020270351488014087,4.5665894412539926e-05,0.00033302563265537544,1.3120447623624123,0.00020582295240142626
9850,lbfgs,3265.120,9.611608655463915e-07,1.8347805637162267e-07,2.3433531182465153e-09,8.813088156295509e-08,5.132787499718281e-09,1.6013232863120206,100.4072549959424,3.68142389615258,20.966461964961297,1.0,0.0004128809138694221,4.489680905399511e-05,0.00032870493843080114,1.3119714893454348,0.00020473167185390223
9860,lbfgs,3268.523,9.571437431519468e-07,1.8246698371994942e-07,2.3354593820551826e-09,8.777881605959421e-08,5.1180316732957594e-09,1.6013232863120206,100.4072549959424,3.68142389615258,20.966461964961297,1.0,0.0006250352569088358,4.4094280887582855e-05,0.00032762891102808864,1.3118934164872955,0.00020243716935365732
9870,lbfgs,3271.926,9.51309750449949e-07,1.8171638969667032e-07,2.3163605357701867e-09,8.701259036006139e-08,5.1231071750850255e-09,1.6013232863120206,100.4072549959424,3.68142389615258,20.966461964961297,1.0,0.0003779143606794554,4.432583919486814e-05,0.00032745357654636437,1.3118536572094897,0.00020489083292744758
9880,lbfgs,3275.300,9.466732292155434e-07,1.8129212917977565e-07,2.305519280394435e-09,8.619380198949503e-08,5.130056596369751e-09,1.6013232863120206,100.4072549959424,3.68142389615258,20.966461964961297,1.0,0.00022820774028357188,4.218362848781608e-05,0.00032066710321883133,1.3118312550363198,0.00020676442462627835
9890,lbfgs,3278.906,9.425089961342482e-07,1.807085832873057e-07,2.2944287981529664e-09,8.561949021072458e-08,5.129964188294417e-09,1.6013232863120206,100.4072549959424,3.68142389615258,20.966461964961297,1.0,0.00025453730121716736,4.199082520830314e-05,0.00032486133812039737,1.3117377623858133,0.00020376389741606204
9900,lbfgs,3282.380,9.383186243477462e-07,1.7942932602241917e-07,2.2843761041920967e-09,8.533537019511306e-08,5.125836752848832e-09,1.6013232863120206,100.4072549959424,3.68142389615258,20.966461964961297,1.0,0.000288977467505843,4.2046246076607953e-05,0.0003219911569859025,1.3116999895485357,0.00020705386250813375
9910,lbfgs,3285.749,9.344095144291001e-07,1.7899409538626044e-07,2.2729171175746966e-09,8.505015769431002e-08,5.077587722539707e-09,1.6013232863120206,100.4072549959424,3.68142389615258,20.966461964961297,1.0,0.00020385829229451947,4.315087641025327e-05,0.00031977380901082386,1.3116999877270754,0.00020413826030241857
9920,lbfgs,3289.019,9.304939203743392e-07,1.7887113436439429e-07,2.2635943821566692e-09,8.453261140226754e-08,5.0357439365286886e-09,1.6013232863120206,100.4072549959424,3.68142389615258,20.966461964961297,1.0,0.000293805663877412,4.399925519916313e-05,0.00032248781706133964,1.3116262755930954,0.0002026830838083345
9930,lbfgs,3293.826,9.256973990076765e-07,1.7795076427438507e-07,2.252874647502509e-09,8.403224322162114e-08,5.016460530383847e-09,1.6013232863120206,100.4072549959424,3.68142389615258,20.966461964961297,1.0,0.00019679201930519605,4.4078919978127363e-05,0.0003203185947842813,1.311543041765687,0.00019859843995887377
9940,lbfgs,3297.087,9.216912234623651e-07,1.778348441251849e-07,2.2418532818366352e-09,8.347399693963114e-08,4.9850397004473474e-09,1.6013232863120206,100.4072549959424,3.68142389615258,20.966461964961297,1.0,0.0003999336679710257,4.4840042440750415e-05,0.0003239296308538812,1.3114698240289193,0.00019778367562798313
9950,lbfgs,3300.664,9.174409615581451e-07,1.7752888316295813e-07,2.2323929848550775e-09,8.288225658410622e-08,4.954896801027874e-09,1.6013232863120206,100.4072549959424,3.68142389615258,20.966461964961297,1.0,0.00019399068446079195,4.3183727954255614e-05,0.0003218516195844192,1.311443229320163,0.0001968121873826089
9960,lbfgs,3303.904,9.133771330716956e-07,1.7710613167567273e-07,2.220645329083617e-09,8.225780683515633e-08,4.959263174858467e-09,1.6013232863120206,100.4072549959424,3.68142389615258,20.966461964961297,1.0,0.0001987331333776012,4.4324424866929654e-05,0.0003195526965223543,1.311426920822574,0.00019823412599014652
9970,lbfgs,3307.140,9.086666093553614e-07,1.7626518925336597e-07,2.211028919757731e-09,8.175152735027205e-08,4.933769299123704e-09,1.6013232863120206,100.4072549959424,3.68142389615258,20.966461964961297,1.0,0.00025735343684393005,4.297646499991074e-05,0.0003130700237300937,1.3113611186951641,0.00019761416444273217
9980,lbfgs,3310.411,9.043166793384659e-07,1.752419571675737e-07,2.199939620449627e-09,8.1384995551197e-08,4.921912285581773e-09,1.6013232863120206,100.4072549959424,3.68142389615258,20.966461964961297,1.0,0.00019767277303886385,4.305253411661788e-05,0.0003155069876415838,1.3112912741504035,0.00019753032510131868
9990,lbfgs,3313.687,8.993250298359773e-07,1.7427006306943907e-07,2.1852628903295577e-09,8.107603534353376e-08,4.882598586514674e-09,1.6013232863120206,100.4072549959424,3.68142389615258,20.966461964961297,1.0,0.0002218884873255606,4.226973106115708e-05,0.00031844388951857947,1.3112277797913383,0.00019896555202414688
10000,lbfgs,3317.500,8.94497311494888e-07,1.7305245591824893e-07,2.1734032225341053e-09,8.085109260064009e-08,4.841626991961237e-09,1.6013232863120206,100.4072549959424,3.68142389615258,20.966461964961297,1.0,0.0003258495063587131,4.161896378669022e-05,0.00032198535264329955,1.3112148968991784,0.00019762165845545207
10010,lbfgs,3320.773,8.898594729410308e-07,1.719484326063519e-07,2.1592891488213024e-09,8.0737817982095e-08,4.7922255702161775e-09,1.6013232863120206,100.4072549959424,3.68142389615258,20.966461964961297,1.0,0.00029204616100049995,4.055123322127094e-05,0.0003149545160682165,1.3111637187500724,0.0001972986948302795
10020,lbfgs,3324.244,8.854478814508752e-07,1.7080973415473216e-07,2.148363243696633e-09,8.033947671666154e-08,4.791049217800297e-09,1.6013232863120206,100.4072549959424,3.68142389615258,20.966461964961297,1.0,0.00021623195374852641,3.9741054345501336e-05,0.0003103501024031733,1.3110493428766163,0.00019819579898194324
10030,lbfgs,3327.742,8.802057292737775e-07,1.692840815726683e-07,2.136345305274014e-09,8.002550959901225e-08,4.7702276354989776e-09,1.6013232863120206,100.4072549959424,3.68142389615258,20.966461964961297,1.0,0.0002643870517737575,4.003068479523611e-05,0.0003140015975155318,1.3109477880410203,0.00019762174270071992
10040,lbfgs,3331.544,8.755560592516287e-07,1.6812862305804674e-07,2.1261600065124985e-09,7.967709911292443e-08,4.746662247212084e-09,1.6013232863120206,100.4072549959424,3.68142389615258,20.966461964961297,1.0,0.0003249917700442348,4.0239811032000705e-05,0.00031206972605685114,1.310878977044162,0.00019544783613321433
10050,lbfgs,3334.728,8.708929529208453e-07,1.6766875027039408e-07,2.1150556176459543e-09,7.914657081402238e-08,4.705709197195891e-09,1.6013232863120206,100.4072549959424,3.68142389615258,20.966461964961297,1.0,0.00020924491686984643,4.074061761196401e-05,0.00030936617376749057,1.310777242724481,0.00019524548837397215
10060,lbfgs,3337.965,8.663124141828779e-07,1.6723951755540268e-07,2.1040391465975144e-09,7.866596083793724e-08,4.657168068535261e-09,1.6013232863120206,100.4072549959424,3.68142389615258,20.966461964961297,1.0,0.0002150403138253074,3.944491764514288e-05,0.0003046840368420961,1.3106552998795817,0.0001952765910288496
10070,lbfgs,3341.364,8.623279742605568e-07,1.6653146573430315e-07,2.0949660910896103e-09,7.82215916044094e-08,4.642682651740213e-09,1.6013232863120206,100.4072549959424,3.68142389615258,20.966461964961297,1.0,0.00027522664755512784,3.9945001557296357e-05,0.00031025016537960013,1.3105943931910586,0.00019392091851762758
10080,lbfgs,3344.783,8.582213028753316e-07,1.6502214248134894e-07,2.0889491215622374e-09,7.798355211732381e-08,4.632700745187518e-09,1.6013232863120206,100.4072549959424,3.68142389615258,20.966461964961297,1.0,0.0002963177298901016,3.800295939315848e-05,0.00030649380740333947,1.3105251628401888,0.0001922412314964185
10090,lbfgs,3348.958,8.546962888989304e-07,1.641090222240427e-07,2.0818229941947272e-09,7.774399216529994e-08,4.610504505007068e-09,1.6013232863120206,100.4072549959424,3.68142389615258,20.966461964961297,1.0,0.00021827089484776821,3.832906569207176e-05,0.00030745518331904087,1.3104609445586377,0.00019033597674562915
10100,lbfgs,3352.343,8.506218790297309e-07,1.6309197147008528e-07,2.0713181822646208e-09,7.738218091319316e-08,4.607688441234767e-09,1.6013232863120206,100.4072549959424,3.68142389615258,20.966461964961297,1.0,0.00022783559765549615,3.932976169988108e-05,0.00031292928893445724,1.310385966429389,0.00019460582367214607
10110,lbfgs,3355.597,8.469514064047629e-07,1.6219800964617945e-07,2.058358828881691e-09,7.699539374967148e-08,4.6308773735284e-09,1.6013232863120206,100.4072549959424,3.68142389615258,20.966461964961297,1.0,0.000349473567948502,3.941858775511144e-05,0.00030920346026506714,1.31029719348073,0.00019100885249964965
10120,lbfgs,3359.550,8.432798714477295e-07,1.6182660292914974e-07,2.049570958405675e-09,7.643626221640704e-08,4.624389555355761e-09,1.6013232863120206,100.4072549959424,3.68142389615258,20.966461964961297,1.0,0.00038976727962687413,3.763186948302003e-05,0.00030618734007039543,1.310245329521297,0.000188515805379428
10130,lbfgs,3364.182,8.389261795733156e-07,1.6139208226514858e-07,2.0396856616832403e-09,7.589897691939274e-08,4.591606085368612e-09,1.6013232863120206,100.4072549959424,3.68142389615258,20.966461964961297,1.0,0.0002592714678345167,3.7546435057107645e-05,0.0003066658623277289,1.3100899807460902,0.00018985940241836058
10140,lbfgs,3367.795,8.354926675642103e-07,1.6074617762013094e-07,2.031730609189189e-09,7.574515286102563e-08,4.5422809625377995e-09,1.6013232863120206,100.4072549959424,3.68142389615258,20.966461964961297,1.0,0.00021203269591309358,3.841552773015013e-05,0.00031067105693257134,1.310047971699401,0.00018879442736012726
10150,lbfgs,3371.061,8.315043596678993e-07,1.5983591035882766e-07,2.022015736114233e-09,7.540379065235572e-08,4.528042365478052e-09,1.6013232863120206,100.4072549959424,3.68142389615258,20.966461964961297,1.0,0.0002050117403024915,3.867733976263751e-05,0.0003144075992690933,1.3100495674393524,0.00018769644763229153
10160,lbfgs,3375.354,8.275897899973025e-07,1.590636835132178e-07,2.013133551551785e-09,7.491159603038628e-08,4.529274236300872e-09,1.6013232863120206,100.4072549959424,3.68142389615258,20.966461964961297,1.0,0.00027427599065301024,3.6707182582567025e-05,0.00030170095531952354,1.3099618052823756,0.000184057654649757
10170,lbfgs,3379.210,8.239003787011631e-07,1.5820715612968743e-07,1.9979141005686605e-09,7.468997838433404e-08,4.530522789455053e-09,1.6013232863120206,100.4072549959424,3.68142389615258,20.966461964961297,1.0,0.00016195283286728147,3.743117258353104e-05,0.0003016602697617178,1.309862661239808,0.0001873117908386371
10180,lbfgs,3382.533,8.208349195852455e-07,1.5788399059881585e-07,1.989184640650116e-09,7.439540878387008e-08,4.5025242672087056e-09,1.6013232863120206,100.4072549959424,3.68142389615258,20.966461964961297,1.0,0.00021464885381126448,3.683640529049348e-05,0.00030475893853836543,1.3097686262246486,0.00018524384243366802
10190,lbfgs,3385.615,8.167834643004101e-07,1.57360550429582e-07,1.9795267467230838e-09,7.387847384213383e-08,4.486285042493543e-09,1.6013232863120206,100.4072549959424,3.68142389615258,20.966461964961297,1.0,0.000290409543135938,3.7138849557717994e-05,0.00030577034569010986,1.3096190511076142,0.0001825093580795704
10200,lbfgs,3389.033,8.136748971223529e-07,1.56946233994853e-07,1.969906619348553e-09,7.357775564601458e-08,4.468537132128099e-09,1.6013232863120206,100.4072549959424,3.68142389615258,20.966461964961297,1.0,0.00031902135255505916,3.7223204500938027e-05,0.0003108613822818132,1.3095560612698944,0.00018526051246131183
10210,lbfgs,3392.683,8.104615736281713e-07,1.564777743442568e-07,1.9661694328144694e-09,7.326314704010699e-08,4.424193939293783e-09,1.6013232863120206,100.4072549959424,3.68142389615258,20.966461964961297,1.0,0.00029029393098580094,3.716531928028427e-05,0.00030998515316821865,1.3094685759591906,0.00018250089103084583
10220,lbfgs,3395.755,8.069345875548115e-07,1.5583281400988729e-07,1.957731068455586e-09,7.296715272319274e-08,4.397616135238282e-09,1.6013232863120206,100.4072549959424,3.68142389615258,20.966461964961297,1.0,0.0003112028132521883,3.6787306030247596e-05,0.0002995633641789732,1.3094261294535767,0.0001818790131707196
10230,lbfgs,3398.821,8.0318838934882e-07,1.5463866657621022e-07,1.950516810872217e-09,7.281110091511737e-08,4.372093209244251e-09,1.6013232863120206,100.4072549959424,3.68142389615258,20.966461964961297,1.0,0.0001903017104640369,3.8300167923647477e-05,0.00030484494708295944,1.3093608779731905,0.00018477129481525418
10240,lbfgs,3403.057,7.999625659726605e-07,1.5440557227610193e-07,1.943564452447895e-09,7.255054152460169e-08,4.315084675532576e-09,1.6013232863120206,100.4072549959424,3.68142389615258,20.966461964961297,1.0,0.00017863474670566228,3.781846290010987e-05,0.0003072134848371502,1.3093201920264306,0.0001848078098280491
10250,lbfgs,3406.572,7.966104891127819e-07,1.5359102708032605e-07,1.937024846319949e-09,7.232822741839121e-08,4.287771039690275e-09,1.6013232863120206,100.4072549959424,3.68142389615258,20.966461964961297,1.0,0.0002047764412320398,3.85767132682594e-05,0.0003143215707825099,1.309277419693993,0.0001822228880082992
10260,lbfgs,3410.079,7.932986921910033e-07,1.5288641355530024e-07,1.9292137943922264e-09,7.209084168012439e-08,4.262717739566129e-09,1.6013232863120206,100.4072549959424,3.68142389615258,20.966461964961297,1.0,0.0003553982639249096,3.7777111409503294e-05,0.00030790042990232864,1.3092578738705618,0.00018232762186900578
10270,lbfgs,3414.144,7.896515237109747e-07,1.518760890589535e-07,1.9192737338098434e-09,7.189761731872348e-08,4.247459211022732e-09,1.6013232863120206,100.4072549959424,3.68142389615258,20.966461964961297,1.0,0.0002608570654900743,3.694917400296105e-05,0.00030659008971697433,1.309245741091639,0.00018177559569155908
10280,lbfgs,3417.870,7.853080510330881e-07,1.5167406631984196e-07,1.904081490352454e-09,7.152990062029926e-08,4.19304676604706e-09,1.6013232863120206,100.4072549959424,3.68142389615258,20.966461964961297,1.0,0.00027002475285241176,3.6481845476576545e-05,0.00030976156655878494,1.309307957647922,0.00018375368571767195
10290,lbfgs,3421.023,7.823949296080095e-07,1.5131129098314997e-07,1.8953601724955846e-09,7.14747676940983e-08,4.1332584443506e-09,1.6013232863120206,100.4072549959424,3.68142389615258,20.966461964961297,1.0,0.0001591930406364868,3.610361571041524e-05,0.00030736172150798224,1.3093142578649213,0.00018154414944569517
10300,lbfgs,3424.526,7.789409010865149e-07,1.507331374891854e-07,1.8821794768674943e-09,7.134214798320958e-08,4.099082385937699e-09,1.6013232863120206,100.4072549959424,3.68142389615258,20.966461964961297,1.0,0.0003420073262630944,3.6373214597024374e-05,0.00030732158995052435,1.30932907358718,0.00018425553926863312
10310,lbfgs,3428.655,7.75801774238564e-07,1.50121481921548e-07,1.873308905107805e-09,7.12244241718497e-08,4.059227901534667e-09,1.6013232863120206,100.4072549959424,3.68142389615258,20.966461964961297,1.0,0.00030009711309253266,3.664459192060317e-05,0.0003129085347431055,1.3093015188135557,0.0001809885922897157
10320,lbfgs,3432.272,7.724191875477628e-07,1.501436853519887e-07,1.866930526280192e-09,7.060315005957413e-08,4.035831837409753e-09,1.6013232863120206,100.4072549959424,3.68142389615258,20.966461964961297,1.0,0.00019369530963732294,3.571407216639169e-05,0.00030729397183849085,1.3092571503276929,0.00017668546606781728
10330,lbfgs,3435.766,7.696504990999e-07,1.4985715465074687e-07,1.8623604472601089e-09,7.021720910418891e-08,4.015314364349223e-09,1.6013232863120206,100.4072549959424,3.68142389615258,20.966461964961297,1.0,0.00022760891332742136,3.6776204344193633e-05,0.00030944445718272833,1.3092447615419123,0.00017748251942159638
10340,lbfgs,3439.003,7.664592853703954e-07,1.4946370649346725e-07,1.8572594437157384e-09,6.997955008786392e-08,3.959316614714187e-09,1.6013232863120206,100.4072549959424,3.68142389615258,20.966461964961297,1.0,0.0005160879952785799,3.607647830135529e-05,0.0003039065163647741,1.3092084384570757,0.00017581034284734094
10350,lbfgs,3442.766,7.630592678626583e-07,1.4887226826333048e-07,1.8510932106776523e-09,6.96382134457398e-08,3.931787206347584e-09,1.6013232863120206,100.4072549959424,3.68142389615258,20.966461964961297,1.0,0.0001871895520493065,3.680487240804577e-05,0.00030726427563271453,1.3091724525040567,0.0001761881755224844
10360,lbfgs,3446.063,7.602054579603712e-07,1.4853124928960784e-07,1.8461960227880035e-09,6.926842137596906e-08,3.91010239734691e-09,1.6013232863120206,100.4072549959424,3.68142389615258,20.966461964961297,1.0,0.00023370924434308496,3.558401308182656e-05,0.00030394878228973956,1.3091274777110657,0.00017741248850082207
10370,lbfgs,3449.350,7.576470099086433e-07,1.485129957767565e-07,1.844303645571465e-09,6.868777323395009e-08,3.9004871399007906e-09,1.6013232863120206,100.4072549959424,3.68142389615258,20.966461964961297,1.0,0.00019093351115506569,3.669983607789204e-05,0.00030891099435952026,1.3090809594711905,0.0001756400354322386
10380,lbfgs,3452.587,7.544958763661024e-07,1.4848454373073702e-07,1.8403799435023244e-09,6.787587660191946e-08,3.913714512182507e-09,1.6013232863120206,100.4072549959424,3.68142389615258,20.966461964961297,1.0,0.00017252530260473004,3.549293639189547e-05,0.0003047600860623138,1.3090178752222255,0.0001757080890226681
10390,lbfgs,3456.140,7.515450588917047e-07,1.47998290654517e-07,1.8342988020549522e-09,6.73567247276996e-08,3.930390655999082e-09,1.6013232863120206,100.4072549959424,3.68142389615258,20.966461964961297,1.0,0.00017623585197475993,3.4858920878699105e-05,0.00029771646779935015,1.3089082779826104,0.00017405919667522982
10400,lbfgs,3460.004,7.478706226717726e-07,1.4757821906578368e-07,1.8255326835588262e-09,6.6836512992061e-08,3.92054331058066e-09,1.6013232863120206,100.4072549959424,3.68142389615258,20.966461964961297,1.0,0.0001592663485259708,3.447377002431354e-05,0.0003031848474015405,1.3088467230080931,0.00017303120985334299
10410,lbfgs,3463.263,7.45131781516227e-07,1.4742442171470655e-07,1.817996568270101e-09,6.649859157597046e-08,3.8970844527617606e-09,1.6013232863120206,100.4072549959424,3.68142389615258,20.966461964961297,1.0,0.0001983483110388539,3.432947335504328e-05,0.00030532406615906417,1.3088415886063696,0.00017101805793222458
10420,lbfgs,3466.718,7.423481947173408e-07,1.4686263553626893e-07,1.8142907245352314e-09,6.609233054990144e-08,3.896308314987778e-09,1.6013232863120206,100.4072549959424,3.68142389615258,20.966461964961297,1.0,0.00015533358829751504,3.331834049333886e-05,0.0003037047981224716,1.308826111045543,0.00017196986812775174
10430,lbfgs,3471.561,7.39522025848104e-07,1.4633446292117536e-07,1.8100403576473354e-09,6.597079334455342e-08,3.8435480486460015e-09,1.6013232863120206,100.4072549959424,3.68142389615258,20.966461964961297,1.0,0.00022199002961815123,3.435745938271404e-05,0.00030623992914189106,1.308772815183516,0.000168939720162289
10440,lbfgs,3475.050,7.365805094193508e-07,1.4539829323503872e-07,1.802676892174237e-09,6.59408607855795e-08,3.815271159674308e-09,1.6013232863120206,100.4072549959424,3.68142389615258,20.966461964961297,1.0,0.0004688699154075561,3.41407089484471e-05,0.00030168165135252675,1.3087808182502028,0.00017054775442461857
10450,lbfgs,3479.301,7.337380585290713e-07,1.4483547980408105e-07,1.7999783147276693e-09,6.559346881167251e-08,3.796605598922326e-09,1.6013232863120206,100.4072549959424,3.68142389615258,20.966461964961297,1.0,0.00016964001935470662,3.384309617272224e-05,0.0002934788613874302,1.308757821874377,0.00016799538482570667
10460,lbfgs,3483.066,7.304710205610982e-07,1.437729052536976e-07,1.7967430307114529e-09,6.543951454455454e-08,3.7644639961547985e-09,1.6013232863120206,100.4072549959424,3.68142389615258,20.966461964961297,1.0,0.00017007102270803862,3.380088563177489e-05,0.00029182288096543224,1.3086995940026351,0.000167250697220383
10470,lbfgs,3487.439,7.26984412383079e-07,1.429345646388281e-07,1.7918190688278182e-09,6.544251531064769e-08,3.6852518034679866e-09,1.6013232863120206,100.4072549959424,3.68142389615258,20.966461964961297,1.0,0.00013458369535438792,3.4288336598770836e-05,0.00030758942799263974,1.3087820372374581,0.00016755730932680905
10480,lbfgs,3493.731,7.245788419651922e-07,1.42324312604231e-07,1.7883599298773979e-09,6.524294344828737e-08,3.6687335966674447e-09,1.6013232863120206,100.4072549959424,3.68142389615258,20.966461964961297,1.0,0.00021266160430403306,3.4510974823611725e-05,0.0003018118635262373,1.308818249462329,0.00016975496949466848
10490,lbfgs,3497.218,7.223043856402576e-07,1.4209396143904803e-07,1.7818762065387038e-09,6.509143193666965e-08,3.635499630953079e-09,1.6013232863120206,100.4072549959424,3.68142389615258,20.966461964961297,1.0,0.0001248397934655677,3.425024581901163e-05,0.0002983284020391807,1.3088163508912143,0.00017045342191973314
10500,lbfgs,3501.362,7.190028472760299e-07,1.4120202327922634e-07,1.7700441654214564e-09,6.501580362399891e-08,3.616096530298285e-09,1.6013232863120206,100.4072549959424,3.68142389615258,20.966461964961297,1.0,0.00019216643039916405,3.511921486048647e-05,0.0003028629399194272,1.3088343022431632,0.00016903224210979917
10510,lbfgs,3505.190,7.164302438054636e-07,1.4103962613122445e-07,1.7614796812508857e-09,6.47482159293513e-08,3.5937983925768936e-09,1.6013232863120206,100.4072549959424,3.68142389615258,20.966461964961297,1.0,0.00033992358943492524,3.473287247831411e-05,0.0003042214123467464,1.3088056955072902,0.00016856384751316408
10520,lbfgs,3509.015,7.136156078258119e-07,1.4076002801321985e-07,1.7551175613898898e-09,6.436712466176174e-08,3.5782904107004938e-09,1.6013232863120206,100.4072549959424,3.68142389615258,20.966461964961297,1.0,0.0003005132807396446,3.484857225736844e-05,0.0002975488905803901,1.3088059189940242,0.00016960008550566126
10530,lbfgs,3512.501,7.107657342576013e-07,1.4044768028396678e-07,1.7464600791717227e-09,6.41054676192542e-08,3.553624381534054e-09,1.6013232863120206,100.4072549959424,3.68142389615258,20.966461964961297,1.0,0.00015725743828724992,3.4501232616269055e-05,0.00029348173160357043,1.3088275657865738,0.000166942042098971
10540,lbfgs,3516.319,7.082339638825336e-07,1.4012954604952723e-07,1.7363922441281903e-09,6.396694030870287e-08,3.529706508012135e-09,1.6013232863120206,100.4072549959424,3.68142389615258,20.966461964961297,1.0,0.00015990087722896643,3.468819499770712e-05,0.000298991074370981,1.3088794164643793,0.0001663704487593206
10550,lbfgs,3520.166,7.056567714042828e-07,1.3982268980657493e-07,1.7278685146153218e-09,6.37384233671474e-08,3.5111671655385344e-09,1.6013232863120206,100.4072549959424,3.68142389615258,20.966461964961297,1.0,0.00018189838842470744,3.3809703987149806e-05,0.00029569398502352756,1.3089066674207896,0.00016893926407037465
10560,lbfgs,3524.322,7.03076767093941e-07,1.3956116543130765e-07,1.7198946397027242e-09,6.342541492168882e-08,3.5012337978500677e-09,1.6013232863120206,100.4072549959424,3.68142389615258,20.966461964961297,1.0,0.00016260194324916105,3.3845773654531286e-05,0.00029600028998076703,1.3088956106436702,0.00016716298525984395
10570,lbfgs,3528.137,7.00271445110632e-07,1.395747063747552e-07,1.711814866207122e-09,6.300033664639264e-08,3.4797306842570057e-09,1.6013232863120206,100.4072549959424,3.68142389615258,20.966461964961297,1.0,0.00021917142914578991,3.40740877509056e-05,0.00030408223354199743,1.3088879793459407,0.00016717951818240144
10580,lbfgs,3531.948,6.979967706911506e-07,1.3932035123407836e-07,1.7055017401237994e-09,6.269254165239773e-08,3.474943891739914e-09,1.6013232863120206,100.4072549959424,3.68142389615258,20.966461964961297,1.0,0.0001437495120740866,3.3867368083137164e-05,0.00030237695926763395,1.3088688049580626,0.00016995056037937142
10590,lbfgs,3535.756,6.951164560439105e-07,1.387453618724533e-07,1.6984645680178823e-09,6.23582315309428e-08,3.473882654551377e-09,1.6013232863120206,100.4072549959424,3.68142389615258,20.966461964961297,1.0,0.00014747506954657707,3.3129246373487266e-05,0.0002987877670896628,1.30885556129908,0.0001705983254348259
10600,lbfgs,3539.234,6.92198709772725e-07,1.3856574017510776e-07,1.6904533861484406e-09,6.199487740842573e-08,3.4506039280246526e-09,1.6013232863120206,100.4072549959424,3.68142389615258,20.966461964961297,1.0,0.00014310832983316856,3.274951237211065e-05,0.0003000530384854435,1.3088742202237396,0.00017111525834814074
10610,lbfgs,3543.550,6.895873193732734e-07,1.3791109257657785e-07,1.684052566748335e-09,6.173605537356409e-08,3.4521508926072662e-09,1.6013232863120206,100.4072549959424,3.68142389615258,20.966461964961297,1.0,0.00016756569172611478,3.330086844253903e-05,0.0002908853244271159,1.3088572011947945,0.00017236829086138993
10620,lbfgs,3547.655,6.870025729545985e-07,1.3725573462341504e-07,1.6774478599659431e-09,6.152398880744052e-08,3.4477896863444703e-09,1.6013232863120206,100.4072549959424,3.68142389615258,20.966461964961297,1.0,0.00021788825038162883,3.378247886928349e-05,0.000288688713813596,1.3088850916211539,0.0001684656072510495
10630,lbfgs,3551.495,6.8453132637174e-07,1.3664663838931948e-07,1.6696353726899635e-09,6.137753301658012e-08,3.4395722603615392e-09,1.6013232863120206,100.4072549959424,3.68142389615258,20.966461964961297,1.0,0.00014652619556564556,3.3446139799950273e-05,0.0002866902184803603,1.3089189370897194,0.0001662342881081812
10640,lbfgs,3554.707,6.823832713495523e-07,1.3606270794797314e-07,1.663147147960797e-09,6.127868846492418e-08,3.4301457734377735e-09,1.6013232863120206,100.4072549959424,3.68142389615258,20.966461964961297,1.0,0.0001898556796606132,3.322977349154252e-05,0.0002870644233422573,1.3089219229833386,0.00016525567552277376
10650,lbfgs,3558.572,6.799653631419137e-07,1.3561707520263656e-07,1.656087089314001e-09,6.118945120711094e-08,3.3983376012088832e-09,1.6013232863120206,100.4072549959424,3.68142389615258,20.966461964961297,1.0,0.0001353877987519311,3.299010187569475e-05,0.0002899835729105533,1.308949991942447,0.0001652713960961516
10660,lbfgs,3562.092,6.771278741683241e-07,1.3481354019639865e-07,1.6497205526561588e-09,6.111017000095034e-08,3.368782998183867e-09,1.6013232863120206,100.4072549959424,3.68142389615258,20.966461964961297,1.0,0.00018620234381062808,3.3170625550458366e-05,0.00028956616081808536,1.3089891612296005,0.00016563669130856577
10670,lbfgs,3565.607,6.746326348337103e-07,1.3387802806196993e-07,1.6452410462874138e-09,6.102177339101242e-08,3.3581955352580844e-09,1.6013232863120206,100.4072549959424,3.68142389615258,20.966461964961297,1.0,0.00016553880016345493,3.260893479401879e-05,0.00028766178898855644,1.3090235422558159,0.00016568616603857456
10680,lbfgs,3569.736,6.711396504312451e-07,1.3256827399296816e-07,1.6385819915823383e-09,6.085868526747224e-08,3.352155851802746e-09,1.6013232863120206,100.4072549959424,3.68142389615258,20.966461964961297,1.0,0.00034543292770734195,3.2275426669899246e-05,0.0002887789880096117,1.3091219159262237,0.00016558908037455275
10690,lbfgs,3573.548,6.687749545645858e-07,1.3233134051900569e-07,1.6340344816812567e-09,6.065698425712909e-08,3.314660785958053e-09,1.6013232863120206,100.4072549959424,3.68142389615258,20.966461964961297,1.0,0.00014717469868164354,3.2044173885245e-05,0.0002939571601998976,1.3091600580199882,0.0001693876848227615
10700,lbfgs,3577.562,6.656086192861907e-07,1.319872562594716e-07,1.6288627130287348e-09,6.038221337166315e-08,3.2629346556568536e-09,1.6013232863120206,100.4072549959424,3.68142389615258,20.966461964961297,1.0,0.00020605726503327486,3.249051729775402e-05,0.000295240685586315,1.309158972578803,0.0001687620757288698
10710,lbfgs,3580.818,6.63015789739275e-07,1.317978900952487e-07,1.6241524135892471e-09,6.000068321325858e-08,3.2432808571278925e-09,1.6013232863120206,100.4072549959424,3.68142389615258,20.966461964961297,1.0,0.0001314066881074618,3.2791573624030395e-05,0.00028751370201082576,1.3091838880583262,0.00016361317864021293
10720,lbfgs,3584.496,6.62413664342858e-07,1.3168079287063056e-07,1.6230684467060047e-09,5.991872659039914e-08,3.2430872300493344e-09,1.6013232863120206,100.4072549959424,3.68142389615258,20.966461964961297,1.0,0.00010454345080351078,3.2878028933669106e-05,0.0002869124372630399,1.3091881814432411,0.00016387973533571302
10730,lbfgs,3587.885,6.620536576141649e-07,1.316004988237879e-07,1.622331955647018e-09,5.987469100595186e-08,3.2433081875338673e-09,1.6013232863120206,100.4072549959424,3.68142389615258,20.966461964961297,1.0,0.00012199447511493844,3.297931568933388e-05,0.0002865349158341575,1.3091896286102087,0.00016405487471477865
10740,lbfgs,3593.426,6.613856979335842e-07,1.3142504529981097e-07,1.6211505759462583e-09,5.979849383621167e-08,3.243886792899491e-09,1.6013232863120206,100.4072549959424,3.68142389615258,20.966461964961297,1.0,0.00010394245219845868,3.310028146438229e-05,0.0002864107516250106,1.3091902382090717,0.00016430443829534313
10750,lbfgs,3597.474,6.600435226219587e-07,1.3100415359253787e-07,1.618967265369567e-09,5.966231543043522e-08,3.246384068754071e-09,1.6013232863120206,100.4072549959424,3.68142389615258,20.966461964961297,1.0,0.00047380966970895946,3.3478386273375875e-05,0.0002901495635910543,1.3092013331144667,0.00016317498661242956
10757,lbfgs,3599.836,6.58082215778612e-07,1.307553958310833e-07,1.616223708524582e-09,5.941197685547537e-08,3.2289328734034285e-09,1.6013232863120206,100.4072549959424,3.68142389615258,20.966461964961297,1.0,0.0002470440838099476,3.337116190812954e-05,0.0002882439128952083,1.3092057252642537,0.00016365155282798931
