{
  "method": "LiL-Q",
  "total_iterations": 4,
  "total_line_searches": 4,
  "final_loss": 1.0658274766854376e-07,
  "final_pde_loss": 4.914757792584596e-08,
  "training_time": 0.34827113151550293,
  "n_params": 225,
  "converged": true,
  "pretrain_loss": 0.0,
  "metrics_history": {
    "quasi_iter": [
      0,
      1,
      2,
      3,
      4
    ],
    "n_func_evals": [
      0,
      1,
      2,
      3,
      4
    ],
    "nonlinear_residual": [
      38.44000000000001,
      0.42434813807566707,
      0.0023241210670359148,
      2.669061322080342e-07,
      1.0658274766854376e-07
    ],
    "update_norm": [
      0.0,
      1.0,
      0.007447704956439005,
      7.764871789043006e-05,
      5.803907440999173e-06
    ],
    "linear_residual": [
      0.0,
      0.0,
      0.0,
      0.0,
      0.0
    ],
    "pde_loss": [
      38.44000000000001,
      0.4243480799797853,
      0.0023240636242581993,
      2.0947043612984986e-07,
      4.914757792584596e-08
    ],
    "ic_loss": [
      0.0,
      0.0,
      0.0,
      0.0,
      0.0
    ],
    "bc_loss": [
      0.0,
      5.809588177349471e-09,
      5.7442777715284426e-09,
      5.743569607818433e-09,
      5.74351697426978e-09
    ],
    "total_loss": [
      38.44000000000001,
      0.42434813807566707,
      0.0023241210670359148,
      2.669061322080342e-07,
      1.0658274766854376e-07
    ],
    "wall_time": [
      0.0005826950073242188,
      0.0957033634185791,
      0.1719965934753418,
      0.25792360305786133,
      0.34827113151550293
    ]
  }
}