{
  "method": "LiL-Q",
  "total_iterations": 4,
  "total_line_searches": 4,
  "final_loss": 2.5686620233495827e-05,
  "final_pde_loss": 2.5584708483831587e-05,
  "training_time": 3.4952220916748047,
  "n_params": 1024,
  "converged": true,
  "pretrain_loss": 1.2325170826002633e-25,
  "metrics_history": {
    "quasi_iter": [
      0,
      1,
      2,
      3,
      4
    ],
    "n_func_evals": [
      0,
      1,
      2,
      3,
      4
    ],
    "nonlinear_residual": [
      24.80024132407152,
      23.645428681897762,
      1.5352693275724685,
      0.04923065861849504,
      2.5686620233495827e-05
    ],
    "update_norm": [
      0.0,
      1.0000000070299906,
      0.9604183041478199,
      1.3780530532259048,
      3.235157413171276
    ],
    "linear_residual": [
      0.0,
      0.0,
      0.0,
      0.0,
      0.0
    ],
    "pde_loss": [
      24.800241303459984,
      23.645428617682374,
      1.5352677163578536,
      0.049229067681471006,
      2.5584708483831587e-05
    ],
    "ic_loss": [
      1.3476680063370152e-21,
      6.0371091830759324e-09,
      1.5641489621980148e-07,
      1.563271632598569e-07,
      9.865917446177699e-09
    ],
    "bc_loss": [
      2.0611536271701753e-09,
      3.8442949216589244e-10,
      4.706565269598289e-09,
      2.7665391437067416e-09,
      3.2525752024626303e-10
    ],
    "total_loss": [
      24.80024132407152,
      23.645428681897762,
      1.5352693275724685,
      0.04923065861849504,
      2.5686620233495827e-05
    ],
    "wall_time": [
      0.005566596984863281,
      0.9161214828491211,
      1.7306182384490967,
      2.601170063018799,
      3.4952220916748047
    ]
  }
}