{
  "N": 25,
  "method": "LiL-Q",
  "n_params": 1250,
  "solve_time_qr": 1.0079565048217773,
  "solve_time_total": 1.6930747032165527,
  "training_time": 1.6930747032165527,
  "pde_mse": 6.0999792393705036e-27,
  "rel_l2_ux": 3.0168790527651795e-15,
  "rel_l2_uy": 2.2046171025527528e-15,
  "rel_l2_sxx": 2.5639276426433028e-15,
  "rel_l2_syy": 2.1682359470554807e-15,
  "rel_l2_sxy": 2.3036087186328747e-15,
  "final_loss": 6.0999792393705036e-27,
  "converged": true
}